image_name,generation,best_rectangle_count,fitness
Acer_campestre.npy,0,2067,869954.0
Acer_campestre.npy,1,2067,869954.0
Acer_campestre.npy,2,1807,872554.0
Acer_campestre.npy,3,1807,872554.0
Acer_campestre.npy,4,1807,872554.0
Acer_campestre.npy,5,1807,872554.0
Acer_campestre.npy,6,1807,872554.0
Acer_campestre.npy,7,1807,872554.0
Acer_campestre.npy,8,1807,872554.0
Acer_campestre.npy,9,1807,872554.0
Acer_campestre.npy,10,1789,872734.0
Acer_campestre.npy,11,1789,872734.0
Acer_campestre.npy,12,1789,872734.0
Acer_campestre.npy,13,1782,872804.0
Acer_campestre.npy,14,1715,873474.0
Acer_campestre.npy,15,1715,873474.0
Acer_campestre.npy,16,1715,873474.0
Acer_campestre.npy,17,1678,873844.0
Acer_campestre.npy,18,1678,873844.0
Acer_campestre.npy,19,1678,873844.0
Acer_campestre.npy,20,1644,874184.0
Acer_campestre.npy,21,1644,874184.0
Acer_campestre.npy,22,1644,874184.0
Acer_campestre.npy,23,1625,874374.0
Acer_campestre.npy,24,1625,874374.0
Acer_campestre.npy,25,1625,874374.0
Acer_campestre.npy,26,1625,874374.0
Acer_campestre.npy,27,1625,874374.0
Acer_campestre.npy,28,1625,874374.0
Acer_campestre.npy,29,1624,874384.0
Acer_campestre.npy,30,1624,874384.0
Acer_campestre.npy,31,1624,874384.0
Acer_campestre.npy,32,1623,874394.0
Acer_campestre.npy,33,1623,874394.0
Acer_campestre.npy,34,1623,874394.0
Acer_campestre.npy,35,1623,874394.0
Acer_campestre.npy,36,1623,874394.0
Acer_campestre.npy,37,1603,874594.0
Acer_campestre.npy,38,1603,874594.0
Acer_campestre.npy,39,1603,874594.0
Acer_campestre.npy,40,1603,874594.0
Acer_campestre.npy,41,1590,874724.0
Acer_campestre.npy,42,1590,874724.0
Acer_campestre.npy,43,1590,874724.0
Acer_campestre.npy,44,1590,874724.0
Acer_campestre.npy,45,1590,874724.0
Acer_campestre.npy,46,1590,874724.0
Acer_campestre.npy,47,1590,874724.0
Acer_campestre.npy,48,1590,874724.0
Acer_campestre.npy,49,1590,874724.0
Acer_ginnala.npy,0,849,213192.0
Acer_ginnala.npy,1,849,213192.0
Acer_ginnala.npy,2,849,213192.0
Acer_ginnala.npy,3,849,213192.0
Acer_ginnala.npy,4,849,213192.0
Acer_ginnala.npy,5,849,213192.0
Acer_ginnala.npy,6,849,213192.0
Acer_ginnala.npy,7,849,213192.0
Acer_ginnala.npy,8,794,213742.0
Acer_ginnala.npy,9,794,213742.0
Acer_ginnala.npy,10,794,213742.0
Acer_ginnala.npy,11,794,213742.0
Acer_ginnala.npy,12,794,213742.0
Acer_ginnala.npy,13,794,213742.0
Acer_ginnala.npy,14,794,213742.0
Acer_ginnala.npy,15,794,213742.0
Acer_ginnala.npy,16,742,214262.0
Acer_ginnala.npy,17,742,214262.0
Acer_ginnala.npy,18,742,214262.0
Acer_ginnala.npy,19,742,214262.0
Acer_ginnala.npy,20,742,214262.0
Acer_ginnala.npy,21,742,214262.0
Acer_ginnala.npy,22,742,214262.0
Acer_ginnala.npy,23,734,214342.0
Acer_ginnala.npy,24,734,214342.0
Acer_ginnala.npy,25,733,214352.0
Acer_ginnala.npy,26,733,214352.0
Acer_ginnala.npy,27,733,214352.0
Acer_ginnala.npy,28,733,214352.0
Acer_ginnala.npy,29,733,214352.0
Acer_ginnala.npy,30,726,214422.0
Acer_ginnala.npy,31,726,214422.0
Acer_ginnala.npy,32,726,214422.0
Acer_ginnala.npy,33,720,214482.0
Acer_ginnala.npy,34,720,214482.0
Acer_ginnala.npy,35,720,214482.0
Acer_ginnala.npy,36,720,214482.0
Acer_ginnala.npy,37,710,214582.0
Acer_ginnala.npy,38,710,214582.0
Acer_ginnala.npy,39,710,214582.0
Acer_ginnala.npy,40,710,214582.0
Acer_ginnala.npy,41,707,214612.0
Acer_ginnala.npy,42,707,214612.0
Acer_ginnala.npy,43,707,214612.0
Acer_ginnala.npy,44,707,214612.0
Acer_ginnala.npy,45,707,214612.0
Acer_ginnala.npy,46,703,214652.0
Acer_ginnala.npy,47,703,214652.0
Acer_ginnala.npy,48,703,214652.0
Acer_ginnala.npy,49,703,214652.0
Acer_ginnala.npy,50,703,214652.0
Acer_ginnala.npy,51,703,214652.0
Acer_ginnala.npy,52,703,214652.0
Acer_ginnala.npy,53,703,214652.0
Acer_ginnala.npy,54,701,214672.0
Acer_ginnala.npy,55,701,214672.0
Acer_ginnala.npy,56,701,214672.0
Acer_ginnala.npy,57,701,214672.0
Acer_ginnala.npy,58,701,214672.0
Acer_ginnala.npy,59,701,214672.0
Acer_ginnala.npy,60,701,214672.0
Acer_ginnala.npy,61,701,214672.0
Acer_ginnala.npy,62,701,214672.0
Acer_monspessulanum.npy,0,499,89388.0
Acer_monspessulanum.npy,1,499,89388.0
Acer_monspessulanum.npy,2,499,89388.0
Acer_monspessulanum.npy,3,499,89388.0
Acer_monspessulanum.npy,4,499,89388.0
Acer_monspessulanum.npy,5,499,89388.0
Acer_monspessulanum.npy,6,495,89428.0
Acer_monspessulanum.npy,7,495,89428.0
Acer_monspessulanum.npy,8,495,89428.0
Acer_monspessulanum.npy,9,421,90168.0
Acer_monspessulanum.npy,10,421,90168.0
Acer_monspessulanum.npy,11,421,90168.0
Acer_monspessulanum.npy,12,421,90168.0
Acer_monspessulanum.npy,13,421,90168.0
Acer_monspessulanum.npy,14,421,90168.0
Acer_monspessulanum.npy,15,421,90168.0
Acer_monspessulanum.npy,16,410,90278.0
Acer_monspessulanum.npy,17,410,90278.0
Acer_monspessulanum.npy,18,390,90478.0
Acer_monspessulanum.npy,19,390,90478.0
Acer_monspessulanum.npy,20,390,90478.0
Acer_monspessulanum.npy,21,381,90568.0
Acer_monspessulanum.npy,22,381,90568.0
Acer_monspessulanum.npy,23,381,90568.0
Acer_monspessulanum.npy,24,381,90568.0
Acer_monspessulanum.npy,25,381,90568.0
Acer_monspessulanum.npy,26,381,90568.0
Acer_monspessulanum.npy,27,381,90568.0
Acer_monspessulanum.npy,28,380,90578.0
Acer_monspessulanum.npy,29,368,90698.0
Acer_monspessulanum.npy,30,368,90698.0
Acer_monspessulanum.npy,31,368,90698.0
Acer_monspessulanum.npy,32,368,90698.0
Acer_monspessulanum.npy,33,363,90748.0
Acer_monspessulanum.npy,34,363,90748.0
Acer_monspessulanum.npy,35,363,90748.0
Acer_monspessulanum.npy,36,363,90748.0
Acer_monspessulanum.npy,37,363,90748.0
Acer_monspessulanum.npy,38,363,90748.0
Acer_monspessulanum.npy,39,363,90748.0
Acer_monspessulanum.npy,40,357,90808.0
Acer_monspessulanum.npy,41,357,90808.0
Acer_monspessulanum.npy,42,357,90808.0
Acer_monspessulanum.npy,43,357,90808.0
Acer_monspessulanum.npy,44,357,90808.0
Acer_monspessulanum.npy,45,356,90818.0
Acer_monspessulanum.npy,46,356,90818.0
Acer_monspessulanum.npy,47,356,90818.0
Acer_monspessulanum.npy,48,356,90818.0
Acer_monspessulanum.npy,49,356,90818.0
Acer_monspessulanum.npy,50,356,90818.0
Acer_monspessulanum.npy,51,356,90818.0
Acer_monspessulanum.npy,52,356,90818.0
Acer_monspessulanum.npy,53,356,90818.0
Acer_negundo.npy,0,618,346215.0
Acer_negundo.npy,1,618,346215.0
Acer_negundo.npy,2,617,346225.0
Acer_negundo.npy,3,617,346225.0
Acer_negundo.npy,4,617,346225.0
Acer_negundo.npy,5,617,346225.0
Acer_negundo.npy,6,617,346225.0
Acer_negundo.npy,7,616,346235.0
Acer_negundo.npy,8,616,346235.0
Acer_negundo.npy,9,616,346235.0
Acer_negundo.npy,10,616,346235.0
Acer_negundo.npy,11,616,346235.0
Acer_negundo.npy,12,616,346235.0
Acer_negundo.npy,13,616,346235.0
Acer_negundo.npy,14,616,346235.0
Acer_negundo.npy,15,615,346245.0
Acer_negundo.npy,16,615,346245.0
Acer_negundo.npy,17,615,346245.0
Acer_negundo.npy,18,615,346245.0
Acer_negundo.npy,19,615,346245.0
Acer_negundo.npy,20,610,346295.0
Acer_negundo.npy,21,610,346295.0
Acer_negundo.npy,22,610,346295.0
Acer_negundo.npy,23,610,346295.0
Acer_negundo.npy,24,610,346295.0
Acer_negundo.npy,25,610,346295.0
Acer_negundo.npy,26,610,346295.0
Acer_negundo.npy,27,610,346295.0
Acer_negundo.npy,28,610,346295.0
Acer_palmatum.npy,0,813,54535.0
Acer_palmatum.npy,1,813,54535.0
Acer_palmatum.npy,2,672,55945.0
Acer_palmatum.npy,3,672,55945.0
Acer_palmatum.npy,4,672,55945.0
Acer_palmatum.npy,5,672,55945.0
Acer_palmatum.npy,6,657,56095.0
Acer_palmatum.npy,7,657,56095.0
Acer_palmatum.npy,8,657,56095.0
Acer_palmatum.npy,9,657,56095.0
Acer_palmatum.npy,10,657,56095.0
Acer_palmatum.npy,11,657,56095.0
Acer_palmatum.npy,12,597,56695.0
Acer_palmatum.npy,13,597,56695.0
Acer_palmatum.npy,14,590,56765.0
Acer_palmatum.npy,15,590,56765.0
Acer_palmatum.npy,16,590,56765.0
Acer_palmatum.npy,17,590,56765.0
Acer_palmatum.npy,18,590,56765.0
Acer_palmatum.npy,19,572,56945.0
Acer_palmatum.npy,20,572,56945.0
Acer_palmatum.npy,21,572,56945.0
Acer_palmatum.npy,22,572,56945.0
Acer_palmatum.npy,23,559,57075.0
Acer_palmatum.npy,24,559,57075.0
Acer_palmatum.npy,25,553,57135.0
Acer_palmatum.npy,26,547,57195.0
Acer_palmatum.npy,27,547,57195.0
Acer_palmatum.npy,28,547,57195.0
Acer_palmatum.npy,29,547,57195.0
Acer_palmatum.npy,30,547,57195.0
Acer_palmatum.npy,31,547,57195.0
Acer_palmatum.npy,32,547,57195.0
Acer_palmatum.npy,33,547,57195.0
Acer_palmatum.npy,34,547,57195.0
Acer_platanoides.npy,0,2375,1039526.0
Acer_platanoides.npy,1,2375,1039526.0
Acer_platanoides.npy,2,2105,1042226.0
Acer_platanoides.npy,3,2105,1042226.0
Acer_platanoides.npy,4,2105,1042226.0
Acer_platanoides.npy,5,2105,1042226.0
Acer_platanoides.npy,6,2105,1042226.0
Acer_platanoides.npy,7,2088,1042396.0
Acer_platanoides.npy,8,2033,1042946.0
Acer_platanoides.npy,9,2033,1042946.0
Acer_platanoides.npy,10,1987,1043406.0
Acer_platanoides.npy,11,1987,1043406.0
Acer_platanoides.npy,12,1987,1043406.0
Acer_platanoides.npy,13,1987,1043406.0
Acer_platanoides.npy,14,1987,1043406.0
Acer_platanoides.npy,15,1987,1043406.0
Acer_platanoides.npy,16,1987,1043406.0
Acer_platanoides.npy,17,1987,1043406.0
Acer_platanoides.npy,18,1987,1043406.0
Acer_pseudoplatanus.npy,0,2698,1677875.0
Acer_pseudoplatanus.npy,1,2698,1677875.0
Acer_pseudoplatanus.npy,2,2635,1678505.0
Acer_pseudoplatanus.npy,3,2635,1678505.0
Acer_pseudoplatanus.npy,4,2635,1678505.0
Acer_pseudoplatanus.npy,5,2590,1678955.0
Acer_pseudoplatanus.npy,6,2590,1678955.0
Acer_pseudoplatanus.npy,7,2590,1678955.0
Acer_pseudoplatanus.npy,8,2590,1678955.0
Acer_pseudoplatanus.npy,9,2477,1680085.0
Acer_pseudoplatanus.npy,10,2477,1680085.0
Acer_pseudoplatanus.npy,11,2477,1680085.0
Acer_pseudoplatanus.npy,12,2477,1680085.0
Acer_pseudoplatanus.npy,13,2477,1680085.0
Acer_pseudoplatanus.npy,14,2261,1682245.0
Acer_pseudoplatanus.npy,15,2261,1682245.0
Acer_pseudoplatanus.npy,16,2261,1682245.0
Acer_pseudoplatanus.npy,17,2261,1682245.0
Acer_pseudoplatanus.npy,18,2261,1682245.0
Acer_pseudoplatanus.npy,19,2261,1682245.0
Acer_pseudoplatanus.npy,20,2261,1682245.0
Acer_pseudoplatanus.npy,21,2261,1682245.0
Acer_pseudoplatanus.npy,22,2230,1682555.0
Acer_pseudoplatanus.npy,23,2230,1682555.0
Acer_pseudoplatanus.npy,24,2230,1682555.0
Acer_pseudoplatanus.npy,25,2230,1682555.0
Acer_pseudoplatanus.npy,26,2230,1682555.0
Acer_pseudoplatanus.npy,27,2230,1682555.0
Acer_pseudoplatanus.npy,28,2229,1682565.0
Acer_pseudoplatanus.npy,29,2229,1682565.0
Acer_pseudoplatanus.npy,30,2229,1682565.0
Acer_pseudoplatanus.npy,31,2229,1682565.0
Acer_pseudoplatanus.npy,32,2229,1682565.0
Acer_pseudoplatanus.npy,33,2229,1682565.0
Acer_pseudoplatanus.npy,34,2218,1682675.0
Acer_pseudoplatanus.npy,35,2218,1682675.0
Acer_pseudoplatanus.npy,36,2179,1683065.0
Acer_pseudoplatanus.npy,37,2179,1683065.0
Acer_pseudoplatanus.npy,38,2179,1683065.0
Acer_pseudoplatanus.npy,39,2179,1683065.0
Acer_pseudoplatanus.npy,40,2179,1683065.0
Acer_pseudoplatanus.npy,41,2179,1683065.0
Acer_pseudoplatanus.npy,42,2179,1683065.0
Acer_pseudoplatanus.npy,43,2179,1683065.0
Acer_pseudoplatanus.npy,44,2179,1683065.0
Acer_saccharinum.npy,0,3147,689058.0
Acer_saccharinum.npy,1,3108,689448.0
Acer_saccharinum.npy,2,3108,689448.0
Acer_saccharinum.npy,3,3108,689448.0
Acer_saccharinum.npy,4,3102,689508.0
Acer_saccharinum.npy,5,3102,689508.0
Acer_saccharinum.npy,6,2725,693278.0
Acer_saccharinum.npy,7,2725,693278.0
Acer_saccharinum.npy,8,2725,693278.0
Acer_saccharinum.npy,9,2725,693278.0
Acer_saccharinum.npy,10,2725,693278.0
Acer_saccharinum.npy,11,2725,693278.0
Acer_saccharinum.npy,12,2725,693278.0
Acer_saccharinum.npy,13,2725,693278.0
Acer_saccharinum.npy,14,2725,693278.0
Acer_saccharum.npy,0,2475,1192788.0
Acer_saccharum.npy,1,2396,1193578.0
Acer_saccharum.npy,2,2396,1193578.0
Acer_saccharum.npy,3,2283,1194708.0
Acer_saccharum.npy,4,2283,1194708.0
Acer_saccharum.npy,5,2283,1194708.0
Acer_saccharum.npy,6,2176,1195778.0
Acer_saccharum.npy,7,2176,1195778.0
Acer_saccharum.npy,8,2176,1195778.0
Acer_saccharum.npy,9,2176,1195778.0
Acer_saccharum.npy,10,2176,1195778.0
Acer_saccharum.npy,11,2176,1195778.0
Acer_saccharum.npy,12,2105,1196488.0
Acer_saccharum.npy,13,2105,1196488.0
Acer_saccharum.npy,14,2105,1196488.0
Acer_saccharum.npy,15,2105,1196488.0
Acer_saccharum.npy,16,2105,1196488.0
Acer_saccharum.npy,17,2085,1196688.0
Acer_saccharum.npy,18,2085,1196688.0
Acer_saccharum.npy,19,2062,1196918.0
Acer_saccharum.npy,20,2062,1196918.0
Acer_saccharum.npy,21,2062,1196918.0
Acer_saccharum.npy,22,2062,1196918.0
Acer_saccharum.npy,23,2062,1196918.0
Acer_saccharum.npy,24,2062,1196918.0
Acer_saccharum.npy,25,2062,1196918.0
Acer_saccharum.npy,26,2057,1196968.0
Acer_saccharum.npy,27,2057,1196968.0
Acer_saccharum.npy,28,2053,1197008.0
Acer_saccharum.npy,29,2053,1197008.0
Acer_saccharum.npy,30,2053,1197008.0
Acer_saccharum.npy,31,2053,1197008.0
Acer_saccharum.npy,32,2053,1197008.0
Acer_saccharum.npy,33,2053,1197008.0
Acer_saccharum.npy,34,2053,1197008.0
Acer_saccharum.npy,35,2053,1197008.0
Acer_saccharum.npy,36,2053,1197008.0
Acer_tataricum.npy,0,692,258541.0
Acer_tataricum.npy,1,692,258541.0
Acer_tataricum.npy,2,692,258541.0
Acer_tataricum.npy,3,641,259051.0
Acer_tataricum.npy,4,641,259051.0
Acer_tataricum.npy,5,641,259051.0
Acer_tataricum.npy,6,641,259051.0
Acer_tataricum.npy,7,641,259051.0
Acer_tataricum.npy,8,640,259061.0
Acer_tataricum.npy,9,640,259061.0
Acer_tataricum.npy,10,640,259061.0
Acer_tataricum.npy,11,640,259061.0
Acer_tataricum.npy,12,640,259061.0
Acer_tataricum.npy,13,607,259391.0
Acer_tataricum.npy,14,598,259481.0
Acer_tataricum.npy,15,598,259481.0
Acer_tataricum.npy,16,598,259481.0
Acer_tataricum.npy,17,584,259621.0
Acer_tataricum.npy,18,584,259621.0
Acer_tataricum.npy,19,584,259621.0
Acer_tataricum.npy,20,584,259621.0
Acer_tataricum.npy,21,584,259621.0
Acer_tataricum.npy,22,582,259641.0
Acer_tataricum.npy,23,582,259641.0
Acer_tataricum.npy,24,582,259641.0
Acer_tataricum.npy,25,582,259641.0
Acer_tataricum.npy,26,582,259641.0
Acer_tataricum.npy,27,582,259641.0
Acer_tataricum.npy,28,582,259641.0
Acer_tataricum.npy,29,582,259641.0
Acer_tataricum.npy,30,582,259641.0
Actinidia_arguta.npy,0,779,433159.0
Actinidia_arguta.npy,1,779,433159.0
Actinidia_arguta.npy,2,779,433159.0
Actinidia_arguta.npy,3,768,433269.0
Actinidia_arguta.npy,4,768,433269.0
Actinidia_arguta.npy,5,768,433269.0
Actinidia_arguta.npy,6,768,433269.0
Actinidia_arguta.npy,7,728,433669.0
Actinidia_arguta.npy,8,728,433669.0
Actinidia_arguta.npy,9,728,433669.0
Actinidia_arguta.npy,10,728,433669.0
Actinidia_arguta.npy,11,728,433669.0
Actinidia_arguta.npy,12,728,433669.0
Actinidia_arguta.npy,13,714,433809.0
Actinidia_arguta.npy,14,714,433809.0
Actinidia_arguta.npy,15,714,433809.0
Actinidia_arguta.npy,16,714,433809.0
Actinidia_arguta.npy,17,714,433809.0
Actinidia_arguta.npy,18,714,433809.0
Actinidia_arguta.npy,19,714,433809.0
Actinidia_arguta.npy,20,714,433809.0
Actinidia_arguta.npy,21,714,433809.0
Aesculus_carnea.npy,0,1866,2024547.0
Aesculus_carnea.npy,1,1866,2024547.0
Aesculus_carnea.npy,2,1866,2024547.0
Aesculus_carnea.npy,3,1866,2024547.0
Aesculus_carnea.npy,4,1776,2025447.0
Aesculus_carnea.npy,5,1776,2025447.0
Aesculus_carnea.npy,6,1696,2026247.0
Aesculus_carnea.npy,7,1696,2026247.0
Aesculus_carnea.npy,8,1696,2026247.0
Aesculus_carnea.npy,9,1696,2026247.0
Aesculus_carnea.npy,10,1696,2026247.0
Aesculus_carnea.npy,11,1696,2026247.0
Aesculus_carnea.npy,12,1696,2026247.0
Aesculus_carnea.npy,13,1696,2026247.0
Aesculus_carnea.npy,14,1696,2026247.0
Aesculus_glabra.npy,0,581,430437.0
Aesculus_glabra.npy,1,581,430437.0
Aesculus_glabra.npy,2,577,430477.0
Aesculus_glabra.npy,3,577,430477.0
Aesculus_glabra.npy,4,568,430567.0
Aesculus_glabra.npy,5,563,430617.0
Aesculus_glabra.npy,6,563,430617.0
Aesculus_glabra.npy,7,563,430617.0
Aesculus_glabra.npy,8,561,430637.0
Aesculus_glabra.npy,9,561,430637.0
Aesculus_glabra.npy,10,561,430637.0
Aesculus_glabra.npy,11,561,430637.0
Aesculus_glabra.npy,12,561,430637.0
Aesculus_glabra.npy,13,561,430637.0
Aesculus_glabra.npy,14,561,430637.0
Aesculus_glabra.npy,15,561,430637.0
Aesculus_glabra.npy,16,561,430637.0
Aesculus_hippocastanum.npy,0,908,584204.0
Aesculus_hippocastanum.npy,1,888,584404.0
Aesculus_hippocastanum.npy,2,888,584404.0
Aesculus_hippocastanum.npy,3,888,584404.0
Aesculus_hippocastanum.npy,4,888,584404.0
Aesculus_hippocastanum.npy,5,870,584584.0
Aesculus_hippocastanum.npy,6,870,584584.0
Aesculus_hippocastanum.npy,7,870,584584.0
Aesculus_hippocastanum.npy,8,870,584584.0
Aesculus_hippocastanum.npy,9,870,584584.0
Aesculus_hippocastanum.npy,10,870,584584.0
Aesculus_hippocastanum.npy,11,868,584604.0
Aesculus_hippocastanum.npy,12,868,584604.0
Aesculus_hippocastanum.npy,13,868,584604.0
Aesculus_hippocastanum.npy,14,868,584604.0
Aesculus_hippocastanum.npy,15,868,584604.0
Aesculus_hippocastanum.npy,16,868,584604.0
Aesculus_hippocastanum.npy,17,868,584604.0
Aesculus_hippocastanum.npy,18,868,584604.0
Aesculus_hippocastanum.npy,19,868,584604.0
Aesculus_octandra.npy,0,1472,416811.0
Aesculus_octandra.npy,1,1472,416811.0
Aesculus_octandra.npy,2,1197,419561.0
Aesculus_octandra.npy,3,1197,419561.0
Aesculus_octandra.npy,4,1197,419561.0
Aesculus_octandra.npy,5,1197,419561.0
Aesculus_octandra.npy,6,1197,419561.0
Aesculus_octandra.npy,7,1197,419561.0
Aesculus_octandra.npy,8,1197,419561.0
Aesculus_octandra.npy,9,1197,419561.0
Aesculus_octandra.npy,10,953,422001.0
Aesculus_octandra.npy,11,953,422001.0
Aesculus_octandra.npy,12,953,422001.0
Aesculus_octandra.npy,13,953,422001.0
Aesculus_octandra.npy,14,953,422001.0
Aesculus_octandra.npy,15,953,422001.0
Aesculus_octandra.npy,16,921,422321.0
Aesculus_octandra.npy,17,921,422321.0
Aesculus_octandra.npy,18,921,422321.0
Aesculus_octandra.npy,19,921,422321.0
Aesculus_octandra.npy,20,921,422321.0
Aesculus_octandra.npy,21,921,422321.0
Aesculus_octandra.npy,22,871,422821.0
Aesculus_octandra.npy,23,871,422821.0
Aesculus_octandra.npy,24,871,422821.0
Aesculus_octandra.npy,25,787,423661.0
Aesculus_octandra.npy,26,787,423661.0
Aesculus_octandra.npy,27,787,423661.0
Aesculus_octandra.npy,28,787,423661.0
Aesculus_octandra.npy,29,787,423661.0
Aesculus_octandra.npy,30,787,423661.0
Aesculus_octandra.npy,31,787,423661.0
Aesculus_octandra.npy,32,787,423661.0
Aesculus_octandra.npy,33,787,423661.0
Aesculus_pavia.npy,0,479,320560.0
Aesculus_pavia.npy,1,479,320560.0
Aesculus_pavia.npy,2,479,320560.0
Aesculus_pavia.npy,3,479,320560.0
Aesculus_pavia.npy,4,479,320560.0
Aesculus_pavia.npy,5,479,320560.0
Aesculus_pavia.npy,6,479,320560.0
Aesculus_pavia.npy,7,479,320560.0
Aesculus_pavia.npy,8,479,320560.0
Ailanthus_altissima.npy,0,996,1602074.0
Ailanthus_altissima.npy,1,996,1602074.0
Ailanthus_altissima.npy,2,995,1602084.0
Ailanthus_altissima.npy,3,995,1602084.0
Ailanthus_altissima.npy,4,995,1602084.0
Ailanthus_altissima.npy,5,995,1602084.0
Ailanthus_altissima.npy,6,994,1602094.0
Ailanthus_altissima.npy,7,994,1602094.0
Ailanthus_altissima.npy,8,994,1602094.0
Ailanthus_altissima.npy,9,994,1602094.0
Ailanthus_altissima.npy,10,994,1602094.0
Ailanthus_altissima.npy,11,994,1602094.0
Ailanthus_altissima.npy,12,994,1602094.0
Ailanthus_altissima.npy,13,994,1602094.0
Ailanthus_altissima.npy,14,994,1602094.0
Alnus_alnobetula.npy,0,649,267638.0
Alnus_alnobetula.npy,1,649,267638.0
Alnus_alnobetula.npy,2,649,267638.0
Alnus_alnobetula.npy,3,649,267638.0
Alnus_alnobetula.npy,4,649,267638.0
Alnus_alnobetula.npy,5,649,267638.0
Alnus_alnobetula.npy,6,649,267638.0
Alnus_alnobetula.npy,7,649,267638.0
Alnus_alnobetula.npy,8,649,267638.0
Alnus_glutinosa.npy,0,1680,610987.0
Alnus_glutinosa.npy,1,1680,610987.0
Alnus_glutinosa.npy,2,1416,613627.0
Alnus_glutinosa.npy,3,1416,613627.0
Alnus_glutinosa.npy,4,1416,613627.0
Alnus_glutinosa.npy,5,1416,613627.0
Alnus_glutinosa.npy,6,1416,613627.0
Alnus_glutinosa.npy,7,1416,613627.0
Alnus_glutinosa.npy,8,1241,615377.0
Alnus_glutinosa.npy,9,1241,615377.0
Alnus_glutinosa.npy,10,1241,615377.0
Alnus_glutinosa.npy,11,1241,615377.0
Alnus_glutinosa.npy,12,1241,615377.0
Alnus_glutinosa.npy,13,1241,615377.0
Alnus_glutinosa.npy,14,1241,615377.0
Alnus_glutinosa.npy,15,1225,615537.0
Alnus_glutinosa.npy,16,1225,615537.0
Alnus_glutinosa.npy,17,1172,616067.0
Alnus_glutinosa.npy,18,1172,616067.0
Alnus_glutinosa.npy,19,1172,616067.0
Alnus_glutinosa.npy,20,1172,616067.0
Alnus_glutinosa.npy,21,1172,616067.0
Alnus_glutinosa.npy,22,1132,616467.0
Alnus_glutinosa.npy,23,1132,616467.0
Alnus_glutinosa.npy,24,1132,616467.0
Alnus_glutinosa.npy,25,1132,616467.0
Alnus_glutinosa.npy,26,1130,616487.0
Alnus_glutinosa.npy,27,1130,616487.0
Alnus_glutinosa.npy,28,1130,616487.0
Alnus_glutinosa.npy,29,1130,616487.0
Alnus_glutinosa.npy,30,1119,616597.0
Alnus_glutinosa.npy,31,1119,616597.0
Alnus_glutinosa.npy,32,1108,616707.0
Alnus_glutinosa.npy,33,1108,616707.0
Alnus_glutinosa.npy,34,1108,616707.0
Alnus_glutinosa.npy,35,1108,616707.0
Alnus_glutinosa.npy,36,1108,616707.0
Alnus_glutinosa.npy,37,1101,616777.0
Alnus_glutinosa.npy,38,1100,616787.0
Alnus_glutinosa.npy,39,1096,616827.0
Alnus_glutinosa.npy,40,1096,616827.0
Alnus_glutinosa.npy,41,1096,616827.0
Alnus_glutinosa.npy,42,1096,616827.0
Alnus_glutinosa.npy,43,1093,616857.0
Alnus_glutinosa.npy,44,1093,616857.0
Alnus_glutinosa.npy,45,1093,616857.0
Alnus_glutinosa.npy,46,1093,616857.0
Alnus_glutinosa.npy,47,1093,616857.0
Alnus_glutinosa.npy,48,1093,616857.0
Alnus_glutinosa.npy,49,1093,616857.0
Alnus_glutinosa.npy,50,1093,616857.0
Alnus_glutinosa.npy,51,1093,616857.0
Alnus_incana.npy,0,1129,815310.0
Alnus_incana.npy,1,1129,815310.0
Alnus_incana.npy,2,1129,815310.0
Alnus_incana.npy,3,1036,816240.0
Alnus_incana.npy,4,1036,816240.0
Alnus_incana.npy,5,1036,816240.0
Alnus_incana.npy,6,1036,816240.0
Alnus_incana.npy,7,1036,816240.0
Alnus_incana.npy,8,1025,816350.0
Alnus_incana.npy,9,1000,816600.0
Alnus_incana.npy,10,1000,816600.0
Alnus_incana.npy,11,1000,816600.0
Alnus_incana.npy,12,1000,816600.0
Alnus_incana.npy,13,1000,816600.0
Alnus_incana.npy,14,1000,816600.0
Alnus_incana.npy,15,982,816780.0
Alnus_incana.npy,16,982,816780.0
Alnus_incana.npy,17,982,816780.0
Alnus_incana.npy,18,982,816780.0
Alnus_incana.npy,19,982,816780.0
Alnus_incana.npy,20,982,816780.0
Alnus_incana.npy,21,972,816880.0
Alnus_incana.npy,22,972,816880.0
Alnus_incana.npy,23,972,816880.0
Alnus_incana.npy,24,972,816880.0
Alnus_incana.npy,25,972,816880.0
Alnus_incana.npy,26,972,816880.0
Alnus_incana.npy,27,972,816880.0
Alnus_incana.npy,28,972,816880.0
Alnus_incana.npy,29,972,816880.0
Alnus_orientalis.npy,0,673,301046.0
Alnus_orientalis.npy,1,673,301046.0
Alnus_orientalis.npy,2,673,301046.0
Alnus_orientalis.npy,3,673,301046.0
Alnus_orientalis.npy,4,673,301046.0
Alnus_orientalis.npy,5,673,301046.0
Alnus_orientalis.npy,6,673,301046.0
Alnus_orientalis.npy,7,673,301046.0
Alnus_orientalis.npy,8,673,301046.0
Amelanchier_ovalis.npy,0,584,234780.0
Amelanchier_ovalis.npy,1,584,234780.0
Amelanchier_ovalis.npy,2,547,235150.0
Amelanchier_ovalis.npy,3,547,235150.0
Amelanchier_ovalis.npy,4,547,235150.0
Amelanchier_ovalis.npy,5,547,235150.0
Amelanchier_ovalis.npy,6,547,235150.0
Amelanchier_ovalis.npy,7,500,235620.0
Amelanchier_ovalis.npy,8,500,235620.0
Amelanchier_ovalis.npy,9,495,235670.0
Amelanchier_ovalis.npy,10,495,235670.0
Amelanchier_ovalis.npy,11,495,235670.0
Amelanchier_ovalis.npy,12,495,235670.0
Amelanchier_ovalis.npy,13,495,235670.0
Amelanchier_ovalis.npy,14,495,235670.0
Amelanchier_ovalis.npy,15,494,235680.0
Amelanchier_ovalis.npy,16,494,235680.0
Amelanchier_ovalis.npy,17,494,235680.0
Amelanchier_ovalis.npy,18,494,235680.0
Amelanchier_ovalis.npy,19,494,235680.0
Amelanchier_ovalis.npy,20,494,235680.0
Amelanchier_ovalis.npy,21,494,235680.0
Amelanchier_ovalis.npy,22,494,235680.0
Amelanchier_ovalis.npy,23,489,235730.0
Amelanchier_ovalis.npy,24,483,235790.0
Amelanchier_ovalis.npy,25,483,235790.0
Amelanchier_ovalis.npy,26,483,235790.0
Amelanchier_ovalis.npy,27,481,235810.0
Amelanchier_ovalis.npy,28,481,235810.0
Amelanchier_ovalis.npy,29,481,235810.0
Amelanchier_ovalis.npy,30,481,235810.0
Amelanchier_ovalis.npy,31,481,235810.0
Amelanchier_ovalis.npy,32,481,235810.0
Amelanchier_ovalis.npy,33,481,235810.0
Amelanchier_ovalis.npy,34,481,235810.0
Amelanchier_ovalis.npy,35,481,235810.0
Amorpha_fruticosa.npy,0,217,89008.0
Amorpha_fruticosa.npy,1,217,89008.0
Amorpha_fruticosa.npy,2,217,89008.0
Amorpha_fruticosa.npy,3,217,89008.0
Amorpha_fruticosa.npy,4,217,89008.0
Amorpha_fruticosa.npy,5,217,89008.0
Amorpha_fruticosa.npy,6,217,89008.0
Amorpha_fruticosa.npy,7,217,89008.0
Amorpha_fruticosa.npy,8,217,89008.0
Amygdalus_communis.npy,0,285,116696.0
Amygdalus_communis.npy,1,285,116696.0
Amygdalus_communis.npy,2,285,116696.0
Amygdalus_communis.npy,3,285,116696.0
Amygdalus_communis.npy,4,285,116696.0
Amygdalus_communis.npy,5,285,116696.0
Amygdalus_communis.npy,6,285,116696.0
Amygdalus_communis.npy,7,285,116696.0
Amygdalus_communis.npy,8,285,116696.0
Arctostaphylos_uvaursi.npy,0,99,9176.0
Arctostaphylos_uvaursi.npy,1,99,9176.0
Arctostaphylos_uvaursi.npy,2,99,9176.0
Arctostaphylos_uvaursi.npy,3,99,9176.0
Arctostaphylos_uvaursi.npy,4,99,9176.0
Arctostaphylos_uvaursi.npy,5,99,9176.0
Arctostaphylos_uvaursi.npy,6,99,9176.0
Arctostaphylos_uvaursi.npy,7,99,9176.0
Arctostaphylos_uvaursi.npy,8,99,9176.0
Aronia_melanocarpa.npy,0,786,404235.0
Aronia_melanocarpa.npy,1,786,404235.0
Aronia_melanocarpa.npy,2,729,404805.0
Aronia_melanocarpa.npy,3,729,404805.0
Aronia_melanocarpa.npy,4,729,404805.0
Aronia_melanocarpa.npy,5,702,405075.0
Aronia_melanocarpa.npy,6,702,405075.0
Aronia_melanocarpa.npy,7,686,405235.0
Aronia_melanocarpa.npy,8,686,405235.0
Aronia_melanocarpa.npy,9,686,405235.0
Aronia_melanocarpa.npy,10,681,405285.0
Aronia_melanocarpa.npy,11,681,405285.0
Aronia_melanocarpa.npy,12,681,405285.0
Aronia_melanocarpa.npy,13,681,405285.0
Aronia_melanocarpa.npy,14,681,405285.0
Aronia_melanocarpa.npy,15,678,405315.0
Aronia_melanocarpa.npy,16,678,405315.0
Aronia_melanocarpa.npy,17,678,405315.0
Aronia_melanocarpa.npy,18,678,405315.0
Aronia_melanocarpa.npy,19,678,405315.0
Aronia_melanocarpa.npy,20,678,405315.0
Aronia_melanocarpa.npy,21,678,405315.0
Aronia_melanocarpa.npy,22,678,405315.0
Aronia_melanocarpa.npy,23,678,405315.0
Berberis_thunbergii.npy,0,93,12531.0
Berberis_thunbergii.npy,1,93,12531.0
Berberis_thunbergii.npy,2,93,12531.0
Berberis_thunbergii.npy,3,93,12531.0
Berberis_thunbergii.npy,4,93,12531.0
Berberis_thunbergii.npy,5,92,12541.0
Berberis_thunbergii.npy,6,92,12541.0
Berberis_thunbergii.npy,7,92,12541.0
Berberis_thunbergii.npy,8,92,12541.0
Berberis_thunbergii.npy,9,92,12541.0
Berberis_thunbergii.npy,10,92,12541.0
Berberis_thunbergii.npy,11,92,12541.0
Berberis_thunbergii.npy,12,92,12541.0
Berberis_thunbergii.npy,13,92,12541.0
Berberis_vulgaris.npy,0,219,45163.0
Berberis_vulgaris.npy,1,219,45163.0
Berberis_vulgaris.npy,2,219,45163.0
Berberis_vulgaris.npy,3,219,45163.0
Berberis_vulgaris.npy,4,219,45163.0
Berberis_vulgaris.npy,5,219,45163.0
Berberis_vulgaris.npy,6,219,45163.0
Berberis_vulgaris.npy,7,219,45163.0
Berberis_vulgaris.npy,8,219,45163.0
Betula_nana.npy,0,150,9910.0
Betula_nana.npy,1,139,10020.0
Betula_nana.npy,2,139,10020.0
Betula_nana.npy,3,139,10020.0
Betula_nana.npy,4,133,10080.0
Betula_nana.npy,5,133,10080.0
Betula_nana.npy,6,127,10140.0
Betula_nana.npy,7,127,10140.0
Betula_nana.npy,8,127,10140.0
Betula_nana.npy,9,122,10190.0
Betula_nana.npy,10,122,10190.0
Betula_nana.npy,11,122,10190.0
Betula_nana.npy,12,122,10190.0
Betula_nana.npy,13,122,10190.0
Betula_nana.npy,14,122,10190.0
Betula_nana.npy,15,117,10240.0
Betula_nana.npy,16,117,10240.0
Betula_nana.npy,17,117,10240.0
Betula_nana.npy,18,117,10240.0
Betula_nana.npy,19,117,10240.0
Betula_nana.npy,20,117,10240.0
Betula_nana.npy,21,117,10240.0
Betula_nana.npy,22,117,10240.0
Betula_nana.npy,23,117,10240.0
Betula_papyrifera.npy,0,1174,632016.0
Betula_papyrifera.npy,1,1123,632526.0
Betula_papyrifera.npy,2,1123,632526.0
Betula_papyrifera.npy,3,1123,632526.0
Betula_papyrifera.npy,4,1123,632526.0
Betula_papyrifera.npy,5,1123,632526.0
Betula_papyrifera.npy,6,1096,632796.0
Betula_papyrifera.npy,7,1096,632796.0
Betula_papyrifera.npy,8,1096,632796.0
Betula_papyrifera.npy,9,1096,632796.0
Betula_papyrifera.npy,10,1096,632796.0
Betula_papyrifera.npy,11,1074,633016.0
Betula_papyrifera.npy,12,1074,633016.0
Betula_papyrifera.npy,13,1074,633016.0
Betula_papyrifera.npy,14,1074,633016.0
Betula_papyrifera.npy,15,1074,633016.0
Betula_papyrifera.npy,16,1074,633016.0
Betula_papyrifera.npy,17,1074,633016.0
Betula_papyrifera.npy,18,1074,633016.0
Betula_papyrifera.npy,19,1074,633016.0
Betula_pendula.npy,0,386,86294.0
Betula_pendula.npy,1,386,86294.0
Betula_pendula.npy,2,386,86294.0
Betula_pendula.npy,3,384,86314.0
Betula_pendula.npy,4,365,86504.0
Betula_pendula.npy,5,365,86504.0
Betula_pendula.npy,6,365,86504.0
Betula_pendula.npy,7,365,86504.0
Betula_pendula.npy,8,365,86504.0
Betula_pendula.npy,9,365,86504.0
Betula_pendula.npy,10,363,86524.0
Betula_pendula.npy,11,363,86524.0
Betula_pendula.npy,12,363,86524.0
Betula_pendula.npy,13,363,86524.0
Betula_pendula.npy,14,363,86524.0
Betula_pendula.npy,15,363,86524.0
Betula_pendula.npy,16,363,86524.0
Betula_pendula.npy,17,363,86524.0
Betula_pendula.npy,18,363,86524.0
Betula_pubescens.npy,0,393,120836.0
Betula_pubescens.npy,1,393,120836.0
Betula_pubescens.npy,2,393,120836.0
Betula_pubescens.npy,3,393,120836.0
Betula_pubescens.npy,4,393,120836.0
Betula_pubescens.npy,5,381,120956.0
Betula_pubescens.npy,6,381,120956.0
Betula_pubescens.npy,7,381,120956.0
Betula_pubescens.npy,8,381,120956.0
Betula_pubescens.npy,9,381,120956.0
Betula_pubescens.npy,10,368,121086.0
Betula_pubescens.npy,11,368,121086.0
Betula_pubescens.npy,12,368,121086.0
Betula_pubescens.npy,13,368,121086.0
Betula_pubescens.npy,14,368,121086.0
Betula_pubescens.npy,15,368,121086.0
Betula_pubescens.npy,16,368,121086.0
Betula_pubescens.npy,17,368,121086.0
Betula_pubescens.npy,18,366,121106.0
Betula_pubescens.npy,19,366,121106.0
Betula_pubescens.npy,20,366,121106.0
Betula_pubescens.npy,21,366,121106.0
Betula_pubescens.npy,22,366,121106.0
Betula_pubescens.npy,23,366,121106.0
Betula_pubescens.npy,24,366,121106.0
Betula_pubescens.npy,25,365,121116.0
Betula_pubescens.npy,26,365,121116.0
Betula_pubescens.npy,27,365,121116.0
Betula_pubescens.npy,28,365,121116.0
Betula_pubescens.npy,29,365,121116.0
Betula_pubescens.npy,30,365,121116.0
Betula_pubescens.npy,31,365,121116.0
Betula_pubescens.npy,32,365,121116.0
Betula_pubescens.npy,33,365,121116.0
Buddleja_davidii.npy,0,1271,480372.0
Buddleja_davidii.npy,1,1271,480372.0
Buddleja_davidii.npy,2,1066,482422.0
Buddleja_davidii.npy,3,1066,482422.0
Buddleja_davidii.npy,4,1066,482422.0
Buddleja_davidii.npy,5,1066,482422.0
Buddleja_davidii.npy,6,1066,482422.0
Buddleja_davidii.npy,7,1066,482422.0
Buddleja_davidii.npy,8,1066,482422.0
Buddleja_davidii.npy,9,1066,482422.0
Buddleja_davidii.npy,10,1066,482422.0
Buxus_sempervirens.npy,0,160,34067.0
Buxus_sempervirens.npy,1,160,34067.0
Buxus_sempervirens.npy,2,160,34067.0
Buxus_sempervirens.npy,3,160,34067.0
Buxus_sempervirens.npy,4,160,34067.0
Buxus_sempervirens.npy,5,160,34067.0
Buxus_sempervirens.npy,6,160,34067.0
Buxus_sempervirens.npy,7,160,34067.0
Buxus_sempervirens.npy,8,160,34067.0
Caragana_arborescens.npy,0,150,35119.0
Caragana_arborescens.npy,1,150,35119.0
Caragana_arborescens.npy,2,150,35119.0
Caragana_arborescens.npy,3,150,35119.0
Caragana_arborescens.npy,4,150,35119.0
Caragana_arborescens.npy,5,150,35119.0
Caragana_arborescens.npy,6,150,35119.0
Caragana_arborescens.npy,7,150,35119.0
Caragana_arborescens.npy,8,150,35119.0
Carpinus_betulus.npy,0,722,406919.0
Carpinus_betulus.npy,1,722,406919.0
Carpinus_betulus.npy,2,722,406919.0
Carpinus_betulus.npy,3,716,406979.0
Carpinus_betulus.npy,4,716,406979.0
Carpinus_betulus.npy,5,716,406979.0
Carpinus_betulus.npy,6,683,407309.0
Carpinus_betulus.npy,7,683,407309.0
Carpinus_betulus.npy,8,638,407759.0
Carpinus_betulus.npy,9,638,407759.0
Carpinus_betulus.npy,10,635,407789.0
Carpinus_betulus.npy,11,635,407789.0
Carpinus_betulus.npy,12,635,407789.0
Carpinus_betulus.npy,13,635,407789.0
Carpinus_betulus.npy,14,635,407789.0
Carpinus_betulus.npy,15,635,407789.0
Carpinus_betulus.npy,16,635,407789.0
Carpinus_betulus.npy,17,635,407789.0
Carpinus_betulus.npy,18,635,407789.0
Carya_ovata.npy,0,924,1141422.0
Carya_ovata.npy,1,924,1141422.0
Carya_ovata.npy,2,924,1141422.0
Carya_ovata.npy,3,924,1141422.0
Carya_ovata.npy,4,910,1141562.0
Carya_ovata.npy,5,910,1141562.0
Carya_ovata.npy,6,910,1141562.0
Carya_ovata.npy,7,910,1141562.0
Carya_ovata.npy,8,910,1141562.0
Carya_ovata.npy,9,903,1141632.0
Carya_ovata.npy,10,903,1141632.0
Carya_ovata.npy,11,903,1141632.0
Carya_ovata.npy,12,903,1141632.0
Carya_ovata.npy,13,900,1141662.0
Carya_ovata.npy,14,898,1141682.0
Carya_ovata.npy,15,898,1141682.0
Carya_ovata.npy,16,896,1141702.0
Carya_ovata.npy,17,896,1141702.0
Carya_ovata.npy,18,896,1141702.0
Carya_ovata.npy,19,896,1141702.0
Carya_ovata.npy,20,896,1141702.0
Carya_ovata.npy,21,896,1141702.0
Carya_ovata.npy,22,890,1141762.0
Carya_ovata.npy,23,890,1141762.0
Carya_ovata.npy,24,890,1141762.0
Carya_ovata.npy,25,890,1141762.0
Carya_ovata.npy,26,890,1141762.0
Carya_ovata.npy,27,890,1141762.0
Carya_ovata.npy,28,890,1141762.0
Carya_ovata.npy,29,890,1141762.0
Carya_ovata.npy,30,890,1141762.0
Castanea_sativa.npy,0,1661,5710518.0
Castanea_sativa.npy,1,1661,5710518.0
Castanea_sativa.npy,2,1661,5710518.0
Castanea_sativa.npy,3,1661,5710518.0
Castanea_sativa.npy,4,1300,5714128.0
Castanea_sativa.npy,5,1300,5714128.0
Castanea_sativa.npy,6,1300,5714128.0
Castanea_sativa.npy,7,1300,5714128.0
Castanea_sativa.npy,8,1300,5714128.0
Castanea_sativa.npy,9,1300,5714128.0
Castanea_sativa.npy,10,1300,5714128.0
Castanea_sativa.npy,11,1300,5714128.0
Castanea_sativa.npy,12,1300,5714128.0
Catalpa_bignonioides.npy,0,2029,2476185.0
Catalpa_bignonioides.npy,1,1941,2477065.0
Catalpa_bignonioides.npy,2,1941,2477065.0
Catalpa_bignonioides.npy,3,1941,2477065.0
Catalpa_bignonioides.npy,4,1941,2477065.0
Catalpa_bignonioides.npy,5,1913,2477345.0
Catalpa_bignonioides.npy,6,1913,2477345.0
Catalpa_bignonioides.npy,7,1886,2477615.0
Catalpa_bignonioides.npy,8,1881,2477665.0
Catalpa_bignonioides.npy,9,1881,2477665.0
Catalpa_bignonioides.npy,10,1881,2477665.0
Catalpa_bignonioides.npy,11,1881,2477665.0
Catalpa_bignonioides.npy,12,1856,2477915.0
Catalpa_bignonioides.npy,13,1856,2477915.0
Catalpa_bignonioides.npy,14,1856,2477915.0
Catalpa_bignonioides.npy,15,1856,2477915.0
Catalpa_bignonioides.npy,16,1856,2477915.0
Catalpa_bignonioides.npy,17,1856,2477915.0
Catalpa_bignonioides.npy,18,1856,2477915.0
Catalpa_bignonioides.npy,19,1856,2477915.0
Catalpa_bignonioides.npy,20,1856,2477915.0
Celtis_occidentalis.npy,0,690,400597.0
Celtis_occidentalis.npy,1,688,400617.0
Celtis_occidentalis.npy,2,688,400617.0
Celtis_occidentalis.npy,3,688,400617.0
Celtis_occidentalis.npy,4,688,400617.0
Celtis_occidentalis.npy,5,685,400647.0
Celtis_occidentalis.npy,6,685,400647.0
Celtis_occidentalis.npy,7,685,400647.0
Celtis_occidentalis.npy,8,685,400647.0
Celtis_occidentalis.npy,9,685,400647.0
Celtis_occidentalis.npy,10,685,400647.0
Celtis_occidentalis.npy,11,685,400647.0
Celtis_occidentalis.npy,12,685,400647.0
Celtis_occidentalis.npy,13,685,400647.0
Cercidiphyllum_japonicum.npy,0,1061,464955.0
Cercidiphyllum_japonicum.npy,1,998,465585.0
Cercidiphyllum_japonicum.npy,2,998,465585.0
Cercidiphyllum_japonicum.npy,3,936,466205.0
Cercidiphyllum_japonicum.npy,4,936,466205.0
Cercidiphyllum_japonicum.npy,5,936,466205.0
Cercidiphyllum_japonicum.npy,6,936,466205.0
Cercidiphyllum_japonicum.npy,7,936,466205.0
Cercidiphyllum_japonicum.npy,8,936,466205.0
Cercidiphyllum_japonicum.npy,9,936,466205.0
Cercidiphyllum_japonicum.npy,10,936,466205.0
Cercidiphyllum_japonicum.npy,11,936,466205.0
Cercis_siliquastrum.npy,0,1318,1026359.0
Cercis_siliquastrum.npy,1,1318,1026359.0
Cercis_siliquastrum.npy,2,1318,1026359.0
Cercis_siliquastrum.npy,3,1318,1026359.0
Cercis_siliquastrum.npy,4,1318,1026359.0
Cercis_siliquastrum.npy,5,1267,1026869.0
Cercis_siliquastrum.npy,6,1267,1026869.0
Cercis_siliquastrum.npy,7,1224,1027299.0
Cercis_siliquastrum.npy,8,1224,1027299.0
Cercis_siliquastrum.npy,9,1224,1027299.0
Cercis_siliquastrum.npy,10,1204,1027499.0
Cercis_siliquastrum.npy,11,1204,1027499.0
Cercis_siliquastrum.npy,12,1204,1027499.0
Cercis_siliquastrum.npy,13,1204,1027499.0
Cercis_siliquastrum.npy,14,1204,1027499.0
Cercis_siliquastrum.npy,15,1204,1027499.0
Cercis_siliquastrum.npy,16,1204,1027499.0
Cercis_siliquastrum.npy,17,1195,1027589.0
Cercis_siliquastrum.npy,18,1195,1027589.0
Cercis_siliquastrum.npy,19,1195,1027589.0
Cercis_siliquastrum.npy,20,1195,1027589.0
Cercis_siliquastrum.npy,21,1195,1027589.0
Cercis_siliquastrum.npy,22,1195,1027589.0
Cercis_siliquastrum.npy,23,1167,1027869.0
Cercis_siliquastrum.npy,24,1167,1027869.0
Cercis_siliquastrum.npy,25,1167,1027869.0
Cercis_siliquastrum.npy,26,1167,1027869.0
Cercis_siliquastrum.npy,27,1154,1027999.0
Cercis_siliquastrum.npy,28,1154,1027999.0
Cercis_siliquastrum.npy,29,1140,1028139.0
Cercis_siliquastrum.npy,30,1140,1028139.0
Cercis_siliquastrum.npy,31,1140,1028139.0
Cercis_siliquastrum.npy,32,1130,1028239.0
Cercis_siliquastrum.npy,33,1130,1028239.0
Cercis_siliquastrum.npy,34,1130,1028239.0
Cercis_siliquastrum.npy,35,1130,1028239.0
Cercis_siliquastrum.npy,36,1130,1028239.0
Cercis_siliquastrum.npy,37,1130,1028239.0
Cercis_siliquastrum.npy,38,1130,1028239.0
Cercis_siliquastrum.npy,39,1130,1028239.0
Cercis_siliquastrum.npy,40,1130,1028239.0
Chaenomeles_japonica.npy,0,642,698108.0
Chaenomeles_japonica.npy,1,641,698118.0
Chaenomeles_japonica.npy,2,641,698118.0
Chaenomeles_japonica.npy,3,626,698268.0
Chaenomeles_japonica.npy,4,626,698268.0
Chaenomeles_japonica.npy,5,626,698268.0
Chaenomeles_japonica.npy,6,626,698268.0
Chaenomeles_japonica.npy,7,550,699028.0
Chaenomeles_japonica.npy,8,504,699488.0
Chaenomeles_japonica.npy,9,504,699488.0
Chaenomeles_japonica.npy,10,504,699488.0
Chaenomeles_japonica.npy,11,353,700998.0
Chaenomeles_japonica.npy,12,353,700998.0
Chaenomeles_japonica.npy,13,353,700998.0
Chaenomeles_japonica.npy,14,353,700998.0
Chaenomeles_japonica.npy,15,353,700998.0
Chaenomeles_japonica.npy,16,353,700998.0
Chaenomeles_japonica.npy,17,353,700998.0
Chaenomeles_japonica.npy,18,353,700998.0
Chaenomeles_japonica.npy,19,353,700998.0
Clematis_vitalba.npy,0,1182,479708.0
Clematis_vitalba.npy,1,1182,479708.0
Clematis_vitalba.npy,2,1177,479758.0
Clematis_vitalba.npy,3,1097,480558.0
Clematis_vitalba.npy,4,1097,480558.0
Clematis_vitalba.npy,5,1097,480558.0
Clematis_vitalba.npy,6,1097,480558.0
Clematis_vitalba.npy,7,1097,480558.0
Clematis_vitalba.npy,8,1097,480558.0
Clematis_vitalba.npy,9,1097,480558.0
Clematis_vitalba.npy,10,1097,480558.0
Clematis_vitalba.npy,11,1097,480558.0
Colutea_arborescens.npy,0,284,78971.0
Colutea_arborescens.npy,1,284,78971.0
Colutea_arborescens.npy,2,284,78971.0
Colutea_arborescens.npy,3,284,78971.0
Colutea_arborescens.npy,4,284,78971.0
Colutea_arborescens.npy,5,275,79061.0
Colutea_arborescens.npy,6,275,79061.0
Colutea_arborescens.npy,7,275,79061.0
Colutea_arborescens.npy,8,275,79061.0
Colutea_arborescens.npy,9,275,79061.0
Colutea_arborescens.npy,10,275,79061.0
Colutea_arborescens.npy,11,275,79061.0
Colutea_arborescens.npy,12,275,79061.0
Colutea_arborescens.npy,13,264,79171.0
Colutea_arborescens.npy,14,262,79191.0
Colutea_arborescens.npy,15,262,79191.0
Colutea_arborescens.npy,16,262,79191.0
Colutea_arborescens.npy,17,262,79191.0
Colutea_arborescens.npy,18,261,79201.0
Colutea_arborescens.npy,19,261,79201.0
Colutea_arborescens.npy,20,261,79201.0
Colutea_arborescens.npy,21,261,79201.0
Colutea_arborescens.npy,22,261,79201.0
Colutea_arborescens.npy,23,261,79201.0
Colutea_arborescens.npy,24,261,79201.0
Colutea_arborescens.npy,25,261,79201.0
Colutea_arborescens.npy,26,259,79221.0
Colutea_arborescens.npy,27,259,79221.0
Colutea_arborescens.npy,28,259,79221.0
Colutea_arborescens.npy,29,255,79261.0
Colutea_arborescens.npy,30,255,79261.0
Colutea_arborescens.npy,31,254,79271.0
Colutea_arborescens.npy,32,254,79271.0
Colutea_arborescens.npy,33,254,79271.0
Colutea_arborescens.npy,34,254,79271.0
Colutea_arborescens.npy,35,254,79271.0
Colutea_arborescens.npy,36,254,79271.0
Colutea_arborescens.npy,37,254,79271.0
Colutea_arborescens.npy,38,254,79271.0
Colutea_arborescens.npy,39,254,79271.0
Cornus_alba.npy,0,1093,1242356.0
Cornus_alba.npy,1,1093,1242356.0
Cornus_alba.npy,2,1074,1242546.0
Cornus_alba.npy,3,1074,1242546.0
Cornus_alba.npy,4,1074,1242546.0
Cornus_alba.npy,5,1074,1242546.0
Cornus_alba.npy,6,1069,1242596.0
Cornus_alba.npy,7,1069,1242596.0
Cornus_alba.npy,8,1042,1242866.0
Cornus_alba.npy,9,1042,1242866.0
Cornus_alba.npy,10,1042,1242866.0
Cornus_alba.npy,11,1042,1242866.0
Cornus_alba.npy,12,1042,1242866.0
Cornus_alba.npy,13,1042,1242866.0
Cornus_alba.npy,14,1034,1242946.0
Cornus_alba.npy,15,1034,1242946.0
Cornus_alba.npy,16,1034,1242946.0
Cornus_alba.npy,17,1034,1242946.0
Cornus_alba.npy,18,1029,1242996.0
Cornus_alba.npy,19,1029,1242996.0
Cornus_alba.npy,20,1029,1242996.0
Cornus_alba.npy,21,1025,1243036.0
Cornus_alba.npy,22,1025,1243036.0
Cornus_alba.npy,23,1025,1243036.0
Cornus_alba.npy,24,1025,1243036.0
Cornus_alba.npy,25,1025,1243036.0
Cornus_alba.npy,26,1025,1243036.0
Cornus_alba.npy,27,1025,1243036.0
Cornus_alba.npy,28,1024,1243046.0
Cornus_alba.npy,29,1023,1243056.0
Cornus_alba.npy,30,1023,1243056.0
Cornus_alba.npy,31,1023,1243056.0
Cornus_alba.npy,32,1023,1243056.0
Cornus_alba.npy,33,1023,1243056.0
Cornus_alba.npy,34,1023,1243056.0
Cornus_alba.npy,35,1023,1243056.0
Cornus_alba.npy,36,1023,1243056.0
Cornus_alba.npy,37,1023,1243056.0
Cornus_mas.npy,0,534,278798.0
Cornus_mas.npy,1,531,278828.0
Cornus_mas.npy,2,531,278828.0
Cornus_mas.npy,3,531,278828.0
Cornus_mas.npy,4,531,278828.0
Cornus_mas.npy,5,531,278828.0
Cornus_mas.npy,6,531,278828.0
Cornus_mas.npy,7,531,278828.0
Cornus_mas.npy,8,530,278838.0
Cornus_mas.npy,9,530,278838.0
Cornus_mas.npy,10,530,278838.0
Cornus_mas.npy,11,530,278838.0
Cornus_mas.npy,12,530,278838.0
Cornus_mas.npy,13,530,278838.0
Cornus_mas.npy,14,530,278838.0
Cornus_mas.npy,15,530,278838.0
Cornus_mas.npy,16,530,278838.0
Cornus_sanguinea.npy,0,307,102949.0
Cornus_sanguinea.npy,1,307,102949.0
Cornus_sanguinea.npy,2,307,102949.0
Cornus_sanguinea.npy,3,307,102949.0
Cornus_sanguinea.npy,4,307,102949.0
Cornus_sanguinea.npy,5,302,102999.0
Cornus_sanguinea.npy,6,302,102999.0
Cornus_sanguinea.npy,7,302,102999.0
Cornus_sanguinea.npy,8,302,102999.0
Cornus_sanguinea.npy,9,302,102999.0
Cornus_sanguinea.npy,10,302,102999.0
Cornus_sanguinea.npy,11,302,102999.0
Cornus_sanguinea.npy,12,298,103039.0
Cornus_sanguinea.npy,13,298,103039.0
Cornus_sanguinea.npy,14,298,103039.0
Cornus_sanguinea.npy,15,298,103039.0
Cornus_sanguinea.npy,16,297,103049.0
Cornus_sanguinea.npy,17,297,103049.0
Cornus_sanguinea.npy,18,297,103049.0
Cornus_sanguinea.npy,19,297,103049.0
Cornus_sanguinea.npy,20,297,103049.0
Cornus_sanguinea.npy,21,297,103049.0
Cornus_sanguinea.npy,22,297,103049.0
Cornus_sanguinea.npy,23,297,103049.0
Cornus_sanguinea.npy,24,297,103049.0
Corylus_avellana.npy,0,2008,1692452.0
Corylus_avellana.npy,1,2008,1692452.0
Corylus_avellana.npy,2,1661,1695922.0
Corylus_avellana.npy,3,1661,1695922.0
Corylus_avellana.npy,4,1661,1695922.0
Corylus_avellana.npy,5,1661,1695922.0
Corylus_avellana.npy,6,1661,1695922.0
Corylus_avellana.npy,7,1514,1697392.0
Corylus_avellana.npy,8,1514,1697392.0
Corylus_avellana.npy,9,1514,1697392.0
Corylus_avellana.npy,10,1514,1697392.0
Corylus_avellana.npy,11,1514,1697392.0
Corylus_avellana.npy,12,1514,1697392.0
Corylus_avellana.npy,13,1514,1697392.0
Corylus_avellana.npy,14,1514,1697392.0
Corylus_avellana.npy,15,1514,1697392.0
Corylus_colurna.npy,0,1831,1421386.0
Corylus_colurna.npy,1,1831,1421386.0
Corylus_colurna.npy,2,1630,1423396.0
Corylus_colurna.npy,3,1630,1423396.0
Corylus_colurna.npy,4,1630,1423396.0
Corylus_colurna.npy,5,1630,1423396.0
Corylus_colurna.npy,6,1630,1423396.0
Corylus_colurna.npy,7,1604,1423656.0
Corylus_colurna.npy,8,1604,1423656.0
Corylus_colurna.npy,9,1591,1423786.0
Corylus_colurna.npy,10,1512,1424576.0
Corylus_colurna.npy,11,1512,1424576.0
Corylus_colurna.npy,12,1512,1424576.0
Corylus_colurna.npy,13,1512,1424576.0
Corylus_colurna.npy,14,1512,1424576.0
Corylus_colurna.npy,15,1512,1424576.0
Corylus_colurna.npy,16,1512,1424576.0
Corylus_colurna.npy,17,1512,1424576.0
Corylus_colurna.npy,18,1512,1424576.0
Corylus_maxima.npy,0,1147,777234.0
Corylus_maxima.npy,1,1146,777244.0
Corylus_maxima.npy,2,1036,778344.0
Corylus_maxima.npy,3,1036,778344.0
Corylus_maxima.npy,4,1036,778344.0
Corylus_maxima.npy,5,1036,778344.0
Corylus_maxima.npy,6,1036,778344.0
Corylus_maxima.npy,7,1014,778564.0
Corylus_maxima.npy,8,1014,778564.0
Corylus_maxima.npy,9,1014,778564.0
Corylus_maxima.npy,10,985,778854.0
Corylus_maxima.npy,11,985,778854.0
Corylus_maxima.npy,12,985,778854.0
Corylus_maxima.npy,13,985,778854.0
Corylus_maxima.npy,14,985,778854.0
Corylus_maxima.npy,15,985,778854.0
Corylus_maxima.npy,16,985,778854.0
Corylus_maxima.npy,17,985,778854.0
Corylus_maxima.npy,18,946,779244.0
Corylus_maxima.npy,19,946,779244.0
Corylus_maxima.npy,20,946,779244.0
Corylus_maxima.npy,21,928,779424.0
Corylus_maxima.npy,22,928,779424.0
Corylus_maxima.npy,23,928,779424.0
Corylus_maxima.npy,24,928,779424.0
Corylus_maxima.npy,25,928,779424.0
Corylus_maxima.npy,26,928,779424.0
Corylus_maxima.npy,27,928,779424.0
Corylus_maxima.npy,28,928,779424.0
Corylus_maxima.npy,29,928,779424.0
Cotinus_coggygria.npy,0,899,627255.0
Cotinus_coggygria.npy,1,844,627805.0
Cotinus_coggygria.npy,2,844,627805.0
Cotinus_coggygria.npy,3,838,627865.0
Cotinus_coggygria.npy,4,838,627865.0
Cotinus_coggygria.npy,5,806,628185.0
Cotinus_coggygria.npy,6,806,628185.0
Cotinus_coggygria.npy,7,806,628185.0
Cotinus_coggygria.npy,8,806,628185.0
Cotinus_coggygria.npy,9,798,628265.0
Cotinus_coggygria.npy,10,798,628265.0
Cotinus_coggygria.npy,11,798,628265.0
Cotinus_coggygria.npy,12,798,628265.0
Cotinus_coggygria.npy,13,798,628265.0
Cotinus_coggygria.npy,14,798,628265.0
Cotinus_coggygria.npy,15,798,628265.0
Cotinus_coggygria.npy,16,798,628265.0
Cotinus_coggygria.npy,17,798,628265.0
Cotoneaster_horizontalis.npy,0,124,20224.0
Cotoneaster_horizontalis.npy,1,124,20224.0
Cotoneaster_horizontalis.npy,2,124,20224.0
Cotoneaster_horizontalis.npy,3,123,20234.0
Cotoneaster_horizontalis.npy,4,123,20234.0
Cotoneaster_horizontalis.npy,5,123,20234.0
Cotoneaster_horizontalis.npy,6,120,20264.0
Cotoneaster_horizontalis.npy,7,120,20264.0
Cotoneaster_horizontalis.npy,8,120,20264.0
Cotoneaster_horizontalis.npy,9,120,20264.0
Cotoneaster_horizontalis.npy,10,120,20264.0
Cotoneaster_horizontalis.npy,11,120,20264.0
Cotoneaster_horizontalis.npy,12,117,20294.0
Cotoneaster_horizontalis.npy,13,117,20294.0
Cotoneaster_horizontalis.npy,14,117,20294.0
Cotoneaster_horizontalis.npy,15,117,20294.0
Cotoneaster_horizontalis.npy,16,117,20294.0
Cotoneaster_horizontalis.npy,17,117,20294.0
Cotoneaster_horizontalis.npy,18,117,20294.0
Cotoneaster_horizontalis.npy,19,117,20294.0
Cotoneaster_horizontalis.npy,20,117,20294.0
Cotoneaster_integerrimus.npy,0,195,36689.0
Cotoneaster_integerrimus.npy,1,195,36689.0
Cotoneaster_integerrimus.npy,2,192,36719.0
Cotoneaster_integerrimus.npy,3,192,36719.0
Cotoneaster_integerrimus.npy,4,192,36719.0
Cotoneaster_integerrimus.npy,5,192,36719.0
Cotoneaster_integerrimus.npy,6,192,36719.0
Cotoneaster_integerrimus.npy,7,192,36719.0
Cotoneaster_integerrimus.npy,8,192,36719.0
Cotoneaster_integerrimus.npy,9,192,36719.0
Cotoneaster_integerrimus.npy,10,192,36719.0
Crataegus_monogyna.npy,0,367,66101.0
Crataegus_monogyna.npy,1,367,66101.0
Crataegus_monogyna.npy,2,367,66101.0
Crataegus_monogyna.npy,3,367,66101.0
Crataegus_monogyna.npy,4,360,66171.0
Crataegus_monogyna.npy,5,360,66171.0
Crataegus_monogyna.npy,6,360,66171.0
Crataegus_monogyna.npy,7,360,66171.0
Crataegus_monogyna.npy,8,360,66171.0
Crataegus_monogyna.npy,9,360,66171.0
Crataegus_monogyna.npy,10,360,66171.0
Crataegus_monogyna.npy,11,360,66171.0
Crataegus_monogyna.npy,12,360,66171.0
Cydonia_oblonga.npy,0,769,509120.0
Cydonia_oblonga.npy,1,764,509170.0
Cydonia_oblonga.npy,2,764,509170.0
Cydonia_oblonga.npy,3,740,509410.0
Cydonia_oblonga.npy,4,740,509410.0
Cydonia_oblonga.npy,5,740,509410.0
Cydonia_oblonga.npy,6,740,509410.0
Cydonia_oblonga.npy,7,740,509410.0
Cydonia_oblonga.npy,8,740,509410.0
Cydonia_oblonga.npy,9,740,509410.0
Cydonia_oblonga.npy,10,731,509500.0
Cydonia_oblonga.npy,11,731,509500.0
Cydonia_oblonga.npy,12,731,509500.0
Cydonia_oblonga.npy,13,731,509500.0
Cydonia_oblonga.npy,14,731,509500.0
Cydonia_oblonga.npy,15,731,509500.0
Cydonia_oblonga.npy,16,731,509500.0
Cydonia_oblonga.npy,17,731,509500.0
Cydonia_oblonga.npy,18,731,509500.0
Daphne_mezereum.npy,0,270,151248.0
Daphne_mezereum.npy,1,270,151248.0
Daphne_mezereum.npy,2,270,151248.0
Daphne_mezereum.npy,3,270,151248.0
Daphne_mezereum.npy,4,270,151248.0
Daphne_mezereum.npy,5,270,151248.0
Daphne_mezereum.npy,6,270,151248.0
Daphne_mezereum.npy,7,270,151248.0
Daphne_mezereum.npy,8,270,151248.0
Deutzia_scabra.npy,0,310,123034.0
Deutzia_scabra.npy,1,310,123034.0
Deutzia_scabra.npy,2,305,123084.0
Deutzia_scabra.npy,3,305,123084.0
Deutzia_scabra.npy,4,305,123084.0
Deutzia_scabra.npy,5,305,123084.0
Deutzia_scabra.npy,6,305,123084.0
Deutzia_scabra.npy,7,305,123084.0
Deutzia_scabra.npy,8,305,123084.0
Deutzia_scabra.npy,9,305,123084.0
Deutzia_scabra.npy,10,304,123094.0
Deutzia_scabra.npy,11,304,123094.0
Deutzia_scabra.npy,12,304,123094.0
Deutzia_scabra.npy,13,303,123104.0
Deutzia_scabra.npy,14,303,123104.0
Deutzia_scabra.npy,15,303,123104.0
Deutzia_scabra.npy,16,303,123104.0
Deutzia_scabra.npy,17,302,123114.0
Deutzia_scabra.npy,18,302,123114.0
Deutzia_scabra.npy,19,302,123114.0
Deutzia_scabra.npy,20,302,123114.0
Deutzia_scabra.npy,21,302,123114.0
Deutzia_scabra.npy,22,302,123114.0
Deutzia_scabra.npy,23,302,123114.0
Deutzia_scabra.npy,24,302,123114.0
Deutzia_scabra.npy,25,302,123114.0
Elaeagnus_angustifolia.npy,0,253,126371.0
Elaeagnus_angustifolia.npy,1,253,126371.0
Elaeagnus_angustifolia.npy,2,247,126431.0
Elaeagnus_angustifolia.npy,3,247,126431.0
Elaeagnus_angustifolia.npy,4,247,126431.0
Elaeagnus_angustifolia.npy,5,244,126461.0
Elaeagnus_angustifolia.npy,6,244,126461.0
Elaeagnus_angustifolia.npy,7,244,126461.0
Elaeagnus_angustifolia.npy,8,244,126461.0
Elaeagnus_angustifolia.npy,9,240,126501.0
Elaeagnus_angustifolia.npy,10,240,126501.0
Elaeagnus_angustifolia.npy,11,240,126501.0
Elaeagnus_angustifolia.npy,12,240,126501.0
Elaeagnus_angustifolia.npy,13,240,126501.0
Elaeagnus_angustifolia.npy,14,240,126501.0
Elaeagnus_angustifolia.npy,15,240,126501.0
Elaeagnus_angustifolia.npy,16,240,126501.0
Elaeagnus_angustifolia.npy,17,240,126501.0
Euonymus_europaea.npy,0,580,358268.0
Euonymus_europaea.npy,1,580,358268.0
Euonymus_europaea.npy,2,580,358268.0
Euonymus_europaea.npy,3,580,358268.0
Euonymus_europaea.npy,4,557,358498.0
Euonymus_europaea.npy,5,554,358528.0
Euonymus_europaea.npy,6,542,358648.0
Euonymus_europaea.npy,7,542,358648.0
Euonymus_europaea.npy,8,542,358648.0
Euonymus_europaea.npy,9,542,358648.0
Euonymus_europaea.npy,10,542,358648.0
Euonymus_europaea.npy,11,542,358648.0
Euonymus_europaea.npy,12,541,358658.0
Euonymus_europaea.npy,13,541,358658.0
Euonymus_europaea.npy,14,540,358668.0
Euonymus_europaea.npy,15,540,358668.0
Euonymus_europaea.npy,16,540,358668.0
Euonymus_europaea.npy,17,540,358668.0
Euonymus_europaea.npy,18,540,358668.0
Euonymus_europaea.npy,19,540,358668.0
Euonymus_europaea.npy,20,540,358668.0
Euonymus_europaea.npy,21,540,358668.0
Euonymus_europaea.npy,22,540,358668.0
Euonymus_verrucosa.npy,0,413,173719.0
Euonymus_verrucosa.npy,1,413,173719.0
Euonymus_verrucosa.npy,2,413,173719.0
Euonymus_verrucosa.npy,3,413,173719.0
Euonymus_verrucosa.npy,4,413,173719.0
Euonymus_verrucosa.npy,5,413,173719.0
Euonymus_verrucosa.npy,6,413,173719.0
Euonymus_verrucosa.npy,7,413,173719.0
Euonymus_verrucosa.npy,8,413,173719.0
Fagus_sylvatica.npy,0,921,753229.0
Fagus_sylvatica.npy,1,909,753349.0
Fagus_sylvatica.npy,2,909,753349.0
Fagus_sylvatica.npy,3,909,753349.0
Fagus_sylvatica.npy,4,909,753349.0
Fagus_sylvatica.npy,5,909,753349.0
Fagus_sylvatica.npy,6,909,753349.0
Fagus_sylvatica.npy,7,909,753349.0
Fagus_sylvatica.npy,8,909,753349.0
Fagus_sylvatica.npy,9,909,753349.0
Fallopia_aubertii.npy,0,360,117787.0
Fallopia_aubertii.npy,1,356,117827.0
Fallopia_aubertii.npy,2,356,117827.0
Fallopia_aubertii.npy,3,356,117827.0
Fallopia_aubertii.npy,4,356,117827.0
Fallopia_aubertii.npy,5,356,117827.0
Fallopia_aubertii.npy,6,353,117857.0
Fallopia_aubertii.npy,7,353,117857.0
Fallopia_aubertii.npy,8,348,117907.0
Fallopia_aubertii.npy,9,348,117907.0
Fallopia_aubertii.npy,10,348,117907.0
Fallopia_aubertii.npy,11,348,117907.0
Fallopia_aubertii.npy,12,348,117907.0
Fallopia_aubertii.npy,13,348,117907.0
Fallopia_aubertii.npy,14,348,117907.0
Fallopia_aubertii.npy,15,348,117907.0
Fallopia_aubertii.npy,16,348,117907.0
Ficus_carica.npy,0,2131,1395398.0
Ficus_carica.npy,1,2131,1395398.0
Ficus_carica.npy,2,2085,1395858.0
Ficus_carica.npy,3,1975,1396958.0
Ficus_carica.npy,4,1975,1396958.0
Ficus_carica.npy,5,1918,1397528.0
Ficus_carica.npy,6,1918,1397528.0
Ficus_carica.npy,7,1886,1397848.0
Ficus_carica.npy,8,1886,1397848.0
Ficus_carica.npy,9,1886,1397848.0
Ficus_carica.npy,10,1886,1397848.0
Ficus_carica.npy,11,1886,1397848.0
Ficus_carica.npy,12,1886,1397848.0
Ficus_carica.npy,13,1852,1398188.0
Ficus_carica.npy,14,1852,1398188.0
Ficus_carica.npy,15,1852,1398188.0
Ficus_carica.npy,16,1845,1398258.0
Ficus_carica.npy,17,1845,1398258.0
Ficus_carica.npy,18,1845,1398258.0
Ficus_carica.npy,19,1845,1398258.0
Ficus_carica.npy,20,1838,1398328.0
Ficus_carica.npy,21,1838,1398328.0
Ficus_carica.npy,22,1838,1398328.0
Ficus_carica.npy,23,1832,1398388.0
Ficus_carica.npy,24,1832,1398388.0
Ficus_carica.npy,25,1832,1398388.0
Ficus_carica.npy,26,1829,1398418.0
Ficus_carica.npy,27,1829,1398418.0
Ficus_carica.npy,28,1826,1398448.0
Ficus_carica.npy,29,1826,1398448.0
Ficus_carica.npy,30,1826,1398448.0
Ficus_carica.npy,31,1826,1398448.0
Ficus_carica.npy,32,1825,1398458.0
Ficus_carica.npy,33,1825,1398458.0
Ficus_carica.npy,34,1825,1398458.0
Ficus_carica.npy,35,1825,1398458.0
Ficus_carica.npy,36,1825,1398458.0
Ficus_carica.npy,37,1819,1398518.0
Ficus_carica.npy,38,1819,1398518.0
Ficus_carica.npy,39,1819,1398518.0
Ficus_carica.npy,40,1819,1398518.0
Ficus_carica.npy,41,1819,1398518.0
Ficus_carica.npy,42,1819,1398518.0
Ficus_carica.npy,43,1819,1398518.0
Ficus_carica.npy,44,1819,1398518.0
Ficus_carica.npy,45,1819,1398518.0
Forsythia_intermedia.npy,0,426,156249.0
Forsythia_intermedia.npy,1,426,156249.0
Forsythia_intermedia.npy,2,426,156249.0
Forsythia_intermedia.npy,3,426,156249.0
Forsythia_intermedia.npy,4,426,156249.0
Forsythia_intermedia.npy,5,426,156249.0
Forsythia_intermedia.npy,6,424,156269.0
Forsythia_intermedia.npy,7,424,156269.0
Forsythia_intermedia.npy,8,424,156269.0
Forsythia_intermedia.npy,9,424,156269.0
Forsythia_intermedia.npy,10,424,156269.0
Forsythia_intermedia.npy,11,424,156269.0
Forsythia_intermedia.npy,12,424,156269.0
Forsythia_intermedia.npy,13,424,156269.0
Forsythia_intermedia.npy,14,424,156269.0
Frangula_alnus.npy,0,449,172608.0
Frangula_alnus.npy,1,449,172608.0
Frangula_alnus.npy,2,438,172718.0
Frangula_alnus.npy,3,438,172718.0
Frangula_alnus.npy,4,438,172718.0
Frangula_alnus.npy,5,438,172718.0
Frangula_alnus.npy,6,438,172718.0
Frangula_alnus.npy,7,438,172718.0
Frangula_alnus.npy,8,438,172718.0
Frangula_alnus.npy,9,438,172718.0
Frangula_alnus.npy,10,438,172718.0
Fraxinus_excelsior.npy,0,800,610386.0
Fraxinus_excelsior.npy,1,800,610386.0
Fraxinus_excelsior.npy,2,780,610586.0
Fraxinus_excelsior.npy,3,780,610586.0
Fraxinus_excelsior.npy,4,780,610586.0
Fraxinus_excelsior.npy,5,780,610586.0
Fraxinus_excelsior.npy,6,780,610586.0
Fraxinus_excelsior.npy,7,780,610586.0
Fraxinus_excelsior.npy,8,780,610586.0
Fraxinus_excelsior.npy,9,780,610586.0
Fraxinus_excelsior.npy,10,762,610766.0
Fraxinus_excelsior.npy,11,759,610796.0
Fraxinus_excelsior.npy,12,759,610796.0
Fraxinus_excelsior.npy,13,748,610906.0
Fraxinus_excelsior.npy,14,748,610906.0
Fraxinus_excelsior.npy,15,748,610906.0
Fraxinus_excelsior.npy,16,745,610936.0
Fraxinus_excelsior.npy,17,745,610936.0
Fraxinus_excelsior.npy,18,745,610936.0
Fraxinus_excelsior.npy,19,745,610936.0
Fraxinus_excelsior.npy,20,745,610936.0
Fraxinus_excelsior.npy,21,740,610986.0
Fraxinus_excelsior.npy,22,740,610986.0
Fraxinus_excelsior.npy,23,740,610986.0
Fraxinus_excelsior.npy,24,740,610986.0
Fraxinus_excelsior.npy,25,739,610996.0
Fraxinus_excelsior.npy,26,739,610996.0
Fraxinus_excelsior.npy,27,739,610996.0
Fraxinus_excelsior.npy,28,739,610996.0
Fraxinus_excelsior.npy,29,739,610996.0
Fraxinus_excelsior.npy,30,739,610996.0
Fraxinus_excelsior.npy,31,739,610996.0
Fraxinus_excelsior.npy,32,739,610996.0
Fraxinus_excelsior.npy,33,739,610996.0
Fraxinus_ornus.npy,0,433,239547.0
Fraxinus_ornus.npy,1,433,239547.0
Fraxinus_ornus.npy,2,433,239547.0
Fraxinus_ornus.npy,3,433,239547.0
Fraxinus_ornus.npy,4,426,239617.0
Fraxinus_ornus.npy,5,426,239617.0
Fraxinus_ornus.npy,6,426,239617.0
Fraxinus_ornus.npy,7,426,239617.0
Fraxinus_ornus.npy,8,426,239617.0
Fraxinus_ornus.npy,9,426,239617.0
Fraxinus_ornus.npy,10,426,239617.0
Fraxinus_ornus.npy,11,426,239617.0
Fraxinus_ornus.npy,12,426,239617.0
Ginkgo_biloba.npy,0,1093,387484.0
Ginkgo_biloba.npy,1,1027,388144.0
Ginkgo_biloba.npy,2,1027,388144.0
Ginkgo_biloba.npy,3,1027,388144.0
Ginkgo_biloba.npy,4,1023,388184.0
Ginkgo_biloba.npy,5,1023,388184.0
Ginkgo_biloba.npy,6,980,388614.0
Ginkgo_biloba.npy,7,980,388614.0
Ginkgo_biloba.npy,8,980,388614.0
Ginkgo_biloba.npy,9,961,388804.0
Ginkgo_biloba.npy,10,961,388804.0
Ginkgo_biloba.npy,11,961,388804.0
Ginkgo_biloba.npy,12,961,388804.0
Ginkgo_biloba.npy,13,961,388804.0
Ginkgo_biloba.npy,14,961,388804.0
Ginkgo_biloba.npy,15,961,388804.0
Ginkgo_biloba.npy,16,957,388844.0
Ginkgo_biloba.npy,17,957,388844.0
Ginkgo_biloba.npy,18,957,388844.0
Ginkgo_biloba.npy,19,956,388854.0
Ginkgo_biloba.npy,20,956,388854.0
Ginkgo_biloba.npy,21,955,388864.0
Ginkgo_biloba.npy,22,955,388864.0
Ginkgo_biloba.npy,23,943,388984.0
Ginkgo_biloba.npy,24,943,388984.0
Ginkgo_biloba.npy,25,943,388984.0
Ginkgo_biloba.npy,26,943,388984.0
Ginkgo_biloba.npy,27,943,388984.0
Ginkgo_biloba.npy,28,943,388984.0
Ginkgo_biloba.npy,29,943,388984.0
Ginkgo_biloba.npy,30,943,388984.0
Ginkgo_biloba.npy,31,943,388984.0
Gleditsia_triacanthos.npy,0,109,23200.0
Gleditsia_triacanthos.npy,1,109,23200.0
Gleditsia_triacanthos.npy,2,109,23200.0
Gleditsia_triacanthos.npy,3,109,23200.0
Gleditsia_triacanthos.npy,4,109,23200.0
Gleditsia_triacanthos.npy,5,109,23200.0
Gleditsia_triacanthos.npy,6,109,23200.0
Gleditsia_triacanthos.npy,7,109,23200.0
Gleditsia_triacanthos.npy,8,109,23200.0
Gymnocladus_dioicus.npy,0,545,349032.0
Gymnocladus_dioicus.npy,1,545,349032.0
Gymnocladus_dioicus.npy,2,545,349032.0
Gymnocladus_dioicus.npy,3,545,349032.0
Gymnocladus_dioicus.npy,4,545,349032.0
Gymnocladus_dioicus.npy,5,543,349052.0
Gymnocladus_dioicus.npy,6,540,349082.0
Gymnocladus_dioicus.npy,7,540,349082.0
Gymnocladus_dioicus.npy,8,540,349082.0
Gymnocladus_dioicus.npy,9,539,349092.0
Gymnocladus_dioicus.npy,10,539,349092.0
Gymnocladus_dioicus.npy,11,539,349092.0
Gymnocladus_dioicus.npy,12,539,349092.0
Gymnocladus_dioicus.npy,13,539,349092.0
Gymnocladus_dioicus.npy,14,539,349092.0
Gymnocladus_dioicus.npy,15,539,349092.0
Gymnocladus_dioicus.npy,16,539,349092.0
Gymnocladus_dioicus.npy,17,539,349092.0
Hamamelis_japonica.npy,0,892,609058.0
Hamamelis_japonica.npy,1,889,609088.0
Hamamelis_japonica.npy,2,853,609448.0
Hamamelis_japonica.npy,3,853,609448.0
Hamamelis_japonica.npy,4,826,609718.0
Hamamelis_japonica.npy,5,826,609718.0
Hamamelis_japonica.npy,6,826,609718.0
Hamamelis_japonica.npy,7,826,609718.0
Hamamelis_japonica.npy,8,826,609718.0
Hamamelis_japonica.npy,9,826,609718.0
Hamamelis_japonica.npy,10,802,609958.0
Hamamelis_japonica.npy,11,802,609958.0
Hamamelis_japonica.npy,12,802,609958.0
Hamamelis_japonica.npy,13,802,609958.0
Hamamelis_japonica.npy,14,800,609978.0
Hamamelis_japonica.npy,15,800,609978.0
Hamamelis_japonica.npy,16,800,609978.0
Hamamelis_japonica.npy,17,791,610068.0
Hamamelis_japonica.npy,18,791,610068.0
Hamamelis_japonica.npy,19,791,610068.0
Hamamelis_japonica.npy,20,785,610128.0
Hamamelis_japonica.npy,21,785,610128.0
Hamamelis_japonica.npy,22,785,610128.0
Hamamelis_japonica.npy,23,785,610128.0
Hamamelis_japonica.npy,24,785,610128.0
Hamamelis_japonica.npy,25,785,610128.0
Hamamelis_japonica.npy,26,785,610128.0
Hamamelis_japonica.npy,27,785,610128.0
Hamamelis_japonica.npy,28,785,610128.0
Hamamelis_virginiana.npy,0,732,472727.0
Hamamelis_virginiana.npy,1,732,472727.0
Hamamelis_virginiana.npy,2,681,473237.0
Hamamelis_virginiana.npy,3,681,473237.0
Hamamelis_virginiana.npy,4,681,473237.0
Hamamelis_virginiana.npy,5,681,473237.0
Hamamelis_virginiana.npy,6,681,473237.0
Hamamelis_virginiana.npy,7,681,473237.0
Hamamelis_virginiana.npy,8,681,473237.0
Hamamelis_virginiana.npy,9,681,473237.0
Hamamelis_virginiana.npy,10,681,473237.0
Hedera_helixFERTILE.npy,0,1720,855787.0
Hedera_helixFERTILE.npy,1,1636,856627.0
Hedera_helixFERTILE.npy,2,1636,856627.0
Hedera_helixFERTILE.npy,3,1636,856627.0
Hedera_helixFERTILE.npy,4,1636,856627.0
Hedera_helixFERTILE.npy,5,1636,856627.0
Hedera_helixFERTILE.npy,6,1597,857017.0
Hedera_helixFERTILE.npy,7,1597,857017.0
Hedera_helixFERTILE.npy,8,1597,857017.0
Hedera_helixFERTILE.npy,9,1597,857017.0
Hedera_helixFERTILE.npy,10,1597,857017.0
Hedera_helixFERTILE.npy,11,1597,857017.0
Hedera_helixFERTILE.npy,12,1597,857017.0
Hedera_helixFERTILE.npy,13,1597,857017.0
Hedera_helixFERTILE.npy,14,1597,857017.0
Hedera_helixSTERILE.npy,0,1896,642398.0
Hedera_helixSTERILE.npy,1,1663,644728.0
Hedera_helixSTERILE.npy,2,1663,644728.0
Hedera_helixSTERILE.npy,3,1663,644728.0
Hedera_helixSTERILE.npy,4,1663,644728.0
Hedera_helixSTERILE.npy,5,1578,645578.0
Hedera_helixSTERILE.npy,6,1578,645578.0
Hedera_helixSTERILE.npy,7,1578,645578.0
Hedera_helixSTERILE.npy,8,1578,645578.0
Hedera_helixSTERILE.npy,9,1567,645688.0
Hedera_helixSTERILE.npy,10,1567,645688.0
Hedera_helixSTERILE.npy,11,1567,645688.0
Hedera_helixSTERILE.npy,12,1567,645688.0
Hedera_helixSTERILE.npy,13,1567,645688.0
Hedera_helixSTERILE.npy,14,1567,645688.0
Hedera_helixSTERILE.npy,15,1567,645688.0
Hedera_helixSTERILE.npy,16,1567,645688.0
Hedera_helixSTERILE.npy,17,1567,645688.0
Hibiscus_syriacus.npy,0,1290,338562.0
Hibiscus_syriacus.npy,1,1094,340522.0
Hibiscus_syriacus.npy,2,951,341952.0
Hibiscus_syriacus.npy,3,951,341952.0
Hibiscus_syriacus.npy,4,951,341952.0
Hibiscus_syriacus.npy,5,951,341952.0
Hibiscus_syriacus.npy,6,951,341952.0
Hibiscus_syriacus.npy,7,874,342722.0
Hibiscus_syriacus.npy,8,874,342722.0
Hibiscus_syriacus.npy,9,874,342722.0
Hibiscus_syriacus.npy,10,874,342722.0
Hibiscus_syriacus.npy,11,869,342772.0
Hibiscus_syriacus.npy,12,824,343222.0
Hibiscus_syriacus.npy,13,824,343222.0
Hibiscus_syriacus.npy,14,772,343742.0
Hibiscus_syriacus.npy,15,772,343742.0
Hibiscus_syriacus.npy,16,772,343742.0
Hibiscus_syriacus.npy,17,772,343742.0
Hibiscus_syriacus.npy,18,772,343742.0
Hibiscus_syriacus.npy,19,772,343742.0
Hibiscus_syriacus.npy,20,739,344072.0
Hibiscus_syriacus.npy,21,739,344072.0
Hibiscus_syriacus.npy,22,739,344072.0
Hibiscus_syriacus.npy,23,739,344072.0
Hibiscus_syriacus.npy,24,739,344072.0
Hibiscus_syriacus.npy,25,739,344072.0
Hibiscus_syriacus.npy,26,739,344072.0
Hibiscus_syriacus.npy,27,739,344072.0
Hibiscus_syriacus.npy,28,739,344072.0
Hippophae_rhamnoides.npy,0,99,26755.0
Hippophae_rhamnoides.npy,1,99,26755.0
Hippophae_rhamnoides.npy,2,99,26755.0
Hippophae_rhamnoides.npy,3,99,26755.0
Hippophae_rhamnoides.npy,4,99,26755.0
Hippophae_rhamnoides.npy,5,99,26755.0
Hippophae_rhamnoides.npy,6,99,26755.0
Hippophae_rhamnoides.npy,7,99,26755.0
Hippophae_rhamnoides.npy,8,99,26755.0
Humulus_lupulus.npy,0,2722,962612.0
Humulus_lupulus.npy,1,2578,964052.0
Humulus_lupulus.npy,2,2578,964052.0
Humulus_lupulus.npy,3,2456,965272.0
Humulus_lupulus.npy,4,2456,965272.0
Humulus_lupulus.npy,5,2456,965272.0
Humulus_lupulus.npy,6,2456,965272.0
Humulus_lupulus.npy,7,2456,965272.0
Humulus_lupulus.npy,8,2443,965402.0
Humulus_lupulus.npy,9,2443,965402.0
Humulus_lupulus.npy,10,2398,965852.0
Humulus_lupulus.npy,11,2398,965852.0
Humulus_lupulus.npy,12,2398,965852.0
Humulus_lupulus.npy,13,2398,965852.0
Humulus_lupulus.npy,14,2369,966142.0
Humulus_lupulus.npy,15,2369,966142.0
Humulus_lupulus.npy,16,2369,966142.0
Humulus_lupulus.npy,17,2353,966302.0
Humulus_lupulus.npy,18,2353,966302.0
Humulus_lupulus.npy,19,2353,966302.0
Humulus_lupulus.npy,20,2353,966302.0
Humulus_lupulus.npy,21,2353,966302.0
Humulus_lupulus.npy,22,2353,966302.0
Humulus_lupulus.npy,23,2328,966552.0
Humulus_lupulus.npy,24,2328,966552.0
Humulus_lupulus.npy,25,2328,966552.0
Humulus_lupulus.npy,26,2328,966552.0
Humulus_lupulus.npy,27,2328,966552.0
Humulus_lupulus.npy,28,2328,966552.0
Humulus_lupulus.npy,29,2328,966552.0
Humulus_lupulus.npy,30,2324,966592.0
Humulus_lupulus.npy,31,2324,966592.0
Humulus_lupulus.npy,32,2324,966592.0
Humulus_lupulus.npy,33,2324,966592.0
Humulus_lupulus.npy,34,2324,966592.0
Humulus_lupulus.npy,35,2324,966592.0
Humulus_lupulus.npy,36,2324,966592.0
Humulus_lupulus.npy,37,2324,966592.0
Humulus_lupulus.npy,38,2324,966592.0
Hydrangea_petiolaris.npy,0,1494,1079161.0
Hydrangea_petiolaris.npy,1,1494,1079161.0
Hydrangea_petiolaris.npy,2,1494,1079161.0
Hydrangea_petiolaris.npy,3,1485,1079251.0
Hydrangea_petiolaris.npy,4,1485,1079251.0
Hydrangea_petiolaris.npy,5,1485,1079251.0
Hydrangea_petiolaris.npy,6,1485,1079251.0
Hydrangea_petiolaris.npy,7,1485,1079251.0
Hydrangea_petiolaris.npy,8,1485,1079251.0
Hydrangea_petiolaris.npy,9,1482,1079281.0
Hydrangea_petiolaris.npy,10,1339,1080711.0
Hydrangea_petiolaris.npy,11,1339,1080711.0
Hydrangea_petiolaris.npy,12,1339,1080711.0
Hydrangea_petiolaris.npy,13,1339,1080711.0
Hydrangea_petiolaris.npy,14,1339,1080711.0
Hydrangea_petiolaris.npy,15,1339,1080711.0
Hydrangea_petiolaris.npy,16,1339,1080711.0
Hydrangea_petiolaris.npy,17,1339,1080711.0
Hydrangea_petiolaris.npy,18,1335,1080751.0
Hydrangea_petiolaris.npy,19,1335,1080751.0
Hydrangea_petiolaris.npy,20,1321,1080891.0
Hydrangea_petiolaris.npy,21,1321,1080891.0
Hydrangea_petiolaris.npy,22,1321,1080891.0
Hydrangea_petiolaris.npy,23,1286,1081241.0
Hydrangea_petiolaris.npy,24,1286,1081241.0
Hydrangea_petiolaris.npy,25,1286,1081241.0
Hydrangea_petiolaris.npy,26,1261,1081491.0
Hydrangea_petiolaris.npy,27,1261,1081491.0
Hydrangea_petiolaris.npy,28,1261,1081491.0
Hydrangea_petiolaris.npy,29,1261,1081491.0
Hydrangea_petiolaris.npy,30,1261,1081491.0
Hydrangea_petiolaris.npy,31,1261,1081491.0
Hydrangea_petiolaris.npy,32,1261,1081491.0
Hydrangea_petiolaris.npy,33,1261,1081491.0
Hydrangea_petiolaris.npy,34,1261,1081491.0
Ilex_aquifolium.npy,0,339,93971.0
Ilex_aquifolium.npy,1,339,93971.0
Ilex_aquifolium.npy,2,339,93971.0
Ilex_aquifolium.npy,3,337,93991.0
Ilex_aquifolium.npy,4,337,93991.0
Ilex_aquifolium.npy,5,337,93991.0
Ilex_aquifolium.npy,6,337,93991.0
Ilex_aquifolium.npy,7,337,93991.0
Ilex_aquifolium.npy,8,337,93991.0
Ilex_aquifolium.npy,9,337,93991.0
Ilex_aquifolium.npy,10,337,93991.0
Ilex_aquifolium.npy,11,337,93991.0
Juglans_cinerea.npy,0,773,810993.0
Juglans_cinerea.npy,1,773,810993.0
Juglans_cinerea.npy,2,773,810993.0
Juglans_cinerea.npy,3,728,811443.0
Juglans_cinerea.npy,4,728,811443.0
Juglans_cinerea.npy,5,715,811573.0
Juglans_cinerea.npy,6,715,811573.0
Juglans_cinerea.npy,7,715,811573.0
Juglans_cinerea.npy,8,715,811573.0
Juglans_cinerea.npy,9,715,811573.0
Juglans_cinerea.npy,10,704,811683.0
Juglans_cinerea.npy,11,704,811683.0
Juglans_cinerea.npy,12,703,811693.0
Juglans_cinerea.npy,13,703,811693.0
Juglans_cinerea.npy,14,695,811773.0
Juglans_cinerea.npy,15,695,811773.0
Juglans_cinerea.npy,16,695,811773.0
Juglans_cinerea.npy,17,695,811773.0
Juglans_cinerea.npy,18,695,811773.0
Juglans_cinerea.npy,19,695,811773.0
Juglans_cinerea.npy,20,695,811773.0
Juglans_cinerea.npy,21,695,811773.0
Juglans_cinerea.npy,22,695,811773.0
Juglans_nigra.npy,0,581,471746.0
Juglans_nigra.npy,1,581,471746.0
Juglans_nigra.npy,2,581,471746.0
Juglans_nigra.npy,3,581,471746.0
Juglans_nigra.npy,4,580,471756.0
Juglans_nigra.npy,5,580,471756.0
Juglans_nigra.npy,6,580,471756.0
Juglans_nigra.npy,7,580,471756.0
Juglans_nigra.npy,8,580,471756.0
Juglans_nigra.npy,9,567,471886.0
Juglans_nigra.npy,10,567,471886.0
Juglans_nigra.npy,11,567,471886.0
Juglans_nigra.npy,12,567,471886.0
Juglans_nigra.npy,13,567,471886.0
Juglans_nigra.npy,14,567,471886.0
Juglans_nigra.npy,15,567,471886.0
Juglans_nigra.npy,16,567,471886.0
Juglans_nigra.npy,17,567,471886.0
Juglans_regia.npy,0,774,756130.0
Juglans_regia.npy,1,774,756130.0
Juglans_regia.npy,2,774,756130.0
Juglans_regia.npy,3,774,756130.0
Juglans_regia.npy,4,774,756130.0
Juglans_regia.npy,5,774,756130.0
Juglans_regia.npy,6,774,756130.0
Juglans_regia.npy,7,772,756150.0
Juglans_regia.npy,8,758,756290.0
Juglans_regia.npy,9,758,756290.0
Juglans_regia.npy,10,758,756290.0
Juglans_regia.npy,11,748,756390.0
Juglans_regia.npy,12,748,756390.0
Juglans_regia.npy,13,748,756390.0
Juglans_regia.npy,14,748,756390.0
Juglans_regia.npy,15,748,756390.0
Juglans_regia.npy,16,745,756420.0
Juglans_regia.npy,17,745,756420.0
Juglans_regia.npy,18,745,756420.0
Juglans_regia.npy,19,742,756450.0
Juglans_regia.npy,20,742,756450.0
Juglans_regia.npy,21,742,756450.0
Juglans_regia.npy,22,742,756450.0
Juglans_regia.npy,23,742,756450.0
Juglans_regia.npy,24,742,756450.0
Juglans_regia.npy,25,742,756450.0
Juglans_regia.npy,26,742,756450.0
Juglans_regia.npy,27,742,756450.0
Kerria_japonica.npy,0,661,207445.0
Kerria_japonica.npy,1,631,207745.0
Kerria_japonica.npy,2,631,207745.0
Kerria_japonica.npy,3,631,207745.0
Kerria_japonica.npy,4,631,207745.0
Kerria_japonica.npy,5,631,207745.0
Kerria_japonica.npy,6,631,207745.0
Kerria_japonica.npy,7,631,207745.0
Kerria_japonica.npy,8,631,207745.0
Kerria_japonica.npy,9,631,207745.0
Koelreuteria_paniculata.npy,0,932,378480.0
Koelreuteria_paniculata.npy,1,932,378480.0
Koelreuteria_paniculata.npy,2,932,378480.0
Koelreuteria_paniculata.npy,3,932,378480.0
Koelreuteria_paniculata.npy,4,886,378940.0
Koelreuteria_paniculata.npy,5,886,378940.0
Koelreuteria_paniculata.npy,6,886,378940.0
Koelreuteria_paniculata.npy,7,886,378940.0
Koelreuteria_paniculata.npy,8,886,378940.0
Koelreuteria_paniculata.npy,9,843,379370.0
Koelreuteria_paniculata.npy,10,843,379370.0
Koelreuteria_paniculata.npy,11,843,379370.0
Koelreuteria_paniculata.npy,12,843,379370.0
Koelreuteria_paniculata.npy,13,824,379560.0
Koelreuteria_paniculata.npy,14,824,379560.0
Koelreuteria_paniculata.npy,15,824,379560.0
Koelreuteria_paniculata.npy,16,824,379560.0
Koelreuteria_paniculata.npy,17,824,379560.0
Koelreuteria_paniculata.npy,18,824,379560.0
Koelreuteria_paniculata.npy,19,824,379560.0
Koelreuteria_paniculata.npy,20,818,379620.0
Koelreuteria_paniculata.npy,21,818,379620.0
Koelreuteria_paniculata.npy,22,818,379620.0
Koelreuteria_paniculata.npy,23,818,379620.0
Koelreuteria_paniculata.npy,24,818,379620.0
Koelreuteria_paniculata.npy,25,818,379620.0
Koelreuteria_paniculata.npy,26,818,379620.0
Koelreuteria_paniculata.npy,27,817,379630.0
Koelreuteria_paniculata.npy,28,817,379630.0
Koelreuteria_paniculata.npy,29,813,379670.0
Koelreuteria_paniculata.npy,30,813,379670.0
Koelreuteria_paniculata.npy,31,809,379710.0
Koelreuteria_paniculata.npy,32,807,379730.0
Koelreuteria_paniculata.npy,33,807,379730.0
Koelreuteria_paniculata.npy,34,807,379730.0
Koelreuteria_paniculata.npy,35,807,379730.0
Koelreuteria_paniculata.npy,36,807,379730.0
Koelreuteria_paniculata.npy,37,807,379730.0
Koelreuteria_paniculata.npy,38,807,379730.0
Koelreuteria_paniculata.npy,39,807,379730.0
Koelreuteria_paniculata.npy,40,807,379730.0
Kolkwitzia_amabilis.npy,0,332,138884.0
Kolkwitzia_amabilis.npy,1,332,138884.0
Kolkwitzia_amabilis.npy,2,332,138884.0
Kolkwitzia_amabilis.npy,3,332,138884.0
Kolkwitzia_amabilis.npy,4,332,138884.0
Kolkwitzia_amabilis.npy,5,331,138894.0
Kolkwitzia_amabilis.npy,6,331,138894.0
Kolkwitzia_amabilis.npy,7,329,138914.0
Kolkwitzia_amabilis.npy,8,329,138914.0
Kolkwitzia_amabilis.npy,9,329,138914.0
Kolkwitzia_amabilis.npy,10,329,138914.0
Kolkwitzia_amabilis.npy,11,329,138914.0
Kolkwitzia_amabilis.npy,12,328,138924.0
Kolkwitzia_amabilis.npy,13,328,138924.0
Kolkwitzia_amabilis.npy,14,328,138924.0
Kolkwitzia_amabilis.npy,15,328,138924.0
Kolkwitzia_amabilis.npy,16,328,138924.0
Kolkwitzia_amabilis.npy,17,327,138934.0
Kolkwitzia_amabilis.npy,18,327,138934.0
Kolkwitzia_amabilis.npy,19,327,138934.0
Kolkwitzia_amabilis.npy,20,327,138934.0
Kolkwitzia_amabilis.npy,21,327,138934.0
Kolkwitzia_amabilis.npy,22,327,138934.0
Kolkwitzia_amabilis.npy,23,327,138934.0
Kolkwitzia_amabilis.npy,24,327,138934.0
Kolkwitzia_amabilis.npy,25,327,138934.0
Laburnum_anagyroides.npy,0,265,87626.0
Laburnum_anagyroides.npy,1,265,87626.0
Laburnum_anagyroides.npy,2,265,87626.0
Laburnum_anagyroides.npy,3,265,87626.0
Laburnum_anagyroides.npy,4,265,87626.0
Laburnum_anagyroides.npy,5,265,87626.0
Laburnum_anagyroides.npy,6,265,87626.0
Laburnum_anagyroides.npy,7,265,87626.0
Laburnum_anagyroides.npy,8,265,87626.0
Laurus_nobilis.npy,0,440,273799.0
Laurus_nobilis.npy,1,440,273799.0
Laurus_nobilis.npy,2,440,273799.0
Laurus_nobilis.npy,3,440,273799.0
Laurus_nobilis.npy,4,440,273799.0
Laurus_nobilis.npy,5,440,273799.0
Laurus_nobilis.npy,6,440,273799.0
Laurus_nobilis.npy,7,440,273799.0
Laurus_nobilis.npy,8,440,273799.0
Lavandula_angustifolia.npy,0,64,11911.0
Lavandula_angustifolia.npy,1,64,11911.0
Lavandula_angustifolia.npy,2,64,11911.0
Lavandula_angustifolia.npy,3,64,11911.0
Lavandula_angustifolia.npy,4,64,11911.0
Lavandula_angustifolia.npy,5,64,11911.0
Lavandula_angustifolia.npy,6,64,11911.0
Lavandula_angustifolia.npy,7,64,11911.0
Lavandula_angustifolia.npy,8,64,11911.0
Ledum_palustre.npy,0,95,17920.0
Ledum_palustre.npy,1,95,17920.0
Ledum_palustre.npy,2,95,17920.0
Ledum_palustre.npy,3,95,17920.0
Ledum_palustre.npy,4,95,17920.0
Ledum_palustre.npy,5,95,17920.0
Ledum_palustre.npy,6,95,17920.0
Ledum_palustre.npy,7,95,17920.0
Ledum_palustre.npy,8,95,17920.0
Ligustrum_ovalifolium.npy,0,447,262199.0
Ligustrum_ovalifolium.npy,1,447,262199.0
Ligustrum_ovalifolium.npy,2,447,262199.0
Ligustrum_ovalifolium.npy,3,447,262199.0
Ligustrum_ovalifolium.npy,4,447,262199.0
Ligustrum_ovalifolium.npy,5,447,262199.0
Ligustrum_ovalifolium.npy,6,447,262199.0
Ligustrum_ovalifolium.npy,7,445,262219.0
Ligustrum_ovalifolium.npy,8,445,262219.0
Ligustrum_ovalifolium.npy,9,445,262219.0
Ligustrum_ovalifolium.npy,10,445,262219.0
Ligustrum_ovalifolium.npy,11,445,262219.0
Ligustrum_ovalifolium.npy,12,445,262219.0
Ligustrum_ovalifolium.npy,13,445,262219.0
Ligustrum_ovalifolium.npy,14,445,262219.0
Ligustrum_ovalifolium.npy,15,445,262219.0
Ligustrum_vulgare.npy,0,205,82902.0
Ligustrum_vulgare.npy,1,205,82902.0
Ligustrum_vulgare.npy,2,205,82902.0
Ligustrum_vulgare.npy,3,205,82902.0
Ligustrum_vulgare.npy,4,205,82902.0
Ligustrum_vulgare.npy,5,205,82902.0
Ligustrum_vulgare.npy,6,205,82902.0
Ligustrum_vulgare.npy,7,205,82902.0
Ligustrum_vulgare.npy,8,205,82902.0
Liquidambar_styraciflua.npy,0,3688,1434218.0
Liquidambar_styraciflua.npy,1,3688,1434218.0
Liquidambar_styraciflua.npy,2,3110,1439998.0
Liquidambar_styraciflua.npy,3,3110,1439998.0
Liquidambar_styraciflua.npy,4,3110,1439998.0
Liquidambar_styraciflua.npy,5,3110,1439998.0
Liquidambar_styraciflua.npy,6,3110,1439998.0
Liquidambar_styraciflua.npy,7,3110,1439998.0
Liquidambar_styraciflua.npy,8,3110,1439998.0
Liquidambar_styraciflua.npy,9,3110,1439998.0
Liquidambar_styraciflua.npy,10,3110,1439998.0
Liriodendron_tulipifera.npy,0,1627,779328.0
Liriodendron_tulipifera.npy,1,1627,779328.0
Liriodendron_tulipifera.npy,2,1627,779328.0
Liriodendron_tulipifera.npy,3,1619,779408.0
Liriodendron_tulipifera.npy,4,1619,779408.0
Liriodendron_tulipifera.npy,5,1619,779408.0
Liriodendron_tulipifera.npy,6,1619,779408.0
Liriodendron_tulipifera.npy,7,1619,779408.0
Liriodendron_tulipifera.npy,8,1619,779408.0
Liriodendron_tulipifera.npy,9,1619,779408.0
Liriodendron_tulipifera.npy,10,1619,779408.0
Liriodendron_tulipifera.npy,11,1619,779408.0
Lonicera_henryi.npy,0,286,186697.0
Lonicera_henryi.npy,1,286,186697.0
Lonicera_henryi.npy,2,286,186697.0
Lonicera_henryi.npy,3,284,186717.0
Lonicera_henryi.npy,4,284,186717.0
Lonicera_henryi.npy,5,284,186717.0
Lonicera_henryi.npy,6,282,186737.0
Lonicera_henryi.npy,7,282,186737.0
Lonicera_henryi.npy,8,282,186737.0
Lonicera_henryi.npy,9,282,186737.0
Lonicera_henryi.npy,10,282,186737.0
Lonicera_henryi.npy,11,282,186737.0
Lonicera_henryi.npy,12,282,186737.0
Lonicera_henryi.npy,13,282,186737.0
Lonicera_henryi.npy,14,282,186737.0
Lonicera_involucrata.npy,0,700,582478.0
Lonicera_involucrata.npy,1,700,582478.0
Lonicera_involucrata.npy,2,691,582568.0
Lonicera_involucrata.npy,3,691,582568.0
Lonicera_involucrata.npy,4,691,582568.0
Lonicera_involucrata.npy,5,691,582568.0
Lonicera_involucrata.npy,6,691,582568.0
Lonicera_involucrata.npy,7,691,582568.0
Lonicera_involucrata.npy,8,687,582608.0
Lonicera_involucrata.npy,9,687,582608.0
Lonicera_involucrata.npy,10,687,582608.0
Lonicera_involucrata.npy,11,687,582608.0
Lonicera_involucrata.npy,12,687,582608.0
Lonicera_involucrata.npy,13,687,582608.0
Lonicera_involucrata.npy,14,687,582608.0
Lonicera_involucrata.npy,15,687,582608.0
Lonicera_involucrata.npy,16,687,582608.0
Lonicera_purpusii.npy,0,415,208086.0
Lonicera_purpusii.npy,1,415,208086.0
Lonicera_purpusii.npy,2,415,208086.0
Lonicera_purpusii.npy,3,415,208086.0
Lonicera_purpusii.npy,4,415,208086.0
Lonicera_purpusii.npy,5,408,208156.0
Lonicera_purpusii.npy,6,408,208156.0
Lonicera_purpusii.npy,7,408,208156.0
Lonicera_purpusii.npy,8,408,208156.0
Lonicera_purpusii.npy,9,408,208156.0
Lonicera_purpusii.npy,10,408,208156.0
Lonicera_purpusii.npy,11,407,208166.0
Lonicera_purpusii.npy,12,407,208166.0
Lonicera_purpusii.npy,13,407,208166.0
Lonicera_purpusii.npy,14,407,208166.0
Lonicera_purpusii.npy,15,407,208166.0
Lonicera_purpusii.npy,16,405,208186.0
Lonicera_purpusii.npy,17,405,208186.0
Lonicera_purpusii.npy,18,405,208186.0
Lonicera_purpusii.npy,19,405,208186.0
Lonicera_purpusii.npy,20,405,208186.0
Lonicera_purpusii.npy,21,405,208186.0
Lonicera_purpusii.npy,22,405,208186.0
Lonicera_purpusii.npy,23,403,208206.0
Lonicera_purpusii.npy,24,403,208206.0
Lonicera_purpusii.npy,25,403,208206.0
Lonicera_purpusii.npy,26,403,208206.0
Lonicera_purpusii.npy,27,403,208206.0
Lonicera_purpusii.npy,28,403,208206.0
Lonicera_purpusii.npy,29,403,208206.0
Lonicera_purpusii.npy,30,403,208206.0
Lonicera_purpusii.npy,31,403,208206.0
Lonicera_tatarica.npy,0,262,92515.0
Lonicera_tatarica.npy,1,262,92515.0
Lonicera_tatarica.npy,2,262,92515.0
Lonicera_tatarica.npy,3,259,92545.0
Lonicera_tatarica.npy,4,259,92545.0
Lonicera_tatarica.npy,5,259,92545.0
Lonicera_tatarica.npy,6,259,92545.0
Lonicera_tatarica.npy,7,259,92545.0
Lonicera_tatarica.npy,8,259,92545.0
Lonicera_tatarica.npy,9,259,92545.0
Lonicera_tatarica.npy,10,259,92545.0
Lonicera_tatarica.npy,11,259,92545.0
Lonicera_xylosteum.npy,0,378,137702.0
Lonicera_xylosteum.npy,1,353,137952.0
Lonicera_xylosteum.npy,2,353,137952.0
Lonicera_xylosteum.npy,3,353,137952.0
Lonicera_xylosteum.npy,4,353,137952.0
Lonicera_xylosteum.npy,5,331,138172.0
Lonicera_xylosteum.npy,6,326,138222.0
Lonicera_xylosteum.npy,7,326,138222.0
Lonicera_xylosteum.npy,8,326,138222.0
Lonicera_xylosteum.npy,9,325,138232.0
Lonicera_xylosteum.npy,10,325,138232.0
Lonicera_xylosteum.npy,11,325,138232.0
Lonicera_xylosteum.npy,12,325,138232.0
Lonicera_xylosteum.npy,13,325,138232.0
Lonicera_xylosteum.npy,14,325,138232.0
Lonicera_xylosteum.npy,15,325,138232.0
Lonicera_xylosteum.npy,16,325,138232.0
Lonicera_xylosteum.npy,17,324,138242.0
Lonicera_xylosteum.npy,18,324,138242.0
Lonicera_xylosteum.npy,19,324,138242.0
Lonicera_xylosteum.npy,20,323,138252.0
Lonicera_xylosteum.npy,21,323,138252.0
Lonicera_xylosteum.npy,22,323,138252.0
Lonicera_xylosteum.npy,23,323,138252.0
Lonicera_xylosteum.npy,24,321,138272.0
Lonicera_xylosteum.npy,25,321,138272.0
Lonicera_xylosteum.npy,26,321,138272.0
Lonicera_xylosteum.npy,27,321,138272.0
Lonicera_xylosteum.npy,28,321,138272.0
Lonicera_xylosteum.npy,29,321,138272.0
Lonicera_xylosteum.npy,30,321,138272.0
Lonicera_xylosteum.npy,31,321,138272.0
Lonicera_xylosteum.npy,32,321,138272.0
Loranthus_europaeus.npy,0,125,19198.0
Loranthus_europaeus.npy,1,125,19198.0
Loranthus_europaeus.npy,2,125,19198.0
Loranthus_europaeus.npy,3,125,19198.0
Loranthus_europaeus.npy,4,125,19198.0
Loranthus_europaeus.npy,5,125,19198.0
Loranthus_europaeus.npy,6,125,19198.0
Loranthus_europaeus.npy,7,125,19198.0
Loranthus_europaeus.npy,8,125,19198.0
Lycium_barbarum.npy,0,239,88465.0
Lycium_barbarum.npy,1,239,88465.0
Lycium_barbarum.npy,2,239,88465.0
Lycium_barbarum.npy,3,239,88465.0
Lycium_barbarum.npy,4,239,88465.0
Lycium_barbarum.npy,5,239,88465.0
Lycium_barbarum.npy,6,239,88465.0
Lycium_barbarum.npy,7,239,88465.0
Lycium_barbarum.npy,8,239,88465.0
Maclura_pomiferaFEMALE.npy,0,546,145630.0
Maclura_pomiferaFEMALE.npy,1,546,145630.0
Maclura_pomiferaFEMALE.npy,2,546,145630.0
Maclura_pomiferaFEMALE.npy,3,523,145860.0
Maclura_pomiferaFEMALE.npy,4,505,146040.0
Maclura_pomiferaFEMALE.npy,5,505,146040.0
Maclura_pomiferaFEMALE.npy,6,505,146040.0
Maclura_pomiferaFEMALE.npy,7,505,146040.0
Maclura_pomiferaFEMALE.npy,8,505,146040.0
Maclura_pomiferaFEMALE.npy,9,505,146040.0
Maclura_pomiferaFEMALE.npy,10,481,146280.0
Maclura_pomiferaFEMALE.npy,11,481,146280.0
Maclura_pomiferaFEMALE.npy,12,481,146280.0
Maclura_pomiferaFEMALE.npy,13,481,146280.0
Maclura_pomiferaFEMALE.npy,14,480,146290.0
Maclura_pomiferaFEMALE.npy,15,471,146380.0
Maclura_pomiferaFEMALE.npy,16,471,146380.0
Maclura_pomiferaFEMALE.npy,17,468,146410.0
Maclura_pomiferaFEMALE.npy,18,463,146460.0
Maclura_pomiferaFEMALE.npy,19,460,146490.0
Maclura_pomiferaFEMALE.npy,20,457,146520.0
Maclura_pomiferaFEMALE.npy,21,457,146520.0
Maclura_pomiferaFEMALE.npy,22,457,146520.0
Maclura_pomiferaFEMALE.npy,23,457,146520.0
Maclura_pomiferaFEMALE.npy,24,457,146520.0
Maclura_pomiferaFEMALE.npy,25,457,146520.0
Maclura_pomiferaFEMALE.npy,26,457,146520.0
Maclura_pomiferaFEMALE.npy,27,456,146530.0
Maclura_pomiferaFEMALE.npy,28,455,146540.0
Maclura_pomiferaFEMALE.npy,29,455,146540.0
Maclura_pomiferaFEMALE.npy,30,453,146560.0
Maclura_pomiferaFEMALE.npy,31,453,146560.0
Maclura_pomiferaFEMALE.npy,32,453,146560.0
Maclura_pomiferaFEMALE.npy,33,453,146560.0
Maclura_pomiferaFEMALE.npy,34,453,146560.0
Maclura_pomiferaFEMALE.npy,35,453,146560.0
Maclura_pomiferaFEMALE.npy,36,453,146560.0
Maclura_pomiferaFEMALE.npy,37,453,146560.0
Maclura_pomiferaFEMALE.npy,38,452,146570.0
Maclura_pomiferaFEMALE.npy,39,452,146570.0
Maclura_pomiferaFEMALE.npy,40,452,146570.0
Maclura_pomiferaFEMALE.npy,41,452,146570.0
Maclura_pomiferaFEMALE.npy,42,452,146570.0
Maclura_pomiferaFEMALE.npy,43,452,146570.0
Maclura_pomiferaFEMALE.npy,44,452,146570.0
Maclura_pomiferaFEMALE.npy,45,452,146570.0
Maclura_pomiferaFEMALE.npy,46,452,146570.0
Maclura_pomiferaMALE.npy,0,507,252192.0
Maclura_pomiferaMALE.npy,1,507,252192.0
Maclura_pomiferaMALE.npy,2,507,252192.0
Maclura_pomiferaMALE.npy,3,507,252192.0
Maclura_pomiferaMALE.npy,4,507,252192.0
Maclura_pomiferaMALE.npy,5,507,252192.0
Maclura_pomiferaMALE.npy,6,507,252192.0
Maclura_pomiferaMALE.npy,7,507,252192.0
Maclura_pomiferaMALE.npy,8,507,252192.0
Magnolia_hypoleuca.npy,0,2069,4747430.0
Magnolia_hypoleuca.npy,1,2069,4747430.0
Magnolia_hypoleuca.npy,2,2018,4747940.0
Magnolia_hypoleuca.npy,3,2018,4747940.0
Magnolia_hypoleuca.npy,4,2018,4747940.0
Magnolia_hypoleuca.npy,5,2018,4747940.0
Magnolia_hypoleuca.npy,6,1986,4748260.0
Magnolia_hypoleuca.npy,7,1986,4748260.0
Magnolia_hypoleuca.npy,8,1986,4748260.0
Magnolia_hypoleuca.npy,9,1986,4748260.0
Magnolia_hypoleuca.npy,10,1986,4748260.0
Magnolia_hypoleuca.npy,11,1959,4748530.0
Magnolia_hypoleuca.npy,12,1959,4748530.0
Magnolia_hypoleuca.npy,13,1959,4748530.0
Magnolia_hypoleuca.npy,14,1959,4748530.0
Magnolia_hypoleuca.npy,15,1949,4748630.0
Magnolia_hypoleuca.npy,16,1947,4748650.0
Magnolia_hypoleuca.npy,17,1947,4748650.0
Magnolia_hypoleuca.npy,18,1936,4748760.0
Magnolia_hypoleuca.npy,19,1936,4748760.0
Magnolia_hypoleuca.npy,20,1936,4748760.0
Magnolia_hypoleuca.npy,21,1936,4748760.0
Magnolia_hypoleuca.npy,22,1936,4748760.0
Magnolia_hypoleuca.npy,23,1936,4748760.0
Magnolia_hypoleuca.npy,24,1936,4748760.0
Magnolia_hypoleuca.npy,25,1936,4748760.0
Magnolia_hypoleuca.npy,26,1936,4748760.0
Magnolia_soulangeana.npy,0,1159,1204315.0
Magnolia_soulangeana.npy,1,1159,1204315.0
Magnolia_soulangeana.npy,2,1127,1204635.0
Magnolia_soulangeana.npy,3,1127,1204635.0
Magnolia_soulangeana.npy,4,1110,1204805.0
Magnolia_soulangeana.npy,5,1110,1204805.0
Magnolia_soulangeana.npy,6,1110,1204805.0
Magnolia_soulangeana.npy,7,1110,1204805.0
Magnolia_soulangeana.npy,8,1110,1204805.0
Magnolia_soulangeana.npy,9,1110,1204805.0
Magnolia_soulangeana.npy,10,1110,1204805.0
Magnolia_soulangeana.npy,11,1098,1204925.0
Magnolia_soulangeana.npy,12,1098,1204925.0
Magnolia_soulangeana.npy,13,1098,1204925.0
Magnolia_soulangeana.npy,14,1094,1204965.0
Magnolia_soulangeana.npy,15,1094,1204965.0
Magnolia_soulangeana.npy,16,1094,1204965.0
Magnolia_soulangeana.npy,17,1094,1204965.0
Magnolia_soulangeana.npy,18,1094,1204965.0
Magnolia_soulangeana.npy,19,1094,1204965.0
Magnolia_soulangeana.npy,20,1094,1204965.0
Magnolia_soulangeana.npy,21,1094,1204965.0
Magnolia_soulangeana.npy,22,1083,1205075.0
Magnolia_soulangeana.npy,23,1083,1205075.0
Magnolia_soulangeana.npy,24,1080,1205105.0
Magnolia_soulangeana.npy,25,1080,1205105.0
Magnolia_soulangeana.npy,26,1080,1205105.0
Magnolia_soulangeana.npy,27,1080,1205105.0
Magnolia_soulangeana.npy,28,1075,1205155.0
Magnolia_soulangeana.npy,29,1075,1205155.0
Magnolia_soulangeana.npy,30,1075,1205155.0
Magnolia_soulangeana.npy,31,1075,1205155.0
Magnolia_soulangeana.npy,32,1075,1205155.0
Magnolia_soulangeana.npy,33,1075,1205155.0
Magnolia_soulangeana.npy,34,1075,1205155.0
Magnolia_soulangeana.npy,35,1075,1205155.0
Magnolia_soulangeana.npy,36,1075,1205155.0
Magnolia_specPETRIN.npy,0,793,695457.0
Magnolia_specPETRIN.npy,1,793,695457.0
Magnolia_specPETRIN.npy,2,791,695477.0
Magnolia_specPETRIN.npy,3,791,695477.0
Magnolia_specPETRIN.npy,4,791,695477.0
Magnolia_specPETRIN.npy,5,791,695477.0
Magnolia_specPETRIN.npy,6,791,695477.0
Magnolia_specPETRIN.npy,7,791,695477.0
Magnolia_specPETRIN.npy,8,791,695477.0
Magnolia_specPETRIN.npy,9,791,695477.0
Magnolia_specPETRIN.npy,10,788,695507.0
Magnolia_specPETRIN.npy,11,788,695507.0
Magnolia_specPETRIN.npy,12,788,695507.0
Magnolia_specPETRIN.npy,13,788,695507.0
Magnolia_specPETRIN.npy,14,788,695507.0
Magnolia_specPETRIN.npy,15,788,695507.0
Magnolia_specPETRIN.npy,16,788,695507.0
Magnolia_specPETRIN.npy,17,788,695507.0
Magnolia_specPETRIN.npy,18,785,695537.0
Magnolia_specPETRIN.npy,19,785,695537.0
Magnolia_specPETRIN.npy,20,785,695537.0
Magnolia_specPETRIN.npy,21,785,695537.0
Magnolia_specPETRIN.npy,22,785,695537.0
Magnolia_specPETRIN.npy,23,784,695547.0
Magnolia_specPETRIN.npy,24,784,695547.0
Magnolia_specPETRIN.npy,25,779,695597.0
Magnolia_specPETRIN.npy,26,779,695597.0
Magnolia_specPETRIN.npy,27,779,695597.0
Magnolia_specPETRIN.npy,28,779,695597.0
Magnolia_specPETRIN.npy,29,779,695597.0
Magnolia_specPETRIN.npy,30,779,695597.0
Magnolia_specPETRIN.npy,31,779,695597.0
Magnolia_specPETRIN.npy,32,779,695597.0
Magnolia_specPETRIN.npy,33,779,695597.0
Mahonia_aquifolium.npy,0,546,264167.0
Mahonia_aquifolium.npy,1,531,264317.0
Mahonia_aquifolium.npy,2,531,264317.0
Mahonia_aquifolium.npy,3,531,264317.0
Mahonia_aquifolium.npy,4,524,264387.0
Mahonia_aquifolium.npy,5,524,264387.0
Mahonia_aquifolium.npy,6,524,264387.0
Mahonia_aquifolium.npy,7,518,264447.0
Mahonia_aquifolium.npy,8,518,264447.0
Mahonia_aquifolium.npy,9,518,264447.0
Mahonia_aquifolium.npy,10,518,264447.0
Mahonia_aquifolium.npy,11,518,264447.0
Mahonia_aquifolium.npy,12,518,264447.0
Mahonia_aquifolium.npy,13,518,264447.0
Mahonia_aquifolium.npy,14,518,264447.0
Mahonia_aquifolium.npy,15,518,264447.0
Malus_domestica.npy,0,748,395447.0
Malus_domestica.npy,1,748,395447.0
Malus_domestica.npy,2,748,395447.0
Malus_domestica.npy,3,748,395447.0
Malus_domestica.npy,4,748,395447.0
Malus_domestica.npy,5,748,395447.0
Malus_domestica.npy,6,742,395507.0
Malus_domestica.npy,7,742,395507.0
Malus_domestica.npy,8,742,395507.0
Malus_domestica.npy,9,742,395507.0
Malus_domestica.npy,10,742,395507.0
Malus_domestica.npy,11,742,395507.0
Malus_domestica.npy,12,734,395587.0
Malus_domestica.npy,13,734,395587.0
Malus_domestica.npy,14,734,395587.0
Malus_domestica.npy,15,734,395587.0
Malus_domestica.npy,16,734,395587.0
Malus_domestica.npy,17,734,395587.0
Malus_domestica.npy,18,734,395587.0
Malus_domestica.npy,19,734,395587.0
Malus_domestica.npy,20,734,395587.0
Mespilus_germanica.npy,0,652,649325.0
Mespilus_germanica.npy,1,637,649475.0
Mespilus_germanica.npy,2,637,649475.0
Mespilus_germanica.npy,3,637,649475.0
Mespilus_germanica.npy,4,637,649475.0
Mespilus_germanica.npy,5,637,649475.0
Mespilus_germanica.npy,6,633,649515.0
Mespilus_germanica.npy,7,633,649515.0
Mespilus_germanica.npy,8,633,649515.0
Mespilus_germanica.npy,9,633,649515.0
Mespilus_germanica.npy,10,633,649515.0
Mespilus_germanica.npy,11,633,649515.0
Mespilus_germanica.npy,12,633,649515.0
Mespilus_germanica.npy,13,633,649515.0
Mespilus_germanica.npy,14,633,649515.0
Morus_alba.npy,0,1863,995115.0
Morus_alba.npy,1,1863,995115.0
Morus_alba.npy,2,1832,995425.0
Morus_alba.npy,3,1748,996265.0
Morus_alba.npy,4,1748,996265.0
Morus_alba.npy,5,1748,996265.0
Morus_alba.npy,6,1748,996265.0
Morus_alba.npy,7,1625,997495.0
Morus_alba.npy,8,1625,997495.0
Morus_alba.npy,9,1625,997495.0
Morus_alba.npy,10,1625,997495.0
Morus_alba.npy,11,1625,997495.0
Morus_alba.npy,12,1625,997495.0
Morus_alba.npy,13,1625,997495.0
Morus_alba.npy,14,1625,997495.0
Morus_alba.npy,15,1529,998455.0
Morus_alba.npy,16,1529,998455.0
Morus_alba.npy,17,1520,998545.0
Morus_alba.npy,18,1520,998545.0
Morus_alba.npy,19,1520,998545.0
Morus_alba.npy,20,1520,998545.0
Morus_alba.npy,21,1520,998545.0
Morus_alba.npy,22,1520,998545.0
Morus_alba.npy,23,1520,998545.0
Morus_alba.npy,24,1520,998545.0
Morus_alba.npy,25,1520,998545.0
Myrtus_communis.npy,0,186,49932.0
Myrtus_communis.npy,1,186,49932.0
Myrtus_communis.npy,2,186,49932.0
Myrtus_communis.npy,3,186,49932.0
Myrtus_communis.npy,4,186,49932.0
Myrtus_communis.npy,5,186,49932.0
Myrtus_communis.npy,6,186,49932.0
Myrtus_communis.npy,7,186,49932.0
Myrtus_communis.npy,8,186,49932.0
Nerium_oleander.npy,0,224,159600.0
Nerium_oleander.npy,1,222,159620.0
Nerium_oleander.npy,2,222,159620.0
Nerium_oleander.npy,3,222,159620.0
Nerium_oleander.npy,4,222,159620.0
Nerium_oleander.npy,5,222,159620.0
Nerium_oleander.npy,6,222,159620.0
Nerium_oleander.npy,7,222,159620.0
Nerium_oleander.npy,8,222,159620.0
Nerium_oleander.npy,9,222,159620.0
Olea_oleaster.npy,0,205,69008.0
Olea_oleaster.npy,1,205,69008.0
Olea_oleaster.npy,2,197,69088.0
Olea_oleaster.npy,3,197,69088.0
Olea_oleaster.npy,4,197,69088.0
Olea_oleaster.npy,5,197,69088.0
Olea_oleaster.npy,6,197,69088.0
Olea_oleaster.npy,7,194,69118.0
Olea_oleaster.npy,8,194,69118.0
Olea_oleaster.npy,9,194,69118.0
Olea_oleaster.npy,10,193,69128.0
Olea_oleaster.npy,11,193,69128.0
Olea_oleaster.npy,12,193,69128.0
Olea_oleaster.npy,13,193,69128.0
Olea_oleaster.npy,14,193,69128.0
Olea_oleaster.npy,15,193,69128.0
Olea_oleaster.npy,16,193,69128.0
Olea_oleaster.npy,17,193,69128.0
Olea_oleaster.npy,18,192,69138.0
Olea_oleaster.npy,19,192,69138.0
Olea_oleaster.npy,20,192,69138.0
Olea_oleaster.npy,21,192,69138.0
Olea_oleaster.npy,22,192,69138.0
Olea_oleaster.npy,23,192,69138.0
Olea_oleaster.npy,24,192,69138.0
Olea_oleaster.npy,25,192,69138.0
Olea_oleaster.npy,26,192,69138.0
Ostrya_carpinifolia.npy,0,851,530723.0
Ostrya_carpinifolia.npy,1,817,531063.0
Ostrya_carpinifolia.npy,2,817,531063.0
Ostrya_carpinifolia.npy,3,817,531063.0
Ostrya_carpinifolia.npy,4,817,531063.0
Ostrya_carpinifolia.npy,5,761,531623.0
Ostrya_carpinifolia.npy,6,761,531623.0
Ostrya_carpinifolia.npy,7,761,531623.0
Ostrya_carpinifolia.npy,8,761,531623.0
Ostrya_carpinifolia.npy,9,761,531623.0
Ostrya_carpinifolia.npy,10,761,531623.0
Ostrya_carpinifolia.npy,11,761,531623.0
Ostrya_carpinifolia.npy,12,761,531623.0
Ostrya_carpinifolia.npy,13,761,531623.0
Paliurus_spinachristi.npy,0,283,69541.0
Paliurus_spinachristi.npy,1,283,69541.0
Paliurus_spinachristi.npy,2,283,69541.0
Paliurus_spinachristi.npy,3,283,69541.0
Paliurus_spinachristi.npy,4,276,69611.0
Paliurus_spinachristi.npy,5,276,69611.0
Paliurus_spinachristi.npy,6,276,69611.0
Paliurus_spinachristi.npy,7,276,69611.0
Paliurus_spinachristi.npy,8,276,69611.0
Paliurus_spinachristi.npy,9,275,69621.0
Paliurus_spinachristi.npy,10,275,69621.0
Paliurus_spinachristi.npy,11,275,69621.0
Paliurus_spinachristi.npy,12,275,69621.0
Paliurus_spinachristi.npy,13,267,69701.0
Paliurus_spinachristi.npy,14,267,69701.0
Paliurus_spinachristi.npy,15,267,69701.0
Paliurus_spinachristi.npy,16,267,69701.0
Paliurus_spinachristi.npy,17,267,69701.0
Paliurus_spinachristi.npy,18,267,69701.0
Paliurus_spinachristi.npy,19,267,69701.0
Paliurus_spinachristi.npy,20,262,69751.0
Paliurus_spinachristi.npy,21,262,69751.0
Paliurus_spinachristi.npy,22,262,69751.0
Paliurus_spinachristi.npy,23,262,69751.0
Paliurus_spinachristi.npy,24,262,69751.0
Paliurus_spinachristi.npy,25,262,69751.0
Paliurus_spinachristi.npy,26,262,69751.0
Paliurus_spinachristi.npy,27,262,69751.0
Paliurus_spinachristi.npy,28,262,69751.0
Parthenocissus_inserta.npy,0,690,323915.0
Parthenocissus_inserta.npy,1,675,324065.0
Parthenocissus_inserta.npy,2,675,324065.0
Parthenocissus_inserta.npy,3,651,324305.0
Parthenocissus_inserta.npy,4,651,324305.0
Parthenocissus_inserta.npy,5,651,324305.0
Parthenocissus_inserta.npy,6,651,324305.0
Parthenocissus_inserta.npy,7,651,324305.0
Parthenocissus_inserta.npy,8,617,324645.0
Parthenocissus_inserta.npy,9,617,324645.0
Parthenocissus_inserta.npy,10,617,324645.0
Parthenocissus_inserta.npy,11,617,324645.0
Parthenocissus_inserta.npy,12,617,324645.0
Parthenocissus_inserta.npy,13,617,324645.0
Parthenocissus_inserta.npy,14,617,324645.0
Parthenocissus_inserta.npy,15,617,324645.0
Parthenocissus_inserta.npy,16,617,324645.0
Parthenocissus_tricuspidata.npy,0,1232,1004876.0
Parthenocissus_tricuspidata.npy,1,1172,1005476.0
Parthenocissus_tricuspidata.npy,2,1172,1005476.0
Parthenocissus_tricuspidata.npy,3,1172,1005476.0
Parthenocissus_tricuspidata.npy,4,1172,1005476.0
Parthenocissus_tricuspidata.npy,5,1163,1005566.0
Parthenocissus_tricuspidata.npy,6,1163,1005566.0
Parthenocissus_tricuspidata.npy,7,1131,1005886.0
Parthenocissus_tricuspidata.npy,8,1131,1005886.0
Parthenocissus_tricuspidata.npy,9,1112,1006076.0
Parthenocissus_tricuspidata.npy,10,1112,1006076.0
Parthenocissus_tricuspidata.npy,11,1112,1006076.0
Parthenocissus_tricuspidata.npy,12,1112,1006076.0
Parthenocissus_tricuspidata.npy,13,1112,1006076.0
Parthenocissus_tricuspidata.npy,14,1112,1006076.0
Parthenocissus_tricuspidata.npy,15,1112,1006076.0
Parthenocissus_tricuspidata.npy,16,1112,1006076.0
Parthenocissus_tricuspidata.npy,17,1112,1006076.0
Paulownia_tomentosa.npy,0,2163,2304704.0
Paulownia_tomentosa.npy,1,2163,2304704.0
Paulownia_tomentosa.npy,2,2096,2305374.0
Paulownia_tomentosa.npy,3,2096,2305374.0
Paulownia_tomentosa.npy,4,2064,2305694.0
Paulownia_tomentosa.npy,5,2064,2305694.0
Paulownia_tomentosa.npy,6,2064,2305694.0
Paulownia_tomentosa.npy,7,2064,2305694.0
Paulownia_tomentosa.npy,8,2057,2305764.0
Paulownia_tomentosa.npy,9,2057,2305764.0
Paulownia_tomentosa.npy,10,2057,2305764.0
Paulownia_tomentosa.npy,11,2057,2305764.0
Paulownia_tomentosa.npy,12,2057,2305764.0
Paulownia_tomentosa.npy,13,2056,2305774.0
Paulownia_tomentosa.npy,14,2054,2305794.0
Paulownia_tomentosa.npy,15,2054,2305794.0
Paulownia_tomentosa.npy,16,2054,2305794.0
Paulownia_tomentosa.npy,17,2054,2305794.0
Paulownia_tomentosa.npy,18,2006,2306274.0
Paulownia_tomentosa.npy,19,2002,2306314.0
Paulownia_tomentosa.npy,20,2002,2306314.0
Paulownia_tomentosa.npy,21,2002,2306314.0
Paulownia_tomentosa.npy,22,2002,2306314.0
Paulownia_tomentosa.npy,23,2002,2306314.0
Paulownia_tomentosa.npy,24,2002,2306314.0
Paulownia_tomentosa.npy,25,1988,2306454.0
Paulownia_tomentosa.npy,26,1988,2306454.0
Paulownia_tomentosa.npy,27,1988,2306454.0
Paulownia_tomentosa.npy,28,1985,2306484.0
Paulownia_tomentosa.npy,29,1985,2306484.0
Paulownia_tomentosa.npy,30,1985,2306484.0
Paulownia_tomentosa.npy,31,1985,2306484.0
Paulownia_tomentosa.npy,32,1985,2306484.0
Paulownia_tomentosa.npy,33,1985,2306484.0
Paulownia_tomentosa.npy,34,1985,2306484.0
Paulownia_tomentosa.npy,35,1983,2306504.0
Paulownia_tomentosa.npy,36,1983,2306504.0
Paulownia_tomentosa.npy,37,1983,2306504.0
Paulownia_tomentosa.npy,38,1983,2306504.0
Paulownia_tomentosa.npy,39,1983,2306504.0
Paulownia_tomentosa.npy,40,1983,2306504.0
Paulownia_tomentosa.npy,41,1983,2306504.0
Paulownia_tomentosa.npy,42,1983,2306504.0
Paulownia_tomentosa.npy,43,1980,2306534.0
Paulownia_tomentosa.npy,44,1980,2306534.0
Paulownia_tomentosa.npy,45,1980,2306534.0
Paulownia_tomentosa.npy,46,1980,2306534.0
Paulownia_tomentosa.npy,47,1977,2306564.0
Paulownia_tomentosa.npy,48,1977,2306564.0
Paulownia_tomentosa.npy,49,1977,2306564.0
Paulownia_tomentosa.npy,50,1977,2306564.0
Paulownia_tomentosa.npy,51,1977,2306564.0
Paulownia_tomentosa.npy,52,1977,2306564.0
Paulownia_tomentosa.npy,53,1977,2306564.0
Paulownia_tomentosa.npy,54,1977,2306564.0
Paulownia_tomentosa.npy,55,1977,2306564.0
Phellodendron_amurense.npy,0,642,596771.0
Phellodendron_amurense.npy,1,642,596771.0
Phellodendron_amurense.npy,2,633,596861.0
Phellodendron_amurense.npy,3,633,596861.0
Phellodendron_amurense.npy,4,633,596861.0
Phellodendron_amurense.npy,5,633,596861.0
Phellodendron_amurense.npy,6,633,596861.0
Phellodendron_amurense.npy,7,633,596861.0
Phellodendron_amurense.npy,8,633,596861.0
Phellodendron_amurense.npy,9,628,596911.0
Phellodendron_amurense.npy,10,625,596941.0
Phellodendron_amurense.npy,11,623,596961.0
Phellodendron_amurense.npy,12,623,596961.0
Phellodendron_amurense.npy,13,623,596961.0
Phellodendron_amurense.npy,14,623,596961.0
Phellodendron_amurense.npy,15,623,596961.0
Phellodendron_amurense.npy,16,623,596961.0
Phellodendron_amurense.npy,17,623,596961.0
Phellodendron_amurense.npy,18,623,596961.0
Phellodendron_amurense.npy,19,623,596961.0
Philadelphus_coronarius.npy,0,601,247546.0
Philadelphus_coronarius.npy,1,588,247676.0
Philadelphus_coronarius.npy,2,584,247716.0
Philadelphus_coronarius.npy,3,580,247756.0
Philadelphus_coronarius.npy,4,580,247756.0
Philadelphus_coronarius.npy,5,580,247756.0
Philadelphus_coronarius.npy,6,580,247756.0
Philadelphus_coronarius.npy,7,575,247806.0
Philadelphus_coronarius.npy,8,575,247806.0
Philadelphus_coronarius.npy,9,575,247806.0
Philadelphus_coronarius.npy,10,575,247806.0
Philadelphus_coronarius.npy,11,575,247806.0
Philadelphus_coronarius.npy,12,575,247806.0
Philadelphus_coronarius.npy,13,575,247806.0
Philadelphus_coronarius.npy,14,575,247806.0
Philadelphus_coronarius.npy,15,575,247806.0
Physocarpus_opulifolius.npy,0,934,327873.0
Physocarpus_opulifolius.npy,1,933,327883.0
Physocarpus_opulifolius.npy,2,904,328173.0
Physocarpus_opulifolius.npy,3,904,328173.0
Physocarpus_opulifolius.npy,4,904,328173.0
Physocarpus_opulifolius.npy,5,904,328173.0
Physocarpus_opulifolius.npy,6,786,329353.0
Physocarpus_opulifolius.npy,7,786,329353.0
Physocarpus_opulifolius.npy,8,786,329353.0
Physocarpus_opulifolius.npy,9,786,329353.0
Physocarpus_opulifolius.npy,10,786,329353.0
Physocarpus_opulifolius.npy,11,786,329353.0
Physocarpus_opulifolius.npy,12,786,329353.0
Physocarpus_opulifolius.npy,13,786,329353.0
Physocarpus_opulifolius.npy,14,786,329353.0
Pistacia_lentiscus.npy,0,92,17349.0
Pistacia_lentiscus.npy,1,92,17349.0
Pistacia_lentiscus.npy,2,92,17349.0
Pistacia_lentiscus.npy,3,90,17369.0
Pistacia_lentiscus.npy,4,90,17369.0
Pistacia_lentiscus.npy,5,90,17369.0
Pistacia_lentiscus.npy,6,90,17369.0
Pistacia_lentiscus.npy,7,90,17369.0
Pistacia_lentiscus.npy,8,90,17369.0
Pistacia_lentiscus.npy,9,90,17369.0
Pistacia_lentiscus.npy,10,90,17369.0
Pistacia_lentiscus.npy,11,90,17369.0
Pittosporum_tobira.npy,0,583,376636.0
Pittosporum_tobira.npy,1,582,376646.0
Pittosporum_tobira.npy,2,582,376646.0
Pittosporum_tobira.npy,3,580,376666.0
Pittosporum_tobira.npy,4,580,376666.0
Pittosporum_tobira.npy,5,580,376666.0
Pittosporum_tobira.npy,6,580,376666.0
Pittosporum_tobira.npy,7,580,376666.0
Pittosporum_tobira.npy,8,580,376666.0
Pittosporum_tobira.npy,9,580,376666.0
Pittosporum_tobira.npy,10,580,376666.0
Pittosporum_tobira.npy,11,580,376666.0
Platanus_hispanica.npy,0,4413,2170786.0
Platanus_hispanica.npy,1,4388,2171036.0
Platanus_hispanica.npy,2,4203,2172886.0
Platanus_hispanica.npy,3,4203,2172886.0
Platanus_hispanica.npy,4,4203,2172886.0
Platanus_hispanica.npy,5,4203,2172886.0
Platanus_hispanica.npy,6,4203,2172886.0
Platanus_hispanica.npy,7,4203,2172886.0
Platanus_hispanica.npy,8,4203,2172886.0
Platanus_hispanica.npy,9,3935,2175566.0
Platanus_hispanica.npy,10,3935,2175566.0
Platanus_hispanica.npy,11,3935,2175566.0
Platanus_hispanica.npy,12,3887,2176046.0
Platanus_hispanica.npy,13,3887,2176046.0
Platanus_hispanica.npy,14,3887,2176046.0
Platanus_hispanica.npy,15,3887,2176046.0
Platanus_hispanica.npy,16,3887,2176046.0
Platanus_hispanica.npy,17,3845,2176466.0
Platanus_hispanica.npy,18,3845,2176466.0
Platanus_hispanica.npy,19,3845,2176466.0
Platanus_hispanica.npy,20,3845,2176466.0
Platanus_hispanica.npy,21,3845,2176466.0
Platanus_hispanica.npy,22,3845,2176466.0
Platanus_hispanica.npy,23,3845,2176466.0
Platanus_hispanica.npy,24,3845,2176466.0
Platanus_hispanica.npy,25,3845,2176466.0
Populus_alba.npy,0,1262,554618.0
Populus_alba.npy,1,1165,555588.0
Populus_alba.npy,2,1165,555588.0
Populus_alba.npy,3,1165,555588.0
Populus_alba.npy,4,1165,555588.0
Populus_alba.npy,5,1165,555588.0
Populus_alba.npy,6,1165,555588.0
Populus_alba.npy,7,1165,555588.0
Populus_alba.npy,8,1165,555588.0
Populus_alba.npy,9,1165,555588.0
Populus_canadensis.npy,0,1213,724748.0
Populus_canadensis.npy,1,1213,724748.0
Populus_canadensis.npy,2,1213,724748.0
Populus_canadensis.npy,3,1213,724748.0
Populus_canadensis.npy,4,1213,724748.0
Populus_canadensis.npy,5,1213,724748.0
Populus_canadensis.npy,6,1201,724868.0
Populus_canadensis.npy,7,1201,724868.0
Populus_canadensis.npy,8,1201,724868.0
Populus_canadensis.npy,9,1201,724868.0
Populus_canadensis.npy,10,1138,725498.0
Populus_canadensis.npy,11,1138,725498.0
Populus_canadensis.npy,12,1138,725498.0
Populus_canadensis.npy,13,1138,725498.0
Populus_canadensis.npy,14,1138,725498.0
Populus_canadensis.npy,15,1138,725498.0
Populus_canadensis.npy,16,1138,725498.0
Populus_canadensis.npy,17,1138,725498.0
Populus_canadensis.npy,18,1081,726068.0
Populus_canadensis.npy,19,1081,726068.0
Populus_canadensis.npy,20,1081,726068.0
Populus_canadensis.npy,21,1081,726068.0
Populus_canadensis.npy,22,1081,726068.0
Populus_canadensis.npy,23,1081,726068.0
Populus_canadensis.npy,24,1081,726068.0
Populus_canadensis.npy,25,1071,726168.0
Populus_canadensis.npy,26,1071,726168.0
Populus_canadensis.npy,27,1060,726278.0
Populus_canadensis.npy,28,1060,726278.0
Populus_canadensis.npy,29,1060,726278.0
Populus_canadensis.npy,30,1060,726278.0
Populus_canadensis.npy,31,1054,726338.0
Populus_canadensis.npy,32,1054,726338.0
Populus_canadensis.npy,33,1054,726338.0
Populus_canadensis.npy,34,1054,726338.0
Populus_canadensis.npy,35,1054,726338.0
Populus_canadensis.npy,36,1054,726338.0
Populus_canadensis.npy,37,1054,726338.0
Populus_canadensis.npy,38,1054,726338.0
Populus_canadensis.npy,39,1043,726448.0
Populus_canadensis.npy,40,1043,726448.0
Populus_canadensis.npy,41,1043,726448.0
Populus_canadensis.npy,42,1043,726448.0
Populus_canadensis.npy,43,1030,726578.0
Populus_canadensis.npy,44,1002,726858.0
Populus_canadensis.npy,45,1002,726858.0
Populus_canadensis.npy,46,1002,726858.0
Populus_canadensis.npy,47,1002,726858.0
Populus_canadensis.npy,48,1002,726858.0
Populus_canadensis.npy,49,1002,726858.0
Populus_canadensis.npy,50,1002,726858.0
Populus_canadensis.npy,51,1002,726858.0
Populus_canadensis.npy,52,1002,726858.0
Populus_canescens.npy,0,1957,785004.0
Populus_canescens.npy,1,1796,786614.0
Populus_canescens.npy,2,1796,786614.0
Populus_canescens.npy,3,1796,786614.0
Populus_canescens.npy,4,1796,786614.0
Populus_canescens.npy,5,1796,786614.0
Populus_canescens.npy,6,1796,786614.0
Populus_canescens.npy,7,1796,786614.0
Populus_canescens.npy,8,1796,786614.0
Populus_canescens.npy,9,1546,789114.0
Populus_canescens.npy,10,1546,789114.0
Populus_canescens.npy,11,1546,789114.0
Populus_canescens.npy,12,1546,789114.0
Populus_canescens.npy,13,1546,789114.0
Populus_canescens.npy,14,1546,789114.0
Populus_canescens.npy,15,1415,790424.0
Populus_canescens.npy,16,1415,790424.0
Populus_canescens.npy,17,1415,790424.0
Populus_canescens.npy,18,1415,790424.0
Populus_canescens.npy,19,1415,790424.0
Populus_canescens.npy,20,1415,790424.0
Populus_canescens.npy,21,1415,790424.0
Populus_canescens.npy,22,1415,790424.0
Populus_canescens.npy,23,1415,790424.0
Populus_nigra.npy,0,1229,488990.0
Populus_nigra.npy,1,1229,488990.0
Populus_nigra.npy,2,1229,488990.0
Populus_nigra.npy,3,1229,488990.0
Populus_nigra.npy,4,1229,488990.0
Populus_nigra.npy,5,1229,488990.0
Populus_nigra.npy,6,1229,488990.0
Populus_nigra.npy,7,1229,488990.0
Populus_nigra.npy,8,1229,488990.0
Populus_tremula.npy,0,1187,546656.0
Populus_tremula.npy,1,1187,546656.0
Populus_tremula.npy,2,1067,547856.0
Populus_tremula.npy,3,1067,547856.0
Populus_tremula.npy,4,1067,547856.0
Populus_tremula.npy,5,1067,547856.0
Populus_tremula.npy,6,1067,547856.0
Populus_tremula.npy,7,1067,547856.0
Populus_tremula.npy,8,1012,548406.0
Populus_tremula.npy,9,1012,548406.0
Populus_tremula.npy,10,1012,548406.0
Populus_tremula.npy,11,1012,548406.0
Populus_tremula.npy,12,1012,548406.0
Populus_tremula.npy,13,1012,548406.0
Populus_tremula.npy,14,1012,548406.0
Populus_tremula.npy,15,1012,548406.0
Populus_tremula.npy,16,1012,548406.0
Prunus_armeniaca.npy,0,695,341774.0
Prunus_armeniaca.npy,1,695,341774.0
Prunus_armeniaca.npy,2,695,341774.0
Prunus_armeniaca.npy,3,693,341794.0
Prunus_armeniaca.npy,4,693,341794.0
Prunus_armeniaca.npy,5,693,341794.0
Prunus_armeniaca.npy,6,693,341794.0
Prunus_armeniaca.npy,7,623,342494.0
Prunus_armeniaca.npy,8,623,342494.0
Prunus_armeniaca.npy,9,623,342494.0
Prunus_armeniaca.npy,10,623,342494.0
Prunus_armeniaca.npy,11,623,342494.0
Prunus_armeniaca.npy,12,623,342494.0
Prunus_armeniaca.npy,13,595,342774.0
Prunus_armeniaca.npy,14,595,342774.0
Prunus_armeniaca.npy,15,595,342774.0
Prunus_armeniaca.npy,16,595,342774.0
Prunus_armeniaca.npy,17,595,342774.0
Prunus_armeniaca.npy,18,588,342844.0
Prunus_armeniaca.npy,19,588,342844.0
Prunus_armeniaca.npy,20,582,342904.0
Prunus_armeniaca.npy,21,582,342904.0
Prunus_armeniaca.npy,22,582,342904.0
Prunus_armeniaca.npy,23,582,342904.0
Prunus_armeniaca.npy,24,582,342904.0
Prunus_armeniaca.npy,25,582,342904.0
Prunus_armeniaca.npy,26,582,342904.0
Prunus_armeniaca.npy,27,581,342914.0
Prunus_armeniaca.npy,28,578,342944.0
Prunus_armeniaca.npy,29,578,342944.0
Prunus_armeniaca.npy,30,573,342994.0
Prunus_armeniaca.npy,31,573,342994.0
Prunus_armeniaca.npy,32,573,342994.0
Prunus_armeniaca.npy,33,573,342994.0
Prunus_armeniaca.npy,34,571,343014.0
Prunus_armeniaca.npy,35,571,343014.0
Prunus_armeniaca.npy,36,571,343014.0
Prunus_armeniaca.npy,37,571,343014.0
Prunus_armeniaca.npy,38,571,343014.0
Prunus_armeniaca.npy,39,571,343014.0
Prunus_armeniaca.npy,40,571,343014.0
Prunus_armeniaca.npy,41,571,343014.0
Prunus_armeniaca.npy,42,571,343014.0
Prunus_avium.npy,0,1384,4801096.0
Prunus_avium.npy,1,909,4805846.0
Prunus_avium.npy,2,909,4805846.0
Prunus_avium.npy,3,909,4805846.0
Prunus_avium.npy,4,909,4805846.0
Prunus_avium.npy,5,909,4805846.0
Prunus_avium.npy,6,909,4805846.0
Prunus_avium.npy,7,909,4805846.0
Prunus_avium.npy,8,909,4805846.0
Prunus_avium.npy,9,909,4805846.0
Prunus_cerasifera.npy,0,299,81374.0
Prunus_cerasifera.npy,1,292,81444.0
Prunus_cerasifera.npy,2,292,81444.0
Prunus_cerasifera.npy,3,292,81444.0
Prunus_cerasifera.npy,4,292,81444.0
Prunus_cerasifera.npy,5,292,81444.0
Prunus_cerasifera.npy,6,292,81444.0
Prunus_cerasifera.npy,7,292,81444.0
Prunus_cerasifera.npy,8,292,81444.0
Prunus_cerasifera.npy,9,292,81444.0
Prunus_laurocerasus.npy,0,541,490959.0
Prunus_laurocerasus.npy,1,541,490959.0
Prunus_laurocerasus.npy,2,541,490959.0
Prunus_laurocerasus.npy,3,541,490959.0
Prunus_laurocerasus.npy,4,541,490959.0
Prunus_laurocerasus.npy,5,541,490959.0
Prunus_laurocerasus.npy,6,541,490959.0
Prunus_laurocerasus.npy,7,541,490959.0
Prunus_laurocerasus.npy,8,541,490959.0
Prunus_mahaleb.npy,0,556,241952.0
Prunus_mahaleb.npy,1,553,241982.0
Prunus_mahaleb.npy,2,553,241982.0
Prunus_mahaleb.npy,3,553,241982.0
Prunus_mahaleb.npy,4,553,241982.0
Prunus_mahaleb.npy,5,553,241982.0
Prunus_mahaleb.npy,6,553,241982.0
Prunus_mahaleb.npy,7,531,242202.0
Prunus_mahaleb.npy,8,531,242202.0
Prunus_mahaleb.npy,9,531,242202.0
Prunus_mahaleb.npy,10,531,242202.0
Prunus_mahaleb.npy,11,531,242202.0
Prunus_mahaleb.npy,12,528,242232.0
Prunus_mahaleb.npy,13,528,242232.0
Prunus_mahaleb.npy,14,528,242232.0
Prunus_mahaleb.npy,15,528,242232.0
Prunus_mahaleb.npy,16,514,242372.0
Prunus_mahaleb.npy,17,514,242372.0
Prunus_mahaleb.npy,18,514,242372.0
Prunus_mahaleb.npy,19,512,242392.0
Prunus_mahaleb.npy,20,512,242392.0
Prunus_mahaleb.npy,21,512,242392.0
Prunus_mahaleb.npy,22,512,242392.0
Prunus_mahaleb.npy,23,512,242392.0
Prunus_mahaleb.npy,24,512,242392.0
Prunus_mahaleb.npy,25,497,242542.0
Prunus_mahaleb.npy,26,497,242542.0
Prunus_mahaleb.npy,27,497,242542.0
Prunus_mahaleb.npy,28,492,242592.0
Prunus_mahaleb.npy,29,492,242592.0
Prunus_mahaleb.npy,30,492,242592.0
Prunus_mahaleb.npy,31,492,242592.0
Prunus_mahaleb.npy,32,492,242592.0
Prunus_mahaleb.npy,33,492,242592.0
Prunus_mahaleb.npy,34,492,242592.0
Prunus_mahaleb.npy,35,492,242592.0
Prunus_mahaleb.npy,36,492,242592.0
Prunus_padus.npy,0,608,345761.0
Prunus_padus.npy,1,608,345761.0
Prunus_padus.npy,2,608,345761.0
Prunus_padus.npy,3,583,346011.0
Prunus_padus.npy,4,583,346011.0
Prunus_padus.npy,5,578,346061.0
Prunus_padus.npy,6,578,346061.0
Prunus_padus.npy,7,578,346061.0
Prunus_padus.npy,8,578,346061.0
Prunus_padus.npy,9,577,346071.0
Prunus_padus.npy,10,577,346071.0
Prunus_padus.npy,11,577,346071.0
Prunus_padus.npy,12,577,346071.0
Prunus_padus.npy,13,577,346071.0
Prunus_padus.npy,14,577,346071.0
Prunus_padus.npy,15,577,346071.0
Prunus_padus.npy,16,577,346071.0
Prunus_padus.npy,17,570,346141.0
Prunus_padus.npy,18,570,346141.0
Prunus_padus.npy,19,570,346141.0
Prunus_padus.npy,20,570,346141.0
Prunus_padus.npy,21,570,346141.0
Prunus_padus.npy,22,570,346141.0
Prunus_padus.npy,23,570,346141.0
Prunus_padus.npy,24,570,346141.0
Prunus_padus.npy,25,570,346141.0
Prunus_persica.npy,0,724,643460.0
Prunus_persica.npy,1,716,643540.0
Prunus_persica.npy,2,704,643660.0
Prunus_persica.npy,3,704,643660.0
Prunus_persica.npy,4,704,643660.0
Prunus_persica.npy,5,704,643660.0
Prunus_persica.npy,6,704,643660.0
Prunus_persica.npy,7,699,643710.0
Prunus_persica.npy,8,699,643710.0
Prunus_persica.npy,9,690,643800.0
Prunus_persica.npy,10,690,643800.0
Prunus_persica.npy,11,690,643800.0
Prunus_persica.npy,12,690,643800.0
Prunus_persica.npy,13,690,643800.0
Prunus_persica.npy,14,690,643800.0
Prunus_persica.npy,15,690,643800.0
Prunus_persica.npy,16,690,643800.0
Prunus_persica.npy,17,690,643800.0
Prunus_spinosa.npy,0,430,160304.0
Prunus_spinosa.npy,1,425,160354.0
Prunus_spinosa.npy,2,425,160354.0
Prunus_spinosa.npy,3,425,160354.0
Prunus_spinosa.npy,4,425,160354.0
Prunus_spinosa.npy,5,413,160474.0
Prunus_spinosa.npy,6,413,160474.0
Prunus_spinosa.npy,7,413,160474.0
Prunus_spinosa.npy,8,413,160474.0
Prunus_spinosa.npy,9,413,160474.0
Prunus_spinosa.npy,10,408,160524.0
Prunus_spinosa.npy,11,408,160524.0
Prunus_spinosa.npy,12,408,160524.0
Prunus_spinosa.npy,13,408,160524.0
Prunus_spinosa.npy,14,408,160524.0
Prunus_spinosa.npy,15,408,160524.0
Prunus_spinosa.npy,16,408,160524.0
Prunus_spinosa.npy,17,404,160564.0
Prunus_spinosa.npy,18,404,160564.0
Prunus_spinosa.npy,19,404,160564.0
Prunus_spinosa.npy,20,404,160564.0
Prunus_spinosa.npy,21,404,160564.0
Prunus_spinosa.npy,22,404,160564.0
Prunus_spinosa.npy,23,404,160564.0
Prunus_spinosa.npy,24,404,160564.0
Prunus_spinosa.npy,25,404,160564.0
Pterocarya_pterocarpa.npy,0,758,711482.0
Pterocarya_pterocarpa.npy,1,758,711482.0
Pterocarya_pterocarpa.npy,2,758,711482.0
Pterocarya_pterocarpa.npy,3,758,711482.0
Pterocarya_pterocarpa.npy,4,747,711592.0
Pterocarya_pterocarpa.npy,5,720,711862.0
Pterocarya_pterocarpa.npy,6,720,711862.0
Pterocarya_pterocarpa.npy,7,720,711862.0
Pterocarya_pterocarpa.npy,8,714,711922.0
Pterocarya_pterocarpa.npy,9,714,711922.0
Pterocarya_pterocarpa.npy,10,714,711922.0
Pterocarya_pterocarpa.npy,11,714,711922.0
Pterocarya_pterocarpa.npy,12,714,711922.0
Pterocarya_pterocarpa.npy,13,714,711922.0
Pterocarya_pterocarpa.npy,14,713,711932.0
Pterocarya_pterocarpa.npy,15,705,712012.0
Pterocarya_pterocarpa.npy,16,705,712012.0
Pterocarya_pterocarpa.npy,17,705,712012.0
Pterocarya_pterocarpa.npy,18,705,712012.0
Pterocarya_pterocarpa.npy,19,705,712012.0
Pterocarya_pterocarpa.npy,20,705,712012.0
Pterocarya_pterocarpa.npy,21,705,712012.0
Pterocarya_pterocarpa.npy,22,705,712012.0
Pterocarya_pterocarpa.npy,23,705,712012.0
Punica_granatum.npy,0,243,67820.0
Punica_granatum.npy,1,243,67820.0
Punica_granatum.npy,2,243,67820.0
Punica_granatum.npy,3,243,67820.0
Punica_granatum.npy,4,243,67820.0
Punica_granatum.npy,5,243,67820.0
Punica_granatum.npy,6,241,67840.0
Punica_granatum.npy,7,241,67840.0
Punica_granatum.npy,8,241,67840.0
Punica_granatum.npy,9,241,67840.0
Punica_granatum.npy,10,241,67840.0
Punica_granatum.npy,11,239,67860.0
Punica_granatum.npy,12,239,67860.0
Punica_granatum.npy,13,239,67860.0
Punica_granatum.npy,14,239,67860.0
Punica_granatum.npy,15,237,67880.0
Punica_granatum.npy,16,237,67880.0
Punica_granatum.npy,17,237,67880.0
Punica_granatum.npy,18,236,67890.0
Punica_granatum.npy,19,236,67890.0
Punica_granatum.npy,20,236,67890.0
Punica_granatum.npy,21,236,67890.0
Punica_granatum.npy,22,236,67890.0
Punica_granatum.npy,23,236,67890.0
Punica_granatum.npy,24,236,67890.0
Punica_granatum.npy,25,236,67890.0
Punica_granatum.npy,26,236,67890.0
Pyracantha_coccinea.npy,0,254,102747.0
Pyracantha_coccinea.npy,1,254,102747.0
Pyracantha_coccinea.npy,2,254,102747.0
Pyracantha_coccinea.npy,3,254,102747.0
Pyracantha_coccinea.npy,4,254,102747.0
Pyracantha_coccinea.npy,5,253,102757.0
Pyracantha_coccinea.npy,6,253,102757.0
Pyracantha_coccinea.npy,7,253,102757.0
Pyracantha_coccinea.npy,8,253,102757.0
Pyracantha_coccinea.npy,9,253,102757.0
Pyracantha_coccinea.npy,10,253,102757.0
Pyracantha_coccinea.npy,11,253,102757.0
Pyracantha_coccinea.npy,12,253,102757.0
Pyracantha_coccinea.npy,13,253,102757.0
Pyrus_amygdaliformis.npy,0,157,27518.0
Pyrus_amygdaliformis.npy,1,157,27518.0
Pyrus_amygdaliformis.npy,2,157,27518.0
Pyrus_amygdaliformis.npy,3,153,27558.0
Pyrus_amygdaliformis.npy,4,153,27558.0
Pyrus_amygdaliformis.npy,5,153,27558.0
Pyrus_amygdaliformis.npy,6,153,27558.0
Pyrus_amygdaliformis.npy,7,153,27558.0
Pyrus_amygdaliformis.npy,8,153,27558.0
Pyrus_amygdaliformis.npy,9,153,27558.0
Pyrus_amygdaliformis.npy,10,153,27558.0
Pyrus_amygdaliformis.npy,11,152,27568.0
Pyrus_amygdaliformis.npy,12,152,27568.0
Pyrus_amygdaliformis.npy,13,152,27568.0
Pyrus_amygdaliformis.npy,14,152,27568.0
Pyrus_amygdaliformis.npy,15,149,27598.0
Pyrus_amygdaliformis.npy,16,149,27598.0
Pyrus_amygdaliformis.npy,17,149,27598.0
Pyrus_amygdaliformis.npy,18,149,27598.0
Pyrus_amygdaliformis.npy,19,149,27598.0
Pyrus_amygdaliformis.npy,20,148,27608.0
Pyrus_amygdaliformis.npy,21,148,27608.0
Pyrus_amygdaliformis.npy,22,148,27608.0
Pyrus_amygdaliformis.npy,23,148,27608.0
Pyrus_amygdaliformis.npy,24,148,27608.0
Pyrus_amygdaliformis.npy,25,148,27608.0
Pyrus_amygdaliformis.npy,26,148,27608.0
Pyrus_amygdaliformis.npy,27,148,27608.0
Pyrus_amygdaliformis.npy,28,148,27608.0
Quercus_cerris.npy,0,1279,712359.0
Quercus_cerris.npy,1,1279,712359.0
Quercus_cerris.npy,2,1279,712359.0
Quercus_cerris.npy,3,1221,712939.0
Quercus_cerris.npy,4,1221,712939.0
Quercus_cerris.npy,5,1221,712939.0
Quercus_cerris.npy,6,1219,712959.0
Quercus_cerris.npy,7,1219,712959.0
Quercus_cerris.npy,8,1219,712959.0
Quercus_cerris.npy,9,1219,712959.0
Quercus_cerris.npy,10,1219,712959.0
Quercus_cerris.npy,11,1219,712959.0
Quercus_cerris.npy,12,1219,712959.0
Quercus_cerris.npy,13,1219,712959.0
Quercus_cerris.npy,14,1219,712959.0
Quercus_frainetto.npy,0,2376,737211.0
Quercus_frainetto.npy,1,2376,737211.0
Quercus_frainetto.npy,2,2376,737211.0
Quercus_frainetto.npy,3,2164,739331.0
Quercus_frainetto.npy,4,2164,739331.0
Quercus_frainetto.npy,5,2164,739331.0
Quercus_frainetto.npy,6,2164,739331.0
Quercus_frainetto.npy,7,2164,739331.0
Quercus_frainetto.npy,8,2164,739331.0
Quercus_frainetto.npy,9,2100,739971.0
Quercus_frainetto.npy,10,2100,739971.0
Quercus_frainetto.npy,11,2100,739971.0
Quercus_frainetto.npy,12,2100,739971.0
Quercus_frainetto.npy,13,2100,739971.0
Quercus_frainetto.npy,14,2100,739971.0
Quercus_frainetto.npy,15,2100,739971.0
Quercus_frainetto.npy,16,2056,740411.0
Quercus_frainetto.npy,17,2056,740411.0
Quercus_frainetto.npy,18,2056,740411.0
Quercus_frainetto.npy,19,2052,740451.0
Quercus_frainetto.npy,20,2052,740451.0
Quercus_frainetto.npy,21,2052,740451.0
Quercus_frainetto.npy,22,2052,740451.0
Quercus_frainetto.npy,23,2052,740451.0
Quercus_frainetto.npy,24,2052,740451.0
Quercus_frainetto.npy,25,2052,740451.0
Quercus_frainetto.npy,26,2052,740451.0
Quercus_frainetto.npy,27,2052,740451.0
Quercus_macrocarpa.npy,0,1748,1070879.0
Quercus_macrocarpa.npy,1,1736,1070999.0
Quercus_macrocarpa.npy,2,1736,1070999.0
Quercus_macrocarpa.npy,3,1736,1070999.0
Quercus_macrocarpa.npy,4,1736,1070999.0
Quercus_macrocarpa.npy,5,1736,1070999.0
Quercus_macrocarpa.npy,6,1736,1070999.0
Quercus_macrocarpa.npy,7,1736,1070999.0
Quercus_macrocarpa.npy,8,1727,1071089.0
Quercus_macrocarpa.npy,9,1718,1071179.0
Quercus_macrocarpa.npy,10,1718,1071179.0
Quercus_macrocarpa.npy,11,1718,1071179.0
Quercus_macrocarpa.npy,12,1718,1071179.0
Quercus_macrocarpa.npy,13,1718,1071179.0
Quercus_macrocarpa.npy,14,1702,1071339.0
Quercus_macrocarpa.npy,15,1702,1071339.0
Quercus_macrocarpa.npy,16,1702,1071339.0
Quercus_macrocarpa.npy,17,1694,1071419.0
Quercus_macrocarpa.npy,18,1694,1071419.0
Quercus_macrocarpa.npy,19,1624,1072119.0
Quercus_macrocarpa.npy,20,1624,1072119.0
Quercus_macrocarpa.npy,21,1624,1072119.0
Quercus_macrocarpa.npy,22,1624,1072119.0
Quercus_macrocarpa.npy,23,1624,1072119.0
Quercus_macrocarpa.npy,24,1607,1072289.0
Quercus_macrocarpa.npy,25,1607,1072289.0
Quercus_macrocarpa.npy,26,1590,1072459.0
Quercus_macrocarpa.npy,27,1590,1072459.0
Quercus_macrocarpa.npy,28,1590,1072459.0
Quercus_macrocarpa.npy,29,1590,1072459.0
Quercus_macrocarpa.npy,30,1590,1072459.0
Quercus_macrocarpa.npy,31,1590,1072459.0
Quercus_macrocarpa.npy,32,1590,1072459.0
Quercus_macrocarpa.npy,33,1590,1072459.0
Quercus_macrocarpa.npy,34,1590,1072459.0
Quercus_palustris.npy,0,2303,305212.0
Quercus_palustris.npy,1,2261,305632.0
Quercus_palustris.npy,2,2095,307292.0
Quercus_palustris.npy,3,2095,307292.0
Quercus_palustris.npy,4,2095,307292.0
Quercus_palustris.npy,5,2095,307292.0
Quercus_palustris.npy,6,2095,307292.0
Quercus_palustris.npy,7,2095,307292.0
Quercus_palustris.npy,8,2067,307572.0
Quercus_palustris.npy,9,2067,307572.0
Quercus_palustris.npy,10,2067,307572.0
Quercus_palustris.npy,11,2067,307572.0
Quercus_palustris.npy,12,2067,307572.0
Quercus_palustris.npy,13,2067,307572.0
Quercus_palustris.npy,14,2067,307572.0
Quercus_palustris.npy,15,2067,307572.0
Quercus_palustris.npy,16,2007,308172.0
Quercus_palustris.npy,17,2007,308172.0
Quercus_palustris.npy,18,2007,308172.0
Quercus_palustris.npy,19,2007,308172.0
Quercus_palustris.npy,20,2007,308172.0
Quercus_palustris.npy,21,2007,308172.0
Quercus_palustris.npy,22,1924,309002.0
Quercus_palustris.npy,23,1924,309002.0
Quercus_palustris.npy,24,1924,309002.0
Quercus_palustris.npy,25,1924,309002.0
Quercus_palustris.npy,26,1907,309172.0
Quercus_palustris.npy,27,1907,309172.0
Quercus_palustris.npy,28,1890,309342.0
Quercus_palustris.npy,29,1856,309682.0
Quercus_palustris.npy,30,1856,309682.0
Quercus_palustris.npy,31,1841,309832.0
Quercus_palustris.npy,32,1841,309832.0
Quercus_palustris.npy,33,1839,309852.0
Quercus_palustris.npy,34,1839,309852.0
Quercus_palustris.npy,35,1839,309852.0
Quercus_palustris.npy,36,1838,309862.0
Quercus_palustris.npy,37,1838,309862.0
Quercus_palustris.npy,38,1838,309862.0
Quercus_palustris.npy,39,1838,309862.0
Quercus_palustris.npy,40,1838,309862.0
Quercus_palustris.npy,41,1838,309862.0
Quercus_palustris.npy,42,1837,309872.0
Quercus_palustris.npy,43,1835,309892.0
Quercus_palustris.npy,44,1835,309892.0
Quercus_palustris.npy,45,1835,309892.0
Quercus_palustris.npy,46,1835,309892.0
Quercus_palustris.npy,47,1835,309892.0
Quercus_palustris.npy,48,1835,309892.0
Quercus_palustris.npy,49,1835,309892.0
Quercus_palustris.npy,50,1835,309892.0
Quercus_palustris.npy,51,1835,309892.0
Quercus_petraea.npy,0,1531,882881.0
Quercus_petraea.npy,1,1531,882881.0
Quercus_petraea.npy,2,1531,882881.0
Quercus_petraea.npy,3,1531,882881.0
Quercus_petraea.npy,4,1531,882881.0
Quercus_petraea.npy,5,1531,882881.0
Quercus_petraea.npy,6,1500,883191.0
Quercus_petraea.npy,7,1485,883341.0
Quercus_petraea.npy,8,1485,883341.0
Quercus_petraea.npy,9,1485,883341.0
Quercus_petraea.npy,10,1485,883341.0
Quercus_petraea.npy,11,1429,883901.0
Quercus_petraea.npy,12,1429,883901.0
Quercus_petraea.npy,13,1401,884181.0
Quercus_petraea.npy,14,1328,884911.0
Quercus_petraea.npy,15,1328,884911.0
Quercus_petraea.npy,16,1328,884911.0
Quercus_petraea.npy,17,1328,884911.0
Quercus_petraea.npy,18,1328,884911.0
Quercus_petraea.npy,19,1328,884911.0
Quercus_petraea.npy,20,1328,884911.0
Quercus_petraea.npy,21,1328,884911.0
Quercus_petraea.npy,22,1328,884911.0
Quercus_pubescens.npy,0,1813,604536.0
Quercus_pubescens.npy,1,1813,604536.0
Quercus_pubescens.npy,2,1541,607256.0
Quercus_pubescens.npy,3,1541,607256.0
Quercus_pubescens.npy,4,1541,607256.0
Quercus_pubescens.npy,5,1541,607256.0
Quercus_pubescens.npy,6,1541,607256.0
Quercus_pubescens.npy,7,1541,607256.0
Quercus_pubescens.npy,8,1484,607826.0
Quercus_pubescens.npy,9,1484,607826.0
Quercus_pubescens.npy,10,1484,607826.0
Quercus_pubescens.npy,11,1484,607826.0
Quercus_pubescens.npy,12,1484,607826.0
Quercus_pubescens.npy,13,1484,607826.0
Quercus_pubescens.npy,14,1484,607826.0
Quercus_pubescens.npy,15,1484,607826.0
Quercus_pubescens.npy,16,1484,607826.0
Quercus_robur.npy,0,1688,812571.0
Quercus_robur.npy,1,1688,812571.0
Quercus_robur.npy,2,1688,812571.0
Quercus_robur.npy,3,1688,812571.0
Quercus_robur.npy,4,1688,812571.0
Quercus_robur.npy,5,1564,813811.0
Quercus_robur.npy,6,1479,814661.0
Quercus_robur.npy,7,1479,814661.0
Quercus_robur.npy,8,1479,814661.0
Quercus_robur.npy,9,1479,814661.0
Quercus_robur.npy,10,1479,814661.0
Quercus_robur.npy,11,1479,814661.0
Quercus_robur.npy,12,1479,814661.0
Quercus_robur.npy,13,1479,814661.0
Quercus_robur.npy,14,1479,814661.0
Quercus_rubra.npy,0,2935,1134419.0
Quercus_rubra.npy,1,2502,1138749.0
Quercus_rubra.npy,2,2502,1138749.0
Quercus_rubra.npy,3,2502,1138749.0
Quercus_rubra.npy,4,2502,1138749.0
Quercus_rubra.npy,5,2502,1138749.0
Quercus_rubra.npy,6,2502,1138749.0
Quercus_rubra.npy,7,2502,1138749.0
Quercus_rubra.npy,8,2502,1138749.0
Quercus_rubra.npy,9,2502,1138749.0
Rhamnus_cathartica.npy,0,510,191199.0
Rhamnus_cathartica.npy,1,510,191199.0
Rhamnus_cathartica.npy,2,510,191199.0
Rhamnus_cathartica.npy,3,510,191199.0
Rhamnus_cathartica.npy,4,450,191799.0
Rhamnus_cathartica.npy,5,450,191799.0
Rhamnus_cathartica.npy,6,450,191799.0
Rhamnus_cathartica.npy,7,437,191929.0
Rhamnus_cathartica.npy,8,420,192099.0
Rhamnus_cathartica.npy,9,420,192099.0
Rhamnus_cathartica.npy,10,420,192099.0
Rhamnus_cathartica.npy,11,420,192099.0
Rhamnus_cathartica.npy,12,420,192099.0
Rhamnus_cathartica.npy,13,420,192099.0
Rhamnus_cathartica.npy,14,420,192099.0
Rhamnus_cathartica.npy,15,420,192099.0
Rhamnus_cathartica.npy,16,420,192099.0
Rhus_hirta.npy,0,333,212215.0
Rhus_hirta.npy,1,333,212215.0
Rhus_hirta.npy,2,333,212215.0
Rhus_hirta.npy,3,333,212215.0
Rhus_hirta.npy,4,333,212215.0
Rhus_hirta.npy,5,333,212215.0
Rhus_hirta.npy,6,333,212215.0
Rhus_hirta.npy,7,328,212265.0
Rhus_hirta.npy,8,328,212265.0
Rhus_hirta.npy,9,328,212265.0
Rhus_hirta.npy,10,328,212265.0
Rhus_hirta.npy,11,328,212265.0
Rhus_hirta.npy,12,328,212265.0
Rhus_hirta.npy,13,323,212315.0
Rhus_hirta.npy,14,323,212315.0
Rhus_hirta.npy,15,323,212315.0
Rhus_hirta.npy,16,323,212315.0
Rhus_hirta.npy,17,321,212335.0
Rhus_hirta.npy,18,321,212335.0
Rhus_hirta.npy,19,321,212335.0
Rhus_hirta.npy,20,321,212335.0
Rhus_hirta.npy,21,321,212335.0
Rhus_hirta.npy,22,321,212335.0
Rhus_hirta.npy,23,318,212365.0
Rhus_hirta.npy,24,318,212365.0
Rhus_hirta.npy,25,318,212365.0
Rhus_hirta.npy,26,318,212365.0
Rhus_hirta.npy,27,318,212365.0
Rhus_hirta.npy,28,318,212365.0
Rhus_hirta.npy,29,318,212365.0
Rhus_hirta.npy,30,318,212365.0
Rhus_hirta.npy,31,318,212365.0
Ribes_alpinum.npy,0,648,149347.0
Ribes_alpinum.npy,1,648,149347.0
Ribes_alpinum.npy,2,576,150067.0
Ribes_alpinum.npy,3,576,150067.0
Ribes_alpinum.npy,4,576,150067.0
Ribes_alpinum.npy,5,576,150067.0
Ribes_alpinum.npy,6,576,150067.0
Ribes_alpinum.npy,7,576,150067.0
Ribes_alpinum.npy,8,565,150177.0
Ribes_alpinum.npy,9,565,150177.0
Ribes_alpinum.npy,10,562,150207.0
Ribes_alpinum.npy,11,554,150287.0
Ribes_alpinum.npy,12,554,150287.0
Ribes_alpinum.npy,13,554,150287.0
Ribes_alpinum.npy,14,536,150467.0
Ribes_alpinum.npy,15,536,150467.0
Ribes_alpinum.npy,16,536,150467.0
Ribes_alpinum.npy,17,536,150467.0
Ribes_alpinum.npy,18,536,150467.0
Ribes_alpinum.npy,19,536,150467.0
Ribes_alpinum.npy,20,536,150467.0
Ribes_alpinum.npy,21,536,150467.0
Ribes_alpinum.npy,22,536,150467.0
Ribes_rubra.npy,0,1010,343137.0
Ribes_rubra.npy,1,1010,343137.0
Ribes_rubra.npy,2,1010,343137.0
Ribes_rubra.npy,3,1010,343137.0
Ribes_rubra.npy,4,1010,343137.0
Ribes_rubra.npy,5,846,344777.0
Ribes_rubra.npy,6,846,344777.0
Ribes_rubra.npy,7,846,344777.0
Ribes_rubra.npy,8,846,344777.0
Ribes_rubra.npy,9,846,344777.0
Ribes_rubra.npy,10,846,344777.0
Ribes_rubra.npy,11,846,344777.0
Ribes_rubra.npy,12,846,344777.0
Ribes_rubra.npy,13,846,344777.0
Robinia_pseudacacia.npy,0,365,193854.0
Robinia_pseudacacia.npy,1,365,193854.0
Robinia_pseudacacia.npy,2,365,193854.0
Robinia_pseudacacia.npy,3,365,193854.0
Robinia_pseudacacia.npy,4,361,193894.0
Robinia_pseudacacia.npy,5,350,194004.0
Robinia_pseudacacia.npy,6,350,194004.0
Robinia_pseudacacia.npy,7,350,194004.0
Robinia_pseudacacia.npy,8,350,194004.0
Robinia_pseudacacia.npy,9,350,194004.0
Robinia_pseudacacia.npy,10,347,194034.0
Robinia_pseudacacia.npy,11,346,194044.0
Robinia_pseudacacia.npy,12,346,194044.0
Robinia_pseudacacia.npy,13,346,194044.0
Robinia_pseudacacia.npy,14,345,194054.0
Robinia_pseudacacia.npy,15,345,194054.0
Robinia_pseudacacia.npy,16,345,194054.0
Robinia_pseudacacia.npy,17,345,194054.0
Robinia_pseudacacia.npy,18,345,194054.0
Robinia_pseudacacia.npy,19,345,194054.0
Robinia_pseudacacia.npy,20,345,194054.0
Robinia_pseudacacia.npy,21,345,194054.0
Robinia_pseudacacia.npy,22,340,194104.0
Robinia_pseudacacia.npy,23,340,194104.0
Robinia_pseudacacia.npy,24,340,194104.0
Robinia_pseudacacia.npy,25,340,194104.0
Robinia_pseudacacia.npy,26,340,194104.0
Robinia_pseudacacia.npy,27,340,194104.0
Robinia_pseudacacia.npy,28,340,194104.0
Robinia_pseudacacia.npy,29,340,194104.0
Robinia_pseudacacia.npy,30,340,194104.0
Robinia_viscosa.npy,0,357,135729.0
Robinia_viscosa.npy,1,357,135729.0
Robinia_viscosa.npy,2,357,135729.0
Robinia_viscosa.npy,3,357,135729.0
Robinia_viscosa.npy,4,350,135799.0
Robinia_viscosa.npy,5,350,135799.0
Robinia_viscosa.npy,6,350,135799.0
Robinia_viscosa.npy,7,350,135799.0
Robinia_viscosa.npy,8,350,135799.0
Robinia_viscosa.npy,9,350,135799.0
Robinia_viscosa.npy,10,350,135799.0
Robinia_viscosa.npy,11,350,135799.0
Robinia_viscosa.npy,12,343,135869.0
Robinia_viscosa.npy,13,343,135869.0
Robinia_viscosa.npy,14,343,135869.0
Robinia_viscosa.npy,15,342,135879.0
Robinia_viscosa.npy,16,342,135879.0
Robinia_viscosa.npy,17,342,135879.0
Robinia_viscosa.npy,18,342,135879.0
Robinia_viscosa.npy,19,342,135879.0
Robinia_viscosa.npy,20,342,135879.0
Robinia_viscosa.npy,21,341,135889.0
Robinia_viscosa.npy,22,341,135889.0
Robinia_viscosa.npy,23,341,135889.0
Robinia_viscosa.npy,24,340,135899.0
Robinia_viscosa.npy,25,340,135899.0
Robinia_viscosa.npy,26,340,135899.0
Robinia_viscosa.npy,27,340,135899.0
Robinia_viscosa.npy,28,340,135899.0
Robinia_viscosa.npy,29,340,135899.0
Robinia_viscosa.npy,30,340,135899.0
Robinia_viscosa.npy,31,339,135909.0
Robinia_viscosa.npy,32,339,135909.0
Robinia_viscosa.npy,33,339,135909.0
Robinia_viscosa.npy,34,338,135919.0
Robinia_viscosa.npy,35,338,135919.0
Robinia_viscosa.npy,36,338,135919.0
Robinia_viscosa.npy,37,338,135919.0
Robinia_viscosa.npy,38,338,135919.0
Robinia_viscosa.npy,39,338,135919.0
Robinia_viscosa.npy,40,338,135919.0
Robinia_viscosa.npy,41,338,135919.0
Robinia_viscosa.npy,42,336,135939.0
Robinia_viscosa.npy,43,336,135939.0
Robinia_viscosa.npy,44,336,135939.0
Robinia_viscosa.npy,45,336,135939.0
Robinia_viscosa.npy,46,336,135939.0
Robinia_viscosa.npy,47,336,135939.0
Robinia_viscosa.npy,48,336,135939.0
Robinia_viscosa.npy,49,336,135939.0
Robinia_viscosa.npy,50,336,135939.0
Rosa_canina.npy,0,386,104511.0
Rosa_canina.npy,1,386,104511.0
Rosa_canina.npy,2,386,104511.0
Rosa_canina.npy,3,386,104511.0
Rosa_canina.npy,4,386,104511.0
Rosa_canina.npy,5,386,104511.0
Rosa_canina.npy,6,375,104621.0
Rosa_canina.npy,7,360,104771.0
Rosa_canina.npy,8,360,104771.0
Rosa_canina.npy,9,360,104771.0
Rosa_canina.npy,10,360,104771.0
Rosa_canina.npy,11,360,104771.0
Rosa_canina.npy,12,360,104771.0
Rosa_canina.npy,13,360,104771.0
Rosa_canina.npy,14,360,104771.0
Rosa_canina.npy,15,360,104771.0
Ruscus_aculeatus.npy,0,191,40075.0
Ruscus_aculeatus.npy,1,191,40075.0
Ruscus_aculeatus.npy,2,187,40115.0
Ruscus_aculeatus.npy,3,187,40115.0
Ruscus_aculeatus.npy,4,187,40115.0
Ruscus_aculeatus.npy,5,187,40115.0
Ruscus_aculeatus.npy,6,187,40115.0
Ruscus_aculeatus.npy,7,187,40115.0
Ruscus_aculeatus.npy,8,187,40115.0
Ruscus_aculeatus.npy,9,187,40115.0
Ruscus_aculeatus.npy,10,187,40115.0
Salix_alba.npy,0,108,35579.0
Salix_alba.npy,1,108,35579.0
Salix_alba.npy,2,108,35579.0
Salix_alba.npy,3,108,35579.0
Salix_alba.npy,4,108,35579.0
Salix_alba.npy,5,108,35579.0
Salix_alba.npy,6,107,35589.0
Salix_alba.npy,7,107,35589.0
Salix_alba.npy,8,107,35589.0
Salix_alba.npy,9,107,35589.0
Salix_alba.npy,10,107,35589.0
Salix_alba.npy,11,107,35589.0
Salix_alba.npy,12,107,35589.0
Salix_alba.npy,13,107,35589.0
Salix_alba.npy,14,107,35589.0
Salix_aurita.npy,0,438,172448.0
Salix_aurita.npy,1,437,172458.0
Salix_aurita.npy,2,437,172458.0
Salix_aurita.npy,3,437,172458.0
Salix_aurita.npy,4,436,172468.0
Salix_aurita.npy,5,436,172468.0
Salix_aurita.npy,6,436,172468.0
Salix_aurita.npy,7,436,172468.0
Salix_aurita.npy,8,436,172468.0
Salix_aurita.npy,9,436,172468.0
Salix_aurita.npy,10,436,172468.0
Salix_aurita.npy,11,436,172468.0
Salix_aurita.npy,12,435,172478.0
Salix_aurita.npy,13,435,172478.0
Salix_aurita.npy,14,435,172478.0
Salix_aurita.npy,15,435,172478.0
Salix_aurita.npy,16,435,172478.0
Salix_aurita.npy,17,435,172478.0
Salix_aurita.npy,18,435,172478.0
Salix_aurita.npy,19,435,172478.0
Salix_aurita.npy,20,435,172478.0
Salix_caprea.npy,0,676,398651.0
Salix_caprea.npy,1,676,398651.0
Salix_caprea.npy,2,676,398651.0
Salix_caprea.npy,3,674,398671.0
Salix_caprea.npy,4,674,398671.0
Salix_caprea.npy,5,674,398671.0
Salix_caprea.npy,6,674,398671.0
Salix_caprea.npy,7,664,398771.0
Salix_caprea.npy,8,664,398771.0
Salix_caprea.npy,9,664,398771.0
Salix_caprea.npy,10,657,398841.0
Salix_caprea.npy,11,657,398841.0
Salix_caprea.npy,12,657,398841.0
Salix_caprea.npy,13,653,398881.0
Salix_caprea.npy,14,653,398881.0
Salix_caprea.npy,15,653,398881.0
Salix_caprea.npy,16,653,398881.0
Salix_caprea.npy,17,653,398881.0
Salix_caprea.npy,18,653,398881.0
Salix_caprea.npy,19,653,398881.0
Salix_caprea.npy,20,653,398881.0
Salix_caprea.npy,21,653,398881.0
Salix_pentandra.npy,0,655,427631.0
Salix_pentandra.npy,1,624,427941.0
Salix_pentandra.npy,2,624,427941.0
Salix_pentandra.npy,3,624,427941.0
Salix_pentandra.npy,4,624,427941.0
Salix_pentandra.npy,5,624,427941.0
Salix_pentandra.npy,6,624,427941.0
Salix_pentandra.npy,7,624,427941.0
Salix_pentandra.npy,8,624,427941.0
Salix_pentandra.npy,9,624,427941.0
Salix_purpurea.npy,0,297,266529.0
Salix_purpurea.npy,1,297,266529.0
Salix_purpurea.npy,2,297,266529.0
Salix_purpurea.npy,3,297,266529.0
Salix_purpurea.npy,4,297,266529.0
Salix_purpurea.npy,5,297,266529.0
Salix_purpurea.npy,6,297,266529.0
Salix_purpurea.npy,7,297,266529.0
Salix_purpurea.npy,8,297,266529.0
Sambucus_nigra.npy,0,658,416837.0
Sambucus_nigra.npy,1,640,417017.0
Sambucus_nigra.npy,2,640,417017.0
Sambucus_nigra.npy,3,638,417037.0
Sambucus_nigra.npy,4,638,417037.0
Sambucus_nigra.npy,5,638,417037.0
Sambucus_nigra.npy,6,638,417037.0
Sambucus_nigra.npy,7,638,417037.0
Sambucus_nigra.npy,8,638,417037.0
Sambucus_nigra.npy,9,638,417037.0
Sambucus_nigra.npy,10,635,417067.0
Sambucus_nigra.npy,11,635,417067.0
Sambucus_nigra.npy,12,635,417067.0
Sambucus_nigra.npy,13,635,417067.0
Sambucus_nigra.npy,14,635,417067.0
Sambucus_nigra.npy,15,630,417117.0
Sambucus_nigra.npy,16,630,417117.0
Sambucus_nigra.npy,17,630,417117.0
Sambucus_nigra.npy,18,630,417117.0
Sambucus_nigra.npy,19,630,417117.0
Sambucus_nigra.npy,20,630,417117.0
Sambucus_nigra.npy,21,630,417117.0
Sambucus_nigra.npy,22,630,417117.0
Sambucus_nigra.npy,23,630,417117.0
Sambucus_racemosa.npy,0,455,230874.0
Sambucus_racemosa.npy,1,455,230874.0
Sambucus_racemosa.npy,2,455,230874.0
Sambucus_racemosa.npy,3,432,231104.0
Sambucus_racemosa.npy,4,432,231104.0
Sambucus_racemosa.npy,5,432,231104.0
Sambucus_racemosa.npy,6,432,231104.0
Sambucus_racemosa.npy,7,431,231114.0
Sambucus_racemosa.npy,8,431,231114.0
Sambucus_racemosa.npy,9,431,231114.0
Sambucus_racemosa.npy,10,429,231134.0
Sambucus_racemosa.npy,11,429,231134.0
Sambucus_racemosa.npy,12,428,231144.0
Sambucus_racemosa.npy,13,428,231144.0
Sambucus_racemosa.npy,14,428,231144.0
Sambucus_racemosa.npy,15,423,231194.0
Sambucus_racemosa.npy,16,423,231194.0
Sambucus_racemosa.npy,17,423,231194.0
Sambucus_racemosa.npy,18,423,231194.0
Sambucus_racemosa.npy,19,423,231194.0
Sambucus_racemosa.npy,20,423,231194.0
Sambucus_racemosa.npy,21,423,231194.0
Sambucus_racemosa.npy,22,423,231194.0
Sambucus_racemosa.npy,23,423,231194.0
Sophora_japonica.npy,0,309,155968.0
Sophora_japonica.npy,1,309,155968.0
Sophora_japonica.npy,2,307,155988.0
Sophora_japonica.npy,3,307,155988.0
Sophora_japonica.npy,4,307,155988.0
Sophora_japonica.npy,5,307,155988.0
Sophora_japonica.npy,6,307,155988.0
Sophora_japonica.npy,7,307,155988.0
Sophora_japonica.npy,8,307,155988.0
Sophora_japonica.npy,9,307,155988.0
Sophora_japonica.npy,10,307,155988.0
Sorbaria_sorbifolia.npy,0,334,113841.0
Sorbaria_sorbifolia.npy,1,334,113841.0
Sorbaria_sorbifolia.npy,2,334,113841.0
Sorbaria_sorbifolia.npy,3,316,114021.0
Sorbaria_sorbifolia.npy,4,316,114021.0
Sorbaria_sorbifolia.npy,5,316,114021.0
Sorbaria_sorbifolia.npy,6,316,114021.0
Sorbaria_sorbifolia.npy,7,316,114021.0
Sorbaria_sorbifolia.npy,8,316,114021.0
Sorbaria_sorbifolia.npy,9,316,114021.0
Sorbaria_sorbifolia.npy,10,316,114021.0
Sorbaria_sorbifolia.npy,11,306,114121.0
Sorbaria_sorbifolia.npy,12,306,114121.0
Sorbaria_sorbifolia.npy,13,306,114121.0
Sorbaria_sorbifolia.npy,14,306,114121.0
Sorbaria_sorbifolia.npy,15,299,114191.0
Sorbaria_sorbifolia.npy,16,299,114191.0
Sorbaria_sorbifolia.npy,17,299,114191.0
Sorbaria_sorbifolia.npy,18,298,114201.0
Sorbaria_sorbifolia.npy,19,297,114211.0
Sorbaria_sorbifolia.npy,20,296,114221.0
Sorbaria_sorbifolia.npy,21,296,114221.0
Sorbaria_sorbifolia.npy,22,296,114221.0
Sorbaria_sorbifolia.npy,23,296,114221.0
Sorbaria_sorbifolia.npy,24,296,114221.0
Sorbaria_sorbifolia.npy,25,296,114221.0
Sorbaria_sorbifolia.npy,26,296,114221.0
Sorbaria_sorbifolia.npy,27,296,114221.0
Sorbaria_sorbifolia.npy,28,295,114231.0
Sorbaria_sorbifolia.npy,29,295,114231.0
Sorbaria_sorbifolia.npy,30,295,114231.0
Sorbaria_sorbifolia.npy,31,295,114231.0
Sorbaria_sorbifolia.npy,32,295,114231.0
Sorbaria_sorbifolia.npy,33,295,114231.0
Sorbaria_sorbifolia.npy,34,295,114231.0
Sorbaria_sorbifolia.npy,35,295,114231.0
Sorbaria_sorbifolia.npy,36,293,114251.0
Sorbaria_sorbifolia.npy,37,293,114251.0
Sorbaria_sorbifolia.npy,38,293,114251.0
Sorbaria_sorbifolia.npy,39,293,114251.0
Sorbaria_sorbifolia.npy,40,293,114251.0
Sorbaria_sorbifolia.npy,41,293,114251.0
Sorbaria_sorbifolia.npy,42,293,114251.0
Sorbaria_sorbifolia.npy,43,293,114251.0
Sorbaria_sorbifolia.npy,44,293,114251.0
Sorbus_aria.npy,0,1005,635032.0
Sorbus_aria.npy,1,954,635542.0
Sorbus_aria.npy,2,954,635542.0
Sorbus_aria.npy,3,954,635542.0
Sorbus_aria.npy,4,954,635542.0
Sorbus_aria.npy,5,954,635542.0
Sorbus_aria.npy,6,954,635542.0
Sorbus_aria.npy,7,938,635702.0
Sorbus_aria.npy,8,938,635702.0
Sorbus_aria.npy,9,938,635702.0
Sorbus_aria.npy,10,938,635702.0
Sorbus_aria.npy,11,938,635702.0
Sorbus_aria.npy,12,938,635702.0
Sorbus_aria.npy,13,938,635702.0
Sorbus_aria.npy,14,938,635702.0
Sorbus_aria.npy,15,930,635782.0
Sorbus_aria.npy,16,930,635782.0
Sorbus_aria.npy,17,930,635782.0
Sorbus_aria.npy,18,930,635782.0
Sorbus_aria.npy,19,930,635782.0
Sorbus_aria.npy,20,928,635802.0
Sorbus_aria.npy,21,926,635822.0
Sorbus_aria.npy,22,926,635822.0
Sorbus_aria.npy,23,926,635822.0
Sorbus_aria.npy,24,924,635842.0
Sorbus_aria.npy,25,924,635842.0
Sorbus_aria.npy,26,923,635852.0
Sorbus_aria.npy,27,923,635852.0
Sorbus_aria.npy,28,923,635852.0
Sorbus_aria.npy,29,923,635852.0
Sorbus_aria.npy,30,923,635852.0
Sorbus_aria.npy,31,923,635852.0
Sorbus_aria.npy,32,923,635852.0
Sorbus_aria.npy,33,923,635852.0
Sorbus_aria.npy,34,923,635852.0
Sorbus_aucuparia.npy,0,340,115611.0
Sorbus_aucuparia.npy,1,340,115611.0
Sorbus_aucuparia.npy,2,340,115611.0
Sorbus_aucuparia.npy,3,340,115611.0
Sorbus_aucuparia.npy,4,340,115611.0
Sorbus_aucuparia.npy,5,340,115611.0
Sorbus_aucuparia.npy,6,340,115611.0
Sorbus_aucuparia.npy,7,340,115611.0
Sorbus_aucuparia.npy,8,340,115611.0
Sorbus_domestica.npy,0,303,136193.0
Sorbus_domestica.npy,1,303,136193.0
Sorbus_domestica.npy,2,303,136193.0
Sorbus_domestica.npy,3,303,136193.0
Sorbus_domestica.npy,4,303,136193.0
Sorbus_domestica.npy,5,303,136193.0
Sorbus_domestica.npy,6,301,136213.0
Sorbus_domestica.npy,7,301,136213.0
Sorbus_domestica.npy,8,301,136213.0
Sorbus_domestica.npy,9,301,136213.0
Sorbus_domestica.npy,10,301,136213.0
Sorbus_domestica.npy,11,301,136213.0
Sorbus_domestica.npy,12,301,136213.0
Sorbus_domestica.npy,13,295,136273.0
Sorbus_domestica.npy,14,285,136373.0
Sorbus_domestica.npy,15,285,136373.0
Sorbus_domestica.npy,16,282,136403.0
Sorbus_domestica.npy,17,282,136403.0
Sorbus_domestica.npy,18,282,136403.0
Sorbus_domestica.npy,19,280,136423.0
Sorbus_domestica.npy,20,280,136423.0
Sorbus_domestica.npy,21,280,136423.0
Sorbus_domestica.npy,22,280,136423.0
Sorbus_domestica.npy,23,279,136433.0
Sorbus_domestica.npy,24,279,136433.0
Sorbus_domestica.npy,25,278,136443.0
Sorbus_domestica.npy,26,278,136443.0
Sorbus_domestica.npy,27,278,136443.0
Sorbus_domestica.npy,28,276,136463.0
Sorbus_domestica.npy,29,276,136463.0
Sorbus_domestica.npy,30,276,136463.0
Sorbus_domestica.npy,31,276,136463.0
Sorbus_domestica.npy,32,276,136463.0
Sorbus_domestica.npy,33,276,136463.0
Sorbus_domestica.npy,34,276,136463.0
Sorbus_domestica.npy,35,275,136473.0
Sorbus_domestica.npy,36,275,136473.0
Sorbus_domestica.npy,37,275,136473.0
Sorbus_domestica.npy,38,275,136473.0
Sorbus_domestica.npy,39,275,136473.0
Sorbus_domestica.npy,40,275,136473.0
Sorbus_domestica.npy,41,275,136473.0
Sorbus_domestica.npy,42,275,136473.0
Sorbus_domestica.npy,43,275,136473.0
Sorbus_intermedia.npy,0,1582,645146.0
Sorbus_intermedia.npy,1,1300,647966.0
Sorbus_intermedia.npy,2,1300,647966.0
Sorbus_intermedia.npy,3,1300,647966.0
Sorbus_intermedia.npy,4,1300,647966.0
Sorbus_intermedia.npy,5,1300,647966.0
Sorbus_intermedia.npy,6,1300,647966.0
Sorbus_intermedia.npy,7,1300,647966.0
Sorbus_intermedia.npy,8,1238,648586.0
Sorbus_intermedia.npy,9,1238,648586.0
Sorbus_intermedia.npy,10,1236,648606.0
Sorbus_intermedia.npy,11,1194,649026.0
Sorbus_intermedia.npy,12,1194,649026.0
Sorbus_intermedia.npy,13,1194,649026.0
Sorbus_intermedia.npy,14,1194,649026.0
Sorbus_intermedia.npy,15,1080,650166.0
Sorbus_intermedia.npy,16,1080,650166.0
Sorbus_intermedia.npy,17,1080,650166.0
Sorbus_intermedia.npy,18,1080,650166.0
Sorbus_intermedia.npy,19,1024,650726.0
Sorbus_intermedia.npy,20,1024,650726.0
Sorbus_intermedia.npy,21,1024,650726.0
Sorbus_intermedia.npy,22,1024,650726.0
Sorbus_intermedia.npy,23,1005,650916.0
Sorbus_intermedia.npy,24,980,651166.0
Sorbus_intermedia.npy,25,980,651166.0
Sorbus_intermedia.npy,26,980,651166.0
Sorbus_intermedia.npy,27,980,651166.0
Sorbus_intermedia.npy,28,980,651166.0
Sorbus_intermedia.npy,29,980,651166.0
Sorbus_intermedia.npy,30,980,651166.0
Sorbus_intermedia.npy,31,980,651166.0
Sorbus_intermedia.npy,32,980,651166.0
Sorbus_torminalis.npy,0,1815,605691.0
Sorbus_torminalis.npy,1,1815,605691.0
Sorbus_torminalis.npy,2,1725,606591.0
Sorbus_torminalis.npy,3,1725,606591.0
Sorbus_torminalis.npy,4,1725,606591.0
Sorbus_torminalis.npy,5,1725,606591.0
Sorbus_torminalis.npy,6,1725,606591.0
Sorbus_torminalis.npy,7,1718,606661.0
Sorbus_torminalis.npy,8,1718,606661.0
Sorbus_torminalis.npy,9,1718,606661.0
Sorbus_torminalis.npy,10,1476,609081.0
Sorbus_torminalis.npy,11,1476,609081.0
Sorbus_torminalis.npy,12,1476,609081.0
Sorbus_torminalis.npy,13,1476,609081.0
Sorbus_torminalis.npy,14,1476,609081.0
Sorbus_torminalis.npy,15,1476,609081.0
Sorbus_torminalis.npy,16,1396,609881.0
Sorbus_torminalis.npy,17,1396,609881.0
Sorbus_torminalis.npy,18,1396,609881.0
Sorbus_torminalis.npy,19,1396,609881.0
Sorbus_torminalis.npy,20,1396,609881.0
Sorbus_torminalis.npy,21,1360,610241.0
Sorbus_torminalis.npy,22,1360,610241.0
Sorbus_torminalis.npy,23,1360,610241.0
Sorbus_torminalis.npy,24,1360,610241.0
Sorbus_torminalis.npy,25,1360,610241.0
Sorbus_torminalis.npy,26,1360,610241.0
Sorbus_torminalis.npy,27,1360,610241.0
Sorbus_torminalis.npy,28,1360,610241.0
Sorbus_torminalis.npy,29,1360,610241.0
Spiraea_douglasii.npy,0,326,115748.0
Spiraea_douglasii.npy,1,326,115748.0
Spiraea_douglasii.npy,2,326,115748.0
Spiraea_douglasii.npy,3,326,115748.0
Spiraea_douglasii.npy,4,326,115748.0
Spiraea_douglasii.npy,5,325,115758.0
Spiraea_douglasii.npy,6,325,115758.0
Spiraea_douglasii.npy,7,325,115758.0
Spiraea_douglasii.npy,8,325,115758.0
Spiraea_douglasii.npy,9,325,115758.0
Spiraea_douglasii.npy,10,325,115758.0
Spiraea_douglasii.npy,11,324,115768.0
Spiraea_douglasii.npy,12,324,115768.0
Spiraea_douglasii.npy,13,324,115768.0
Spiraea_douglasii.npy,14,324,115768.0
Spiraea_douglasii.npy,15,324,115768.0
Spiraea_douglasii.npy,16,324,115768.0
Spiraea_douglasii.npy,17,324,115768.0
Spiraea_douglasii.npy,18,324,115768.0
Spiraea_douglasii.npy,19,324,115768.0
Spiraea_japonica.npy,0,398,201309.0
Spiraea_japonica.npy,1,398,201309.0
Spiraea_japonica.npy,2,396,201329.0
Spiraea_japonica.npy,3,396,201329.0
Spiraea_japonica.npy,4,396,201329.0
Spiraea_japonica.npy,5,396,201329.0
Spiraea_japonica.npy,6,396,201329.0
Spiraea_japonica.npy,7,396,201329.0
Spiraea_japonica.npy,8,395,201339.0
Spiraea_japonica.npy,9,395,201339.0
Spiraea_japonica.npy,10,394,201349.0
Spiraea_japonica.npy,11,394,201349.0
Spiraea_japonica.npy,12,394,201349.0
Spiraea_japonica.npy,13,394,201349.0
Spiraea_japonica.npy,14,394,201349.0
Spiraea_japonica.npy,15,394,201349.0
Spiraea_japonica.npy,16,394,201349.0
Spiraea_japonica.npy,17,394,201349.0
Spiraea_japonica.npy,18,394,201349.0
Spiraea_salicifolia.npy,0,231,62416.0
Spiraea_salicifolia.npy,1,231,62416.0
Spiraea_salicifolia.npy,2,226,62466.0
Spiraea_salicifolia.npy,3,223,62496.0
Spiraea_salicifolia.npy,4,223,62496.0
Spiraea_salicifolia.npy,5,223,62496.0
Spiraea_salicifolia.npy,6,223,62496.0
Spiraea_salicifolia.npy,7,223,62496.0
Spiraea_salicifolia.npy,8,223,62496.0
Spiraea_salicifolia.npy,9,223,62496.0
Spiraea_salicifolia.npy,10,223,62496.0
Spiraea_salicifolia.npy,11,223,62496.0
Spiraea_vanhouttei.npy,0,280,56306.0
Spiraea_vanhouttei.npy,1,280,56306.0
Spiraea_vanhouttei.npy,2,280,56306.0
Spiraea_vanhouttei.npy,3,274,56366.0
Spiraea_vanhouttei.npy,4,274,56366.0
Spiraea_vanhouttei.npy,5,274,56366.0
Spiraea_vanhouttei.npy,6,274,56366.0
Spiraea_vanhouttei.npy,7,274,56366.0
Spiraea_vanhouttei.npy,8,274,56366.0
Spiraea_vanhouttei.npy,9,274,56366.0
Spiraea_vanhouttei.npy,10,274,56366.0
Spiraea_vanhouttei.npy,11,273,56376.0
Spiraea_vanhouttei.npy,12,272,56386.0
Spiraea_vanhouttei.npy,13,272,56386.0
Spiraea_vanhouttei.npy,14,272,56386.0
Spiraea_vanhouttei.npy,15,272,56386.0
Spiraea_vanhouttei.npy,16,272,56386.0
Spiraea_vanhouttei.npy,17,272,56386.0
Spiraea_vanhouttei.npy,18,272,56386.0
Spiraea_vanhouttei.npy,19,272,56386.0
Spiraea_vanhouttei.npy,20,272,56386.0
Staphylea_pinnata.npy,0,450,261418.0
Staphylea_pinnata.npy,1,450,261418.0
Staphylea_pinnata.npy,2,450,261418.0
Staphylea_pinnata.npy,3,450,261418.0
Staphylea_pinnata.npy,4,450,261418.0
Staphylea_pinnata.npy,5,450,261418.0
Staphylea_pinnata.npy,6,450,261418.0
Staphylea_pinnata.npy,7,450,261418.0
Staphylea_pinnata.npy,8,450,261418.0
Symphoricarpos_albus.npy,0,428,180258.0
Symphoricarpos_albus.npy,1,428,180258.0
Symphoricarpos_albus.npy,2,428,180258.0
Symphoricarpos_albus.npy,3,428,180258.0
Symphoricarpos_albus.npy,4,415,180388.0
Symphoricarpos_albus.npy,5,415,180388.0
Symphoricarpos_albus.npy,6,415,180388.0
Symphoricarpos_albus.npy,7,415,180388.0
Symphoricarpos_albus.npy,8,415,180388.0
Symphoricarpos_albus.npy,9,415,180388.0
Symphoricarpos_albus.npy,10,414,180398.0
Symphoricarpos_albus.npy,11,414,180398.0
Symphoricarpos_albus.npy,12,414,180398.0
Symphoricarpos_albus.npy,13,414,180398.0
Symphoricarpos_albus.npy,14,414,180398.0
Symphoricarpos_albus.npy,15,414,180398.0
Symphoricarpos_albus.npy,16,409,180448.0
Symphoricarpos_albus.npy,17,409,180448.0
Symphoricarpos_albus.npy,18,409,180448.0
Symphoricarpos_albus.npy,19,409,180448.0
Symphoricarpos_albus.npy,20,409,180448.0
Symphoricarpos_albus.npy,21,409,180448.0
Symphoricarpos_albus.npy,22,409,180448.0
Symphoricarpos_albus.npy,23,409,180448.0
Symphoricarpos_albus.npy,24,409,180448.0
Symphoricarpos_orbiculatus.npy,0,170,26541.0
Symphoricarpos_orbiculatus.npy,1,170,26541.0
Symphoricarpos_orbiculatus.npy,2,168,26561.0
Symphoricarpos_orbiculatus.npy,3,168,26561.0
Symphoricarpos_orbiculatus.npy,4,168,26561.0
Symphoricarpos_orbiculatus.npy,5,168,26561.0
Symphoricarpos_orbiculatus.npy,6,168,26561.0
Symphoricarpos_orbiculatus.npy,7,168,26561.0
Symphoricarpos_orbiculatus.npy,8,168,26561.0
Symphoricarpos_orbiculatus.npy,9,168,26561.0
Symphoricarpos_orbiculatus.npy,10,168,26561.0
Syringa_chinensis.npy,0,355,114726.0
Syringa_chinensis.npy,1,355,114726.0
Syringa_chinensis.npy,2,355,114726.0
Syringa_chinensis.npy,3,354,114736.0
Syringa_chinensis.npy,4,354,114736.0
Syringa_chinensis.npy,5,354,114736.0
Syringa_chinensis.npy,6,354,114736.0
Syringa_chinensis.npy,7,354,114736.0
Syringa_chinensis.npy,8,354,114736.0
Syringa_chinensis.npy,9,354,114736.0
Syringa_chinensis.npy,10,354,114736.0
Syringa_chinensis.npy,11,351,114766.0
Syringa_chinensis.npy,12,351,114766.0
Syringa_chinensis.npy,13,351,114766.0
Syringa_chinensis.npy,14,351,114766.0
Syringa_chinensis.npy,15,351,114766.0
Syringa_chinensis.npy,16,351,114766.0
Syringa_chinensis.npy,17,351,114766.0
Syringa_chinensis.npy,18,351,114766.0
Syringa_chinensis.npy,19,351,114766.0
Syringa_josikaea.npy,0,703,441307.0
Syringa_josikaea.npy,1,703,441307.0
Syringa_josikaea.npy,2,703,441307.0
Syringa_josikaea.npy,3,703,441307.0
Syringa_josikaea.npy,4,703,441307.0
Syringa_josikaea.npy,5,702,441317.0
Syringa_josikaea.npy,6,702,441317.0
Syringa_josikaea.npy,7,702,441317.0
Syringa_josikaea.npy,8,702,441317.0
Syringa_josikaea.npy,9,702,441317.0
Syringa_josikaea.npy,10,702,441317.0
Syringa_josikaea.npy,11,702,441317.0
Syringa_josikaea.npy,12,702,441317.0
Syringa_josikaea.npy,13,702,441317.0
Syringa_prestoniae.npy,0,896,963678.0
Syringa_prestoniae.npy,1,896,963678.0
Syringa_prestoniae.npy,2,896,963678.0
Syringa_prestoniae.npy,3,893,963708.0
Syringa_prestoniae.npy,4,893,963708.0
Syringa_prestoniae.npy,5,893,963708.0
Syringa_prestoniae.npy,6,893,963708.0
Syringa_prestoniae.npy,7,893,963708.0
Syringa_prestoniae.npy,8,893,963708.0
Syringa_prestoniae.npy,9,893,963708.0
Syringa_prestoniae.npy,10,887,963768.0
Syringa_prestoniae.npy,11,887,963768.0
Syringa_prestoniae.npy,12,887,963768.0
Syringa_prestoniae.npy,13,887,963768.0
Syringa_prestoniae.npy,14,887,963768.0
Syringa_prestoniae.npy,15,887,963768.0
Syringa_prestoniae.npy,16,887,963768.0
Syringa_prestoniae.npy,17,887,963768.0
Syringa_prestoniae.npy,18,883,963808.0
Syringa_prestoniae.npy,19,883,963808.0
Syringa_prestoniae.npy,20,883,963808.0
Syringa_prestoniae.npy,21,883,963808.0
Syringa_prestoniae.npy,22,883,963808.0
Syringa_prestoniae.npy,23,883,963808.0
Syringa_prestoniae.npy,24,883,963808.0
Syringa_prestoniae.npy,25,883,963808.0
Syringa_prestoniae.npy,26,883,963808.0
Syringa_vulgaris.npy,0,706,411829.0
Syringa_vulgaris.npy,1,706,411829.0
Syringa_vulgaris.npy,2,706,411829.0
Syringa_vulgaris.npy,3,706,411829.0
Syringa_vulgaris.npy,4,706,411829.0
Syringa_vulgaris.npy,5,706,411829.0
Syringa_vulgaris.npy,6,706,411829.0
Syringa_vulgaris.npy,7,706,411829.0
Syringa_vulgaris.npy,8,706,411829.0
Tilia_cordata.npy,0,577,207825.0
Tilia_cordata.npy,1,523,208365.0
Tilia_cordata.npy,2,523,208365.0
Tilia_cordata.npy,3,523,208365.0
Tilia_cordata.npy,4,523,208365.0
Tilia_cordata.npy,5,523,208365.0
Tilia_cordata.npy,6,523,208365.0
Tilia_cordata.npy,7,523,208365.0
Tilia_cordata.npy,8,523,208365.0
Tilia_cordata.npy,9,523,208365.0
Tilia_platyphyllos.npy,0,1970,1455800.0
Tilia_platyphyllos.npy,1,1664,1458860.0
Tilia_platyphyllos.npy,2,1664,1458860.0
Tilia_platyphyllos.npy,3,1664,1458860.0
Tilia_platyphyllos.npy,4,1664,1458860.0
Tilia_platyphyllos.npy,5,1539,1460110.0
Tilia_platyphyllos.npy,6,1539,1460110.0
Tilia_platyphyllos.npy,7,1539,1460110.0
Tilia_platyphyllos.npy,8,1539,1460110.0
Tilia_platyphyllos.npy,9,1539,1460110.0
Tilia_platyphyllos.npy,10,1539,1460110.0
Tilia_platyphyllos.npy,11,1539,1460110.0
Tilia_platyphyllos.npy,12,1539,1460110.0
Tilia_platyphyllos.npy,13,1539,1460110.0
Tilia_tomentosa.npy,0,1363,790528.0
Tilia_tomentosa.npy,1,1363,790528.0
Tilia_tomentosa.npy,2,1363,790528.0
Tilia_tomentosa.npy,3,1215,792008.0
Tilia_tomentosa.npy,4,1215,792008.0
Tilia_tomentosa.npy,5,1215,792008.0
Tilia_tomentosa.npy,6,1215,792008.0
Tilia_tomentosa.npy,7,1215,792008.0
Tilia_tomentosa.npy,8,1215,792008.0
Tilia_tomentosa.npy,9,1215,792008.0
Tilia_tomentosa.npy,10,1215,792008.0
Tilia_tomentosa.npy,11,1215,792008.0
Ulmus_glabra.npy,0,899,347375.0
Ulmus_glabra.npy,1,899,347375.0
Ulmus_glabra.npy,2,899,347375.0
Ulmus_glabra.npy,3,838,347985.0
Ulmus_glabra.npy,4,834,348025.0
Ulmus_glabra.npy,5,834,348025.0
Ulmus_glabra.npy,6,832,348045.0
Ulmus_glabra.npy,7,814,348225.0
Ulmus_glabra.npy,8,814,348225.0
Ulmus_glabra.npy,9,804,348325.0
Ulmus_glabra.npy,10,804,348325.0
Ulmus_glabra.npy,11,804,348325.0
Ulmus_glabra.npy,12,804,348325.0
Ulmus_glabra.npy,13,804,348325.0
Ulmus_glabra.npy,14,799,348375.0
Ulmus_glabra.npy,15,799,348375.0
Ulmus_glabra.npy,16,799,348375.0
Ulmus_glabra.npy,17,799,348375.0
Ulmus_glabra.npy,18,798,348385.0
Ulmus_glabra.npy,19,798,348385.0
Ulmus_glabra.npy,20,798,348385.0
Ulmus_glabra.npy,21,789,348475.0
Ulmus_glabra.npy,22,789,348475.0
Ulmus_glabra.npy,23,789,348475.0
Ulmus_glabra.npy,24,789,348475.0
Ulmus_glabra.npy,25,789,348475.0
Ulmus_glabra.npy,26,789,348475.0
Ulmus_glabra.npy,27,789,348475.0
Ulmus_glabra.npy,28,789,348475.0
Ulmus_glabra.npy,29,789,348475.0
Ulmus_laevis.npy,0,1542,1206850.0
Ulmus_laevis.npy,1,1542,1206850.0
Ulmus_laevis.npy,2,1542,1206850.0
Ulmus_laevis.npy,3,1542,1206850.0
Ulmus_laevis.npy,4,1473,1207540.0
Ulmus_laevis.npy,5,1473,1207540.0
Ulmus_laevis.npy,6,1437,1207900.0
Ulmus_laevis.npy,7,1437,1207900.0
Ulmus_laevis.npy,8,1437,1207900.0
Ulmus_laevis.npy,9,1437,1207900.0
Ulmus_laevis.npy,10,1437,1207900.0
Ulmus_laevis.npy,11,1437,1207900.0
Ulmus_laevis.npy,12,1437,1207900.0
Ulmus_laevis.npy,13,1437,1207900.0
Ulmus_laevis.npy,14,1344,1208830.0
Ulmus_laevis.npy,15,1344,1208830.0
Ulmus_laevis.npy,16,1344,1208830.0
Ulmus_laevis.npy,17,1344,1208830.0
Ulmus_laevis.npy,18,1344,1208830.0
Ulmus_laevis.npy,19,1344,1208830.0
Ulmus_laevis.npy,20,1344,1208830.0
Ulmus_laevis.npy,21,1344,1208830.0
Ulmus_laevis.npy,22,1344,1208830.0
Ulmus_minor.npy,0,639,299249.0
Ulmus_minor.npy,1,626,299379.0
Ulmus_minor.npy,2,626,299379.0
Ulmus_minor.npy,3,626,299379.0
Ulmus_minor.npy,4,626,299379.0
Ulmus_minor.npy,5,626,299379.0
Ulmus_minor.npy,6,626,299379.0
Ulmus_minor.npy,7,625,299389.0
Ulmus_minor.npy,8,625,299389.0
Ulmus_minor.npy,9,622,299419.0
Ulmus_minor.npy,10,622,299419.0
Ulmus_minor.npy,11,603,299609.0
Ulmus_minor.npy,12,602,299619.0
Ulmus_minor.npy,13,602,299619.0
Ulmus_minor.npy,14,600,299639.0
Ulmus_minor.npy,15,594,299699.0
Ulmus_minor.npy,16,594,299699.0
Ulmus_minor.npy,17,594,299699.0
Ulmus_minor.npy,18,594,299699.0
Ulmus_minor.npy,19,594,299699.0
Ulmus_minor.npy,20,594,299699.0
Ulmus_minor.npy,21,594,299699.0
Ulmus_minor.npy,22,589,299749.0
Ulmus_minor.npy,23,589,299749.0
Ulmus_minor.npy,24,589,299749.0
Ulmus_minor.npy,25,589,299749.0
Ulmus_minor.npy,26,589,299749.0
Ulmus_minor.npy,27,575,299889.0
Ulmus_minor.npy,28,575,299889.0
Ulmus_minor.npy,29,575,299889.0
Ulmus_minor.npy,30,572,299919.0
Ulmus_minor.npy,31,572,299919.0
Ulmus_minor.npy,32,572,299919.0
Ulmus_minor.npy,33,572,299919.0
Ulmus_minor.npy,34,572,299919.0
Ulmus_minor.npy,35,572,299919.0
Ulmus_minor.npy,36,572,299919.0
Ulmus_minor.npy,37,572,299919.0
Ulmus_minor.npy,38,572,299919.0
Ulmus_pumila.npy,0,485,143782.0
Ulmus_pumila.npy,1,485,143782.0
Ulmus_pumila.npy,2,485,143782.0
Ulmus_pumila.npy,3,485,143782.0
Ulmus_pumila.npy,4,485,143782.0
Ulmus_pumila.npy,5,485,143782.0
Ulmus_pumila.npy,6,485,143782.0
Ulmus_pumila.npy,7,480,143832.0
Ulmus_pumila.npy,8,479,143842.0
Ulmus_pumila.npy,9,479,143842.0
Ulmus_pumila.npy,10,479,143842.0
Ulmus_pumila.npy,11,479,143842.0
Ulmus_pumila.npy,12,467,143962.0
Ulmus_pumila.npy,13,467,143962.0
Ulmus_pumila.npy,14,467,143962.0
Ulmus_pumila.npy,15,467,143962.0
Ulmus_pumila.npy,16,467,143962.0
Ulmus_pumila.npy,17,467,143962.0
Ulmus_pumila.npy,18,467,143962.0
Ulmus_pumila.npy,19,467,143962.0
Ulmus_pumila.npy,20,467,143962.0
Vaccinium_myrtillus.npy,0,202,34253.0
Vaccinium_myrtillus.npy,1,172,34553.0
Vaccinium_myrtillus.npy,2,168,34593.0
Vaccinium_myrtillus.npy,3,168,34593.0
Vaccinium_myrtillus.npy,4,168,34593.0
Vaccinium_myrtillus.npy,5,168,34593.0
Vaccinium_myrtillus.npy,6,168,34593.0
Vaccinium_myrtillus.npy,7,163,34643.0
Vaccinium_myrtillus.npy,8,163,34643.0
Vaccinium_myrtillus.npy,9,163,34643.0
Vaccinium_myrtillus.npy,10,157,34703.0
Vaccinium_myrtillus.npy,11,157,34703.0
Vaccinium_myrtillus.npy,12,157,34703.0
Vaccinium_myrtillus.npy,13,157,34703.0
Vaccinium_myrtillus.npy,14,157,34703.0
Vaccinium_myrtillus.npy,15,155,34723.0
Vaccinium_myrtillus.npy,16,155,34723.0
Vaccinium_myrtillus.npy,17,155,34723.0
Vaccinium_myrtillus.npy,18,155,34723.0
Vaccinium_myrtillus.npy,19,155,34723.0
Vaccinium_myrtillus.npy,20,155,34723.0
Vaccinium_myrtillus.npy,21,155,34723.0
Vaccinium_myrtillus.npy,22,155,34723.0
Vaccinium_myrtillus.npy,23,155,34723.0
Vaccinium_uliginosum.npy,0,147,22204.0
Vaccinium_uliginosum.npy,1,147,22204.0
Vaccinium_uliginosum.npy,2,147,22204.0
Vaccinium_uliginosum.npy,3,147,22204.0
Vaccinium_uliginosum.npy,4,147,22204.0
Vaccinium_uliginosum.npy,5,147,22204.0
Vaccinium_uliginosum.npy,6,147,22204.0
Vaccinium_uliginosum.npy,7,147,22204.0
Vaccinium_uliginosum.npy,8,147,22204.0
Vaccinium_vitisidaea.npy,0,97,10820.0
Vaccinium_vitisidaea.npy,1,95,10840.0
Vaccinium_vitisidaea.npy,2,95,10840.0
Vaccinium_vitisidaea.npy,3,95,10840.0
Vaccinium_vitisidaea.npy,4,95,10840.0
Vaccinium_vitisidaea.npy,5,95,10840.0
Vaccinium_vitisidaea.npy,6,95,10840.0
Vaccinium_vitisidaea.npy,7,95,10840.0
Vaccinium_vitisidaea.npy,8,95,10840.0
Vaccinium_vitisidaea.npy,9,95,10840.0
Viburnum_farreri.npy,0,542,271313.0
Viburnum_farreri.npy,1,542,271313.0
Viburnum_farreri.npy,2,542,271313.0
Viburnum_farreri.npy,3,542,271313.0
Viburnum_farreri.npy,4,539,271343.0
Viburnum_farreri.npy,5,539,271343.0
Viburnum_farreri.npy,6,539,271343.0
Viburnum_farreri.npy,7,539,271343.0
Viburnum_farreri.npy,8,539,271343.0
Viburnum_farreri.npy,9,539,271343.0
Viburnum_farreri.npy,10,539,271343.0
Viburnum_farreri.npy,11,539,271343.0
Viburnum_farreri.npy,12,539,271343.0
Viburnum_lantana.npy,0,1349,1319097.0
Viburnum_lantana.npy,1,1349,1319097.0
Viburnum_lantana.npy,2,1248,1320107.0
Viburnum_lantana.npy,3,1248,1320107.0
Viburnum_lantana.npy,4,1248,1320107.0
Viburnum_lantana.npy,5,1248,1320107.0
Viburnum_lantana.npy,6,1248,1320107.0
Viburnum_lantana.npy,7,1248,1320107.0
Viburnum_lantana.npy,8,1248,1320107.0
Viburnum_lantana.npy,9,1248,1320107.0
Viburnum_lantana.npy,10,1248,1320107.0
Viburnum_opulus.npy,0,702,203429.0
Viburnum_opulus.npy,1,702,203429.0
Viburnum_opulus.npy,2,654,203909.0
Viburnum_opulus.npy,3,654,203909.0
Viburnum_opulus.npy,4,654,203909.0
Viburnum_opulus.npy,5,654,203909.0
Viburnum_opulus.npy,6,640,204049.0
Viburnum_opulus.npy,7,640,204049.0
Viburnum_opulus.npy,8,640,204049.0
Viburnum_opulus.npy,9,640,204049.0
Viburnum_opulus.npy,10,640,204049.0
Viburnum_opulus.npy,11,640,204049.0
Viburnum_opulus.npy,12,640,204049.0
Viburnum_opulus.npy,13,640,204049.0
Viburnum_opulus.npy,14,631,204139.0
Viburnum_opulus.npy,15,631,204139.0
Viburnum_opulus.npy,16,631,204139.0
Viburnum_opulus.npy,17,631,204139.0
Viburnum_opulus.npy,18,631,204139.0
Viburnum_opulus.npy,19,631,204139.0
Viburnum_opulus.npy,20,629,204159.0
Viburnum_opulus.npy,21,629,204159.0
Viburnum_opulus.npy,22,629,204159.0
Viburnum_opulus.npy,23,629,204159.0
Viburnum_opulus.npy,24,629,204159.0
Viburnum_opulus.npy,25,629,204159.0
Viburnum_opulus.npy,26,622,204229.0
Viburnum_opulus.npy,27,609,204359.0
Viburnum_opulus.npy,28,609,204359.0
Viburnum_opulus.npy,29,609,204359.0
Viburnum_opulus.npy,30,605,204399.0
Viburnum_opulus.npy,31,605,204399.0
Viburnum_opulus.npy,32,605,204399.0
Viburnum_opulus.npy,33,605,204399.0
Viburnum_opulus.npy,34,603,204419.0
Viburnum_opulus.npy,35,603,204419.0
Viburnum_opulus.npy,36,603,204419.0
Viburnum_opulus.npy,37,603,204419.0
Viburnum_opulus.npy,38,603,204419.0
Viburnum_opulus.npy,39,603,204419.0
Viburnum_opulus.npy,40,603,204419.0
Viburnum_opulus.npy,41,603,204419.0
Viburnum_opulus.npy,42,603,204419.0
Viburnum_pragense.npy,0,250,113665.0
Viburnum_pragense.npy,1,250,113665.0
Viburnum_pragense.npy,2,250,113665.0
Viburnum_pragense.npy,3,250,113665.0
Viburnum_pragense.npy,4,250,113665.0
Viburnum_pragense.npy,5,250,113665.0
Viburnum_pragense.npy,6,250,113665.0
Viburnum_pragense.npy,7,250,113665.0
Viburnum_pragense.npy,8,247,113695.0
Viburnum_pragense.npy,9,247,113695.0
Viburnum_pragense.npy,10,247,113695.0
Viburnum_pragense.npy,11,247,113695.0
Viburnum_pragense.npy,12,247,113695.0
Viburnum_pragense.npy,13,247,113695.0
Viburnum_pragense.npy,14,242,113745.0
Viburnum_pragense.npy,15,240,113765.0
Viburnum_pragense.npy,16,240,113765.0
Viburnum_pragense.npy,17,240,113765.0
Viburnum_pragense.npy,18,236,113805.0
Viburnum_pragense.npy,19,236,113805.0
Viburnum_pragense.npy,20,236,113805.0
Viburnum_pragense.npy,21,236,113805.0
Viburnum_pragense.npy,22,236,113805.0
Viburnum_pragense.npy,23,236,113805.0
Viburnum_pragense.npy,24,236,113805.0
Viburnum_pragense.npy,25,236,113805.0
Viburnum_pragense.npy,26,236,113805.0
Viburnum_rhytidophyllum.npy,0,601,612397.0
Viburnum_rhytidophyllum.npy,1,596,612447.0
Viburnum_rhytidophyllum.npy,2,596,612447.0
Viburnum_rhytidophyllum.npy,3,596,612447.0
Viburnum_rhytidophyllum.npy,4,591,612497.0
Viburnum_rhytidophyllum.npy,5,591,612497.0
Viburnum_rhytidophyllum.npy,6,591,612497.0
Viburnum_rhytidophyllum.npy,7,591,612497.0
Viburnum_rhytidophyllum.npy,8,591,612497.0
Viburnum_rhytidophyllum.npy,9,591,612497.0
Viburnum_rhytidophyllum.npy,10,591,612497.0
Viburnum_rhytidophyllum.npy,11,591,612497.0
Viburnum_rhytidophyllum.npy,12,589,612517.0
Viburnum_rhytidophyllum.npy,13,589,612517.0
Viburnum_rhytidophyllum.npy,14,589,612517.0
Viburnum_rhytidophyllum.npy,15,587,612537.0
Viburnum_rhytidophyllum.npy,16,587,612537.0
Viburnum_rhytidophyllum.npy,17,586,612547.0
Viburnum_rhytidophyllum.npy,18,586,612547.0
Viburnum_rhytidophyllum.npy,19,586,612547.0
Viburnum_rhytidophyllum.npy,20,586,612547.0
Viburnum_rhytidophyllum.npy,21,586,612547.0
Viburnum_rhytidophyllum.npy,22,586,612547.0
Viburnum_rhytidophyllum.npy,23,586,612547.0
Viburnum_rhytidophyllum.npy,24,586,612547.0
Viburnum_rhytidophyllum.npy,25,586,612547.0
Vinca_major.npy,0,343,134419.0
Vinca_major.npy,1,343,134419.0
Vinca_major.npy,2,343,134419.0
Vinca_major.npy,3,343,134419.0
Vinca_major.npy,4,343,134419.0
Vinca_major.npy,5,343,134419.0
Vinca_major.npy,6,338,134469.0
Vinca_major.npy,7,338,134469.0
Vinca_major.npy,8,338,134469.0
Vinca_major.npy,9,338,134469.0
Vinca_major.npy,10,338,134469.0
Vinca_major.npy,11,338,134469.0
Vinca_major.npy,12,338,134469.0
Vinca_major.npy,13,338,134469.0
Vinca_major.npy,14,338,134469.0
Vinca_minor.npy,0,245,97908.0
Vinca_minor.npy,1,245,97908.0
Vinca_minor.npy,2,245,97908.0
Vinca_minor.npy,3,245,97908.0
Vinca_minor.npy,4,245,97908.0
Vinca_minor.npy,5,245,97908.0
Vinca_minor.npy,6,245,97908.0
Vinca_minor.npy,7,245,97908.0
Vinca_minor.npy,8,245,97908.0
Vitis_riparia.npy,0,1736,1040363.0
Vitis_riparia.npy,1,1736,1040363.0
Vitis_riparia.npy,2,1735,1040373.0
Vitis_riparia.npy,3,1735,1040373.0
Vitis_riparia.npy,4,1733,1040393.0
Vitis_riparia.npy,5,1733,1040393.0
Vitis_riparia.npy,6,1733,1040393.0
Vitis_riparia.npy,7,1733,1040393.0
Vitis_riparia.npy,8,1733,1040393.0
Vitis_riparia.npy,9,1733,1040393.0
Vitis_riparia.npy,10,1733,1040393.0
Vitis_riparia.npy,11,1733,1040393.0
Vitis_riparia.npy,12,1733,1040393.0
Vitis_vinifera.npy,0,2957,2783273.0
Vitis_vinifera.npy,1,2957,2783273.0
Vitis_vinifera.npy,2,2946,2783383.0
Vitis_vinifera.npy,3,2946,2783383.0
Vitis_vinifera.npy,4,2855,2784293.0
Vitis_vinifera.npy,5,2855,2784293.0
Vitis_vinifera.npy,6,2855,2784293.0
Vitis_vinifera.npy,7,2855,2784293.0
Vitis_vinifera.npy,8,2855,2784293.0
Vitis_vinifera.npy,9,2855,2784293.0
Vitis_vinifera.npy,10,2855,2784293.0
Vitis_vinifera.npy,11,2855,2784293.0
Vitis_vinifera.npy,12,2649,2786353.0
Vitis_vinifera.npy,13,2649,2786353.0
Vitis_vinifera.npy,14,2649,2786353.0
Vitis_vinifera.npy,15,2649,2786353.0
Vitis_vinifera.npy,16,2649,2786353.0
Vitis_vinifera.npy,17,2649,2786353.0
Vitis_vinifera.npy,18,2649,2786353.0
Vitis_vinifera.npy,19,2649,2786353.0
Vitis_vinifera.npy,20,2498,2787863.0
Vitis_vinifera.npy,21,2498,2787863.0
Vitis_vinifera.npy,22,2498,2787863.0
Vitis_vinifera.npy,23,2498,2787863.0
Vitis_vinifera.npy,24,2498,2787863.0
Vitis_vinifera.npy,25,2498,2787863.0
Vitis_vinifera.npy,26,2498,2787863.0
Vitis_vinifera.npy,27,2498,2787863.0
Vitis_vinifera.npy,28,2498,2787863.0
Weigela_florida.npy,0,195,49420.0
Weigela_florida.npy,1,195,49420.0
Weigela_florida.npy,2,195,49420.0
Weigela_florida.npy,3,195,49420.0
Weigela_florida.npy,4,195,49420.0
Weigela_florida.npy,5,192,49450.0
Weigela_florida.npy,6,192,49450.0
Weigela_florida.npy,7,192,49450.0
Weigela_florida.npy,8,192,49450.0
Weigela_florida.npy,9,191,49460.0
Weigela_florida.npy,10,191,49460.0
Weigela_florida.npy,11,191,49460.0
Weigela_florida.npy,12,191,49460.0
Weigela_florida.npy,13,191,49460.0
Weigela_florida.npy,14,191,49460.0
Weigela_florida.npy,15,190,49470.0
Weigela_florida.npy,16,190,49470.0
Weigela_florida.npy,17,190,49470.0
Weigela_florida.npy,18,190,49470.0
Weigela_florida.npy,19,190,49470.0
Weigela_florida.npy,20,190,49470.0
Weigela_florida.npy,21,190,49470.0
Weigela_florida.npy,22,190,49470.0
Weigela_florida.npy,23,190,49470.0
Wisteria_sinensis.npy,0,501,348415.0
Wisteria_sinensis.npy,1,501,348415.0
Wisteria_sinensis.npy,2,501,348415.0
Wisteria_sinensis.npy,3,500,348425.0
Wisteria_sinensis.npy,4,499,348435.0
Wisteria_sinensis.npy,5,499,348435.0
Wisteria_sinensis.npy,6,499,348435.0
Wisteria_sinensis.npy,7,499,348435.0
Wisteria_sinensis.npy,8,499,348435.0
Wisteria_sinensis.npy,9,498,348445.0
Wisteria_sinensis.npy,10,498,348445.0
Wisteria_sinensis.npy,11,498,348445.0
Wisteria_sinensis.npy,12,498,348445.0
Wisteria_sinensis.npy,13,498,348445.0
Wisteria_sinensis.npy,14,498,348445.0
Wisteria_sinensis.npy,15,498,348445.0
Wisteria_sinensis.npy,16,498,348445.0
Wisteria_sinensis.npy,17,498,348445.0
Zelkova_serrata.npy,0,965,756016.0
Zelkova_serrata.npy,1,965,756016.0
Zelkova_serrata.npy,2,953,756136.0
Zelkova_serrata.npy,3,953,756136.0
Zelkova_serrata.npy,4,953,756136.0
Zelkova_serrata.npy,5,953,756136.0
Zelkova_serrata.npy,6,953,756136.0
Zelkova_serrata.npy,7,952,756146.0
Zelkova_serrata.npy,8,951,756156.0
Zelkova_serrata.npy,9,935,756316.0
Zelkova_serrata.npy,10,935,756316.0
Zelkova_serrata.npy,11,935,756316.0
Zelkova_serrata.npy,12,930,756366.0
Zelkova_serrata.npy,13,930,756366.0
Zelkova_serrata.npy,14,930,756366.0
Zelkova_serrata.npy,15,927,756396.0
Zelkova_serrata.npy,16,927,756396.0
Zelkova_serrata.npy,17,927,756396.0
Zelkova_serrata.npy,18,927,756396.0
Zelkova_serrata.npy,19,922,756446.0
Zelkova_serrata.npy,20,922,756446.0
Zelkova_serrata.npy,21,922,756446.0
Zelkova_serrata.npy,22,922,756446.0
Zelkova_serrata.npy,23,922,756446.0
Zelkova_serrata.npy,24,922,756446.0
Zelkova_serrata.npy,25,918,756486.0
Zelkova_serrata.npy,26,918,756486.0
Zelkova_serrata.npy,27,918,756486.0
Zelkova_serrata.npy,28,918,756486.0
Zelkova_serrata.npy,29,918,756486.0
Zelkova_serrata.npy,30,918,756486.0
Zelkova_serrata.npy,31,918,756486.0
Zelkova_serrata.npy,32,918,756486.0
Zelkova_serrata.npy,33,918,756486.0
