image_name,generation,best_rectangle_count,fitness
Bone-10_binary.npy,0,411,27270.0
Bone-10_binary.npy,1,393,27450.0
Bone-10_binary.npy,2,393,27450.0
Bone-10_binary.npy,3,390,27480.0
Bone-10_binary.npy,4,384,27540.0
Bone-10_binary.npy,5,383,27550.0
Bone-10_binary.npy,6,382,27560.0
Bone-10_binary.npy,7,381,27570.0
Bone-10_binary.npy,8,381,27570.0
Bone-10_binary.npy,9,381,27570.0
Bone-10_binary.npy,10,381,27570.0
Bone-10_binary.npy,11,381,27570.0
Bone-10_binary.npy,12,381,27570.0
Bone-10_binary.npy,13,381,27570.0
Bone-10_binary.npy,14,381,27570.0
Bone-10_binary.npy,15,381,27570.0
Bone-10_binary.npy,16,381,27570.0
Bone-10_binary.npy,17,381,27570.0
Bone-10_binary.npy,18,381,27570.0
Bone-10_binary.npy,19,381,27570.0
Bone-13_binary.npy,0,334,17600.0
Bone-13_binary.npy,1,331,17630.0
Bone-13_binary.npy,2,317,17770.0
Bone-13_binary.npy,3,312,17820.0
Bone-13_binary.npy,4,308,17860.0
Bone-13_binary.npy,5,306,17880.0
Bone-13_binary.npy,6,301,17930.0
Bone-13_binary.npy,7,300,17940.0
Bone-13_binary.npy,8,299,17950.0
Bone-13_binary.npy,9,298,17960.0
Bone-13_binary.npy,10,298,17960.0
Bone-13_binary.npy,11,298,17960.0
Bone-13_binary.npy,12,298,17960.0
Bone-13_binary.npy,13,298,17960.0
Bone-13_binary.npy,14,298,17960.0
Bone-13_binary.npy,15,298,17960.0
Bone-13_binary.npy,16,298,17960.0
Bone-13_binary.npy,17,298,17960.0
Bone-13_binary.npy,18,298,17960.0
Bone-13_binary.npy,19,298,17960.0
Bone-13_binary.npy,20,298,17960.0
Bone-13_binary.npy,21,298,17960.0
Bone-17_binary.npy,0,469,24186.0
Bone-17_binary.npy,1,371,25166.0
Bone-17_binary.npy,2,337,25506.0
Bone-17_binary.npy,3,337,25506.0
Bone-17_binary.npy,4,310,25776.0
Bone-17_binary.npy,5,310,25776.0
Bone-17_binary.npy,6,293,25946.0
Bone-17_binary.npy,7,273,26146.0
Bone-17_binary.npy,8,273,26146.0
Bone-17_binary.npy,9,268,26196.0
Bone-17_binary.npy,10,262,26256.0
Bone-17_binary.npy,11,262,26256.0
Bone-17_binary.npy,12,259,26286.0
Bone-17_binary.npy,13,259,26286.0
Bone-17_binary.npy,14,258,26296.0
Bone-17_binary.npy,15,253,26346.0
Bone-17_binary.npy,16,253,26346.0
Bone-17_binary.npy,17,253,26346.0
Bone-17_binary.npy,18,252,26356.0
Bone-17_binary.npy,19,250,26376.0
Bone-17_binary.npy,20,250,26376.0
Bone-17_binary.npy,21,250,26376.0
Bone-17_binary.npy,22,250,26376.0
Bone-17_binary.npy,23,250,26376.0
Bone-17_binary.npy,24,250,26376.0
Bone-17_binary.npy,25,250,26376.0
Bone-17_binary.npy,26,250,26376.0
Bone-17_binary.npy,27,250,26376.0
Bone-17_binary.npy,28,250,26376.0
Bone-17_binary.npy,29,250,26376.0
Bone-17_binary.npy,30,250,26376.0
Bone-17_binary.npy,31,250,26376.0
Bone-18_binary.npy,0,311,18614.0
Bone-18_binary.npy,1,300,18724.0
Bone-18_binary.npy,2,300,18724.0
Bone-18_binary.npy,3,295,18774.0
Bone-18_binary.npy,4,292,18804.0
Bone-18_binary.npy,5,292,18804.0
Bone-18_binary.npy,6,292,18804.0
Bone-18_binary.npy,7,292,18804.0
Bone-18_binary.npy,8,292,18804.0
Bone-18_binary.npy,9,292,18804.0
Bone-18_binary.npy,10,291,18814.0
Bone-18_binary.npy,11,291,18814.0
Bone-18_binary.npy,12,291,18814.0
Bone-18_binary.npy,13,291,18814.0
Bone-18_binary.npy,14,291,18814.0
Bone-18_binary.npy,15,291,18814.0
Bone-18_binary.npy,16,291,18814.0
Bone-18_binary.npy,17,291,18814.0
Bone-18_binary.npy,18,291,18814.0
Bone-18_binary.npy,19,291,18814.0
Bone-18_binary.npy,20,291,18814.0
Bone-18_binary.npy,21,291,18814.0
Bone-18_binary.npy,22,291,18814.0
Comma-12_binary.npy,0,412,63558.0
Comma-12_binary.npy,1,284,64838.0
Comma-12_binary.npy,2,284,64838.0
Comma-12_binary.npy,3,276,64918.0
Comma-12_binary.npy,4,255,65128.0
Comma-12_binary.npy,5,237,65308.0
Comma-12_binary.npy,6,237,65308.0
Comma-12_binary.npy,7,220,65478.0
Comma-12_binary.npy,8,220,65478.0
Comma-12_binary.npy,9,220,65478.0
Comma-12_binary.npy,10,204,65638.0
Comma-12_binary.npy,11,200,65678.0
Comma-12_binary.npy,12,191,65768.0
Comma-12_binary.npy,13,185,65828.0
Comma-12_binary.npy,14,179,65888.0
Comma-12_binary.npy,15,171,65968.0
Comma-12_binary.npy,16,171,65968.0
Comma-12_binary.npy,17,169,65988.0
Comma-12_binary.npy,18,166,66018.0
Comma-12_binary.npy,19,165,66028.0
Comma-12_binary.npy,20,162,66058.0
Comma-12_binary.npy,21,160,66078.0
Comma-12_binary.npy,22,157,66108.0
Comma-12_binary.npy,23,157,66108.0
Comma-12_binary.npy,24,157,66108.0
Comma-12_binary.npy,25,157,66108.0
Comma-12_binary.npy,26,157,66108.0
Comma-12_binary.npy,27,157,66108.0
Comma-12_binary.npy,28,157,66108.0
Comma-12_binary.npy,29,157,66108.0
Comma-12_binary.npy,30,157,66108.0
Comma-12_binary.npy,31,157,66108.0
Comma-12_binary.npy,32,157,66108.0
Comma-12_binary.npy,33,157,66108.0
Comma-12_binary.npy,34,157,66108.0
Comma-13_binary.npy,0,445,61616.0
Comma-13_binary.npy,1,343,62636.0
Comma-13_binary.npy,2,318,62886.0
Comma-13_binary.npy,3,285,63216.0
Comma-13_binary.npy,4,285,63216.0
Comma-13_binary.npy,5,268,63386.0
Comma-13_binary.npy,6,261,63456.0
Comma-13_binary.npy,7,242,63646.0
Comma-13_binary.npy,8,236,63706.0
Comma-13_binary.npy,9,236,63706.0
Comma-13_binary.npy,10,222,63846.0
Comma-13_binary.npy,11,222,63846.0
Comma-13_binary.npy,12,222,63846.0
Comma-13_binary.npy,13,222,63846.0
Comma-13_binary.npy,14,217,63896.0
Comma-13_binary.npy,15,217,63896.0
Comma-13_binary.npy,16,214,63926.0
Comma-13_binary.npy,17,213,63936.0
Comma-13_binary.npy,18,209,63976.0
Comma-13_binary.npy,19,209,63976.0
Comma-13_binary.npy,20,207,63996.0
Comma-13_binary.npy,21,207,63996.0
Comma-13_binary.npy,22,207,63996.0
Comma-13_binary.npy,23,204,64026.0
Comma-13_binary.npy,24,203,64036.0
Comma-13_binary.npy,25,203,64036.0
Comma-13_binary.npy,26,202,64046.0
Comma-13_binary.npy,27,202,64046.0
Comma-13_binary.npy,28,202,64046.0
Comma-13_binary.npy,29,202,64046.0
Comma-13_binary.npy,30,202,64046.0
Comma-13_binary.npy,31,202,64046.0
Comma-13_binary.npy,32,202,64046.0
Comma-13_binary.npy,33,202,64046.0
Comma-13_binary.npy,34,202,64046.0
Comma-13_binary.npy,35,202,64046.0
Comma-13_binary.npy,36,202,64046.0
Comma-13_binary.npy,37,202,64046.0
Comma-13_binary.npy,38,202,64046.0
Comma-14_binary.npy,0,448,69248.0
Comma-14_binary.npy,1,320,70528.0
Comma-14_binary.npy,2,289,70838.0
Comma-14_binary.npy,3,289,70838.0
Comma-14_binary.npy,4,256,71168.0
Comma-14_binary.npy,5,256,71168.0
Comma-14_binary.npy,6,256,71168.0
Comma-14_binary.npy,7,256,71168.0
Comma-14_binary.npy,8,256,71168.0
Comma-14_binary.npy,9,247,71258.0
Comma-14_binary.npy,10,245,71278.0
Comma-14_binary.npy,11,212,71608.0
Comma-14_binary.npy,12,212,71608.0
Comma-14_binary.npy,13,207,71658.0
Comma-14_binary.npy,14,207,71658.0
Comma-14_binary.npy,15,200,71728.0
Comma-14_binary.npy,16,200,71728.0
Comma-14_binary.npy,17,187,71858.0
Comma-14_binary.npy,18,187,71858.0
Comma-14_binary.npy,19,187,71858.0
Comma-14_binary.npy,20,187,71858.0
Comma-14_binary.npy,21,178,71948.0
Comma-14_binary.npy,22,176,71968.0
Comma-14_binary.npy,23,171,72018.0
Comma-14_binary.npy,24,171,72018.0
Comma-14_binary.npy,25,170,72028.0
Comma-14_binary.npy,26,165,72078.0
Comma-14_binary.npy,27,165,72078.0
Comma-14_binary.npy,28,164,72088.0
Comma-14_binary.npy,29,164,72088.0
Comma-14_binary.npy,30,163,72098.0
Comma-14_binary.npy,31,163,72098.0
Comma-14_binary.npy,32,162,72108.0
Comma-14_binary.npy,33,162,72108.0
Comma-14_binary.npy,34,162,72108.0
Comma-14_binary.npy,35,162,72108.0
Comma-14_binary.npy,36,162,72108.0
Comma-14_binary.npy,37,162,72108.0
Comma-14_binary.npy,38,162,72108.0
Comma-14_binary.npy,39,162,72108.0
Comma-14_binary.npy,40,162,72108.0
Comma-14_binary.npy,41,162,72108.0
Comma-14_binary.npy,42,162,72108.0
Comma-14_binary.npy,43,162,72108.0
Comma-14_binary.npy,44,162,72108.0
Comma-17_binary.npy,0,430,67291.0
Comma-17_binary.npy,1,310,68491.0
Comma-17_binary.npy,2,300,68591.0
Comma-17_binary.npy,3,300,68591.0
Comma-17_binary.npy,4,300,68591.0
Comma-17_binary.npy,5,278,68811.0
Comma-17_binary.npy,6,278,68811.0
Comma-17_binary.npy,7,278,68811.0
Comma-17_binary.npy,8,253,69061.0
Comma-17_binary.npy,9,235,69241.0
Comma-17_binary.npy,10,221,69381.0
Comma-17_binary.npy,11,221,69381.0
Comma-17_binary.npy,12,208,69511.0
Comma-17_binary.npy,13,203,69561.0
Comma-17_binary.npy,14,203,69561.0
Comma-17_binary.npy,15,203,69561.0
Comma-17_binary.npy,16,203,69561.0
Comma-17_binary.npy,17,203,69561.0
Comma-17_binary.npy,18,200,69591.0
Comma-17_binary.npy,19,195,69641.0
Comma-17_binary.npy,20,194,69651.0
Comma-17_binary.npy,21,194,69651.0
Comma-17_binary.npy,22,194,69651.0
Comma-17_binary.npy,23,193,69661.0
Comma-17_binary.npy,24,191,69681.0
Comma-17_binary.npy,25,191,69681.0
Comma-17_binary.npy,26,191,69681.0
Comma-17_binary.npy,27,191,69681.0
Comma-17_binary.npy,28,191,69681.0
Comma-17_binary.npy,29,191,69681.0
Comma-17_binary.npy,30,191,69681.0
Comma-17_binary.npy,31,191,69681.0
Comma-17_binary.npy,32,191,69681.0
Comma-17_binary.npy,33,191,69681.0
Comma-17_binary.npy,34,191,69681.0
Comma-17_binary.npy,35,191,69681.0
Comma-17_binary.npy,36,191,69681.0
Glas-10_binary.npy,0,358,48115.0
Glas-10_binary.npy,1,306,48635.0
Glas-10_binary.npy,2,285,48845.0
Glas-10_binary.npy,3,255,49145.0
Glas-10_binary.npy,4,243,49265.0
Glas-10_binary.npy,5,236,49335.0
Glas-10_binary.npy,6,236,49335.0
Glas-10_binary.npy,7,236,49335.0
Glas-10_binary.npy,8,220,49495.0
Glas-10_binary.npy,9,217,49525.0
Glas-10_binary.npy,10,214,49555.0
Glas-10_binary.npy,11,214,49555.0
Glas-10_binary.npy,12,202,49675.0
Glas-10_binary.npy,13,198,49715.0
Glas-10_binary.npy,14,189,49805.0
Glas-10_binary.npy,15,189,49805.0
Glas-10_binary.npy,16,189,49805.0
Glas-10_binary.npy,17,188,49815.0
Glas-10_binary.npy,18,188,49815.0
Glas-10_binary.npy,19,188,49815.0
Glas-10_binary.npy,20,185,49845.0
Glas-10_binary.npy,21,185,49845.0
Glas-10_binary.npy,22,185,49845.0
Glas-10_binary.npy,23,185,49845.0
Glas-10_binary.npy,24,185,49845.0
Glas-10_binary.npy,25,185,49845.0
Glas-10_binary.npy,26,185,49845.0
Glas-10_binary.npy,27,185,49845.0
Glas-10_binary.npy,28,185,49845.0
Glas-10_binary.npy,29,185,49845.0
Glas-10_binary.npy,30,185,49845.0
Glas-10_binary.npy,31,185,49845.0
Glas-10_binary.npy,32,185,49845.0
Glas-11_binary.npy,0,292,42932.0
Glas-11_binary.npy,1,222,43632.0
Glas-11_binary.npy,2,219,43662.0
Glas-11_binary.npy,3,188,43972.0
Glas-11_binary.npy,4,188,43972.0
Glas-11_binary.npy,5,160,44252.0
Glas-11_binary.npy,6,160,44252.0
Glas-11_binary.npy,7,159,44262.0
Glas-11_binary.npy,8,150,44352.0
Glas-11_binary.npy,9,137,44482.0
Glas-11_binary.npy,10,133,44522.0
Glas-11_binary.npy,11,126,44592.0
Glas-11_binary.npy,12,124,44612.0
Glas-11_binary.npy,13,124,44612.0
Glas-11_binary.npy,14,123,44622.0
Glas-11_binary.npy,15,123,44622.0
Glas-11_binary.npy,16,122,44632.0
Glas-11_binary.npy,17,121,44642.0
Glas-11_binary.npy,18,121,44642.0
Glas-11_binary.npy,19,121,44642.0
Glas-11_binary.npy,20,121,44642.0
Glas-11_binary.npy,21,121,44642.0
Glas-11_binary.npy,22,121,44642.0
Glas-11_binary.npy,23,121,44642.0
Glas-11_binary.npy,24,121,44642.0
Glas-11_binary.npy,25,121,44642.0
Glas-11_binary.npy,26,121,44642.0
Glas-11_binary.npy,27,121,44642.0
Glas-11_binary.npy,28,121,44642.0
Glas-11_binary.npy,29,121,44642.0
Glas-3_binary.npy,0,364,52106.0
Glas-3_binary.npy,1,275,52996.0
Glas-3_binary.npy,2,241,53336.0
Glas-3_binary.npy,3,241,53336.0
Glas-3_binary.npy,4,241,53336.0
Glas-3_binary.npy,5,224,53506.0
Glas-3_binary.npy,6,214,53606.0
Glas-3_binary.npy,7,198,53766.0
Glas-3_binary.npy,8,188,53866.0
Glas-3_binary.npy,9,188,53866.0
Glas-3_binary.npy,10,183,53916.0
Glas-3_binary.npy,11,172,54026.0
Glas-3_binary.npy,12,166,54086.0
Glas-3_binary.npy,13,166,54086.0
Glas-3_binary.npy,14,161,54136.0
Glas-3_binary.npy,15,161,54136.0
Glas-3_binary.npy,16,160,54146.0
Glas-3_binary.npy,17,160,54146.0
Glas-3_binary.npy,18,159,54156.0
Glas-3_binary.npy,19,159,54156.0
Glas-3_binary.npy,20,159,54156.0
Glas-3_binary.npy,21,159,54156.0
Glas-3_binary.npy,22,159,54156.0
Glas-3_binary.npy,23,159,54156.0
Glas-3_binary.npy,24,159,54156.0
Glas-3_binary.npy,25,159,54156.0
Glas-3_binary.npy,26,159,54156.0
Glas-3_binary.npy,27,159,54156.0
Glas-3_binary.npy,28,159,54156.0
Glas-3_binary.npy,29,159,54156.0
Glas-3_binary.npy,30,159,54156.0
Glas-8_binary.npy,0,364,59981.0
Glas-8_binary.npy,1,267,60951.0
Glas-8_binary.npy,2,249,61131.0
Glas-8_binary.npy,3,249,61131.0
Glas-8_binary.npy,4,224,61381.0
Glas-8_binary.npy,5,224,61381.0
Glas-8_binary.npy,6,224,61381.0
Glas-8_binary.npy,7,224,61381.0
Glas-8_binary.npy,8,224,61381.0
Glas-8_binary.npy,9,218,61441.0
Glas-8_binary.npy,10,215,61471.0
Glas-8_binary.npy,11,212,61501.0
Glas-8_binary.npy,12,207,61551.0
Glas-8_binary.npy,13,206,61561.0
Glas-8_binary.npy,14,205,61571.0
Glas-8_binary.npy,15,204,61581.0
Glas-8_binary.npy,16,201,61611.0
Glas-8_binary.npy,17,201,61611.0
Glas-8_binary.npy,18,201,61611.0
Glas-8_binary.npy,19,201,61611.0
Glas-8_binary.npy,20,201,61611.0
Glas-8_binary.npy,21,201,61611.0
Glas-8_binary.npy,22,201,61611.0
Glas-8_binary.npy,23,201,61611.0
Glas-8_binary.npy,24,201,61611.0
Glas-8_binary.npy,25,201,61611.0
Glas-8_binary.npy,26,201,61611.0
Glas-8_binary.npy,27,201,61611.0
Glas-8_binary.npy,28,201,61611.0
HCircle-12_binary.npy,0,194,45005.0
HCircle-12_binary.npy,1,166,45285.0
HCircle-12_binary.npy,2,166,45285.0
HCircle-12_binary.npy,3,158,45365.0
HCircle-12_binary.npy,4,156,45385.0
HCircle-12_binary.npy,5,154,45405.0
HCircle-12_binary.npy,6,154,45405.0
HCircle-12_binary.npy,7,150,45445.0
HCircle-12_binary.npy,8,149,45455.0
HCircle-12_binary.npy,9,145,45495.0
HCircle-12_binary.npy,10,144,45505.0
HCircle-12_binary.npy,11,142,45525.0
HCircle-12_binary.npy,12,142,45525.0
HCircle-12_binary.npy,13,142,45525.0
HCircle-12_binary.npy,14,142,45525.0
HCircle-12_binary.npy,15,142,45525.0
HCircle-12_binary.npy,16,142,45525.0
HCircle-12_binary.npy,17,142,45525.0
HCircle-12_binary.npy,18,142,45525.0
HCircle-12_binary.npy,19,142,45525.0
HCircle-12_binary.npy,20,142,45525.0
HCircle-12_binary.npy,21,142,45525.0
HCircle-12_binary.npy,22,142,45525.0
HCircle-12_binary.npy,23,142,45525.0
HCircle-16_binary.npy,0,227,46694.0
HCircle-16_binary.npy,1,194,47024.0
HCircle-16_binary.npy,2,191,47054.0
HCircle-16_binary.npy,3,182,47144.0
HCircle-16_binary.npy,4,182,47144.0
HCircle-16_binary.npy,5,178,47184.0
HCircle-16_binary.npy,6,173,47234.0
HCircle-16_binary.npy,7,172,47244.0
HCircle-16_binary.npy,8,169,47274.0
HCircle-16_binary.npy,9,166,47304.0
HCircle-16_binary.npy,10,165,47314.0
HCircle-16_binary.npy,11,165,47314.0
HCircle-16_binary.npy,12,165,47314.0
HCircle-16_binary.npy,13,165,47314.0
HCircle-16_binary.npy,14,165,47314.0
HCircle-16_binary.npy,15,165,47314.0
HCircle-16_binary.npy,16,165,47314.0
HCircle-16_binary.npy,17,165,47314.0
HCircle-16_binary.npy,18,165,47314.0
HCircle-16_binary.npy,19,165,47314.0
HCircle-16_binary.npy,20,165,47314.0
HCircle-16_binary.npy,21,165,47314.0
HCircle-16_binary.npy,22,165,47314.0
HCircle-17_binary.npy,0,231,46432.0
HCircle-17_binary.npy,1,198,46762.0
HCircle-17_binary.npy,2,188,46862.0
HCircle-17_binary.npy,3,188,46862.0
HCircle-17_binary.npy,4,184,46902.0
HCircle-17_binary.npy,5,180,46942.0
HCircle-17_binary.npy,6,178,46962.0
HCircle-17_binary.npy,7,173,47012.0
HCircle-17_binary.npy,8,172,47022.0
HCircle-17_binary.npy,9,172,47022.0
HCircle-17_binary.npy,10,172,47022.0
HCircle-17_binary.npy,11,170,47042.0
HCircle-17_binary.npy,12,170,47042.0
HCircle-17_binary.npy,13,170,47042.0
HCircle-17_binary.npy,14,170,47042.0
HCircle-17_binary.npy,15,170,47042.0
HCircle-17_binary.npy,16,170,47042.0
HCircle-17_binary.npy,17,170,47042.0
HCircle-17_binary.npy,18,170,47042.0
HCircle-17_binary.npy,19,170,47042.0
HCircle-17_binary.npy,20,170,47042.0
HCircle-17_binary.npy,21,170,47042.0
HCircle-17_binary.npy,22,170,47042.0
HCircle-17_binary.npy,23,170,47042.0
HCircle-6_binary.npy,0,194,40823.0
HCircle-6_binary.npy,1,175,41013.0
HCircle-6_binary.npy,2,174,41023.0
HCircle-6_binary.npy,3,169,41073.0
HCircle-6_binary.npy,4,169,41073.0
HCircle-6_binary.npy,5,164,41123.0
HCircle-6_binary.npy,6,164,41123.0
HCircle-6_binary.npy,7,164,41123.0
HCircle-6_binary.npy,8,164,41123.0
HCircle-6_binary.npy,9,163,41133.0
HCircle-6_binary.npy,10,162,41143.0
HCircle-6_binary.npy,11,162,41143.0
HCircle-6_binary.npy,12,162,41143.0
HCircle-6_binary.npy,13,162,41143.0
HCircle-6_binary.npy,14,162,41143.0
HCircle-6_binary.npy,15,162,41143.0
HCircle-6_binary.npy,16,162,41143.0
HCircle-6_binary.npy,17,162,41143.0
HCircle-6_binary.npy,18,162,41143.0
HCircle-6_binary.npy,19,162,41143.0
HCircle-6_binary.npy,20,162,41143.0
HCircle-6_binary.npy,21,162,41143.0
HCircle-6_binary.npy,22,162,41143.0
Heart-10_binary.npy,0,447,99479.0
Heart-10_binary.npy,1,429,99659.0
Heart-10_binary.npy,2,426,99689.0
Heart-10_binary.npy,3,422,99729.0
Heart-10_binary.npy,4,415,99799.0
Heart-10_binary.npy,5,415,99799.0
Heart-10_binary.npy,6,414,99809.0
Heart-10_binary.npy,7,414,99809.0
Heart-10_binary.npy,8,412,99829.0
Heart-10_binary.npy,9,412,99829.0
Heart-10_binary.npy,10,412,99829.0
Heart-10_binary.npy,11,412,99829.0
Heart-10_binary.npy,12,412,99829.0
Heart-10_binary.npy,13,412,99829.0
Heart-10_binary.npy,14,412,99829.0
Heart-10_binary.npy,15,412,99829.0
Heart-10_binary.npy,16,412,99829.0
Heart-10_binary.npy,17,412,99829.0
Heart-10_binary.npy,18,412,99829.0
Heart-10_binary.npy,19,412,99829.0
Heart-10_binary.npy,20,412,99829.0
Heart-16_binary.npy,0,464,98526.0
Heart-16_binary.npy,1,388,99286.0
Heart-16_binary.npy,2,387,99296.0
Heart-16_binary.npy,3,348,99686.0
Heart-16_binary.npy,4,343,99736.0
Heart-16_binary.npy,5,343,99736.0
Heart-16_binary.npy,6,336,99806.0
Heart-16_binary.npy,7,336,99806.0
Heart-16_binary.npy,8,331,99856.0
Heart-16_binary.npy,9,331,99856.0
Heart-16_binary.npy,10,331,99856.0
Heart-16_binary.npy,11,329,99876.0
Heart-16_binary.npy,12,329,99876.0
Heart-16_binary.npy,13,329,99876.0
Heart-16_binary.npy,14,329,99876.0
Heart-16_binary.npy,15,329,99876.0
Heart-16_binary.npy,16,329,99876.0
Heart-16_binary.npy,17,329,99876.0
Heart-16_binary.npy,18,329,99876.0
Heart-16_binary.npy,19,329,99876.0
Heart-16_binary.npy,20,329,99876.0
Heart-16_binary.npy,21,329,99876.0
Heart-16_binary.npy,22,329,99876.0
Heart-16_binary.npy,23,329,99876.0
Heart-7_binary.npy,0,506,112080.0
Heart-7_binary.npy,1,468,112460.0
Heart-7_binary.npy,2,444,112700.0
Heart-7_binary.npy,3,435,112790.0
Heart-7_binary.npy,4,435,112790.0
Heart-7_binary.npy,5,422,112920.0
Heart-7_binary.npy,6,408,113060.0
Heart-7_binary.npy,7,408,113060.0
Heart-7_binary.npy,8,407,113070.0
Heart-7_binary.npy,9,407,113070.0
Heart-7_binary.npy,10,402,113120.0
Heart-7_binary.npy,11,397,113170.0
Heart-7_binary.npy,12,397,113170.0
Heart-7_binary.npy,13,397,113170.0
Heart-7_binary.npy,14,397,113170.0
Heart-7_binary.npy,15,397,113170.0
Heart-7_binary.npy,16,397,113170.0
Heart-7_binary.npy,17,397,113170.0
Heart-7_binary.npy,18,397,113170.0
Heart-7_binary.npy,19,397,113170.0
Heart-7_binary.npy,20,397,113170.0
Heart-7_binary.npy,21,397,113170.0
Heart-7_binary.npy,22,397,113170.0
Heart-7_binary.npy,23,397,113170.0
Heart-9_binary.npy,0,423,97629.0
Heart-9_binary.npy,1,407,97789.0
Heart-9_binary.npy,2,404,97819.0
Heart-9_binary.npy,3,404,97819.0
Heart-9_binary.npy,4,403,97829.0
Heart-9_binary.npy,5,402,97839.0
Heart-9_binary.npy,6,401,97849.0
Heart-9_binary.npy,7,401,97849.0
Heart-9_binary.npy,8,401,97849.0
Heart-9_binary.npy,9,401,97849.0
Heart-9_binary.npy,10,401,97849.0
Heart-9_binary.npy,11,401,97849.0
Heart-9_binary.npy,12,401,97849.0
Heart-9_binary.npy,13,401,97849.0
Heart-9_binary.npy,14,401,97849.0
Heart-9_binary.npy,15,401,97849.0
Heart-9_binary.npy,16,401,97849.0
Heart-9_binary.npy,17,401,97849.0
Heart-9_binary.npy,18,401,97849.0
Misk-17_binary.npy,0,423,77417.0
Misk-17_binary.npy,1,392,77727.0
Misk-17_binary.npy,2,380,77847.0
Misk-17_binary.npy,3,380,77847.0
Misk-17_binary.npy,4,378,77867.0
Misk-17_binary.npy,5,374,77907.0
Misk-17_binary.npy,6,372,77927.0
Misk-17_binary.npy,7,372,77927.0
Misk-17_binary.npy,8,372,77927.0
Misk-17_binary.npy,9,372,77927.0
Misk-17_binary.npy,10,371,77937.0
Misk-17_binary.npy,11,371,77937.0
Misk-17_binary.npy,12,371,77937.0
Misk-17_binary.npy,13,371,77937.0
Misk-17_binary.npy,14,371,77937.0
Misk-17_binary.npy,15,371,77937.0
Misk-17_binary.npy,16,371,77937.0
Misk-17_binary.npy,17,371,77937.0
Misk-17_binary.npy,18,371,77937.0
Misk-17_binary.npy,19,371,77937.0
Misk-17_binary.npy,20,371,77937.0
Misk-17_binary.npy,21,371,77937.0
Misk-17_binary.npy,22,371,77937.0
Misk-3_binary.npy,0,426,93124.0
Misk-3_binary.npy,1,398,93404.0
Misk-3_binary.npy,2,379,93594.0
Misk-3_binary.npy,3,377,93614.0
Misk-3_binary.npy,4,367,93714.0
Misk-3_binary.npy,5,367,93714.0
Misk-3_binary.npy,6,359,93794.0
Misk-3_binary.npy,7,359,93794.0
Misk-3_binary.npy,8,355,93834.0
Misk-3_binary.npy,9,354,93844.0
Misk-3_binary.npy,10,354,93844.0
Misk-3_binary.npy,11,353,93854.0
Misk-3_binary.npy,12,353,93854.0
Misk-3_binary.npy,13,353,93854.0
Misk-3_binary.npy,14,353,93854.0
Misk-3_binary.npy,15,353,93854.0
Misk-3_binary.npy,16,353,93854.0
Misk-3_binary.npy,17,353,93854.0
Misk-3_binary.npy,18,353,93854.0
Misk-3_binary.npy,19,353,93854.0
Misk-3_binary.npy,20,353,93854.0
Misk-3_binary.npy,21,353,93854.0
Misk-3_binary.npy,22,353,93854.0
Misk-3_binary.npy,23,353,93854.0
Misk-4_binary.npy,0,389,82558.0
Misk-4_binary.npy,1,357,82878.0
Misk-4_binary.npy,2,345,82998.0
Misk-4_binary.npy,3,328,83168.0
Misk-4_binary.npy,4,326,83188.0
Misk-4_binary.npy,5,323,83218.0
Misk-4_binary.npy,6,323,83218.0
Misk-4_binary.npy,7,322,83228.0
Misk-4_binary.npy,8,321,83238.0
Misk-4_binary.npy,9,321,83238.0
Misk-4_binary.npy,10,321,83238.0
Misk-4_binary.npy,11,321,83238.0
Misk-4_binary.npy,12,321,83238.0
Misk-4_binary.npy,13,321,83238.0
Misk-4_binary.npy,14,321,83238.0
Misk-4_binary.npy,15,321,83238.0
Misk-4_binary.npy,16,321,83238.0
Misk-4_binary.npy,17,321,83238.0
Misk-4_binary.npy,18,321,83238.0
Misk-4_binary.npy,19,321,83238.0
Misk-4_binary.npy,20,321,83238.0
Misk-7_binary.npy,0,427,85126.0
Misk-7_binary.npy,1,399,85406.0
Misk-7_binary.npy,2,391,85486.0
Misk-7_binary.npy,3,381,85586.0
Misk-7_binary.npy,4,376,85636.0
Misk-7_binary.npy,5,376,85636.0
Misk-7_binary.npy,6,374,85656.0
Misk-7_binary.npy,7,370,85696.0
Misk-7_binary.npy,8,370,85696.0
Misk-7_binary.npy,9,370,85696.0
Misk-7_binary.npy,10,370,85696.0
Misk-7_binary.npy,11,370,85696.0
Misk-7_binary.npy,12,370,85696.0
Misk-7_binary.npy,13,370,85696.0
Misk-7_binary.npy,14,370,85696.0
Misk-7_binary.npy,15,370,85696.0
Misk-7_binary.npy,16,370,85696.0
Misk-7_binary.npy,17,370,85696.0
Misk-7_binary.npy,18,370,85696.0
Misk-7_binary.npy,19,370,85696.0
apple-10_binary.npy,0,226,25757.0
apple-10_binary.npy,1,179,26227.0
apple-10_binary.npy,2,162,26397.0
apple-10_binary.npy,3,160,26417.0
apple-10_binary.npy,4,151,26507.0
apple-10_binary.npy,5,148,26537.0
apple-10_binary.npy,6,148,26537.0
apple-10_binary.npy,7,142,26597.0
apple-10_binary.npy,8,140,26617.0
apple-10_binary.npy,9,136,26657.0
apple-10_binary.npy,10,133,26687.0
apple-10_binary.npy,11,132,26697.0
apple-10_binary.npy,12,132,26697.0
apple-10_binary.npy,13,132,26697.0
apple-10_binary.npy,14,132,26697.0
apple-10_binary.npy,15,132,26697.0
apple-10_binary.npy,16,132,26697.0
apple-10_binary.npy,17,132,26697.0
apple-10_binary.npy,18,132,26697.0
apple-10_binary.npy,19,131,26707.0
apple-10_binary.npy,20,131,26707.0
apple-10_binary.npy,21,131,26707.0
apple-10_binary.npy,22,131,26707.0
apple-10_binary.npy,23,131,26707.0
apple-10_binary.npy,24,131,26707.0
apple-10_binary.npy,25,131,26707.0
apple-10_binary.npy,26,131,26707.0
apple-10_binary.npy,27,131,26707.0
apple-10_binary.npy,28,131,26707.0
apple-10_binary.npy,29,131,26707.0
apple-10_binary.npy,30,131,26707.0
apple-10_binary.npy,31,131,26707.0
apple-15_binary.npy,0,295,34644.0
apple-15_binary.npy,1,228,35314.0
apple-15_binary.npy,2,202,35574.0
apple-15_binary.npy,3,182,35774.0
apple-15_binary.npy,4,182,35774.0
apple-15_binary.npy,5,182,35774.0
apple-15_binary.npy,6,182,35774.0
apple-15_binary.npy,7,177,35824.0
apple-15_binary.npy,8,177,35824.0
apple-15_binary.npy,9,174,35854.0
apple-15_binary.npy,10,174,35854.0
apple-15_binary.npy,11,169,35904.0
apple-15_binary.npy,12,166,35934.0
apple-15_binary.npy,13,166,35934.0
apple-15_binary.npy,14,166,35934.0
apple-15_binary.npy,15,164,35954.0
apple-15_binary.npy,16,163,35964.0
apple-15_binary.npy,17,163,35964.0
apple-15_binary.npy,18,163,35964.0
apple-15_binary.npy,19,162,35974.0
apple-15_binary.npy,20,162,35974.0
apple-15_binary.npy,21,162,35974.0
apple-15_binary.npy,22,162,35974.0
apple-15_binary.npy,23,162,35974.0
apple-15_binary.npy,24,162,35974.0
apple-15_binary.npy,25,162,35974.0
apple-15_binary.npy,26,162,35974.0
apple-15_binary.npy,27,162,35974.0
apple-15_binary.npy,28,162,35974.0
apple-15_binary.npy,29,162,35974.0
apple-15_binary.npy,30,162,35974.0
apple-15_binary.npy,31,162,35974.0
apple-18_binary.npy,0,241,32402.0
apple-18_binary.npy,1,195,32862.0
apple-18_binary.npy,2,195,32862.0
apple-18_binary.npy,3,168,33132.0
apple-18_binary.npy,4,157,33242.0
apple-18_binary.npy,5,157,33242.0
apple-18_binary.npy,6,152,33292.0
apple-18_binary.npy,7,152,33292.0
apple-18_binary.npy,8,152,33292.0
apple-18_binary.npy,9,148,33332.0
apple-18_binary.npy,10,148,33332.0
apple-18_binary.npy,11,147,33342.0
apple-18_binary.npy,12,147,33342.0
apple-18_binary.npy,13,146,33352.0
apple-18_binary.npy,14,146,33352.0
apple-18_binary.npy,15,146,33352.0
apple-18_binary.npy,16,146,33352.0
apple-18_binary.npy,17,146,33352.0
apple-18_binary.npy,18,146,33352.0
apple-18_binary.npy,19,146,33352.0
apple-18_binary.npy,20,146,33352.0
apple-18_binary.npy,21,146,33352.0
apple-18_binary.npy,22,146,33352.0
apple-18_binary.npy,23,146,33352.0
apple-18_binary.npy,24,146,33352.0
apple-18_binary.npy,25,146,33352.0
apple-8_binary.npy,0,201,29067.0
apple-8_binary.npy,1,166,29417.0
apple-8_binary.npy,2,166,29417.0
apple-8_binary.npy,3,153,29547.0
apple-8_binary.npy,4,146,29617.0
apple-8_binary.npy,5,145,29627.0
apple-8_binary.npy,6,137,29707.0
apple-8_binary.npy,7,137,29707.0
apple-8_binary.npy,8,133,29747.0
apple-8_binary.npy,9,132,29757.0
apple-8_binary.npy,10,131,29767.0
apple-8_binary.npy,11,131,29767.0
apple-8_binary.npy,12,131,29767.0
apple-8_binary.npy,13,131,29767.0
apple-8_binary.npy,14,131,29767.0
apple-8_binary.npy,15,131,29767.0
apple-8_binary.npy,16,131,29767.0
apple-8_binary.npy,17,131,29767.0
apple-8_binary.npy,18,131,29767.0
apple-8_binary.npy,19,131,29767.0
apple-8_binary.npy,20,131,29767.0
apple-8_binary.npy,21,131,29767.0
apple-8_binary.npy,22,131,29767.0
bat-14_binary.npy,0,738,98016.0
bat-14_binary.npy,1,669,98706.0
bat-14_binary.npy,2,655,98846.0
bat-14_binary.npy,3,633,99066.0
bat-14_binary.npy,4,624,99156.0
bat-14_binary.npy,5,624,99156.0
bat-14_binary.npy,6,614,99256.0
bat-14_binary.npy,7,612,99276.0
bat-14_binary.npy,8,607,99326.0
bat-14_binary.npy,9,602,99376.0
bat-14_binary.npy,10,602,99376.0
bat-14_binary.npy,11,598,99416.0
bat-14_binary.npy,12,597,99426.0
bat-14_binary.npy,13,596,99436.0
bat-14_binary.npy,14,596,99436.0
bat-14_binary.npy,15,595,99446.0
bat-14_binary.npy,16,595,99446.0
bat-14_binary.npy,17,595,99446.0
bat-14_binary.npy,18,595,99446.0
bat-14_binary.npy,19,595,99446.0
bat-14_binary.npy,20,595,99446.0
bat-14_binary.npy,21,595,99446.0
bat-14_binary.npy,22,595,99446.0
bat-14_binary.npy,23,595,99446.0
bat-14_binary.npy,24,595,99446.0
bat-14_binary.npy,25,595,99446.0
bat-14_binary.npy,26,595,99446.0
bat-14_binary.npy,27,595,99446.0
bat-18_binary.npy,0,582,83509.0
bat-18_binary.npy,1,511,84219.0
bat-18_binary.npy,2,504,84289.0
bat-18_binary.npy,3,504,84289.0
bat-18_binary.npy,4,490,84429.0
bat-18_binary.npy,5,482,84509.0
bat-18_binary.npy,6,478,84549.0
bat-18_binary.npy,7,474,84589.0
bat-18_binary.npy,8,474,84589.0
bat-18_binary.npy,9,470,84629.0
bat-18_binary.npy,10,469,84639.0
bat-18_binary.npy,11,467,84659.0
bat-18_binary.npy,12,466,84669.0
bat-18_binary.npy,13,466,84669.0
bat-18_binary.npy,14,466,84669.0
bat-18_binary.npy,15,464,84689.0
bat-18_binary.npy,16,464,84689.0
bat-18_binary.npy,17,464,84689.0
bat-18_binary.npy,18,464,84689.0
bat-18_binary.npy,19,464,84689.0
bat-18_binary.npy,20,464,84689.0
bat-18_binary.npy,21,464,84689.0
bat-18_binary.npy,22,464,84689.0
bat-18_binary.npy,23,464,84689.0
bat-18_binary.npy,24,464,84689.0
bat-18_binary.npy,25,464,84689.0
bat-18_binary.npy,26,464,84689.0
bat-18_binary.npy,27,464,84689.0
bat-1_binary.npy,0,590,84044.0
bat-1_binary.npy,1,500,84944.0
bat-1_binary.npy,2,495,84994.0
bat-1_binary.npy,3,478,85164.0
bat-1_binary.npy,4,465,85294.0
bat-1_binary.npy,5,456,85384.0
bat-1_binary.npy,6,449,85454.0
bat-1_binary.npy,7,449,85454.0
bat-1_binary.npy,8,449,85454.0
bat-1_binary.npy,9,441,85534.0
bat-1_binary.npy,10,437,85574.0
bat-1_binary.npy,11,437,85574.0
bat-1_binary.npy,12,437,85574.0
bat-1_binary.npy,13,435,85594.0
bat-1_binary.npy,14,435,85594.0
bat-1_binary.npy,15,435,85594.0
bat-1_binary.npy,16,435,85594.0
bat-1_binary.npy,17,435,85594.0
bat-1_binary.npy,18,435,85594.0
bat-1_binary.npy,19,435,85594.0
bat-1_binary.npy,20,435,85594.0
bat-1_binary.npy,21,435,85594.0
bat-1_binary.npy,22,435,85594.0
bat-1_binary.npy,23,435,85594.0
bat-1_binary.npy,24,435,85594.0
bat-1_binary.npy,25,435,85594.0
bat-3_binary.npy,0,652,71833.0
bat-3_binary.npy,1,538,72973.0
bat-3_binary.npy,2,500,73353.0
bat-3_binary.npy,3,489,73463.0
bat-3_binary.npy,4,489,73463.0
bat-3_binary.npy,5,489,73463.0
bat-3_binary.npy,6,482,73533.0
bat-3_binary.npy,7,468,73673.0
bat-3_binary.npy,8,468,73673.0
bat-3_binary.npy,9,467,73683.0
bat-3_binary.npy,10,465,73703.0
bat-3_binary.npy,11,462,73733.0
bat-3_binary.npy,12,460,73753.0
bat-3_binary.npy,13,460,73753.0
bat-3_binary.npy,14,459,73763.0
bat-3_binary.npy,15,459,73763.0
bat-3_binary.npy,16,457,73783.0
bat-3_binary.npy,17,457,73783.0
bat-3_binary.npy,18,457,73783.0
bat-3_binary.npy,19,457,73783.0
bat-3_binary.npy,20,457,73783.0
bat-3_binary.npy,21,457,73783.0
bat-3_binary.npy,22,457,73783.0
bat-3_binary.npy,23,457,73783.0
bat-3_binary.npy,24,457,73783.0
bat-3_binary.npy,25,457,73783.0
bat-3_binary.npy,26,457,73783.0
bat-3_binary.npy,27,456,73793.0
bat-3_binary.npy,28,456,73793.0
bat-3_binary.npy,29,456,73793.0
bat-3_binary.npy,30,456,73793.0
bat-3_binary.npy,31,456,73793.0
bat-3_binary.npy,32,456,73793.0
bat-3_binary.npy,33,456,73793.0
bat-3_binary.npy,34,456,73793.0
bat-3_binary.npy,35,456,73793.0
bat-3_binary.npy,36,456,73793.0
bat-3_binary.npy,37,456,73793.0
bat-3_binary.npy,38,456,73793.0
bat-3_binary.npy,39,456,73793.0
beetle-12_binary.npy,0,381,7941.0
beetle-12_binary.npy,1,315,8601.0
beetle-12_binary.npy,2,300,8751.0
beetle-12_binary.npy,3,285,8901.0
beetle-12_binary.npy,4,276,8991.0
beetle-12_binary.npy,5,276,8991.0
beetle-12_binary.npy,6,269,9061.0
beetle-12_binary.npy,7,259,9161.0
beetle-12_binary.npy,8,259,9161.0
beetle-12_binary.npy,9,257,9181.0
beetle-12_binary.npy,10,257,9181.0
beetle-12_binary.npy,11,256,9191.0
beetle-12_binary.npy,12,254,9211.0
beetle-12_binary.npy,13,254,9211.0
beetle-12_binary.npy,14,253,9221.0
beetle-12_binary.npy,15,252,9231.0
beetle-12_binary.npy,16,252,9231.0
beetle-12_binary.npy,17,252,9231.0
beetle-12_binary.npy,18,252,9231.0
beetle-12_binary.npy,19,252,9231.0
beetle-12_binary.npy,20,252,9231.0
beetle-12_binary.npy,21,252,9231.0
beetle-12_binary.npy,22,252,9231.0
beetle-12_binary.npy,23,252,9231.0
beetle-12_binary.npy,24,252,9231.0
beetle-12_binary.npy,25,252,9231.0
beetle-12_binary.npy,26,252,9231.0
beetle-12_binary.npy,27,252,9231.0
beetle-13_binary.npy,0,519,8740.0
beetle-13_binary.npy,1,448,9450.0
beetle-13_binary.npy,2,435,9580.0
beetle-13_binary.npy,3,435,9580.0
beetle-13_binary.npy,4,419,9740.0
beetle-13_binary.npy,5,409,9840.0
beetle-13_binary.npy,6,408,9850.0
beetle-13_binary.npy,7,395,9980.0
beetle-13_binary.npy,8,386,10070.0
beetle-13_binary.npy,9,386,10070.0
beetle-13_binary.npy,10,383,10100.0
beetle-13_binary.npy,11,383,10100.0
beetle-13_binary.npy,12,376,10170.0
beetle-13_binary.npy,13,376,10170.0
beetle-13_binary.npy,14,376,10170.0
beetle-13_binary.npy,15,376,10170.0
beetle-13_binary.npy,16,376,10170.0
beetle-13_binary.npy,17,376,10170.0
beetle-13_binary.npy,18,375,10180.0
beetle-13_binary.npy,19,375,10180.0
beetle-13_binary.npy,20,375,10180.0
beetle-13_binary.npy,21,375,10180.0
beetle-13_binary.npy,22,375,10180.0
beetle-13_binary.npy,23,375,10180.0
beetle-13_binary.npy,24,375,10180.0
beetle-13_binary.npy,25,375,10180.0
beetle-13_binary.npy,26,375,10180.0
beetle-13_binary.npy,27,375,10180.0
beetle-13_binary.npy,28,375,10180.0
beetle-13_binary.npy,29,375,10180.0
beetle-13_binary.npy,30,375,10180.0
beetle-16_binary.npy,0,348,9879.0
beetle-16_binary.npy,1,320,10159.0
beetle-16_binary.npy,2,320,10159.0
beetle-16_binary.npy,3,315,10209.0
beetle-16_binary.npy,4,305,10309.0
beetle-16_binary.npy,5,305,10309.0
beetle-16_binary.npy,6,305,10309.0
beetle-16_binary.npy,7,305,10309.0
beetle-16_binary.npy,8,301,10349.0
beetle-16_binary.npy,9,301,10349.0
beetle-16_binary.npy,10,301,10349.0
beetle-16_binary.npy,11,301,10349.0
beetle-16_binary.npy,12,300,10359.0
beetle-16_binary.npy,13,300,10359.0
beetle-16_binary.npy,14,300,10359.0
beetle-16_binary.npy,15,300,10359.0
beetle-16_binary.npy,16,299,10369.0
beetle-16_binary.npy,17,299,10369.0
beetle-16_binary.npy,18,299,10369.0
beetle-16_binary.npy,19,299,10369.0
beetle-16_binary.npy,20,298,10379.0
beetle-16_binary.npy,21,298,10379.0
beetle-16_binary.npy,22,298,10379.0
beetle-16_binary.npy,23,298,10379.0
beetle-16_binary.npy,24,298,10379.0
beetle-16_binary.npy,25,298,10379.0
beetle-16_binary.npy,26,298,10379.0
beetle-16_binary.npy,27,298,10379.0
beetle-16_binary.npy,28,298,10379.0
beetle-16_binary.npy,29,298,10379.0
beetle-16_binary.npy,30,298,10379.0
beetle-16_binary.npy,31,298,10379.0
beetle-16_binary.npy,32,298,10379.0
beetle-1_binary.npy,0,1201,48809.0
beetle-1_binary.npy,1,826,52559.0
beetle-1_binary.npy,2,778,53039.0
beetle-1_binary.npy,3,778,53039.0
beetle-1_binary.npy,4,778,53039.0
beetle-1_binary.npy,5,735,53469.0
beetle-1_binary.npy,6,717,53649.0
beetle-1_binary.npy,7,681,54009.0
beetle-1_binary.npy,8,681,54009.0
beetle-1_binary.npy,9,681,54009.0
beetle-1_binary.npy,10,664,54179.0
beetle-1_binary.npy,11,636,54459.0
beetle-1_binary.npy,12,633,54489.0
beetle-1_binary.npy,13,626,54559.0
beetle-1_binary.npy,14,619,54629.0
beetle-1_binary.npy,15,619,54629.0
beetle-1_binary.npy,16,609,54729.0
beetle-1_binary.npy,17,607,54749.0
beetle-1_binary.npy,18,602,54799.0
beetle-1_binary.npy,19,601,54809.0
beetle-1_binary.npy,20,599,54829.0
beetle-1_binary.npy,21,596,54859.0
beetle-1_binary.npy,22,595,54869.0
beetle-1_binary.npy,23,595,54869.0
beetle-1_binary.npy,24,593,54889.0
beetle-1_binary.npy,25,593,54889.0
beetle-1_binary.npy,26,593,54889.0
beetle-1_binary.npy,27,593,54889.0
beetle-1_binary.npy,28,593,54889.0
beetle-1_binary.npy,29,593,54889.0
beetle-1_binary.npy,30,586,54959.0
beetle-1_binary.npy,31,586,54959.0
beetle-1_binary.npy,32,586,54959.0
beetle-1_binary.npy,33,586,54959.0
beetle-1_binary.npy,34,586,54959.0
beetle-1_binary.npy,35,586,54959.0
beetle-1_binary.npy,36,586,54959.0
beetle-1_binary.npy,37,586,54959.0
beetle-1_binary.npy,38,586,54959.0
beetle-1_binary.npy,39,586,54959.0
beetle-1_binary.npy,40,586,54959.0
beetle-1_binary.npy,41,586,54959.0
beetle-1_binary.npy,42,586,54959.0
bell-13_binary.npy,0,253,23736.0
bell-13_binary.npy,1,189,24376.0
bell-13_binary.npy,2,169,24576.0
bell-13_binary.npy,3,169,24576.0
bell-13_binary.npy,4,167,24596.0
bell-13_binary.npy,5,156,24706.0
bell-13_binary.npy,6,152,24746.0
bell-13_binary.npy,7,152,24746.0
bell-13_binary.npy,8,144,24826.0
bell-13_binary.npy,9,142,24846.0
bell-13_binary.npy,10,142,24846.0
bell-13_binary.npy,11,137,24896.0
bell-13_binary.npy,12,137,24896.0
bell-13_binary.npy,13,137,24896.0
bell-13_binary.npy,14,136,24906.0
bell-13_binary.npy,15,136,24906.0
bell-13_binary.npy,16,136,24906.0
bell-13_binary.npy,17,136,24906.0
bell-13_binary.npy,18,136,24906.0
bell-13_binary.npy,19,136,24906.0
bell-13_binary.npy,20,136,24906.0
bell-13_binary.npy,21,136,24906.0
bell-13_binary.npy,22,136,24906.0
bell-13_binary.npy,23,136,24906.0
bell-13_binary.npy,24,136,24906.0
bell-13_binary.npy,25,136,24906.0
bell-13_binary.npy,26,136,24906.0
bell-20_binary.npy,0,257,22900.0
bell-20_binary.npy,1,200,23470.0
bell-20_binary.npy,2,187,23600.0
bell-20_binary.npy,3,170,23770.0
bell-20_binary.npy,4,170,23770.0
bell-20_binary.npy,5,166,23810.0
bell-20_binary.npy,6,161,23860.0
bell-20_binary.npy,7,161,23860.0
bell-20_binary.npy,8,158,23890.0
bell-20_binary.npy,9,154,23930.0
bell-20_binary.npy,10,152,23950.0
bell-20_binary.npy,11,151,23960.0
bell-20_binary.npy,12,148,23990.0
bell-20_binary.npy,13,147,24000.0
bell-20_binary.npy,14,147,24000.0
bell-20_binary.npy,15,147,24000.0
bell-20_binary.npy,16,147,24000.0
bell-20_binary.npy,17,147,24000.0
bell-20_binary.npy,18,147,24000.0
bell-20_binary.npy,19,147,24000.0
bell-20_binary.npy,20,147,24000.0
bell-20_binary.npy,21,147,24000.0
bell-20_binary.npy,22,147,24000.0
bell-20_binary.npy,23,147,24000.0
bell-20_binary.npy,24,147,24000.0
bell-20_binary.npy,25,147,24000.0
bell-2_binary.npy,0,64,1643.0
bell-2_binary.npy,1,51,1773.0
bell-2_binary.npy,2,40,1883.0
bell-2_binary.npy,3,40,1883.0
bell-2_binary.npy,4,38,1903.0
bell-2_binary.npy,5,35,1933.0
bell-2_binary.npy,6,35,1933.0
bell-2_binary.npy,7,35,1933.0
bell-2_binary.npy,8,34,1943.0
bell-2_binary.npy,9,34,1943.0
bell-2_binary.npy,10,33,1953.0
bell-2_binary.npy,11,33,1953.0
bell-2_binary.npy,12,33,1953.0
bell-2_binary.npy,13,33,1953.0
bell-2_binary.npy,14,33,1953.0
bell-2_binary.npy,15,33,1953.0
bell-2_binary.npy,16,33,1953.0
bell-2_binary.npy,17,33,1953.0
bell-2_binary.npy,18,33,1953.0
bell-2_binary.npy,19,33,1953.0
bell-2_binary.npy,20,33,1953.0
bell-2_binary.npy,21,33,1953.0
bell-2_binary.npy,22,33,1953.0
bell-7_binary.npy,0,149,8020.0
bell-7_binary.npy,1,133,8180.0
bell-7_binary.npy,2,107,8440.0
bell-7_binary.npy,3,107,8440.0
bell-7_binary.npy,4,95,8560.0
bell-7_binary.npy,5,90,8610.0
bell-7_binary.npy,6,90,8610.0
bell-7_binary.npy,7,90,8610.0
bell-7_binary.npy,8,83,8680.0
bell-7_binary.npy,9,83,8680.0
bell-7_binary.npy,10,82,8690.0
bell-7_binary.npy,11,82,8690.0
bell-7_binary.npy,12,82,8690.0
bell-7_binary.npy,13,80,8710.0
bell-7_binary.npy,14,79,8720.0
bell-7_binary.npy,15,79,8720.0
bell-7_binary.npy,16,79,8720.0
bell-7_binary.npy,17,79,8720.0
bell-7_binary.npy,18,79,8720.0
bell-7_binary.npy,19,79,8720.0
bell-7_binary.npy,20,79,8720.0
bell-7_binary.npy,21,79,8720.0
bell-7_binary.npy,22,79,8720.0
bell-7_binary.npy,23,79,8720.0
bell-7_binary.npy,24,79,8720.0
bell-7_binary.npy,25,79,8720.0
bell-7_binary.npy,26,79,8720.0
bird-11_binary.npy,0,330,23118.0
bird-11_binary.npy,1,296,23458.0
bird-11_binary.npy,2,290,23518.0
bird-11_binary.npy,3,287,23548.0
bird-11_binary.npy,4,277,23648.0
bird-11_binary.npy,5,277,23648.0
bird-11_binary.npy,6,275,23668.0
bird-11_binary.npy,7,274,23678.0
bird-11_binary.npy,8,273,23688.0
bird-11_binary.npy,9,273,23688.0
bird-11_binary.npy,10,272,23698.0
bird-11_binary.npy,11,272,23698.0
bird-11_binary.npy,12,272,23698.0
bird-11_binary.npy,13,272,23698.0
bird-11_binary.npy,14,272,23698.0
bird-11_binary.npy,15,272,23698.0
bird-11_binary.npy,16,272,23698.0
bird-11_binary.npy,17,272,23698.0
bird-11_binary.npy,18,272,23698.0
bird-11_binary.npy,19,272,23698.0
bird-11_binary.npy,20,272,23698.0
bird-11_binary.npy,21,272,23698.0
bird-11_binary.npy,22,272,23698.0
bird-18_binary.npy,0,214,15791.0
bird-18_binary.npy,1,195,15981.0
bird-18_binary.npy,2,193,16001.0
bird-18_binary.npy,3,189,16041.0
bird-18_binary.npy,4,189,16041.0
bird-18_binary.npy,5,189,16041.0
bird-18_binary.npy,6,185,16081.0
bird-18_binary.npy,7,184,16091.0
bird-18_binary.npy,8,182,16111.0
bird-18_binary.npy,9,182,16111.0
bird-18_binary.npy,10,181,16121.0
bird-18_binary.npy,11,181,16121.0
bird-18_binary.npy,12,181,16121.0
bird-18_binary.npy,13,181,16121.0
bird-18_binary.npy,14,181,16121.0
bird-18_binary.npy,15,181,16121.0
bird-18_binary.npy,16,181,16121.0
bird-18_binary.npy,17,181,16121.0
bird-18_binary.npy,18,181,16121.0
bird-18_binary.npy,19,181,16121.0
bird-18_binary.npy,20,181,16121.0
bird-18_binary.npy,21,181,16121.0
bird-18_binary.npy,22,181,16121.0
bird-4_binary.npy,0,485,85141.0
bird-4_binary.npy,1,447,85521.0
bird-4_binary.npy,2,429,85701.0
bird-4_binary.npy,3,416,85831.0
bird-4_binary.npy,4,408,85911.0
bird-4_binary.npy,5,408,85911.0
bird-4_binary.npy,6,408,85911.0
bird-4_binary.npy,7,408,85911.0
bird-4_binary.npy,8,404,85951.0
bird-4_binary.npy,9,401,85981.0
bird-4_binary.npy,10,401,85981.0
bird-4_binary.npy,11,401,85981.0
bird-4_binary.npy,12,401,85981.0
bird-4_binary.npy,13,400,85991.0
bird-4_binary.npy,14,400,85991.0
bird-4_binary.npy,15,400,85991.0
bird-4_binary.npy,16,399,86001.0
bird-4_binary.npy,17,399,86001.0
bird-4_binary.npy,18,399,86001.0
bird-4_binary.npy,19,399,86001.0
bird-4_binary.npy,20,399,86001.0
bird-4_binary.npy,21,399,86001.0
bird-4_binary.npy,22,399,86001.0
bird-4_binary.npy,23,399,86001.0
bird-4_binary.npy,24,399,86001.0
bird-4_binary.npy,25,399,86001.0
bird-4_binary.npy,26,399,86001.0
bird-4_binary.npy,27,399,86001.0
bird-4_binary.npy,28,399,86001.0
bird-9_binary.npy,0,330,23277.0
bird-9_binary.npy,1,299,23587.0
bird-9_binary.npy,2,289,23687.0
bird-9_binary.npy,3,278,23797.0
bird-9_binary.npy,4,270,23877.0
bird-9_binary.npy,5,270,23877.0
bird-9_binary.npy,6,268,23897.0
bird-9_binary.npy,7,264,23937.0
bird-9_binary.npy,8,260,23977.0
bird-9_binary.npy,9,260,23977.0
bird-9_binary.npy,10,258,23997.0
bird-9_binary.npy,11,258,23997.0
bird-9_binary.npy,12,258,23997.0
bird-9_binary.npy,13,256,24017.0
bird-9_binary.npy,14,256,24017.0
bird-9_binary.npy,15,256,24017.0
bird-9_binary.npy,16,256,24017.0
bird-9_binary.npy,17,256,24017.0
bird-9_binary.npy,18,256,24017.0
bird-9_binary.npy,19,256,24017.0
bird-9_binary.npy,20,256,24017.0
bird-9_binary.npy,21,256,24017.0
bird-9_binary.npy,22,256,24017.0
bird-9_binary.npy,23,256,24017.0
bird-9_binary.npy,24,256,24017.0
bird-9_binary.npy,25,256,24017.0
bottle-03_binary.npy,0,50,5087.0
bottle-03_binary.npy,1,48,5107.0
bottle-03_binary.npy,2,44,5147.0
bottle-03_binary.npy,3,44,5147.0
bottle-03_binary.npy,4,44,5147.0
bottle-03_binary.npy,5,44,5147.0
bottle-03_binary.npy,6,44,5147.0
bottle-03_binary.npy,7,44,5147.0
bottle-03_binary.npy,8,44,5147.0
bottle-03_binary.npy,9,44,5147.0
bottle-03_binary.npy,10,44,5147.0
bottle-03_binary.npy,11,44,5147.0
bottle-03_binary.npy,12,44,5147.0
bottle-03_binary.npy,13,44,5147.0
bottle-03_binary.npy,14,44,5147.0
bottle-04_binary.npy,0,52,5336.0
bottle-04_binary.npy,1,49,5366.0
bottle-04_binary.npy,2,48,5376.0
bottle-04_binary.npy,3,48,5376.0
bottle-04_binary.npy,4,48,5376.0
bottle-04_binary.npy,5,48,5376.0
bottle-04_binary.npy,6,48,5376.0
bottle-04_binary.npy,7,48,5376.0
bottle-04_binary.npy,8,48,5376.0
bottle-04_binary.npy,9,48,5376.0
bottle-04_binary.npy,10,48,5376.0
bottle-04_binary.npy,11,48,5376.0
bottle-04_binary.npy,12,48,5376.0
bottle-04_binary.npy,13,48,5376.0
bottle-04_binary.npy,14,48,5376.0
bottle-13_binary.npy,0,47,3986.0
bottle-13_binary.npy,1,45,4006.0
bottle-13_binary.npy,2,44,4016.0
bottle-13_binary.npy,3,42,4036.0
bottle-13_binary.npy,4,41,4046.0
bottle-13_binary.npy,5,41,4046.0
bottle-13_binary.npy,6,41,4046.0
bottle-13_binary.npy,7,41,4046.0
bottle-13_binary.npy,8,41,4046.0
bottle-13_binary.npy,9,41,4046.0
bottle-13_binary.npy,10,41,4046.0
bottle-13_binary.npy,11,41,4046.0
bottle-13_binary.npy,12,41,4046.0
bottle-13_binary.npy,13,41,4046.0
bottle-13_binary.npy,14,41,4046.0
bottle-13_binary.npy,15,41,4046.0
bottle-13_binary.npy,16,41,4046.0
bottle-18_binary.npy,0,55,5171.0
bottle-18_binary.npy,1,55,5171.0
bottle-18_binary.npy,2,55,5171.0
bottle-18_binary.npy,3,55,5171.0
bottle-18_binary.npy,4,55,5171.0
bottle-18_binary.npy,5,55,5171.0
bottle-18_binary.npy,6,55,5171.0
bottle-18_binary.npy,7,55,5171.0
bottle-18_binary.npy,8,55,5171.0
bottle-18_binary.npy,9,55,5171.0
bottle-18_binary.npy,10,55,5171.0
bottle-18_binary.npy,11,55,5171.0
bottle-18_binary.npy,12,55,5171.0
brick-07_binary.npy,0,131,14211.0
brick-07_binary.npy,1,128,14241.0
brick-07_binary.npy,2,126,14261.0
brick-07_binary.npy,3,126,14261.0
brick-07_binary.npy,4,125,14271.0
brick-07_binary.npy,5,125,14271.0
brick-07_binary.npy,6,125,14271.0
brick-07_binary.npy,7,125,14271.0
brick-07_binary.npy,8,125,14271.0
brick-07_binary.npy,9,125,14271.0
brick-07_binary.npy,10,125,14271.0
brick-07_binary.npy,11,125,14271.0
brick-07_binary.npy,12,125,14271.0
brick-07_binary.npy,13,125,14271.0
brick-07_binary.npy,14,125,14271.0
brick-07_binary.npy,15,125,14271.0
brick-07_binary.npy,16,125,14271.0
brick-10_binary.npy,0,105,9091.0
brick-10_binary.npy,1,103,9111.0
brick-10_binary.npy,2,103,9111.0
brick-10_binary.npy,3,103,9111.0
brick-10_binary.npy,4,102,9121.0
brick-10_binary.npy,5,102,9121.0
brick-10_binary.npy,6,102,9121.0
brick-10_binary.npy,7,102,9121.0
brick-10_binary.npy,8,102,9121.0
brick-10_binary.npy,9,102,9121.0
brick-10_binary.npy,10,102,9121.0
brick-10_binary.npy,11,102,9121.0
brick-10_binary.npy,12,102,9121.0
brick-10_binary.npy,13,102,9121.0
brick-10_binary.npy,14,102,9121.0
brick-10_binary.npy,15,102,9121.0
brick-10_binary.npy,16,102,9121.0
brick-12_binary.npy,0,109,10507.0
brick-12_binary.npy,1,106,10537.0
brick-12_binary.npy,2,103,10567.0
brick-12_binary.npy,3,103,10567.0
brick-12_binary.npy,4,103,10567.0
brick-12_binary.npy,5,103,10567.0
brick-12_binary.npy,6,103,10567.0
brick-12_binary.npy,7,103,10567.0
brick-12_binary.npy,8,103,10567.0
brick-12_binary.npy,9,103,10567.0
brick-12_binary.npy,10,103,10567.0
brick-12_binary.npy,11,103,10567.0
brick-12_binary.npy,12,103,10567.0
brick-12_binary.npy,13,103,10567.0
brick-12_binary.npy,14,103,10567.0
brick-18_binary.npy,0,103,10396.0
brick-18_binary.npy,1,97,10456.0
brick-18_binary.npy,2,94,10486.0
brick-18_binary.npy,3,94,10486.0
brick-18_binary.npy,4,94,10486.0
brick-18_binary.npy,5,94,10486.0
brick-18_binary.npy,6,94,10486.0
brick-18_binary.npy,7,94,10486.0
brick-18_binary.npy,8,94,10486.0
brick-18_binary.npy,9,94,10486.0
brick-18_binary.npy,10,94,10486.0
brick-18_binary.npy,11,94,10486.0
brick-18_binary.npy,12,94,10486.0
brick-18_binary.npy,13,94,10486.0
brick-18_binary.npy,14,94,10486.0
butterfly-11_binary.npy,0,968,40537.0
butterfly-11_binary.npy,1,792,42297.0
butterfly-11_binary.npy,2,778,42437.0
butterfly-11_binary.npy,3,744,42777.0
butterfly-11_binary.npy,4,744,42777.0
butterfly-11_binary.npy,5,744,42777.0
butterfly-11_binary.npy,6,744,42777.0
butterfly-11_binary.npy,7,744,42777.0
butterfly-11_binary.npy,8,726,42957.0
butterfly-11_binary.npy,9,708,43137.0
butterfly-11_binary.npy,10,639,43827.0
butterfly-11_binary.npy,11,607,44147.0
butterfly-11_binary.npy,12,607,44147.0
butterfly-11_binary.npy,13,607,44147.0
butterfly-11_binary.npy,14,589,44327.0
butterfly-11_binary.npy,15,589,44327.0
butterfly-11_binary.npy,16,589,44327.0
butterfly-11_binary.npy,17,589,44327.0
butterfly-11_binary.npy,18,581,44407.0
butterfly-11_binary.npy,19,581,44407.0
butterfly-11_binary.npy,20,581,44407.0
butterfly-11_binary.npy,21,575,44467.0
butterfly-11_binary.npy,22,574,44477.0
butterfly-11_binary.npy,23,574,44477.0
butterfly-11_binary.npy,24,573,44487.0
butterfly-11_binary.npy,25,573,44487.0
butterfly-11_binary.npy,26,573,44487.0
butterfly-11_binary.npy,27,572,44497.0
butterfly-11_binary.npy,28,572,44497.0
butterfly-11_binary.npy,29,571,44507.0
butterfly-11_binary.npy,30,571,44507.0
butterfly-11_binary.npy,31,571,44507.0
butterfly-11_binary.npy,32,571,44507.0
butterfly-11_binary.npy,33,571,44507.0
butterfly-11_binary.npy,34,571,44507.0
butterfly-11_binary.npy,35,571,44507.0
butterfly-11_binary.npy,36,571,44507.0
butterfly-11_binary.npy,37,571,44507.0
butterfly-11_binary.npy,38,571,44507.0
butterfly-11_binary.npy,39,571,44507.0
butterfly-11_binary.npy,40,571,44507.0
butterfly-11_binary.npy,41,571,44507.0
butterfly-12_binary.npy,0,540,65644.0
butterfly-12_binary.npy,1,488,66164.0
butterfly-12_binary.npy,2,440,66644.0
butterfly-12_binary.npy,3,425,66794.0
butterfly-12_binary.npy,4,425,66794.0
butterfly-12_binary.npy,5,421,66834.0
butterfly-12_binary.npy,6,402,67024.0
butterfly-12_binary.npy,7,394,67104.0
butterfly-12_binary.npy,8,392,67124.0
butterfly-12_binary.npy,9,392,67124.0
butterfly-12_binary.npy,10,389,67154.0
butterfly-12_binary.npy,11,389,67154.0
butterfly-12_binary.npy,12,385,67194.0
butterfly-12_binary.npy,13,385,67194.0
butterfly-12_binary.npy,14,385,67194.0
butterfly-12_binary.npy,15,385,67194.0
butterfly-12_binary.npy,16,385,67194.0
butterfly-12_binary.npy,17,384,67204.0
butterfly-12_binary.npy,18,384,67204.0
butterfly-12_binary.npy,19,383,67214.0
butterfly-12_binary.npy,20,383,67214.0
butterfly-12_binary.npy,21,383,67214.0
butterfly-12_binary.npy,22,383,67214.0
butterfly-12_binary.npy,23,383,67214.0
butterfly-12_binary.npy,24,383,67214.0
butterfly-12_binary.npy,25,383,67214.0
butterfly-12_binary.npy,26,383,67214.0
butterfly-12_binary.npy,27,383,67214.0
butterfly-12_binary.npy,28,383,67214.0
butterfly-12_binary.npy,29,383,67214.0
butterfly-12_binary.npy,30,383,67214.0
butterfly-12_binary.npy,31,383,67214.0
butterfly-17_binary.npy,0,855,75444.0
butterfly-17_binary.npy,1,734,76654.0
butterfly-17_binary.npy,2,665,77344.0
butterfly-17_binary.npy,3,665,77344.0
butterfly-17_binary.npy,4,626,77734.0
butterfly-17_binary.npy,5,608,77914.0
butterfly-17_binary.npy,6,593,78064.0
butterfly-17_binary.npy,7,589,78104.0
butterfly-17_binary.npy,8,586,78134.0
butterfly-17_binary.npy,9,584,78154.0
butterfly-17_binary.npy,10,582,78174.0
butterfly-17_binary.npy,11,581,78184.0
butterfly-17_binary.npy,12,581,78184.0
butterfly-17_binary.npy,13,581,78184.0
butterfly-17_binary.npy,14,579,78204.0
butterfly-17_binary.npy,15,579,78204.0
butterfly-17_binary.npy,16,579,78204.0
butterfly-17_binary.npy,17,578,78214.0
butterfly-17_binary.npy,18,578,78214.0
butterfly-17_binary.npy,19,578,78214.0
butterfly-17_binary.npy,20,578,78214.0
butterfly-17_binary.npy,21,578,78214.0
butterfly-17_binary.npy,22,578,78214.0
butterfly-17_binary.npy,23,578,78214.0
butterfly-17_binary.npy,24,578,78214.0
butterfly-17_binary.npy,25,578,78214.0
butterfly-17_binary.npy,26,578,78214.0
butterfly-17_binary.npy,27,578,78214.0
butterfly-17_binary.npy,28,578,78214.0
butterfly-17_binary.npy,29,578,78214.0
butterfly-19_binary.npy,0,392,48772.0
butterfly-19_binary.npy,1,306,49632.0
butterfly-19_binary.npy,2,306,49632.0
butterfly-19_binary.npy,3,294,49752.0
butterfly-19_binary.npy,4,285,49842.0
butterfly-19_binary.npy,5,280,49892.0
butterfly-19_binary.npy,6,278,49912.0
butterfly-19_binary.npy,7,274,49952.0
butterfly-19_binary.npy,8,267,50022.0
butterfly-19_binary.npy,9,267,50022.0
butterfly-19_binary.npy,10,263,50062.0
butterfly-19_binary.npy,11,263,50062.0
butterfly-19_binary.npy,12,263,50062.0
butterfly-19_binary.npy,13,263,50062.0
butterfly-19_binary.npy,14,263,50062.0
butterfly-19_binary.npy,15,263,50062.0
butterfly-19_binary.npy,16,263,50062.0
butterfly-19_binary.npy,17,263,50062.0
butterfly-19_binary.npy,18,263,50062.0
butterfly-19_binary.npy,19,263,50062.0
butterfly-19_binary.npy,20,263,50062.0
butterfly-19_binary.npy,21,263,50062.0
butterfly-19_binary.npy,22,263,50062.0
camel-12_binary.npy,0,306,27777.0
camel-12_binary.npy,1,289,27947.0
camel-12_binary.npy,2,280,28037.0
camel-12_binary.npy,3,272,28117.0
camel-12_binary.npy,4,265,28187.0
camel-12_binary.npy,5,265,28187.0
camel-12_binary.npy,6,260,28237.0
camel-12_binary.npy,7,260,28237.0
camel-12_binary.npy,8,260,28237.0
camel-12_binary.npy,9,257,28267.0
camel-12_binary.npy,10,255,28287.0
camel-12_binary.npy,11,255,28287.0
camel-12_binary.npy,12,255,28287.0
camel-12_binary.npy,13,255,28287.0
camel-12_binary.npy,14,255,28287.0
camel-12_binary.npy,15,255,28287.0
camel-12_binary.npy,16,255,28287.0
camel-12_binary.npy,17,255,28287.0
camel-12_binary.npy,18,255,28287.0
camel-12_binary.npy,19,255,28287.0
camel-12_binary.npy,20,255,28287.0
camel-12_binary.npy,21,255,28287.0
camel-12_binary.npy,22,255,28287.0
camel-13_binary.npy,0,363,41436.0
camel-13_binary.npy,1,322,41846.0
camel-13_binary.npy,2,322,41846.0
camel-13_binary.npy,3,308,41986.0
camel-13_binary.npy,4,304,42026.0
camel-13_binary.npy,5,294,42126.0
camel-13_binary.npy,6,290,42166.0
camel-13_binary.npy,7,286,42206.0
camel-13_binary.npy,8,283,42236.0
camel-13_binary.npy,9,283,42236.0
camel-13_binary.npy,10,283,42236.0
camel-13_binary.npy,11,283,42236.0
camel-13_binary.npy,12,281,42256.0
camel-13_binary.npy,13,280,42266.0
camel-13_binary.npy,14,280,42266.0
camel-13_binary.npy,15,280,42266.0
camel-13_binary.npy,16,280,42266.0
camel-13_binary.npy,17,280,42266.0
camel-13_binary.npy,18,280,42266.0
camel-13_binary.npy,19,280,42266.0
camel-13_binary.npy,20,280,42266.0
camel-13_binary.npy,21,280,42266.0
camel-13_binary.npy,22,280,42266.0
camel-13_binary.npy,23,280,42266.0
camel-13_binary.npy,24,280,42266.0
camel-13_binary.npy,25,280,42266.0
camel-17_binary.npy,0,403,29710.0
camel-17_binary.npy,1,368,30060.0
camel-17_binary.npy,2,368,30060.0
camel-17_binary.npy,3,361,30130.0
camel-17_binary.npy,4,356,30180.0
camel-17_binary.npy,5,352,30220.0
camel-17_binary.npy,6,348,30260.0
camel-17_binary.npy,7,348,30260.0
camel-17_binary.npy,8,343,30310.0
camel-17_binary.npy,9,342,30320.0
camel-17_binary.npy,10,342,30320.0
camel-17_binary.npy,11,342,30320.0
camel-17_binary.npy,12,341,30330.0
camel-17_binary.npy,13,341,30330.0
camel-17_binary.npy,14,341,30330.0
camel-17_binary.npy,15,341,30330.0
camel-17_binary.npy,16,341,30330.0
camel-17_binary.npy,17,341,30330.0
camel-17_binary.npy,18,341,30330.0
camel-17_binary.npy,19,341,30330.0
camel-17_binary.npy,20,341,30330.0
camel-17_binary.npy,21,341,30330.0
camel-17_binary.npy,22,341,30330.0
camel-17_binary.npy,23,341,30330.0
camel-17_binary.npy,24,341,30330.0
camel-2_binary.npy,0,448,30826.0
camel-2_binary.npy,1,386,31446.0
camel-2_binary.npy,2,359,31716.0
camel-2_binary.npy,3,359,31716.0
camel-2_binary.npy,4,359,31716.0
camel-2_binary.npy,5,359,31716.0
camel-2_binary.npy,6,359,31716.0
camel-2_binary.npy,7,359,31716.0
camel-2_binary.npy,8,359,31716.0
camel-2_binary.npy,9,359,31716.0
camel-2_binary.npy,10,359,31716.0
camel-2_binary.npy,11,358,31726.0
camel-2_binary.npy,12,358,31726.0
camel-2_binary.npy,13,358,31726.0
camel-2_binary.npy,14,358,31726.0
camel-2_binary.npy,15,356,31746.0
camel-2_binary.npy,16,350,31806.0
camel-2_binary.npy,17,347,31836.0
camel-2_binary.npy,18,339,31916.0
camel-2_binary.npy,19,339,31916.0
camel-2_binary.npy,20,339,31916.0
camel-2_binary.npy,21,337,31936.0
camel-2_binary.npy,22,333,31976.0
camel-2_binary.npy,23,331,31996.0
camel-2_binary.npy,24,329,32016.0
camel-2_binary.npy,25,329,32016.0
camel-2_binary.npy,26,329,32016.0
camel-2_binary.npy,27,329,32016.0
camel-2_binary.npy,28,328,32026.0
camel-2_binary.npy,29,328,32026.0
camel-2_binary.npy,30,328,32026.0
camel-2_binary.npy,31,328,32026.0
camel-2_binary.npy,32,328,32026.0
camel-2_binary.npy,33,328,32026.0
camel-2_binary.npy,34,328,32026.0
camel-2_binary.npy,35,328,32026.0
camel-2_binary.npy,36,328,32026.0
camel-2_binary.npy,37,328,32026.0
camel-2_binary.npy,38,328,32026.0
camel-2_binary.npy,39,328,32026.0
camel-2_binary.npy,40,328,32026.0
car-06_binary.npy,0,98,8451.0
car-06_binary.npy,1,84,8591.0
car-06_binary.npy,2,84,8591.0
car-06_binary.npy,3,84,8591.0
car-06_binary.npy,4,82,8611.0
car-06_binary.npy,5,82,8611.0
car-06_binary.npy,6,79,8641.0
car-06_binary.npy,7,79,8641.0
car-06_binary.npy,8,78,8651.0
car-06_binary.npy,9,78,8651.0
car-06_binary.npy,10,78,8651.0
car-06_binary.npy,11,78,8651.0
car-06_binary.npy,12,78,8651.0
car-06_binary.npy,13,78,8651.0
car-06_binary.npy,14,78,8651.0
car-06_binary.npy,15,78,8651.0
car-06_binary.npy,16,78,8651.0
car-06_binary.npy,17,78,8651.0
car-06_binary.npy,18,78,8651.0
car-06_binary.npy,19,78,8651.0
car-06_binary.npy,20,78,8651.0
car-09_binary.npy,0,98,9483.0
car-09_binary.npy,1,86,9603.0
car-09_binary.npy,2,86,9603.0
car-09_binary.npy,3,83,9633.0
car-09_binary.npy,4,83,9633.0
car-09_binary.npy,5,81,9653.0
car-09_binary.npy,6,77,9693.0
car-09_binary.npy,7,77,9693.0
car-09_binary.npy,8,76,9703.0
car-09_binary.npy,9,76,9703.0
car-09_binary.npy,10,76,9703.0
car-09_binary.npy,11,76,9703.0
car-09_binary.npy,12,76,9703.0
car-09_binary.npy,13,76,9703.0
car-09_binary.npy,14,76,9703.0
car-09_binary.npy,15,76,9703.0
car-09_binary.npy,16,76,9703.0
car-09_binary.npy,17,76,9703.0
car-09_binary.npy,18,76,9703.0
car-09_binary.npy,19,76,9703.0
car-09_binary.npy,20,76,9703.0
car-12_binary.npy,0,117,10554.0
car-12_binary.npy,1,103,10694.0
car-12_binary.npy,2,100,10724.0
car-12_binary.npy,3,100,10724.0
car-12_binary.npy,4,93,10794.0
car-12_binary.npy,5,93,10794.0
car-12_binary.npy,6,93,10794.0
car-12_binary.npy,7,90,10824.0
car-12_binary.npy,8,89,10834.0
car-12_binary.npy,9,89,10834.0
car-12_binary.npy,10,89,10834.0
car-12_binary.npy,11,89,10834.0
car-12_binary.npy,12,89,10834.0
car-12_binary.npy,13,89,10834.0
car-12_binary.npy,14,89,10834.0
car-12_binary.npy,15,89,10834.0
car-12_binary.npy,16,89,10834.0
car-12_binary.npy,17,89,10834.0
car-12_binary.npy,18,89,10834.0
car-12_binary.npy,19,89,10834.0
car-12_binary.npy,20,89,10834.0
car-15_binary.npy,0,118,11019.0
car-15_binary.npy,1,109,11109.0
car-15_binary.npy,2,97,11229.0
car-15_binary.npy,3,97,11229.0
car-15_binary.npy,4,88,11319.0
car-15_binary.npy,5,88,11319.0
car-15_binary.npy,6,85,11349.0
car-15_binary.npy,7,85,11349.0
car-15_binary.npy,8,82,11379.0
car-15_binary.npy,9,82,11379.0
car-15_binary.npy,10,81,11389.0
car-15_binary.npy,11,80,11399.0
car-15_binary.npy,12,79,11409.0
car-15_binary.npy,13,79,11409.0
car-15_binary.npy,14,79,11409.0
car-15_binary.npy,15,79,11409.0
car-15_binary.npy,16,79,11409.0
car-15_binary.npy,17,79,11409.0
car-15_binary.npy,18,79,11409.0
car-15_binary.npy,19,79,11409.0
car-15_binary.npy,20,79,11409.0
car-15_binary.npy,21,79,11409.0
car-15_binary.npy,22,79,11409.0
car-15_binary.npy,23,79,11409.0
car-15_binary.npy,24,79,11409.0
carriage-07_binary.npy,0,224,6983.0
carriage-07_binary.npy,1,190,7323.0
carriage-07_binary.npy,2,175,7473.0
carriage-07_binary.npy,3,155,7673.0
carriage-07_binary.npy,4,155,7673.0
carriage-07_binary.npy,5,151,7713.0
carriage-07_binary.npy,6,148,7743.0
carriage-07_binary.npy,7,148,7743.0
carriage-07_binary.npy,8,148,7743.0
carriage-07_binary.npy,9,148,7743.0
carriage-07_binary.npy,10,144,7783.0
carriage-07_binary.npy,11,144,7783.0
carriage-07_binary.npy,12,141,7813.0
carriage-07_binary.npy,13,141,7813.0
carriage-07_binary.npy,14,141,7813.0
carriage-07_binary.npy,15,141,7813.0
carriage-07_binary.npy,16,141,7813.0
carriage-07_binary.npy,17,141,7813.0
carriage-07_binary.npy,18,141,7813.0
carriage-07_binary.npy,19,141,7813.0
carriage-07_binary.npy,20,141,7813.0
carriage-07_binary.npy,21,141,7813.0
carriage-07_binary.npy,22,141,7813.0
carriage-07_binary.npy,23,141,7813.0
carriage-07_binary.npy,24,141,7813.0
carriage-09_binary.npy,0,248,5842.0
carriage-09_binary.npy,1,208,6242.0
carriage-09_binary.npy,2,193,6392.0
carriage-09_binary.npy,3,177,6552.0
carriage-09_binary.npy,4,176,6562.0
carriage-09_binary.npy,5,175,6572.0
carriage-09_binary.npy,6,170,6622.0
carriage-09_binary.npy,7,164,6682.0
carriage-09_binary.npy,8,164,6682.0
carriage-09_binary.npy,9,154,6782.0
carriage-09_binary.npy,10,154,6782.0
carriage-09_binary.npy,11,151,6812.0
carriage-09_binary.npy,12,150,6822.0
carriage-09_binary.npy,13,148,6842.0
carriage-09_binary.npy,14,146,6862.0
carriage-09_binary.npy,15,146,6862.0
carriage-09_binary.npy,16,146,6862.0
carriage-09_binary.npy,17,146,6862.0
carriage-09_binary.npy,18,145,6872.0
carriage-09_binary.npy,19,145,6872.0
carriage-09_binary.npy,20,145,6872.0
carriage-09_binary.npy,21,145,6872.0
carriage-09_binary.npy,22,145,6872.0
carriage-09_binary.npy,23,145,6872.0
carriage-09_binary.npy,24,145,6872.0
carriage-09_binary.npy,25,145,6872.0
carriage-09_binary.npy,26,145,6872.0
carriage-09_binary.npy,27,145,6872.0
carriage-09_binary.npy,28,145,6872.0
carriage-09_binary.npy,29,145,6872.0
carriage-09_binary.npy,30,145,6872.0
carriage-12_binary.npy,0,250,5603.0
carriage-12_binary.npy,1,205,6053.0
carriage-12_binary.npy,2,184,6263.0
carriage-12_binary.npy,3,178,6323.0
carriage-12_binary.npy,4,166,6443.0
carriage-12_binary.npy,5,163,6473.0
carriage-12_binary.npy,6,161,6493.0
carriage-12_binary.npy,7,158,6523.0
carriage-12_binary.npy,8,158,6523.0
carriage-12_binary.npy,9,151,6593.0
carriage-12_binary.npy,10,149,6613.0
carriage-12_binary.npy,11,147,6633.0
carriage-12_binary.npy,12,146,6643.0
carriage-12_binary.npy,13,146,6643.0
carriage-12_binary.npy,14,146,6643.0
carriage-12_binary.npy,15,146,6643.0
carriage-12_binary.npy,16,146,6643.0
carriage-12_binary.npy,17,146,6643.0
carriage-12_binary.npy,18,146,6643.0
carriage-12_binary.npy,19,146,6643.0
carriage-12_binary.npy,20,146,6643.0
carriage-12_binary.npy,21,146,6643.0
carriage-12_binary.npy,22,146,6643.0
carriage-12_binary.npy,23,146,6643.0
carriage-12_binary.npy,24,146,6643.0
carriage-20_binary.npy,0,216,6305.0
carriage-20_binary.npy,1,183,6635.0
carriage-20_binary.npy,2,183,6635.0
carriage-20_binary.npy,3,174,6725.0
carriage-20_binary.npy,4,168,6785.0
carriage-20_binary.npy,5,168,6785.0
carriage-20_binary.npy,6,166,6805.0
carriage-20_binary.npy,7,163,6835.0
carriage-20_binary.npy,8,163,6835.0
carriage-20_binary.npy,9,162,6845.0
carriage-20_binary.npy,10,161,6855.0
carriage-20_binary.npy,11,159,6875.0
carriage-20_binary.npy,12,158,6885.0
carriage-20_binary.npy,13,157,6895.0
carriage-20_binary.npy,14,157,6895.0
carriage-20_binary.npy,15,157,6895.0
carriage-20_binary.npy,16,157,6895.0
carriage-20_binary.npy,17,157,6895.0
carriage-20_binary.npy,18,157,6895.0
carriage-20_binary.npy,19,157,6895.0
carriage-20_binary.npy,20,157,6895.0
carriage-20_binary.npy,21,157,6895.0
carriage-20_binary.npy,22,157,6895.0
carriage-20_binary.npy,23,157,6895.0
carriage-20_binary.npy,24,157,6895.0
carriage-20_binary.npy,25,157,6895.0
cattle-12_binary.npy,0,698,58174.0
cattle-12_binary.npy,1,541,59744.0
cattle-12_binary.npy,2,505,60104.0
cattle-12_binary.npy,3,505,60104.0
cattle-12_binary.npy,4,505,60104.0
cattle-12_binary.npy,5,505,60104.0
cattle-12_binary.npy,6,505,60104.0
cattle-12_binary.npy,7,448,60674.0
cattle-12_binary.npy,8,448,60674.0
cattle-12_binary.npy,9,402,61134.0
cattle-12_binary.npy,10,393,61224.0
cattle-12_binary.npy,11,393,61224.0
cattle-12_binary.npy,12,393,61224.0
cattle-12_binary.npy,13,384,61314.0
cattle-12_binary.npy,14,380,61354.0
cattle-12_binary.npy,15,376,61394.0
cattle-12_binary.npy,16,369,61464.0
cattle-12_binary.npy,17,369,61464.0
cattle-12_binary.npy,18,366,61494.0
cattle-12_binary.npy,19,366,61494.0
cattle-12_binary.npy,20,363,61524.0
cattle-12_binary.npy,21,363,61524.0
cattle-12_binary.npy,22,361,61544.0
cattle-12_binary.npy,23,361,61544.0
cattle-12_binary.npy,24,361,61544.0
cattle-12_binary.npy,25,361,61544.0
cattle-12_binary.npy,26,361,61544.0
cattle-12_binary.npy,27,361,61544.0
cattle-12_binary.npy,28,361,61544.0
cattle-12_binary.npy,29,361,61544.0
cattle-12_binary.npy,30,361,61544.0
cattle-12_binary.npy,31,361,61544.0
cattle-12_binary.npy,32,361,61544.0
cattle-12_binary.npy,33,361,61544.0
cattle-12_binary.npy,34,361,61544.0
cattle-15_binary.npy,0,951,55082.0
cattle-15_binary.npy,1,835,56242.0
cattle-15_binary.npy,2,792,56672.0
cattle-15_binary.npy,3,792,56672.0
cattle-15_binary.npy,4,754,57052.0
cattle-15_binary.npy,5,748,57112.0
cattle-15_binary.npy,6,748,57112.0
cattle-15_binary.npy,7,736,57232.0
cattle-15_binary.npy,8,732,57272.0
cattle-15_binary.npy,9,730,57292.0
cattle-15_binary.npy,10,728,57312.0
cattle-15_binary.npy,11,728,57312.0
cattle-15_binary.npy,12,728,57312.0
cattle-15_binary.npy,13,726,57332.0
cattle-15_binary.npy,14,726,57332.0
cattle-15_binary.npy,15,725,57342.0
cattle-15_binary.npy,16,725,57342.0
cattle-15_binary.npy,17,725,57342.0
cattle-15_binary.npy,18,725,57342.0
cattle-15_binary.npy,19,725,57342.0
cattle-15_binary.npy,20,725,57342.0
cattle-15_binary.npy,21,724,57352.0
cattle-15_binary.npy,22,724,57352.0
cattle-15_binary.npy,23,724,57352.0
cattle-15_binary.npy,24,724,57352.0
cattle-15_binary.npy,25,724,57352.0
cattle-15_binary.npy,26,724,57352.0
cattle-15_binary.npy,27,724,57352.0
cattle-15_binary.npy,28,724,57352.0
cattle-15_binary.npy,29,724,57352.0
cattle-15_binary.npy,30,724,57352.0
cattle-15_binary.npy,31,724,57352.0
cattle-15_binary.npy,32,724,57352.0
cattle-15_binary.npy,33,724,57352.0
cattle-17_binary.npy,0,822,113120.0
cattle-17_binary.npy,1,726,114080.0
cattle-17_binary.npy,2,712,114220.0
cattle-17_binary.npy,3,700,114340.0
cattle-17_binary.npy,4,697,114370.0
cattle-17_binary.npy,5,687,114470.0
cattle-17_binary.npy,6,682,114520.0
cattle-17_binary.npy,7,680,114540.0
cattle-17_binary.npy,8,677,114570.0
cattle-17_binary.npy,9,677,114570.0
cattle-17_binary.npy,10,674,114600.0
cattle-17_binary.npy,11,674,114600.0
cattle-17_binary.npy,12,673,114610.0
cattle-17_binary.npy,13,673,114610.0
cattle-17_binary.npy,14,671,114630.0
cattle-17_binary.npy,15,671,114630.0
cattle-17_binary.npy,16,671,114630.0
cattle-17_binary.npy,17,671,114630.0
cattle-17_binary.npy,18,671,114630.0
cattle-17_binary.npy,19,671,114630.0
cattle-17_binary.npy,20,671,114630.0
cattle-17_binary.npy,21,671,114630.0
cattle-17_binary.npy,22,671,114630.0
cattle-17_binary.npy,23,671,114630.0
cattle-17_binary.npy,24,671,114630.0
cattle-17_binary.npy,25,671,114630.0
cattle-17_binary.npy,26,671,114630.0
cattle-7_binary.npy,0,813,49868.0
cattle-7_binary.npy,1,696,51038.0
cattle-7_binary.npy,2,696,51038.0
cattle-7_binary.npy,3,644,51558.0
cattle-7_binary.npy,4,636,51638.0
cattle-7_binary.npy,5,636,51638.0
cattle-7_binary.npy,6,625,51748.0
cattle-7_binary.npy,7,625,51748.0
cattle-7_binary.npy,8,619,51808.0
cattle-7_binary.npy,9,616,51838.0
cattle-7_binary.npy,10,615,51848.0
cattle-7_binary.npy,11,609,51908.0
cattle-7_binary.npy,12,604,51958.0
cattle-7_binary.npy,13,603,51968.0
cattle-7_binary.npy,14,603,51968.0
cattle-7_binary.npy,15,601,51988.0
cattle-7_binary.npy,16,601,51988.0
cattle-7_binary.npy,17,601,51988.0
cattle-7_binary.npy,18,601,51988.0
cattle-7_binary.npy,19,601,51988.0
cattle-7_binary.npy,20,601,51988.0
cattle-7_binary.npy,21,601,51988.0
cattle-7_binary.npy,22,601,51988.0
cattle-7_binary.npy,23,600,51998.0
cattle-7_binary.npy,24,600,51998.0
cattle-7_binary.npy,25,600,51998.0
cattle-7_binary.npy,26,600,51998.0
cattle-7_binary.npy,27,600,51998.0
cattle-7_binary.npy,28,600,51998.0
cattle-7_binary.npy,29,600,51998.0
cattle-7_binary.npy,30,600,51998.0
cattle-7_binary.npy,31,600,51998.0
cattle-7_binary.npy,32,600,51998.0
cattle-7_binary.npy,33,600,51998.0
cattle-7_binary.npy,34,600,51998.0
cattle-7_binary.npy,35,600,51998.0
cellular_phone-15_binary.npy,0,109,26478.0
cellular_phone-15_binary.npy,1,93,26638.0
cellular_phone-15_binary.npy,2,80,26768.0
cellular_phone-15_binary.npy,3,76,26808.0
cellular_phone-15_binary.npy,4,62,26948.0
cellular_phone-15_binary.npy,5,58,26988.0
cellular_phone-15_binary.npy,6,52,27048.0
cellular_phone-15_binary.npy,7,52,27048.0
cellular_phone-15_binary.npy,8,50,27068.0
cellular_phone-15_binary.npy,9,48,27088.0
cellular_phone-15_binary.npy,10,47,27098.0
cellular_phone-15_binary.npy,11,46,27108.0
cellular_phone-15_binary.npy,12,45,27118.0
cellular_phone-15_binary.npy,13,44,27128.0
cellular_phone-15_binary.npy,14,43,27138.0
cellular_phone-15_binary.npy,15,43,27138.0
cellular_phone-15_binary.npy,16,43,27138.0
cellular_phone-15_binary.npy,17,43,27138.0
cellular_phone-15_binary.npy,18,43,27138.0
cellular_phone-15_binary.npy,19,43,27138.0
cellular_phone-15_binary.npy,20,43,27138.0
cellular_phone-15_binary.npy,21,43,27138.0
cellular_phone-15_binary.npy,22,43,27138.0
cellular_phone-15_binary.npy,23,43,27138.0
cellular_phone-15_binary.npy,24,43,27138.0
cellular_phone-15_binary.npy,25,43,27138.0
cellular_phone-15_binary.npy,26,43,27138.0
cellular_phone-18_binary.npy,0,119,35650.0
cellular_phone-18_binary.npy,1,90,35940.0
cellular_phone-18_binary.npy,2,80,36040.0
cellular_phone-18_binary.npy,3,62,36220.0
cellular_phone-18_binary.npy,4,61,36230.0
cellular_phone-18_binary.npy,5,57,36270.0
cellular_phone-18_binary.npy,6,57,36270.0
cellular_phone-18_binary.npy,7,56,36280.0
cellular_phone-18_binary.npy,8,51,36330.0
cellular_phone-18_binary.npy,9,50,36340.0
cellular_phone-18_binary.npy,10,47,36370.0
cellular_phone-18_binary.npy,11,45,36390.0
cellular_phone-18_binary.npy,12,44,36400.0
cellular_phone-18_binary.npy,13,43,36410.0
cellular_phone-18_binary.npy,14,43,36410.0
cellular_phone-18_binary.npy,15,43,36410.0
cellular_phone-18_binary.npy,16,43,36410.0
cellular_phone-18_binary.npy,17,43,36410.0
cellular_phone-18_binary.npy,18,43,36410.0
cellular_phone-18_binary.npy,19,43,36410.0
cellular_phone-18_binary.npy,20,43,36410.0
cellular_phone-18_binary.npy,21,43,36410.0
cellular_phone-18_binary.npy,22,43,36410.0
cellular_phone-18_binary.npy,23,43,36410.0
cellular_phone-18_binary.npy,24,43,36410.0
cellular_phone-18_binary.npy,25,43,36410.0
cellular_phone-2_binary.npy,0,108,27356.0
cellular_phone-2_binary.npy,1,96,27476.0
cellular_phone-2_binary.npy,2,81,27626.0
cellular_phone-2_binary.npy,3,71,27726.0
cellular_phone-2_binary.npy,4,66,27776.0
cellular_phone-2_binary.npy,5,56,27876.0
cellular_phone-2_binary.npy,6,56,27876.0
cellular_phone-2_binary.npy,7,55,27886.0
cellular_phone-2_binary.npy,8,55,27886.0
cellular_phone-2_binary.npy,9,54,27896.0
cellular_phone-2_binary.npy,10,50,27936.0
cellular_phone-2_binary.npy,11,49,27946.0
cellular_phone-2_binary.npy,12,47,27966.0
cellular_phone-2_binary.npy,13,47,27966.0
cellular_phone-2_binary.npy,14,46,27976.0
cellular_phone-2_binary.npy,15,45,27986.0
cellular_phone-2_binary.npy,16,45,27986.0
cellular_phone-2_binary.npy,17,45,27986.0
cellular_phone-2_binary.npy,18,45,27986.0
cellular_phone-2_binary.npy,19,45,27986.0
cellular_phone-2_binary.npy,20,45,27986.0
cellular_phone-2_binary.npy,21,45,27986.0
cellular_phone-2_binary.npy,22,45,27986.0
cellular_phone-2_binary.npy,23,45,27986.0
cellular_phone-2_binary.npy,24,45,27986.0
cellular_phone-2_binary.npy,25,45,27986.0
cellular_phone-2_binary.npy,26,45,27986.0
cellular_phone-2_binary.npy,27,45,27986.0
cellular_phone-4_binary.npy,0,133,43019.0
cellular_phone-4_binary.npy,1,103,43319.0
cellular_phone-4_binary.npy,2,103,43319.0
cellular_phone-4_binary.npy,3,103,43319.0
cellular_phone-4_binary.npy,4,77,43579.0
cellular_phone-4_binary.npy,5,77,43579.0
cellular_phone-4_binary.npy,6,77,43579.0
cellular_phone-4_binary.npy,7,65,43699.0
cellular_phone-4_binary.npy,8,65,43699.0
cellular_phone-4_binary.npy,9,65,43699.0
cellular_phone-4_binary.npy,10,57,43779.0
cellular_phone-4_binary.npy,11,57,43779.0
cellular_phone-4_binary.npy,12,57,43779.0
cellular_phone-4_binary.npy,13,57,43779.0
cellular_phone-4_binary.npy,14,53,43819.0
cellular_phone-4_binary.npy,15,51,43839.0
cellular_phone-4_binary.npy,16,51,43839.0
cellular_phone-4_binary.npy,17,50,43849.0
cellular_phone-4_binary.npy,18,49,43859.0
cellular_phone-4_binary.npy,19,49,43859.0
cellular_phone-4_binary.npy,20,49,43859.0
cellular_phone-4_binary.npy,21,49,43859.0
cellular_phone-4_binary.npy,22,49,43859.0
cellular_phone-4_binary.npy,23,49,43859.0
cellular_phone-4_binary.npy,24,49,43859.0
cellular_phone-4_binary.npy,25,49,43859.0
cellular_phone-4_binary.npy,26,49,43859.0
cellular_phone-4_binary.npy,27,49,43859.0
cellular_phone-4_binary.npy,28,49,43859.0
cellular_phone-4_binary.npy,29,49,43859.0
cellular_phone-4_binary.npy,30,49,43859.0
chicken-11_binary.npy,0,144,6085.0
chicken-11_binary.npy,1,115,6375.0
chicken-11_binary.npy,2,115,6375.0
chicken-11_binary.npy,3,106,6465.0
chicken-11_binary.npy,4,106,6465.0
chicken-11_binary.npy,5,105,6475.0
chicken-11_binary.npy,6,105,6475.0
chicken-11_binary.npy,7,104,6485.0
chicken-11_binary.npy,8,102,6505.0
chicken-11_binary.npy,9,102,6505.0
chicken-11_binary.npy,10,102,6505.0
chicken-11_binary.npy,11,102,6505.0
chicken-11_binary.npy,12,102,6505.0
chicken-11_binary.npy,13,102,6505.0
chicken-11_binary.npy,14,101,6515.0
chicken-11_binary.npy,15,101,6515.0
chicken-11_binary.npy,16,101,6515.0
chicken-11_binary.npy,17,101,6515.0
chicken-11_binary.npy,18,101,6515.0
chicken-11_binary.npy,19,101,6515.0
chicken-11_binary.npy,20,101,6515.0
chicken-11_binary.npy,21,101,6515.0
chicken-11_binary.npy,22,101,6515.0
chicken-11_binary.npy,23,101,6515.0
chicken-11_binary.npy,24,101,6515.0
chicken-11_binary.npy,25,101,6515.0
chicken-11_binary.npy,26,101,6515.0
chicken-17_binary.npy,0,399,29056.0
chicken-17_binary.npy,1,322,29826.0
chicken-17_binary.npy,2,314,29906.0
chicken-17_binary.npy,3,309,29956.0
chicken-17_binary.npy,4,297,30076.0
chicken-17_binary.npy,5,297,30076.0
chicken-17_binary.npy,6,283,30216.0
chicken-17_binary.npy,7,283,30216.0
chicken-17_binary.npy,8,275,30296.0
chicken-17_binary.npy,9,273,30316.0
chicken-17_binary.npy,10,273,30316.0
chicken-17_binary.npy,11,271,30336.0
chicken-17_binary.npy,12,267,30376.0
chicken-17_binary.npy,13,267,30376.0
chicken-17_binary.npy,14,266,30386.0
chicken-17_binary.npy,15,265,30396.0
chicken-17_binary.npy,16,264,30406.0
chicken-17_binary.npy,17,264,30406.0
chicken-17_binary.npy,18,264,30406.0
chicken-17_binary.npy,19,264,30406.0
chicken-17_binary.npy,20,264,30406.0
chicken-17_binary.npy,21,264,30406.0
chicken-17_binary.npy,22,264,30406.0
chicken-17_binary.npy,23,264,30406.0
chicken-17_binary.npy,24,264,30406.0
chicken-17_binary.npy,25,264,30406.0
chicken-17_binary.npy,26,264,30406.0
chicken-17_binary.npy,27,264,30406.0
chicken-17_binary.npy,28,264,30406.0
chicken-1_binary.npy,0,556,63953.0
chicken-1_binary.npy,1,473,64783.0
chicken-1_binary.npy,2,449,65023.0
chicken-1_binary.npy,3,434,65173.0
chicken-1_binary.npy,4,423,65283.0
chicken-1_binary.npy,5,416,65353.0
chicken-1_binary.npy,6,416,65353.0
chicken-1_binary.npy,7,407,65443.0
chicken-1_binary.npy,8,405,65463.0
chicken-1_binary.npy,9,405,65463.0
chicken-1_binary.npy,10,400,65513.0
chicken-1_binary.npy,11,396,65553.0
chicken-1_binary.npy,12,396,65553.0
chicken-1_binary.npy,13,395,65563.0
chicken-1_binary.npy,14,394,65573.0
chicken-1_binary.npy,15,394,65573.0
chicken-1_binary.npy,16,394,65573.0
chicken-1_binary.npy,17,394,65573.0
chicken-1_binary.npy,18,394,65573.0
chicken-1_binary.npy,19,394,65573.0
chicken-1_binary.npy,20,394,65573.0
chicken-1_binary.npy,21,394,65573.0
chicken-1_binary.npy,22,394,65573.0
chicken-1_binary.npy,23,394,65573.0
chicken-1_binary.npy,24,394,65573.0
chicken-1_binary.npy,25,394,65573.0
chicken-1_binary.npy,26,394,65573.0
chicken-7_binary.npy,0,127,4100.0
chicken-7_binary.npy,1,111,4260.0
chicken-7_binary.npy,2,109,4280.0
chicken-7_binary.npy,3,96,4410.0
chicken-7_binary.npy,4,96,4410.0
chicken-7_binary.npy,5,90,4470.0
chicken-7_binary.npy,6,83,4540.0
chicken-7_binary.npy,7,80,4570.0
chicken-7_binary.npy,8,78,4590.0
chicken-7_binary.npy,9,78,4590.0
chicken-7_binary.npy,10,77,4600.0
chicken-7_binary.npy,11,77,4600.0
chicken-7_binary.npy,12,77,4600.0
chicken-7_binary.npy,13,77,4600.0
chicken-7_binary.npy,14,77,4600.0
chicken-7_binary.npy,15,77,4600.0
chicken-7_binary.npy,16,77,4600.0
chicken-7_binary.npy,17,77,4600.0
chicken-7_binary.npy,18,77,4600.0
chicken-7_binary.npy,19,77,4600.0
chicken-7_binary.npy,20,77,4600.0
chicken-7_binary.npy,21,77,4600.0
chicken-7_binary.npy,22,77,4600.0
children-11_binary.npy,0,87,5618.0
children-11_binary.npy,1,85,5638.0
children-11_binary.npy,2,80,5688.0
children-11_binary.npy,3,79,5698.0
children-11_binary.npy,4,72,5768.0
children-11_binary.npy,5,71,5778.0
children-11_binary.npy,6,70,5788.0
children-11_binary.npy,7,70,5788.0
children-11_binary.npy,8,70,5788.0
children-11_binary.npy,9,70,5788.0
children-11_binary.npy,10,70,5788.0
children-11_binary.npy,11,70,5788.0
children-11_binary.npy,12,70,5788.0
children-11_binary.npy,13,70,5788.0
children-11_binary.npy,14,70,5788.0
children-11_binary.npy,15,70,5788.0
children-11_binary.npy,16,70,5788.0
children-11_binary.npy,17,70,5788.0
children-11_binary.npy,18,70,5788.0
children-17_binary.npy,0,97,5378.0
children-17_binary.npy,1,88,5468.0
children-17_binary.npy,2,85,5498.0
children-17_binary.npy,3,83,5518.0
children-17_binary.npy,4,81,5538.0
children-17_binary.npy,5,80,5548.0
children-17_binary.npy,6,80,5548.0
children-17_binary.npy,7,79,5558.0
children-17_binary.npy,8,79,5558.0
children-17_binary.npy,9,79,5558.0
children-17_binary.npy,10,79,5558.0
children-17_binary.npy,11,79,5558.0
children-17_binary.npy,12,79,5558.0
children-17_binary.npy,13,79,5558.0
children-17_binary.npy,14,79,5558.0
children-17_binary.npy,15,79,5558.0
children-17_binary.npy,16,79,5558.0
children-17_binary.npy,17,79,5558.0
children-17_binary.npy,18,79,5558.0
children-17_binary.npy,19,79,5558.0
children-1_binary.npy,0,87,5550.0
children-1_binary.npy,1,78,5640.0
children-1_binary.npy,2,77,5650.0
children-1_binary.npy,3,73,5690.0
children-1_binary.npy,4,72,5700.0
children-1_binary.npy,5,71,5710.0
children-1_binary.npy,6,70,5720.0
children-1_binary.npy,7,69,5730.0
children-1_binary.npy,8,69,5730.0
children-1_binary.npy,9,69,5730.0
children-1_binary.npy,10,69,5730.0
children-1_binary.npy,11,69,5730.0
children-1_binary.npy,12,69,5730.0
children-1_binary.npy,13,69,5730.0
children-1_binary.npy,14,69,5730.0
children-1_binary.npy,15,69,5730.0
children-1_binary.npy,16,69,5730.0
children-1_binary.npy,17,69,5730.0
children-1_binary.npy,18,69,5730.0
children-1_binary.npy,19,69,5730.0
children-2_binary.npy,0,87,5588.0
children-2_binary.npy,1,79,5668.0
children-2_binary.npy,2,76,5698.0
children-2_binary.npy,3,76,5698.0
children-2_binary.npy,4,76,5698.0
children-2_binary.npy,5,71,5748.0
children-2_binary.npy,6,71,5748.0
children-2_binary.npy,7,70,5758.0
children-2_binary.npy,8,70,5758.0
children-2_binary.npy,9,70,5758.0
children-2_binary.npy,10,69,5768.0
children-2_binary.npy,11,69,5768.0
children-2_binary.npy,12,69,5768.0
children-2_binary.npy,13,69,5768.0
children-2_binary.npy,14,69,5768.0
children-2_binary.npy,15,69,5768.0
children-2_binary.npy,16,69,5768.0
children-2_binary.npy,17,69,5768.0
children-2_binary.npy,18,69,5768.0
children-2_binary.npy,19,69,5768.0
children-2_binary.npy,20,69,5768.0
children-2_binary.npy,21,69,5768.0
children-2_binary.npy,22,69,5768.0
chopper-03_binary.npy,0,158,11122.0
chopper-03_binary.npy,1,140,11302.0
chopper-03_binary.npy,2,135,11352.0
chopper-03_binary.npy,3,133,11372.0
chopper-03_binary.npy,4,129,11412.0
chopper-03_binary.npy,5,129,11412.0
chopper-03_binary.npy,6,128,11422.0
chopper-03_binary.npy,7,128,11422.0
chopper-03_binary.npy,8,127,11432.0
chopper-03_binary.npy,9,126,11442.0
chopper-03_binary.npy,10,126,11442.0
chopper-03_binary.npy,11,125,11452.0
chopper-03_binary.npy,12,125,11452.0
chopper-03_binary.npy,13,125,11452.0
chopper-03_binary.npy,14,125,11452.0
chopper-03_binary.npy,15,125,11452.0
chopper-03_binary.npy,16,125,11452.0
chopper-03_binary.npy,17,125,11452.0
chopper-03_binary.npy,18,125,11452.0
chopper-03_binary.npy,19,125,11452.0
chopper-03_binary.npy,20,125,11452.0
chopper-03_binary.npy,21,125,11452.0
chopper-03_binary.npy,22,124,11462.0
chopper-03_binary.npy,23,124,11462.0
chopper-03_binary.npy,24,124,11462.0
chopper-03_binary.npy,25,124,11462.0
chopper-03_binary.npy,26,124,11462.0
chopper-03_binary.npy,27,124,11462.0
chopper-03_binary.npy,28,124,11462.0
chopper-03_binary.npy,29,124,11462.0
chopper-03_binary.npy,30,124,11462.0
chopper-03_binary.npy,31,124,11462.0
chopper-03_binary.npy,32,124,11462.0
chopper-03_binary.npy,33,124,11462.0
chopper-03_binary.npy,34,124,11462.0
chopper-07_binary.npy,0,153,10656.0
chopper-07_binary.npy,1,129,10896.0
chopper-07_binary.npy,2,129,10896.0
chopper-07_binary.npy,3,125,10936.0
chopper-07_binary.npy,4,119,10996.0
chopper-07_binary.npy,5,119,10996.0
chopper-07_binary.npy,6,118,11006.0
chopper-07_binary.npy,7,116,11026.0
chopper-07_binary.npy,8,116,11026.0
chopper-07_binary.npy,9,114,11046.0
chopper-07_binary.npy,10,112,11066.0
chopper-07_binary.npy,11,111,11076.0
chopper-07_binary.npy,12,111,11076.0
chopper-07_binary.npy,13,111,11076.0
chopper-07_binary.npy,14,111,11076.0
chopper-07_binary.npy,15,111,11076.0
chopper-07_binary.npy,16,111,11076.0
chopper-07_binary.npy,17,111,11076.0
chopper-07_binary.npy,18,111,11076.0
chopper-07_binary.npy,19,111,11076.0
chopper-07_binary.npy,20,111,11076.0
chopper-07_binary.npy,21,111,11076.0
chopper-07_binary.npy,22,111,11076.0
chopper-07_binary.npy,23,111,11076.0
chopper-09_binary.npy,0,143,11236.0
chopper-09_binary.npy,1,132,11346.0
chopper-09_binary.npy,2,126,11406.0
chopper-09_binary.npy,3,126,11406.0
chopper-09_binary.npy,4,122,11446.0
chopper-09_binary.npy,5,122,11446.0
chopper-09_binary.npy,6,121,11456.0
chopper-09_binary.npy,7,119,11476.0
chopper-09_binary.npy,8,118,11486.0
chopper-09_binary.npy,9,118,11486.0
chopper-09_binary.npy,10,118,11486.0
chopper-09_binary.npy,11,118,11486.0
chopper-09_binary.npy,12,118,11486.0
chopper-09_binary.npy,13,118,11486.0
chopper-09_binary.npy,14,118,11486.0
chopper-09_binary.npy,15,118,11486.0
chopper-09_binary.npy,16,118,11486.0
chopper-09_binary.npy,17,118,11486.0
chopper-09_binary.npy,18,116,11506.0
chopper-09_binary.npy,19,116,11506.0
chopper-09_binary.npy,20,116,11506.0
chopper-09_binary.npy,21,116,11506.0
chopper-09_binary.npy,22,116,11506.0
chopper-09_binary.npy,23,116,11506.0
chopper-09_binary.npy,24,116,11506.0
chopper-09_binary.npy,25,116,11506.0
chopper-09_binary.npy,26,116,11506.0
chopper-09_binary.npy,27,116,11506.0
chopper-09_binary.npy,28,116,11506.0
chopper-09_binary.npy,29,116,11506.0
chopper-09_binary.npy,30,116,11506.0
chopper-11_binary.npy,0,149,11520.0
chopper-11_binary.npy,1,134,11670.0
chopper-11_binary.npy,2,134,11670.0
chopper-11_binary.npy,3,129,11720.0
chopper-11_binary.npy,4,127,11740.0
chopper-11_binary.npy,5,125,11760.0
chopper-11_binary.npy,6,125,11760.0
chopper-11_binary.npy,7,123,11780.0
chopper-11_binary.npy,8,121,11800.0
chopper-11_binary.npy,9,121,11800.0
chopper-11_binary.npy,10,120,11810.0
chopper-11_binary.npy,11,120,11810.0
chopper-11_binary.npy,12,120,11810.0
chopper-11_binary.npy,13,120,11810.0
chopper-11_binary.npy,14,120,11810.0
chopper-11_binary.npy,15,120,11810.0
chopper-11_binary.npy,16,120,11810.0
chopper-11_binary.npy,17,120,11810.0
chopper-11_binary.npy,18,120,11810.0
chopper-11_binary.npy,19,120,11810.0
chopper-11_binary.npy,20,120,11810.0
chopper-11_binary.npy,21,120,11810.0
chopper-11_binary.npy,22,120,11810.0
classic-16_binary.npy,0,184,33857.0
classic-16_binary.npy,1,170,33997.0
classic-16_binary.npy,2,158,34117.0
classic-16_binary.npy,3,158,34117.0
classic-16_binary.npy,4,149,34207.0
classic-16_binary.npy,5,148,34217.0
classic-16_binary.npy,6,146,34237.0
classic-16_binary.npy,7,143,34267.0
classic-16_binary.npy,8,143,34267.0
classic-16_binary.npy,9,143,34267.0
classic-16_binary.npy,10,142,34277.0
classic-16_binary.npy,11,142,34277.0
classic-16_binary.npy,12,141,34287.0
classic-16_binary.npy,13,141,34287.0
classic-16_binary.npy,14,141,34287.0
classic-16_binary.npy,15,141,34287.0
classic-16_binary.npy,16,141,34287.0
classic-16_binary.npy,17,141,34287.0
classic-16_binary.npy,18,141,34287.0
classic-16_binary.npy,19,141,34287.0
classic-16_binary.npy,20,141,34287.0
classic-16_binary.npy,21,141,34287.0
classic-16_binary.npy,22,141,34287.0
classic-16_binary.npy,23,141,34287.0
classic-16_binary.npy,24,141,34287.0
classic-2_binary.npy,0,192,33798.0
classic-2_binary.npy,1,165,34068.0
classic-2_binary.npy,2,161,34108.0
classic-2_binary.npy,3,151,34208.0
classic-2_binary.npy,4,149,34228.0
classic-2_binary.npy,5,149,34228.0
classic-2_binary.npy,6,148,34238.0
classic-2_binary.npy,7,146,34258.0
classic-2_binary.npy,8,146,34258.0
classic-2_binary.npy,9,145,34268.0
classic-2_binary.npy,10,144,34278.0
classic-2_binary.npy,11,144,34278.0
classic-2_binary.npy,12,144,34278.0
classic-2_binary.npy,13,144,34278.0
classic-2_binary.npy,14,144,34278.0
classic-2_binary.npy,15,144,34278.0
classic-2_binary.npy,16,144,34278.0
classic-2_binary.npy,17,144,34278.0
classic-2_binary.npy,18,144,34278.0
classic-2_binary.npy,19,144,34278.0
classic-2_binary.npy,20,144,34278.0
classic-2_binary.npy,21,144,34278.0
classic-2_binary.npy,22,144,34278.0
classic-4_binary.npy,0,468,171200.0
classic-4_binary.npy,1,391,171970.0
classic-4_binary.npy,2,385,172030.0
classic-4_binary.npy,3,356,172320.0
classic-4_binary.npy,4,356,172320.0
classic-4_binary.npy,5,356,172320.0
classic-4_binary.npy,6,340,172480.0
classic-4_binary.npy,7,338,172500.0
classic-4_binary.npy,8,331,172570.0
classic-4_binary.npy,9,329,172590.0
classic-4_binary.npy,10,318,172700.0
classic-4_binary.npy,11,311,172770.0
classic-4_binary.npy,12,311,172770.0
classic-4_binary.npy,13,311,172770.0
classic-4_binary.npy,14,311,172770.0
classic-4_binary.npy,15,310,172780.0
classic-4_binary.npy,16,309,172790.0
classic-4_binary.npy,17,306,172820.0
classic-4_binary.npy,18,306,172820.0
classic-4_binary.npy,19,303,172850.0
classic-4_binary.npy,20,302,172860.0
classic-4_binary.npy,21,302,172860.0
classic-4_binary.npy,22,302,172860.0
classic-4_binary.npy,23,302,172860.0
classic-4_binary.npy,24,302,172860.0
classic-4_binary.npy,25,302,172860.0
classic-4_binary.npy,26,302,172860.0
classic-4_binary.npy,27,302,172860.0
classic-4_binary.npy,28,302,172860.0
classic-4_binary.npy,29,302,172860.0
classic-4_binary.npy,30,302,172860.0
classic-4_binary.npy,31,302,172860.0
classic-4_binary.npy,32,302,172860.0
classic-5_binary.npy,0,468,171200.0
classic-5_binary.npy,1,377,172110.0
classic-5_binary.npy,2,377,172110.0
classic-5_binary.npy,3,356,172320.0
classic-5_binary.npy,4,355,172330.0
classic-5_binary.npy,5,346,172420.0
classic-5_binary.npy,6,328,172600.0
classic-5_binary.npy,7,324,172640.0
classic-5_binary.npy,8,324,172640.0
classic-5_binary.npy,9,317,172710.0
classic-5_binary.npy,10,311,172770.0
classic-5_binary.npy,11,307,172810.0
classic-5_binary.npy,12,306,172820.0
classic-5_binary.npy,13,306,172820.0
classic-5_binary.npy,14,306,172820.0
classic-5_binary.npy,15,304,172840.0
classic-5_binary.npy,16,303,172850.0
classic-5_binary.npy,17,303,172850.0
classic-5_binary.npy,18,303,172850.0
classic-5_binary.npy,19,302,172860.0
classic-5_binary.npy,20,302,172860.0
classic-5_binary.npy,21,302,172860.0
classic-5_binary.npy,22,302,172860.0
classic-5_binary.npy,23,302,172860.0
classic-5_binary.npy,24,302,172860.0
classic-5_binary.npy,25,302,172860.0
classic-5_binary.npy,26,302,172860.0
classic-5_binary.npy,27,302,172860.0
classic-5_binary.npy,28,302,172860.0
classic-5_binary.npy,29,302,172860.0
classic-5_binary.npy,30,302,172860.0
classic-5_binary.npy,31,302,172860.0
confusions_binary.npy,0,1839,95846.0
confusions_binary.npy,1,1295,101286.0
confusions_binary.npy,2,1295,101286.0
confusions_binary.npy,3,1295,101286.0
confusions_binary.npy,4,1295,101286.0
confusions_binary.npy,5,1295,101286.0
confusions_binary.npy,6,1295,101286.0
confusions_binary.npy,7,1295,101286.0
confusions_binary.npy,8,1108,103156.0
confusions_binary.npy,9,1050,103736.0
confusions_binary.npy,10,1050,103736.0
confusions_binary.npy,11,1050,103736.0
confusions_binary.npy,12,958,104656.0
confusions_binary.npy,13,958,104656.0
confusions_binary.npy,14,958,104656.0
confusions_binary.npy,15,958,104656.0
confusions_binary.npy,16,958,104656.0
confusions_binary.npy,17,958,104656.0
confusions_binary.npy,18,837,105866.0
confusions_binary.npy,19,837,105866.0
confusions_binary.npy,20,837,105866.0
confusions_binary.npy,21,837,105866.0
confusions_binary.npy,22,837,105866.0
confusions_binary.npy,23,746,106776.0
confusions_binary.npy,24,746,106776.0
confusions_binary.npy,25,746,106776.0
confusions_binary.npy,26,746,106776.0
confusions_binary.npy,27,746,106776.0
confusions_binary.npy,28,656,107676.0
confusions_binary.npy,29,656,107676.0
confusions_binary.npy,30,656,107676.0
confusions_binary.npy,31,656,107676.0
confusions_binary.npy,32,656,107676.0
confusions_binary.npy,33,656,107676.0
confusions_binary.npy,34,656,107676.0
confusions_binary.npy,35,631,107926.0
confusions_binary.npy,36,631,107926.0
confusions_binary.npy,37,631,107926.0
confusions_binary.npy,38,631,107926.0
confusions_binary.npy,39,631,107926.0
confusions_binary.npy,40,602,108216.0
confusions_binary.npy,41,588,108356.0
confusions_binary.npy,42,588,108356.0
confusions_binary.npy,43,566,108576.0
confusions_binary.npy,44,566,108576.0
confusions_binary.npy,45,566,108576.0
confusions_binary.npy,46,566,108576.0
confusions_binary.npy,47,566,108576.0
confusions_binary.npy,48,557,108666.0
confusions_binary.npy,49,552,108716.0
confusions_binary.npy,50,538,108856.0
confusions_binary.npy,51,536,108876.0
confusions_binary.npy,52,536,108876.0
confusions_binary.npy,53,531,108926.0
confusions_binary.npy,54,527,108966.0
confusions_binary.npy,55,527,108966.0
confusions_binary.npy,56,525,108986.0
confusions_binary.npy,57,519,109046.0
confusions_binary.npy,58,519,109046.0
confusions_binary.npy,59,519,109046.0
confusions_binary.npy,60,517,109066.0
confusions_binary.npy,61,517,109066.0
confusions_binary.npy,62,515,109086.0
confusions_binary.npy,63,515,109086.0
confusions_binary.npy,64,515,109086.0
confusions_binary.npy,65,515,109086.0
confusions_binary.npy,66,515,109086.0
confusions_binary.npy,67,515,109086.0
confusions_binary.npy,68,515,109086.0
confusions_binary.npy,69,515,109086.0
confusions_binary.npy,70,512,109116.0
confusions_binary.npy,71,512,109116.0
confusions_binary.npy,72,512,109116.0
confusions_binary.npy,73,511,109126.0
confusions_binary.npy,74,509,109146.0
confusions_binary.npy,75,509,109146.0
confusions_binary.npy,76,509,109146.0
confusions_binary.npy,77,509,109146.0
confusions_binary.npy,78,509,109146.0
confusions_binary.npy,79,508,109156.0
confusions_binary.npy,80,508,109156.0
confusions_binary.npy,81,508,109156.0
confusions_binary.npy,82,508,109156.0
confusions_binary.npy,83,508,109156.0
confusions_binary.npy,84,508,109156.0
confusions_binary.npy,85,508,109156.0
confusions_binary.npy,86,508,109156.0
confusions_binary.npy,87,508,109156.0
confusions_binary.npy,88,508,109156.0
confusions_binary.npy,89,508,109156.0
confusions_binary.npy,90,502,109216.0
confusions_binary.npy,91,502,109216.0
confusions_binary.npy,92,502,109216.0
confusions_binary.npy,93,502,109216.0
confusions_binary.npy,94,502,109216.0
confusions_binary.npy,95,502,109216.0
confusions_binary.npy,96,502,109216.0
confusions_binary.npy,97,502,109216.0
confusions_binary.npy,98,502,109216.0
confusions_binary.npy,99,502,109216.0
confusions_binary.npy,100,502,109216.0
confusions_binary.npy,101,502,109216.0
confusions_binary.npy,102,502,109216.0
crown-14_binary.npy,0,151,4761.0
crown-14_binary.npy,1,123,5041.0
crown-14_binary.npy,2,113,5141.0
crown-14_binary.npy,3,106,5211.0
crown-14_binary.npy,4,103,5241.0
crown-14_binary.npy,5,96,5311.0
crown-14_binary.npy,6,93,5341.0
crown-14_binary.npy,7,93,5341.0
crown-14_binary.npy,8,90,5371.0
crown-14_binary.npy,9,88,5391.0
crown-14_binary.npy,10,88,5391.0
crown-14_binary.npy,11,88,5391.0
crown-14_binary.npy,12,85,5421.0
crown-14_binary.npy,13,85,5421.0
crown-14_binary.npy,14,84,5431.0
crown-14_binary.npy,15,84,5431.0
crown-14_binary.npy,16,84,5431.0
crown-14_binary.npy,17,84,5431.0
crown-14_binary.npy,18,84,5431.0
crown-14_binary.npy,19,84,5431.0
crown-14_binary.npy,20,84,5431.0
crown-14_binary.npy,21,84,5431.0
crown-14_binary.npy,22,84,5431.0
crown-14_binary.npy,23,84,5431.0
crown-14_binary.npy,24,84,5431.0
crown-14_binary.npy,25,84,5431.0
crown-14_binary.npy,26,84,5431.0
crown-17_binary.npy,0,231,7264.0
crown-17_binary.npy,1,214,7434.0
crown-17_binary.npy,2,181,7764.0
crown-17_binary.npy,3,172,7854.0
crown-17_binary.npy,4,166,7914.0
crown-17_binary.npy,5,155,8024.0
crown-17_binary.npy,6,154,8034.0
crown-17_binary.npy,7,146,8114.0
crown-17_binary.npy,8,141,8164.0
crown-17_binary.npy,9,138,8194.0
crown-17_binary.npy,10,136,8214.0
crown-17_binary.npy,11,136,8214.0
crown-17_binary.npy,12,133,8244.0
crown-17_binary.npy,13,131,8264.0
crown-17_binary.npy,14,131,8264.0
crown-17_binary.npy,15,130,8274.0
crown-17_binary.npy,16,130,8274.0
crown-17_binary.npy,17,130,8274.0
crown-17_binary.npy,18,130,8274.0
crown-17_binary.npy,19,130,8274.0
crown-17_binary.npy,20,130,8274.0
crown-17_binary.npy,21,130,8274.0
crown-17_binary.npy,22,130,8274.0
crown-17_binary.npy,23,130,8274.0
crown-17_binary.npy,24,130,8274.0
crown-17_binary.npy,25,130,8274.0
crown-17_binary.npy,26,130,8274.0
crown-17_binary.npy,27,130,8274.0
crown-18_binary.npy,0,410,14449.0
crown-18_binary.npy,1,373,14819.0
crown-18_binary.npy,2,311,15439.0
crown-18_binary.npy,3,296,15589.0
crown-18_binary.npy,4,279,15759.0
crown-18_binary.npy,5,279,15759.0
crown-18_binary.npy,6,273,15819.0
crown-18_binary.npy,7,273,15819.0
crown-18_binary.npy,8,261,15939.0
crown-18_binary.npy,9,261,15939.0
crown-18_binary.npy,10,253,16019.0
crown-18_binary.npy,11,253,16019.0
crown-18_binary.npy,12,253,16019.0
crown-18_binary.npy,13,251,16039.0
crown-18_binary.npy,14,250,16049.0
crown-18_binary.npy,15,248,16069.0
crown-18_binary.npy,16,248,16069.0
crown-18_binary.npy,17,248,16069.0
crown-18_binary.npy,18,248,16069.0
crown-18_binary.npy,19,248,16069.0
crown-18_binary.npy,20,248,16069.0
crown-18_binary.npy,21,248,16069.0
crown-18_binary.npy,22,248,16069.0
crown-18_binary.npy,23,248,16069.0
crown-18_binary.npy,24,248,16069.0
crown-18_binary.npy,25,248,16069.0
crown-18_binary.npy,26,248,16069.0
crown-18_binary.npy,27,248,16069.0
crown-9_binary.npy,0,46,1618.0
crown-9_binary.npy,1,33,1748.0
crown-9_binary.npy,2,31,1768.0
crown-9_binary.npy,3,29,1788.0
crown-9_binary.npy,4,29,1788.0
crown-9_binary.npy,5,28,1798.0
crown-9_binary.npy,6,26,1818.0
crown-9_binary.npy,7,26,1818.0
crown-9_binary.npy,8,26,1818.0
crown-9_binary.npy,9,26,1818.0
crown-9_binary.npy,10,25,1828.0
crown-9_binary.npy,11,25,1828.0
crown-9_binary.npy,12,25,1828.0
crown-9_binary.npy,13,25,1828.0
crown-9_binary.npy,14,25,1828.0
crown-9_binary.npy,15,25,1828.0
crown-9_binary.npy,16,25,1828.0
crown-9_binary.npy,17,25,1828.0
crown-9_binary.npy,18,25,1828.0
crown-9_binary.npy,19,25,1828.0
crown-9_binary.npy,20,25,1828.0
crown-9_binary.npy,21,25,1828.0
crown-9_binary.npy,22,25,1828.0
cup-20_binary.npy,0,373,60105.0
cup-20_binary.npy,1,290,60935.0
cup-20_binary.npy,2,263,61205.0
cup-20_binary.npy,3,263,61205.0
cup-20_binary.npy,4,263,61205.0
cup-20_binary.npy,5,251,61325.0
cup-20_binary.npy,6,248,61355.0
cup-20_binary.npy,7,242,61415.0
cup-20_binary.npy,8,235,61485.0
cup-20_binary.npy,9,232,61515.0
cup-20_binary.npy,10,231,61525.0
cup-20_binary.npy,11,225,61585.0
cup-20_binary.npy,12,222,61615.0
cup-20_binary.npy,13,219,61645.0
cup-20_binary.npy,14,215,61685.0
cup-20_binary.npy,15,214,61695.0
cup-20_binary.npy,16,213,61705.0
cup-20_binary.npy,17,213,61705.0
cup-20_binary.npy,18,213,61705.0
cup-20_binary.npy,19,213,61705.0
cup-20_binary.npy,20,213,61705.0
cup-20_binary.npy,21,213,61705.0
cup-20_binary.npy,22,213,61705.0
cup-20_binary.npy,23,213,61705.0
cup-20_binary.npy,24,213,61705.0
cup-20_binary.npy,25,213,61705.0
cup-20_binary.npy,26,213,61705.0
cup-20_binary.npy,27,213,61705.0
cup-20_binary.npy,28,213,61705.0
cup-2_binary.npy,0,377,62499.0
cup-2_binary.npy,1,335,62919.0
cup-2_binary.npy,2,326,63009.0
cup-2_binary.npy,3,307,63199.0
cup-2_binary.npy,4,298,63289.0
cup-2_binary.npy,5,272,63549.0
cup-2_binary.npy,6,271,63559.0
cup-2_binary.npy,7,263,63639.0
cup-2_binary.npy,8,256,63709.0
cup-2_binary.npy,9,256,63709.0
cup-2_binary.npy,10,256,63709.0
cup-2_binary.npy,11,252,63749.0
cup-2_binary.npy,12,252,63749.0
cup-2_binary.npy,13,252,63749.0
cup-2_binary.npy,14,242,63849.0
cup-2_binary.npy,15,234,63929.0
cup-2_binary.npy,16,233,63939.0
cup-2_binary.npy,17,231,63959.0
cup-2_binary.npy,18,231,63959.0
cup-2_binary.npy,19,230,63969.0
cup-2_binary.npy,20,229,63979.0
cup-2_binary.npy,21,228,63989.0
cup-2_binary.npy,22,228,63989.0
cup-2_binary.npy,23,228,63989.0
cup-2_binary.npy,24,228,63989.0
cup-2_binary.npy,25,228,63989.0
cup-2_binary.npy,26,228,63989.0
cup-2_binary.npy,27,228,63989.0
cup-2_binary.npy,28,228,63989.0
cup-2_binary.npy,29,228,63989.0
cup-2_binary.npy,30,228,63989.0
cup-2_binary.npy,31,228,63989.0
cup-2_binary.npy,32,228,63989.0
cup-2_binary.npy,33,228,63989.0
cup-3_binary.npy,0,330,35376.0
cup-3_binary.npy,1,257,36106.0
cup-3_binary.npy,2,235,36326.0
cup-3_binary.npy,3,226,36416.0
cup-3_binary.npy,4,219,36486.0
cup-3_binary.npy,5,218,36496.0
cup-3_binary.npy,6,212,36556.0
cup-3_binary.npy,7,203,36646.0
cup-3_binary.npy,8,199,36686.0
cup-3_binary.npy,9,196,36716.0
cup-3_binary.npy,10,196,36716.0
cup-3_binary.npy,11,194,36736.0
cup-3_binary.npy,12,193,36746.0
cup-3_binary.npy,13,193,36746.0
cup-3_binary.npy,14,190,36776.0
cup-3_binary.npy,15,190,36776.0
cup-3_binary.npy,16,190,36776.0
cup-3_binary.npy,17,190,36776.0
cup-3_binary.npy,18,190,36776.0
cup-3_binary.npy,19,190,36776.0
cup-3_binary.npy,20,190,36776.0
cup-3_binary.npy,21,190,36776.0
cup-3_binary.npy,22,190,36776.0
cup-3_binary.npy,23,190,36776.0
cup-3_binary.npy,24,190,36776.0
cup-3_binary.npy,25,190,36776.0
cup-3_binary.npy,26,190,36776.0
cup-8_binary.npy,0,301,42073.0
cup-8_binary.npy,1,251,42573.0
cup-8_binary.npy,2,251,42573.0
cup-8_binary.npy,3,231,42773.0
cup-8_binary.npy,4,219,42893.0
cup-8_binary.npy,5,219,42893.0
cup-8_binary.npy,6,219,42893.0
cup-8_binary.npy,7,219,42893.0
cup-8_binary.npy,8,216,42923.0
cup-8_binary.npy,9,214,42943.0
cup-8_binary.npy,10,213,42953.0
cup-8_binary.npy,11,212,42963.0
cup-8_binary.npy,12,212,42963.0
cup-8_binary.npy,13,212,42963.0
cup-8_binary.npy,14,211,42973.0
cup-8_binary.npy,15,211,42973.0
cup-8_binary.npy,16,211,42973.0
cup-8_binary.npy,17,211,42973.0
cup-8_binary.npy,18,211,42973.0
cup-8_binary.npy,19,211,42973.0
cup-8_binary.npy,20,211,42973.0
cup-8_binary.npy,21,211,42973.0
cup-8_binary.npy,22,211,42973.0
cup-8_binary.npy,23,211,42973.0
cup-8_binary.npy,24,211,42973.0
cup-8_binary.npy,25,211,42973.0
cup-8_binary.npy,26,211,42973.0
deer-14_binary.npy,0,512,20791.0
deer-14_binary.npy,1,429,21621.0
deer-14_binary.npy,2,429,21621.0
deer-14_binary.npy,3,420,21711.0
deer-14_binary.npy,4,411,21801.0
deer-14_binary.npy,5,399,21921.0
deer-14_binary.npy,6,383,22081.0
deer-14_binary.npy,7,383,22081.0
deer-14_binary.npy,8,381,22101.0
deer-14_binary.npy,9,376,22151.0
deer-14_binary.npy,10,375,22161.0
deer-14_binary.npy,11,374,22171.0
deer-14_binary.npy,12,373,22181.0
deer-14_binary.npy,13,373,22181.0
deer-14_binary.npy,14,372,22191.0
deer-14_binary.npy,15,372,22191.0
deer-14_binary.npy,16,372,22191.0
deer-14_binary.npy,17,372,22191.0
deer-14_binary.npy,18,372,22191.0
deer-14_binary.npy,19,372,22191.0
deer-14_binary.npy,20,372,22191.0
deer-14_binary.npy,21,372,22191.0
deer-14_binary.npy,22,372,22191.0
deer-14_binary.npy,23,372,22191.0
deer-14_binary.npy,24,372,22191.0
deer-14_binary.npy,25,372,22191.0
deer-14_binary.npy,26,372,22191.0
deer-17_binary.npy,0,1283,87965.0
deer-17_binary.npy,1,1112,89675.0
deer-17_binary.npy,2,1044,90355.0
deer-17_binary.npy,3,1044,90355.0
deer-17_binary.npy,4,1044,90355.0
deer-17_binary.npy,5,1044,90355.0
deer-17_binary.npy,6,1043,90365.0
deer-17_binary.npy,7,1018,90615.0
deer-17_binary.npy,8,1018,90615.0
deer-17_binary.npy,9,997,90825.0
deer-17_binary.npy,10,994,90855.0
deer-17_binary.npy,11,984,90955.0
deer-17_binary.npy,12,984,90955.0
deer-17_binary.npy,13,982,90975.0
deer-17_binary.npy,14,982,90975.0
deer-17_binary.npy,15,982,90975.0
deer-17_binary.npy,16,980,90995.0
deer-17_binary.npy,17,980,90995.0
deer-17_binary.npy,18,979,91005.0
deer-17_binary.npy,19,978,91015.0
deer-17_binary.npy,20,978,91015.0
deer-17_binary.npy,21,975,91045.0
deer-17_binary.npy,22,975,91045.0
deer-17_binary.npy,23,975,91045.0
deer-17_binary.npy,24,975,91045.0
deer-17_binary.npy,25,975,91045.0
deer-17_binary.npy,26,975,91045.0
deer-17_binary.npy,27,975,91045.0
deer-17_binary.npy,28,975,91045.0
deer-17_binary.npy,29,975,91045.0
deer-17_binary.npy,30,974,91055.0
deer-17_binary.npy,31,974,91055.0
deer-17_binary.npy,32,974,91055.0
deer-17_binary.npy,33,974,91055.0
deer-17_binary.npy,34,974,91055.0
deer-17_binary.npy,35,974,91055.0
deer-17_binary.npy,36,974,91055.0
deer-17_binary.npy,37,974,91055.0
deer-17_binary.npy,38,974,91055.0
deer-17_binary.npy,39,974,91055.0
deer-17_binary.npy,40,974,91055.0
deer-17_binary.npy,41,974,91055.0
deer-17_binary.npy,42,974,91055.0
deer-5_binary.npy,0,1579,138661.0
deer-5_binary.npy,1,1367,140781.0
deer-5_binary.npy,2,1313,141321.0
deer-5_binary.npy,3,1285,141601.0
deer-5_binary.npy,4,1285,141601.0
deer-5_binary.npy,5,1285,141601.0
deer-5_binary.npy,6,1285,141601.0
deer-5_binary.npy,7,1285,141601.0
deer-5_binary.npy,8,1266,141791.0
deer-5_binary.npy,9,1266,141791.0
deer-5_binary.npy,10,1249,141961.0
deer-5_binary.npy,11,1234,142111.0
deer-5_binary.npy,12,1230,142151.0
deer-5_binary.npy,13,1230,142151.0
deer-5_binary.npy,14,1228,142171.0
deer-5_binary.npy,15,1228,142171.0
deer-5_binary.npy,16,1226,142191.0
deer-5_binary.npy,17,1222,142231.0
deer-5_binary.npy,18,1221,142241.0
deer-5_binary.npy,19,1219,142261.0
deer-5_binary.npy,20,1219,142261.0
deer-5_binary.npy,21,1218,142271.0
deer-5_binary.npy,22,1218,142271.0
deer-5_binary.npy,23,1218,142271.0
deer-5_binary.npy,24,1218,142271.0
deer-5_binary.npy,25,1218,142271.0
deer-5_binary.npy,26,1218,142271.0
deer-5_binary.npy,27,1218,142271.0
deer-5_binary.npy,28,1218,142271.0
deer-5_binary.npy,29,1218,142271.0
deer-5_binary.npy,30,1218,142271.0
deer-5_binary.npy,31,1218,142271.0
deer-5_binary.npy,32,1218,142271.0
deer-5_binary.npy,33,1218,142271.0
deer-6_binary.npy,0,1291,83963.0
deer-6_binary.npy,1,1033,86543.0
deer-6_binary.npy,2,1033,86543.0
deer-6_binary.npy,3,937,87503.0
deer-6_binary.npy,4,937,87503.0
deer-6_binary.npy,5,937,87503.0
deer-6_binary.npy,6,937,87503.0
deer-6_binary.npy,7,937,87503.0
deer-6_binary.npy,8,888,87993.0
deer-6_binary.npy,9,886,88013.0
deer-6_binary.npy,10,842,88453.0
deer-6_binary.npy,11,842,88453.0
deer-6_binary.npy,12,839,88483.0
deer-6_binary.npy,13,828,88593.0
deer-6_binary.npy,14,828,88593.0
deer-6_binary.npy,15,819,88683.0
deer-6_binary.npy,16,819,88683.0
deer-6_binary.npy,17,817,88703.0
deer-6_binary.npy,18,815,88723.0
deer-6_binary.npy,19,814,88733.0
deer-6_binary.npy,20,814,88733.0
deer-6_binary.npy,21,814,88733.0
deer-6_binary.npy,22,814,88733.0
deer-6_binary.npy,23,814,88733.0
deer-6_binary.npy,24,808,88793.0
deer-6_binary.npy,25,808,88793.0
deer-6_binary.npy,26,808,88793.0
deer-6_binary.npy,27,808,88793.0
deer-6_binary.npy,28,808,88793.0
deer-6_binary.npy,29,808,88793.0
deer-6_binary.npy,30,808,88793.0
deer-6_binary.npy,31,808,88793.0
deer-6_binary.npy,32,808,88793.0
deer-6_binary.npy,33,808,88793.0
deer-6_binary.npy,34,808,88793.0
deer-6_binary.npy,35,808,88793.0
deer-6_binary.npy,36,808,88793.0
device0-11_binary.npy,0,587,43732.0
device0-11_binary.npy,1,495,44652.0
device0-11_binary.npy,2,494,44662.0
device0-11_binary.npy,3,463,44972.0
device0-11_binary.npy,4,451,45092.0
device0-11_binary.npy,5,451,45092.0
device0-11_binary.npy,6,447,45132.0
device0-11_binary.npy,7,440,45202.0
device0-11_binary.npy,8,438,45222.0
device0-11_binary.npy,9,433,45272.0
device0-11_binary.npy,10,430,45302.0
device0-11_binary.npy,11,430,45302.0
device0-11_binary.npy,12,428,45322.0
device0-11_binary.npy,13,425,45352.0
device0-11_binary.npy,14,424,45362.0
device0-11_binary.npy,15,423,45372.0
device0-11_binary.npy,16,422,45382.0
device0-11_binary.npy,17,422,45382.0
device0-11_binary.npy,18,420,45402.0
device0-11_binary.npy,19,419,45412.0
device0-11_binary.npy,20,419,45412.0
device0-11_binary.npy,21,419,45412.0
device0-11_binary.npy,22,419,45412.0
device0-11_binary.npy,23,419,45412.0
device0-11_binary.npy,24,419,45412.0
device0-11_binary.npy,25,419,45412.0
device0-11_binary.npy,26,419,45412.0
device0-11_binary.npy,27,419,45412.0
device0-11_binary.npy,28,419,45412.0
device0-11_binary.npy,29,419,45412.0
device0-11_binary.npy,30,419,45412.0
device0-11_binary.npy,31,419,45412.0
device0-12_binary.npy,0,610,44830.0
device0-12_binary.npy,1,505,45880.0
device0-12_binary.npy,2,484,46090.0
device0-12_binary.npy,3,455,46380.0
device0-12_binary.npy,4,455,46380.0
device0-12_binary.npy,5,451,46420.0
device0-12_binary.npy,6,428,46650.0
device0-12_binary.npy,7,428,46650.0
device0-12_binary.npy,8,422,46710.0
device0-12_binary.npy,9,420,46730.0
device0-12_binary.npy,10,415,46780.0
device0-12_binary.npy,11,415,46780.0
device0-12_binary.npy,12,412,46810.0
device0-12_binary.npy,13,412,46810.0
device0-12_binary.npy,14,411,46820.0
device0-12_binary.npy,15,411,46820.0
device0-12_binary.npy,16,411,46820.0
device0-12_binary.npy,17,411,46820.0
device0-12_binary.npy,18,411,46820.0
device0-12_binary.npy,19,411,46820.0
device0-12_binary.npy,20,411,46820.0
device0-12_binary.npy,21,411,46820.0
device0-12_binary.npy,22,411,46820.0
device0-12_binary.npy,23,411,46820.0
device0-12_binary.npy,24,410,46830.0
device0-12_binary.npy,25,410,46830.0
device0-12_binary.npy,26,410,46830.0
device0-12_binary.npy,27,410,46830.0
device0-12_binary.npy,28,410,46830.0
device0-12_binary.npy,29,410,46830.0
device0-12_binary.npy,30,410,46830.0
device0-12_binary.npy,31,410,46830.0
device0-12_binary.npy,32,410,46830.0
device0-12_binary.npy,33,410,46830.0
device0-12_binary.npy,34,410,46830.0
device0-12_binary.npy,35,410,46830.0
device0-12_binary.npy,36,410,46830.0
device0-13_binary.npy,0,719,44625.0
device0-13_binary.npy,1,583,45985.0
device0-13_binary.npy,2,563,46185.0
device0-13_binary.npy,3,558,46235.0
device0-13_binary.npy,4,520,46615.0
device0-13_binary.npy,5,520,46615.0
device0-13_binary.npy,6,520,46615.0
device0-13_binary.npy,7,515,46665.0
device0-13_binary.npy,8,513,46685.0
device0-13_binary.npy,9,504,46775.0
device0-13_binary.npy,10,499,46825.0
device0-13_binary.npy,11,499,46825.0
device0-13_binary.npy,12,493,46885.0
device0-13_binary.npy,13,493,46885.0
device0-13_binary.npy,14,493,46885.0
device0-13_binary.npy,15,491,46905.0
device0-13_binary.npy,16,491,46905.0
device0-13_binary.npy,17,491,46905.0
device0-13_binary.npy,18,491,46905.0
device0-13_binary.npy,19,491,46905.0
device0-13_binary.npy,20,491,46905.0
device0-13_binary.npy,21,491,46905.0
device0-13_binary.npy,22,491,46905.0
device0-13_binary.npy,23,491,46905.0
device0-13_binary.npy,24,491,46905.0
device0-13_binary.npy,25,491,46905.0
device0-13_binary.npy,26,491,46905.0
device0-13_binary.npy,27,491,46905.0
device0-14_binary.npy,0,547,53563.0
device0-14_binary.npy,1,456,54473.0
device0-14_binary.npy,2,427,54763.0
device0-14_binary.npy,3,424,54793.0
device0-14_binary.npy,4,399,55043.0
device0-14_binary.npy,5,383,55203.0
device0-14_binary.npy,6,382,55213.0
device0-14_binary.npy,7,382,55213.0
device0-14_binary.npy,8,381,55223.0
device0-14_binary.npy,9,380,55233.0
device0-14_binary.npy,10,379,55243.0
device0-14_binary.npy,11,377,55263.0
device0-14_binary.npy,12,377,55263.0
device0-14_binary.npy,13,377,55263.0
device0-14_binary.npy,14,377,55263.0
device0-14_binary.npy,15,377,55263.0
device0-14_binary.npy,16,377,55263.0
device0-14_binary.npy,17,377,55263.0
device0-14_binary.npy,18,377,55263.0
device0-14_binary.npy,19,377,55263.0
device0-14_binary.npy,20,377,55263.0
device0-14_binary.npy,21,377,55263.0
device0-14_binary.npy,22,377,55263.0
device0-14_binary.npy,23,377,55263.0
device1-12_binary.npy,0,447,48811.0
device1-12_binary.npy,1,393,49351.0
device1-12_binary.npy,2,391,49371.0
device1-12_binary.npy,3,388,49401.0
device1-12_binary.npy,4,371,49571.0
device1-12_binary.npy,5,362,49661.0
device1-12_binary.npy,6,353,49751.0
device1-12_binary.npy,7,351,49771.0
device1-12_binary.npy,8,348,49801.0
device1-12_binary.npy,9,347,49811.0
device1-12_binary.npy,10,345,49831.0
device1-12_binary.npy,11,343,49851.0
device1-12_binary.npy,12,340,49881.0
device1-12_binary.npy,13,340,49881.0
device1-12_binary.npy,14,340,49881.0
device1-12_binary.npy,15,340,49881.0
device1-12_binary.npy,16,340,49881.0
device1-12_binary.npy,17,340,49881.0
device1-12_binary.npy,18,340,49881.0
device1-12_binary.npy,19,340,49881.0
device1-12_binary.npy,20,340,49881.0
device1-12_binary.npy,21,340,49881.0
device1-12_binary.npy,22,338,49901.0
device1-12_binary.npy,23,338,49901.0
device1-12_binary.npy,24,338,49901.0
device1-12_binary.npy,25,338,49901.0
device1-12_binary.npy,26,338,49901.0
device1-12_binary.npy,27,338,49901.0
device1-12_binary.npy,28,338,49901.0
device1-12_binary.npy,29,338,49901.0
device1-12_binary.npy,30,338,49901.0
device1-12_binary.npy,31,338,49901.0
device1-12_binary.npy,32,338,49901.0
device1-12_binary.npy,33,338,49901.0
device1-12_binary.npy,34,338,49901.0
device1-15_binary.npy,0,551,94614.0
device1-15_binary.npy,1,473,95394.0
device1-15_binary.npy,2,452,95604.0
device1-15_binary.npy,3,450,95624.0
device1-15_binary.npy,4,450,95624.0
device1-15_binary.npy,5,427,95854.0
device1-15_binary.npy,6,427,95854.0
device1-15_binary.npy,7,426,95864.0
device1-15_binary.npy,8,406,96064.0
device1-15_binary.npy,9,406,96064.0
device1-15_binary.npy,10,406,96064.0
device1-15_binary.npy,11,395,96174.0
device1-15_binary.npy,12,393,96194.0
device1-15_binary.npy,13,393,96194.0
device1-15_binary.npy,14,393,96194.0
device1-15_binary.npy,15,391,96214.0
device1-15_binary.npy,16,386,96264.0
device1-15_binary.npy,17,385,96274.0
device1-15_binary.npy,18,385,96274.0
device1-15_binary.npy,19,384,96284.0
device1-15_binary.npy,20,383,96294.0
device1-15_binary.npy,21,383,96294.0
device1-15_binary.npy,22,383,96294.0
device1-15_binary.npy,23,383,96294.0
device1-15_binary.npy,24,383,96294.0
device1-15_binary.npy,25,383,96294.0
device1-15_binary.npy,26,383,96294.0
device1-15_binary.npy,27,383,96294.0
device1-15_binary.npy,28,383,96294.0
device1-15_binary.npy,29,383,96294.0
device1-15_binary.npy,30,383,96294.0
device1-15_binary.npy,31,383,96294.0
device1-15_binary.npy,32,383,96294.0
device1-2_binary.npy,0,487,99690.0
device1-2_binary.npy,1,415,100410.0
device1-2_binary.npy,2,331,101250.0
device1-2_binary.npy,3,284,101720.0
device1-2_binary.npy,4,271,101850.0
device1-2_binary.npy,5,271,101850.0
device1-2_binary.npy,6,259,101970.0
device1-2_binary.npy,7,259,101970.0
device1-2_binary.npy,8,241,102150.0
device1-2_binary.npy,9,233,102230.0
device1-2_binary.npy,10,233,102230.0
device1-2_binary.npy,11,233,102230.0
device1-2_binary.npy,12,233,102230.0
device1-2_binary.npy,13,230,102260.0
device1-2_binary.npy,14,229,102270.0
device1-2_binary.npy,15,229,102270.0
device1-2_binary.npy,16,227,102290.0
device1-2_binary.npy,17,224,102320.0
device1-2_binary.npy,18,223,102330.0
device1-2_binary.npy,19,223,102330.0
device1-2_binary.npy,20,222,102340.0
device1-2_binary.npy,21,222,102340.0
device1-2_binary.npy,22,222,102340.0
device1-2_binary.npy,23,222,102340.0
device1-2_binary.npy,24,222,102340.0
device1-2_binary.npy,25,222,102340.0
device1-2_binary.npy,26,222,102340.0
device1-2_binary.npy,27,222,102340.0
device1-2_binary.npy,28,222,102340.0
device1-2_binary.npy,29,222,102340.0
device1-2_binary.npy,30,222,102340.0
device1-2_binary.npy,31,222,102340.0
device1-2_binary.npy,32,222,102340.0
device1-3_binary.npy,0,476,113611.0
device1-3_binary.npy,1,415,114221.0
device1-3_binary.npy,2,392,114451.0
device1-3_binary.npy,3,391,114461.0
device1-3_binary.npy,4,385,114521.0
device1-3_binary.npy,5,373,114641.0
device1-3_binary.npy,6,368,114691.0
device1-3_binary.npy,7,368,114691.0
device1-3_binary.npy,8,364,114731.0
device1-3_binary.npy,9,359,114781.0
device1-3_binary.npy,10,359,114781.0
device1-3_binary.npy,11,352,114851.0
device1-3_binary.npy,12,352,114851.0
device1-3_binary.npy,13,352,114851.0
device1-3_binary.npy,14,352,114851.0
device1-3_binary.npy,15,352,114851.0
device1-3_binary.npy,16,350,114871.0
device1-3_binary.npy,17,350,114871.0
device1-3_binary.npy,18,350,114871.0
device1-3_binary.npy,19,350,114871.0
device1-3_binary.npy,20,350,114871.0
device1-3_binary.npy,21,350,114871.0
device1-3_binary.npy,22,350,114871.0
device1-3_binary.npy,23,350,114871.0
device1-3_binary.npy,24,350,114871.0
device1-3_binary.npy,25,350,114871.0
device1-3_binary.npy,26,350,114871.0
device1-3_binary.npy,27,350,114871.0
device1-3_binary.npy,28,350,114871.0
device2-18_binary.npy,0,815,88439.0
device2-18_binary.npy,1,685,89739.0
device2-18_binary.npy,2,646,90129.0
device2-18_binary.npy,3,645,90139.0
device2-18_binary.npy,4,625,90339.0
device2-18_binary.npy,5,625,90339.0
device2-18_binary.npy,6,622,90369.0
device2-18_binary.npy,7,622,90369.0
device2-18_binary.npy,8,622,90369.0
device2-18_binary.npy,9,622,90369.0
device2-18_binary.npy,10,622,90369.0
device2-18_binary.npy,11,622,90369.0
device2-18_binary.npy,12,622,90369.0
device2-18_binary.npy,13,622,90369.0
device2-18_binary.npy,14,622,90369.0
device2-18_binary.npy,15,622,90369.0
device2-18_binary.npy,16,622,90369.0
device2-18_binary.npy,17,608,90509.0
device2-18_binary.npy,18,570,90889.0
device2-18_binary.npy,19,570,90889.0
device2-18_binary.npy,20,569,90899.0
device2-18_binary.npy,21,569,90899.0
device2-18_binary.npy,22,569,90899.0
device2-18_binary.npy,23,566,90929.0
device2-18_binary.npy,24,553,91059.0
device2-18_binary.npy,25,546,91129.0
device2-18_binary.npy,26,546,91129.0
device2-18_binary.npy,27,543,91159.0
device2-18_binary.npy,28,542,91169.0
device2-18_binary.npy,29,542,91169.0
device2-18_binary.npy,30,542,91169.0
device2-18_binary.npy,31,541,91179.0
device2-18_binary.npy,32,541,91179.0
device2-18_binary.npy,33,541,91179.0
device2-18_binary.npy,34,541,91179.0
device2-18_binary.npy,35,541,91179.0
device2-18_binary.npy,36,541,91179.0
device2-18_binary.npy,37,541,91179.0
device2-18_binary.npy,38,541,91179.0
device2-18_binary.npy,39,541,91179.0
device2-18_binary.npy,40,541,91179.0
device2-18_binary.npy,41,541,91179.0
device2-18_binary.npy,42,541,91179.0
device2-18_binary.npy,43,541,91179.0
device2-2_binary.npy,0,452,53039.0
device2-2_binary.npy,1,397,53589.0
device2-2_binary.npy,2,378,53779.0
device2-2_binary.npy,3,378,53779.0
device2-2_binary.npy,4,378,53779.0
device2-2_binary.npy,5,366,53899.0
device2-2_binary.npy,6,365,53909.0
device2-2_binary.npy,7,359,53969.0
device2-2_binary.npy,8,357,53989.0
device2-2_binary.npy,9,355,54009.0
device2-2_binary.npy,10,355,54009.0
device2-2_binary.npy,11,355,54009.0
device2-2_binary.npy,12,355,54009.0
device2-2_binary.npy,13,355,54009.0
device2-2_binary.npy,14,355,54009.0
device2-2_binary.npy,15,355,54009.0
device2-2_binary.npy,16,355,54009.0
device2-2_binary.npy,17,355,54009.0
device2-2_binary.npy,18,355,54009.0
device2-2_binary.npy,19,355,54009.0
device2-2_binary.npy,20,355,54009.0
device2-2_binary.npy,21,355,54009.0
device2-4_binary.npy,0,781,37710.0
device2-4_binary.npy,1,698,38540.0
device2-4_binary.npy,2,646,39060.0
device2-4_binary.npy,3,617,39350.0
device2-4_binary.npy,4,595,39570.0
device2-4_binary.npy,5,581,39710.0
device2-4_binary.npy,6,576,39760.0
device2-4_binary.npy,7,574,39780.0
device2-4_binary.npy,8,567,39850.0
device2-4_binary.npy,9,558,39940.0
device2-4_binary.npy,10,558,39940.0
device2-4_binary.npy,11,556,39960.0
device2-4_binary.npy,12,556,39960.0
device2-4_binary.npy,13,556,39960.0
device2-4_binary.npy,14,553,39990.0
device2-4_binary.npy,15,553,39990.0
device2-4_binary.npy,16,553,39990.0
device2-4_binary.npy,17,553,39990.0
device2-4_binary.npy,18,553,39990.0
device2-4_binary.npy,19,553,39990.0
device2-4_binary.npy,20,553,39990.0
device2-4_binary.npy,21,553,39990.0
device2-4_binary.npy,22,553,39990.0
device2-4_binary.npy,23,553,39990.0
device2-4_binary.npy,24,553,39990.0
device2-4_binary.npy,25,553,39990.0
device2-4_binary.npy,26,553,39990.0
device2-6_binary.npy,0,873,66090.0
device2-6_binary.npy,1,745,67370.0
device2-6_binary.npy,2,739,67430.0
device2-6_binary.npy,3,695,67870.0
device2-6_binary.npy,4,695,67870.0
device2-6_binary.npy,5,695,67870.0
device2-6_binary.npy,6,695,67870.0
device2-6_binary.npy,7,695,67870.0
device2-6_binary.npy,8,683,67990.0
device2-6_binary.npy,9,683,67990.0
device2-6_binary.npy,10,670,68120.0
device2-6_binary.npy,11,670,68120.0
device2-6_binary.npy,12,670,68120.0
device2-6_binary.npy,13,660,68220.0
device2-6_binary.npy,14,658,68240.0
device2-6_binary.npy,15,658,68240.0
device2-6_binary.npy,16,656,68260.0
device2-6_binary.npy,17,654,68280.0
device2-6_binary.npy,18,654,68280.0
device2-6_binary.npy,19,654,68280.0
device2-6_binary.npy,20,653,68290.0
device2-6_binary.npy,21,653,68290.0
device2-6_binary.npy,22,653,68290.0
device2-6_binary.npy,23,653,68290.0
device2-6_binary.npy,24,653,68290.0
device2-6_binary.npy,25,653,68290.0
device2-6_binary.npy,26,653,68290.0
device2-6_binary.npy,27,653,68290.0
device2-6_binary.npy,28,653,68290.0
device2-6_binary.npy,29,653,68290.0
device2-6_binary.npy,30,653,68290.0
device2-6_binary.npy,31,653,68290.0
device2-6_binary.npy,32,653,68290.0
device3-10_binary.npy,0,399,131612.0
device3-10_binary.npy,1,301,132592.0
device3-10_binary.npy,2,301,132592.0
device3-10_binary.npy,3,271,132892.0
device3-10_binary.npy,4,255,133052.0
device3-10_binary.npy,5,233,133272.0
device3-10_binary.npy,6,233,133272.0
device3-10_binary.npy,7,212,133482.0
device3-10_binary.npy,8,212,133482.0
device3-10_binary.npy,9,201,133592.0
device3-10_binary.npy,10,201,133592.0
device3-10_binary.npy,11,196,133642.0
device3-10_binary.npy,12,180,133802.0
device3-10_binary.npy,13,166,133942.0
device3-10_binary.npy,14,160,134002.0
device3-10_binary.npy,15,153,134072.0
device3-10_binary.npy,16,149,134112.0
device3-10_binary.npy,17,148,134122.0
device3-10_binary.npy,18,147,134132.0
device3-10_binary.npy,19,146,134142.0
device3-10_binary.npy,20,141,134192.0
device3-10_binary.npy,21,140,134202.0
device3-10_binary.npy,22,140,134202.0
device3-10_binary.npy,23,139,134212.0
device3-10_binary.npy,24,138,134222.0
device3-10_binary.npy,25,137,134232.0
device3-10_binary.npy,26,136,134242.0
device3-10_binary.npy,27,136,134242.0
device3-10_binary.npy,28,136,134242.0
device3-10_binary.npy,29,136,134242.0
device3-10_binary.npy,30,136,134242.0
device3-10_binary.npy,31,136,134242.0
device3-10_binary.npy,32,136,134242.0
device3-10_binary.npy,33,136,134242.0
device3-10_binary.npy,34,136,134242.0
device3-10_binary.npy,35,136,134242.0
device3-10_binary.npy,36,136,134242.0
device3-10_binary.npy,37,136,134242.0
device3-10_binary.npy,38,136,134242.0
device3-13_binary.npy,0,1207,109883.0
device3-13_binary.npy,1,801,113943.0
device3-13_binary.npy,2,767,114283.0
device3-13_binary.npy,3,767,114283.0
device3-13_binary.npy,4,767,114283.0
device3-13_binary.npy,5,767,114283.0
device3-13_binary.npy,6,767,114283.0
device3-13_binary.npy,7,767,114283.0
device3-13_binary.npy,8,672,115233.0
device3-13_binary.npy,9,672,115233.0
device3-13_binary.npy,10,672,115233.0
device3-13_binary.npy,11,630,115653.0
device3-13_binary.npy,12,630,115653.0
device3-13_binary.npy,13,630,115653.0
device3-13_binary.npy,14,630,115653.0
device3-13_binary.npy,15,621,115743.0
device3-13_binary.npy,16,588,116073.0
device3-13_binary.npy,17,588,116073.0
device3-13_binary.npy,18,574,116213.0
device3-13_binary.npy,19,574,116213.0
device3-13_binary.npy,20,569,116263.0
device3-13_binary.npy,21,556,116393.0
device3-13_binary.npy,22,555,116403.0
device3-13_binary.npy,23,555,116403.0
device3-13_binary.npy,24,551,116443.0
device3-13_binary.npy,25,551,116443.0
device3-13_binary.npy,26,550,116453.0
device3-13_binary.npy,27,546,116493.0
device3-13_binary.npy,28,546,116493.0
device3-13_binary.npy,29,545,116503.0
device3-13_binary.npy,30,545,116503.0
device3-13_binary.npy,31,545,116503.0
device3-13_binary.npy,32,545,116503.0
device3-13_binary.npy,33,545,116503.0
device3-13_binary.npy,34,545,116503.0
device3-13_binary.npy,35,545,116503.0
device3-13_binary.npy,36,545,116503.0
device3-13_binary.npy,37,545,116503.0
device3-13_binary.npy,38,545,116503.0
device3-13_binary.npy,39,545,116503.0
device3-13_binary.npy,40,545,116503.0
device3-13_binary.npy,41,545,116503.0
device3-18_binary.npy,0,874,112941.0
device3-18_binary.npy,1,773,113951.0
device3-18_binary.npy,2,741,114271.0
device3-18_binary.npy,3,726,114421.0
device3-18_binary.npy,4,705,114631.0
device3-18_binary.npy,5,705,114631.0
device3-18_binary.npy,6,686,114821.0
device3-18_binary.npy,7,681,114871.0
device3-18_binary.npy,8,679,114891.0
device3-18_binary.npy,9,669,114991.0
device3-18_binary.npy,10,669,114991.0
device3-18_binary.npy,11,663,115051.0
device3-18_binary.npy,12,660,115081.0
device3-18_binary.npy,13,658,115101.0
device3-18_binary.npy,14,656,115121.0
device3-18_binary.npy,15,655,115131.0
device3-18_binary.npy,16,655,115131.0
device3-18_binary.npy,17,654,115141.0
device3-18_binary.npy,18,654,115141.0
device3-18_binary.npy,19,654,115141.0
device3-18_binary.npy,20,654,115141.0
device3-18_binary.npy,21,654,115141.0
device3-18_binary.npy,22,654,115141.0
device3-18_binary.npy,23,654,115141.0
device3-18_binary.npy,24,654,115141.0
device3-18_binary.npy,25,654,115141.0
device3-18_binary.npy,26,654,115141.0
device3-18_binary.npy,27,654,115141.0
device3-18_binary.npy,28,654,115141.0
device3-18_binary.npy,29,654,115141.0
device3-7_binary.npy,0,425,166086.0
device3-7_binary.npy,1,306,167276.0
device3-7_binary.npy,2,203,168306.0
device3-7_binary.npy,3,178,168556.0
device3-7_binary.npy,4,178,168556.0
device3-7_binary.npy,5,152,168816.0
device3-7_binary.npy,6,152,168816.0
device3-7_binary.npy,7,146,168876.0
device3-7_binary.npy,8,133,169006.0
device3-7_binary.npy,9,132,169016.0
device3-7_binary.npy,10,122,169116.0
device3-7_binary.npy,11,122,169116.0
device3-7_binary.npy,12,115,169186.0
device3-7_binary.npy,13,111,169226.0
device3-7_binary.npy,14,108,169256.0
device3-7_binary.npy,15,106,169276.0
device3-7_binary.npy,16,104,169296.0
device3-7_binary.npy,17,104,169296.0
device3-7_binary.npy,18,104,169296.0
device3-7_binary.npy,19,103,169306.0
device3-7_binary.npy,20,102,169316.0
device3-7_binary.npy,21,102,169316.0
device3-7_binary.npy,22,102,169316.0
device3-7_binary.npy,23,100,169336.0
device3-7_binary.npy,24,100,169336.0
device3-7_binary.npy,25,100,169336.0
device3-7_binary.npy,26,100,169336.0
device3-7_binary.npy,27,100,169336.0
device3-7_binary.npy,28,100,169336.0
device3-7_binary.npy,29,100,169336.0
device3-7_binary.npy,30,100,169336.0
device3-7_binary.npy,31,100,169336.0
device3-7_binary.npy,32,100,169336.0
device3-7_binary.npy,33,100,169336.0
device3-7_binary.npy,34,100,169336.0
device3-7_binary.npy,35,100,169336.0
device4-13_binary.npy,0,418,67387.0
device4-13_binary.npy,1,389,67677.0
device4-13_binary.npy,2,374,67827.0
device4-13_binary.npy,3,372,67847.0
device4-13_binary.npy,4,353,68037.0
device4-13_binary.npy,5,346,68107.0
device4-13_binary.npy,6,340,68167.0
device4-13_binary.npy,7,336,68207.0
device4-13_binary.npy,8,336,68207.0
device4-13_binary.npy,9,335,68217.0
device4-13_binary.npy,10,334,68227.0
device4-13_binary.npy,11,333,68237.0
device4-13_binary.npy,12,333,68237.0
device4-13_binary.npy,13,333,68237.0
device4-13_binary.npy,14,332,68247.0
device4-13_binary.npy,15,332,68247.0
device4-13_binary.npy,16,332,68247.0
device4-13_binary.npy,17,332,68247.0
device4-13_binary.npy,18,332,68247.0
device4-13_binary.npy,19,332,68247.0
device4-13_binary.npy,20,332,68247.0
device4-13_binary.npy,21,332,68247.0
device4-13_binary.npy,22,332,68247.0
device4-13_binary.npy,23,332,68247.0
device4-13_binary.npy,24,332,68247.0
device4-13_binary.npy,25,332,68247.0
device4-13_binary.npy,26,332,68247.0
device4-19_binary.npy,0,584,69446.0
device4-19_binary.npy,1,516,70126.0
device4-19_binary.npy,2,489,70396.0
device4-19_binary.npy,3,486,70426.0
device4-19_binary.npy,4,480,70486.0
device4-19_binary.npy,5,480,70486.0
device4-19_binary.npy,6,480,70486.0
device4-19_binary.npy,7,474,70546.0
device4-19_binary.npy,8,471,70576.0
device4-19_binary.npy,9,471,70576.0
device4-19_binary.npy,10,470,70586.0
device4-19_binary.npy,11,467,70616.0
device4-19_binary.npy,12,466,70626.0
device4-19_binary.npy,13,465,70636.0
device4-19_binary.npy,14,465,70636.0
device4-19_binary.npy,15,464,70646.0
device4-19_binary.npy,16,463,70656.0
device4-19_binary.npy,17,463,70656.0
device4-19_binary.npy,18,463,70656.0
device4-19_binary.npy,19,463,70656.0
device4-19_binary.npy,20,463,70656.0
device4-19_binary.npy,21,463,70656.0
device4-19_binary.npy,22,463,70656.0
device4-19_binary.npy,23,463,70656.0
device4-19_binary.npy,24,463,70656.0
device4-19_binary.npy,25,463,70656.0
device4-19_binary.npy,26,463,70656.0
device4-19_binary.npy,27,463,70656.0
device4-19_binary.npy,28,463,70656.0
device4-1_binary.npy,0,361,81356.0
device4-1_binary.npy,1,311,81856.0
device4-1_binary.npy,2,288,82086.0
device4-1_binary.npy,3,288,82086.0
device4-1_binary.npy,4,288,82086.0
device4-1_binary.npy,5,282,82146.0
device4-1_binary.npy,6,278,82186.0
device4-1_binary.npy,7,277,82196.0
device4-1_binary.npy,8,277,82196.0
device4-1_binary.npy,9,276,82206.0
device4-1_binary.npy,10,275,82216.0
device4-1_binary.npy,11,275,82216.0
device4-1_binary.npy,12,275,82216.0
device4-1_binary.npy,13,275,82216.0
device4-1_binary.npy,14,275,82216.0
device4-1_binary.npy,15,275,82216.0
device4-1_binary.npy,16,275,82216.0
device4-1_binary.npy,17,275,82216.0
device4-1_binary.npy,18,275,82216.0
device4-1_binary.npy,19,275,82216.0
device4-1_binary.npy,20,275,82216.0
device4-1_binary.npy,21,275,82216.0
device4-1_binary.npy,22,275,82216.0
device4-3_binary.npy,0,363,81408.0
device4-3_binary.npy,1,348,81558.0
device4-3_binary.npy,2,314,81898.0
device4-3_binary.npy,3,314,81898.0
device4-3_binary.npy,4,314,81898.0
device4-3_binary.npy,5,314,81898.0
device4-3_binary.npy,6,304,81998.0
device4-3_binary.npy,7,301,82028.0
device4-3_binary.npy,8,298,82058.0
device4-3_binary.npy,9,294,82098.0
device4-3_binary.npy,10,294,82098.0
device4-3_binary.npy,11,294,82098.0
device4-3_binary.npy,12,294,82098.0
device4-3_binary.npy,13,294,82098.0
device4-3_binary.npy,14,294,82098.0
device4-3_binary.npy,15,294,82098.0
device4-3_binary.npy,16,294,82098.0
device4-3_binary.npy,17,294,82098.0
device4-3_binary.npy,18,294,82098.0
device4-3_binary.npy,19,294,82098.0
device4-3_binary.npy,20,294,82098.0
device4-3_binary.npy,21,294,82098.0
device5-10_binary.npy,0,605,87331.0
device5-10_binary.npy,1,438,89001.0
device5-10_binary.npy,2,438,89001.0
device5-10_binary.npy,3,393,89451.0
device5-10_binary.npy,4,347,89911.0
device5-10_binary.npy,5,347,89911.0
device5-10_binary.npy,6,318,90201.0
device5-10_binary.npy,7,318,90201.0
device5-10_binary.npy,8,318,90201.0
device5-10_binary.npy,9,318,90201.0
device5-10_binary.npy,10,318,90201.0
device5-10_binary.npy,11,318,90201.0
device5-10_binary.npy,12,288,90501.0
device5-10_binary.npy,13,288,90501.0
device5-10_binary.npy,14,288,90501.0
device5-10_binary.npy,15,288,90501.0
device5-10_binary.npy,16,288,90501.0
device5-10_binary.npy,17,288,90501.0
device5-10_binary.npy,18,284,90541.0
device5-10_binary.npy,19,284,90541.0
device5-10_binary.npy,20,284,90541.0
device5-10_binary.npy,21,284,90541.0
device5-10_binary.npy,22,267,90711.0
device5-10_binary.npy,23,248,90901.0
device5-10_binary.npy,24,244,90941.0
device5-10_binary.npy,25,238,91001.0
device5-10_binary.npy,26,229,91091.0
device5-10_binary.npy,27,229,91091.0
device5-10_binary.npy,28,226,91121.0
device5-10_binary.npy,29,220,91181.0
device5-10_binary.npy,30,219,91191.0
device5-10_binary.npy,31,219,91191.0
device5-10_binary.npy,32,219,91191.0
device5-10_binary.npy,33,217,91211.0
device5-10_binary.npy,34,216,91221.0
device5-10_binary.npy,35,216,91221.0
device5-10_binary.npy,36,216,91221.0
device5-10_binary.npy,37,216,91221.0
device5-10_binary.npy,38,216,91221.0
device5-10_binary.npy,39,216,91221.0
device5-10_binary.npy,40,216,91221.0
device5-10_binary.npy,41,216,91221.0
device5-10_binary.npy,42,216,91221.0
device5-10_binary.npy,43,216,91221.0
device5-10_binary.npy,44,216,91221.0
device5-10_binary.npy,45,216,91221.0
device5-10_binary.npy,46,216,91221.0
device5-15_binary.npy,0,505,66345.0
device5-15_binary.npy,1,369,67705.0
device5-15_binary.npy,2,369,67705.0
device5-15_binary.npy,3,337,68025.0
device5-15_binary.npy,4,328,68115.0
device5-15_binary.npy,5,328,68115.0
device5-15_binary.npy,6,316,68235.0
device5-15_binary.npy,7,316,68235.0
device5-15_binary.npy,8,292,68475.0
device5-15_binary.npy,9,289,68505.0
device5-15_binary.npy,10,283,68565.0
device5-15_binary.npy,11,275,68645.0
device5-15_binary.npy,12,268,68715.0
device5-15_binary.npy,13,268,68715.0
device5-15_binary.npy,14,268,68715.0
device5-15_binary.npy,15,263,68765.0
device5-15_binary.npy,16,259,68805.0
device5-15_binary.npy,17,259,68805.0
device5-15_binary.npy,18,259,68805.0
device5-15_binary.npy,19,259,68805.0
device5-15_binary.npy,20,258,68815.0
device5-15_binary.npy,21,258,68815.0
device5-15_binary.npy,22,258,68815.0
device5-15_binary.npy,23,258,68815.0
device5-15_binary.npy,24,258,68815.0
device5-15_binary.npy,25,258,68815.0
device5-15_binary.npy,26,258,68815.0
device5-15_binary.npy,27,258,68815.0
device5-15_binary.npy,28,258,68815.0
device5-15_binary.npy,29,258,68815.0
device5-15_binary.npy,30,258,68815.0
device5-15_binary.npy,31,258,68815.0
device5-15_binary.npy,32,258,68815.0
device5-18_binary.npy,0,556,33938.0
device5-18_binary.npy,1,458,34918.0
device5-18_binary.npy,2,454,34958.0
device5-18_binary.npy,3,439,35108.0
device5-18_binary.npy,4,418,35318.0
device5-18_binary.npy,5,406,35438.0
device5-18_binary.npy,6,387,35628.0
device5-18_binary.npy,7,378,35718.0
device5-18_binary.npy,8,378,35718.0
device5-18_binary.npy,9,372,35778.0
device5-18_binary.npy,10,370,35798.0
device5-18_binary.npy,11,367,35828.0
device5-18_binary.npy,12,367,35828.0
device5-18_binary.npy,13,364,35858.0
device5-18_binary.npy,14,363,35868.0
device5-18_binary.npy,15,363,35868.0
device5-18_binary.npy,16,363,35868.0
device5-18_binary.npy,17,363,35868.0
device5-18_binary.npy,18,363,35868.0
device5-18_binary.npy,19,363,35868.0
device5-18_binary.npy,20,363,35868.0
device5-18_binary.npy,21,363,35868.0
device5-18_binary.npy,22,363,35868.0
device5-18_binary.npy,23,363,35868.0
device5-18_binary.npy,24,363,35868.0
device5-18_binary.npy,25,363,35868.0
device5-18_binary.npy,26,363,35868.0
device5-4_binary.npy,0,740,46224.0
device5-4_binary.npy,1,507,48554.0
device5-4_binary.npy,2,496,48664.0
device5-4_binary.npy,3,496,48664.0
device5-4_binary.npy,4,404,49584.0
device5-4_binary.npy,5,404,49584.0
device5-4_binary.npy,6,399,49634.0
device5-4_binary.npy,7,394,49684.0
device5-4_binary.npy,8,351,50114.0
device5-4_binary.npy,9,349,50134.0
device5-4_binary.npy,10,349,50134.0
device5-4_binary.npy,11,330,50324.0
device5-4_binary.npy,12,330,50324.0
device5-4_binary.npy,13,330,50324.0
device5-4_binary.npy,14,325,50374.0
device5-4_binary.npy,15,320,50424.0
device5-4_binary.npy,16,314,50484.0
device5-4_binary.npy,17,312,50504.0
device5-4_binary.npy,18,312,50504.0
device5-4_binary.npy,19,312,50504.0
device5-4_binary.npy,20,312,50504.0
device5-4_binary.npy,21,312,50504.0
device5-4_binary.npy,22,311,50514.0
device5-4_binary.npy,23,311,50514.0
device5-4_binary.npy,24,311,50514.0
device5-4_binary.npy,25,311,50514.0
device5-4_binary.npy,26,311,50514.0
device5-4_binary.npy,27,311,50514.0
device5-4_binary.npy,28,311,50514.0
device5-4_binary.npy,29,311,50514.0
device5-4_binary.npy,30,311,50514.0
device5-4_binary.npy,31,311,50514.0
device5-4_binary.npy,32,311,50514.0
device5-4_binary.npy,33,311,50514.0
device5-4_binary.npy,34,311,50514.0
device6-13_binary.npy,0,975,72360.0
device6-13_binary.npy,1,888,73230.0
device6-13_binary.npy,2,821,73900.0
device6-13_binary.npy,3,807,74040.0
device6-13_binary.npy,4,784,74270.0
device6-13_binary.npy,5,770,74410.0
device6-13_binary.npy,6,746,74650.0
device6-13_binary.npy,7,725,74860.0
device6-13_binary.npy,8,725,74860.0
device6-13_binary.npy,9,725,74860.0
device6-13_binary.npy,10,725,74860.0
device6-13_binary.npy,11,725,74860.0
device6-13_binary.npy,12,721,74900.0
device6-13_binary.npy,13,721,74900.0
device6-13_binary.npy,14,721,74900.0
device6-13_binary.npy,15,721,74900.0
device6-13_binary.npy,16,709,75020.0
device6-13_binary.npy,17,709,75020.0
device6-13_binary.npy,18,709,75020.0
device6-13_binary.npy,19,709,75020.0
device6-13_binary.npy,20,709,75020.0
device6-13_binary.npy,21,709,75020.0
device6-13_binary.npy,22,709,75020.0
device6-13_binary.npy,23,709,75020.0
device6-13_binary.npy,24,709,75020.0
device6-13_binary.npy,25,709,75020.0
device6-13_binary.npy,26,709,75020.0
device6-13_binary.npy,27,707,75040.0
device6-13_binary.npy,28,705,75060.0
device6-13_binary.npy,29,703,75080.0
device6-13_binary.npy,30,701,75100.0
device6-13_binary.npy,31,700,75110.0
device6-13_binary.npy,32,700,75110.0
device6-13_binary.npy,33,700,75110.0
device6-13_binary.npy,34,700,75110.0
device6-13_binary.npy,35,695,75160.0
device6-13_binary.npy,36,695,75160.0
device6-13_binary.npy,37,695,75160.0
device6-13_binary.npy,38,695,75160.0
device6-13_binary.npy,39,695,75160.0
device6-13_binary.npy,40,695,75160.0
device6-13_binary.npy,41,695,75160.0
device6-13_binary.npy,42,695,75160.0
device6-13_binary.npy,43,695,75160.0
device6-13_binary.npy,44,693,75180.0
device6-13_binary.npy,45,690,75210.0
device6-13_binary.npy,46,690,75210.0
device6-13_binary.npy,47,690,75210.0
device6-13_binary.npy,48,690,75210.0
device6-13_binary.npy,49,690,75210.0
device6-13_binary.npy,50,690,75210.0
device6-13_binary.npy,51,690,75210.0
device6-13_binary.npy,52,690,75210.0
device6-13_binary.npy,53,687,75240.0
device6-13_binary.npy,54,687,75240.0
device6-13_binary.npy,55,687,75240.0
device6-13_binary.npy,56,687,75240.0
device6-13_binary.npy,57,687,75240.0
device6-13_binary.npy,58,687,75240.0
device6-13_binary.npy,59,687,75240.0
device6-13_binary.npy,60,687,75240.0
device6-13_binary.npy,61,687,75240.0
device6-13_binary.npy,62,687,75240.0
device6-13_binary.npy,63,687,75240.0
device6-13_binary.npy,64,687,75240.0
device6-13_binary.npy,65,687,75240.0
device6-15_binary.npy,0,409,96929.0
device6-15_binary.npy,1,352,97499.0
device6-15_binary.npy,2,335,97669.0
device6-15_binary.npy,3,321,97809.0
device6-15_binary.npy,4,312,97899.0
device6-15_binary.npy,5,312,97899.0
device6-15_binary.npy,6,310,97919.0
device6-15_binary.npy,7,310,97919.0
device6-15_binary.npy,8,304,97979.0
device6-15_binary.npy,9,302,97999.0
device6-15_binary.npy,10,302,97999.0
device6-15_binary.npy,11,302,97999.0
device6-15_binary.npy,12,302,97999.0
device6-15_binary.npy,13,301,98009.0
device6-15_binary.npy,14,300,98019.0
device6-15_binary.npy,15,300,98019.0
device6-15_binary.npy,16,300,98019.0
device6-15_binary.npy,17,300,98019.0
device6-15_binary.npy,18,300,98019.0
device6-15_binary.npy,19,300,98019.0
device6-15_binary.npy,20,300,98019.0
device6-15_binary.npy,21,300,98019.0
device6-15_binary.npy,22,300,98019.0
device6-15_binary.npy,23,300,98019.0
device6-15_binary.npy,24,300,98019.0
device6-15_binary.npy,25,300,98019.0
device6-15_binary.npy,26,300,98019.0
device6-6_binary.npy,0,377,97340.0
device6-6_binary.npy,1,321,97900.0
device6-6_binary.npy,2,310,98010.0
device6-6_binary.npy,3,310,98010.0
device6-6_binary.npy,4,292,98190.0
device6-6_binary.npy,5,292,98190.0
device6-6_binary.npy,6,279,98320.0
device6-6_binary.npy,7,279,98320.0
device6-6_binary.npy,8,277,98340.0
device6-6_binary.npy,9,277,98340.0
device6-6_binary.npy,10,277,98340.0
device6-6_binary.npy,11,275,98360.0
device6-6_binary.npy,12,275,98360.0
device6-6_binary.npy,13,275,98360.0
device6-6_binary.npy,14,275,98360.0
device6-6_binary.npy,15,275,98360.0
device6-6_binary.npy,16,275,98360.0
device6-6_binary.npy,17,275,98360.0
device6-6_binary.npy,18,275,98360.0
device6-6_binary.npy,19,275,98360.0
device6-6_binary.npy,20,275,98360.0
device6-6_binary.npy,21,275,98360.0
device6-6_binary.npy,22,275,98360.0
device6-6_binary.npy,23,275,98360.0
device6-9_binary.npy,0,582,49776.0
device6-9_binary.npy,1,571,49886.0
device6-9_binary.npy,2,571,49886.0
device6-9_binary.npy,3,569,49906.0
device6-9_binary.npy,4,568,49916.0
device6-9_binary.npy,5,568,49916.0
device6-9_binary.npy,6,568,49916.0
device6-9_binary.npy,7,568,49916.0
device6-9_binary.npy,8,568,49916.0
device6-9_binary.npy,9,568,49916.0
device6-9_binary.npy,10,568,49916.0
device6-9_binary.npy,11,568,49916.0
device6-9_binary.npy,12,568,49916.0
device6-9_binary.npy,13,568,49916.0
device6-9_binary.npy,14,568,49916.0
device6-9_binary.npy,15,568,49916.0
device6-9_binary.npy,16,568,49916.0
device7-14_binary.npy,0,1313,52637.0
device7-14_binary.npy,1,1057,55197.0
device7-14_binary.npy,2,1057,55197.0
device7-14_binary.npy,3,1052,55247.0
device7-14_binary.npy,4,1040,55367.0
device7-14_binary.npy,5,968,56087.0
device7-14_binary.npy,6,968,56087.0
device7-14_binary.npy,7,968,56087.0
device7-14_binary.npy,8,938,56387.0
device7-14_binary.npy,9,938,56387.0
device7-14_binary.npy,10,927,56497.0
device7-14_binary.npy,11,925,56517.0
device7-14_binary.npy,12,920,56567.0
device7-14_binary.npy,13,913,56637.0
device7-14_binary.npy,14,913,56637.0
device7-14_binary.npy,15,904,56727.0
device7-14_binary.npy,16,893,56837.0
device7-14_binary.npy,17,893,56837.0
device7-14_binary.npy,18,893,56837.0
device7-14_binary.npy,19,893,56837.0
device7-14_binary.npy,20,893,56837.0
device7-14_binary.npy,21,893,56837.0
device7-14_binary.npy,22,892,56847.0
device7-14_binary.npy,23,890,56867.0
device7-14_binary.npy,24,890,56867.0
device7-14_binary.npy,25,889,56877.0
device7-14_binary.npy,26,889,56877.0
device7-14_binary.npy,27,889,56877.0
device7-14_binary.npy,28,889,56877.0
device7-14_binary.npy,29,889,56877.0
device7-14_binary.npy,30,889,56877.0
device7-14_binary.npy,31,889,56877.0
device7-14_binary.npy,32,889,56877.0
device7-14_binary.npy,33,889,56877.0
device7-14_binary.npy,34,889,56877.0
device7-14_binary.npy,35,881,56957.0
device7-14_binary.npy,36,881,56957.0
device7-14_binary.npy,37,881,56957.0
device7-14_binary.npy,38,881,56957.0
device7-14_binary.npy,39,881,56957.0
device7-14_binary.npy,40,881,56957.0
device7-14_binary.npy,41,881,56957.0
device7-14_binary.npy,42,875,57017.0
device7-14_binary.npy,43,875,57017.0
device7-14_binary.npy,44,875,57017.0
device7-14_binary.npy,45,875,57017.0
device7-14_binary.npy,46,875,57017.0
device7-14_binary.npy,47,875,57017.0
device7-14_binary.npy,48,875,57017.0
device7-14_binary.npy,49,875,57017.0
device7-14_binary.npy,50,871,57057.0
device7-14_binary.npy,51,871,57057.0
device7-14_binary.npy,52,871,57057.0
device7-14_binary.npy,53,871,57057.0
device7-14_binary.npy,54,871,57057.0
device7-14_binary.npy,55,871,57057.0
device7-14_binary.npy,56,871,57057.0
device7-14_binary.npy,57,871,57057.0
device7-14_binary.npy,58,871,57057.0
device7-14_binary.npy,59,871,57057.0
device7-14_binary.npy,60,871,57057.0
device7-14_binary.npy,61,871,57057.0
device7-14_binary.npy,62,870,57067.0
device7-14_binary.npy,63,863,57137.0
device7-14_binary.npy,64,863,57137.0
device7-14_binary.npy,65,863,57137.0
device7-14_binary.npy,66,863,57137.0
device7-14_binary.npy,67,863,57137.0
device7-14_binary.npy,68,863,57137.0
device7-14_binary.npy,69,863,57137.0
device7-14_binary.npy,70,863,57137.0
device7-14_binary.npy,71,863,57137.0
device7-14_binary.npy,72,863,57137.0
device7-14_binary.npy,73,863,57137.0
device7-14_binary.npy,74,863,57137.0
device7-14_binary.npy,75,863,57137.0
device7-16_binary.npy,0,1041,90492.0
device7-16_binary.npy,1,893,91972.0
device7-16_binary.npy,2,841,92492.0
device7-16_binary.npy,3,823,92672.0
device7-16_binary.npy,4,786,93042.0
device7-16_binary.npy,5,753,93372.0
device7-16_binary.npy,6,750,93402.0
device7-16_binary.npy,7,750,93402.0
device7-16_binary.npy,8,729,93612.0
device7-16_binary.npy,9,713,93772.0
device7-16_binary.npy,10,713,93772.0
device7-16_binary.npy,11,713,93772.0
device7-16_binary.npy,12,713,93772.0
device7-16_binary.npy,13,697,93932.0
device7-16_binary.npy,14,697,93932.0
device7-16_binary.npy,15,697,93932.0
device7-16_binary.npy,16,694,93962.0
device7-16_binary.npy,17,691,93992.0
device7-16_binary.npy,18,688,94022.0
device7-16_binary.npy,19,687,94032.0
device7-16_binary.npy,20,687,94032.0
device7-16_binary.npy,21,686,94042.0
device7-16_binary.npy,22,686,94042.0
device7-16_binary.npy,23,686,94042.0
device7-16_binary.npy,24,686,94042.0
device7-16_binary.npy,25,686,94042.0
device7-16_binary.npy,26,686,94042.0
device7-16_binary.npy,27,686,94042.0
device7-16_binary.npy,28,686,94042.0
device7-16_binary.npy,29,686,94042.0
device7-16_binary.npy,30,686,94042.0
device7-16_binary.npy,31,686,94042.0
device7-16_binary.npy,32,686,94042.0
device7-16_binary.npy,33,686,94042.0
device7-19_binary.npy,0,937,105646.0
device7-19_binary.npy,1,822,106796.0
device7-19_binary.npy,2,797,107046.0
device7-19_binary.npy,3,779,107226.0
device7-19_binary.npy,4,750,107516.0
device7-19_binary.npy,5,741,107606.0
device7-19_binary.npy,6,713,107886.0
device7-19_binary.npy,7,713,107886.0
device7-19_binary.npy,8,702,107996.0
device7-19_binary.npy,9,700,108016.0
device7-19_binary.npy,10,700,108016.0
device7-19_binary.npy,11,691,108106.0
device7-19_binary.npy,12,689,108126.0
device7-19_binary.npy,13,689,108126.0
device7-19_binary.npy,14,689,108126.0
device7-19_binary.npy,15,689,108126.0
device7-19_binary.npy,16,688,108136.0
device7-19_binary.npy,17,688,108136.0
device7-19_binary.npy,18,688,108136.0
device7-19_binary.npy,19,688,108136.0
device7-19_binary.npy,20,688,108136.0
device7-19_binary.npy,21,688,108136.0
device7-19_binary.npy,22,688,108136.0
device7-19_binary.npy,23,688,108136.0
device7-19_binary.npy,24,688,108136.0
device7-19_binary.npy,25,688,108136.0
device7-19_binary.npy,26,688,108136.0
device7-19_binary.npy,27,688,108136.0
device7-19_binary.npy,28,688,108136.0
device7-6_binary.npy,0,969,105892.0
device7-6_binary.npy,1,874,106842.0
device7-6_binary.npy,2,842,107162.0
device7-6_binary.npy,3,798,107602.0
device7-6_binary.npy,4,788,107702.0
device7-6_binary.npy,5,779,107792.0
device7-6_binary.npy,6,768,107902.0
device7-6_binary.npy,7,768,107902.0
device7-6_binary.npy,8,746,108122.0
device7-6_binary.npy,9,746,108122.0
device7-6_binary.npy,10,741,108172.0
device7-6_binary.npy,11,732,108262.0
device7-6_binary.npy,12,732,108262.0
device7-6_binary.npy,13,729,108292.0
device7-6_binary.npy,14,728,108302.0
device7-6_binary.npy,15,726,108322.0
device7-6_binary.npy,16,726,108322.0
device7-6_binary.npy,17,726,108322.0
device7-6_binary.npy,18,726,108322.0
device7-6_binary.npy,19,726,108322.0
device7-6_binary.npy,20,726,108322.0
device7-6_binary.npy,21,726,108322.0
device7-6_binary.npy,22,726,108322.0
device7-6_binary.npy,23,726,108322.0
device7-6_binary.npy,24,726,108322.0
device7-6_binary.npy,25,726,108322.0
device7-6_binary.npy,26,726,108322.0
device7-6_binary.npy,27,726,108322.0
device8-15_binary.npy,0,521,78840.0
device8-15_binary.npy,1,373,80320.0
device8-15_binary.npy,2,373,80320.0
device8-15_binary.npy,3,353,80520.0
device8-15_binary.npy,4,322,80830.0
device8-15_binary.npy,5,322,80830.0
device8-15_binary.npy,6,317,80880.0
device8-15_binary.npy,7,317,80880.0
device8-15_binary.npy,8,317,80880.0
device8-15_binary.npy,9,295,81100.0
device8-15_binary.npy,10,285,81200.0
device8-15_binary.npy,11,284,81210.0
device8-15_binary.npy,12,278,81270.0
device8-15_binary.npy,13,277,81280.0
device8-15_binary.npy,14,277,81280.0
device8-15_binary.npy,15,276,81290.0
device8-15_binary.npy,16,276,81290.0
device8-15_binary.npy,17,273,81320.0
device8-15_binary.npy,18,272,81330.0
device8-15_binary.npy,19,272,81330.0
device8-15_binary.npy,20,272,81330.0
device8-15_binary.npy,21,272,81330.0
device8-15_binary.npy,22,272,81330.0
device8-15_binary.npy,23,272,81330.0
device8-15_binary.npy,24,272,81330.0
device8-15_binary.npy,25,272,81330.0
device8-15_binary.npy,26,272,81330.0
device8-15_binary.npy,27,272,81330.0
device8-15_binary.npy,28,272,81330.0
device8-15_binary.npy,29,267,81380.0
device8-15_binary.npy,30,267,81380.0
device8-15_binary.npy,31,267,81380.0
device8-15_binary.npy,32,267,81380.0
device8-15_binary.npy,33,267,81380.0
device8-15_binary.npy,34,267,81380.0
device8-15_binary.npy,35,267,81380.0
device8-15_binary.npy,36,267,81380.0
device8-15_binary.npy,37,267,81380.0
device8-15_binary.npy,38,267,81380.0
device8-15_binary.npy,39,267,81380.0
device8-15_binary.npy,40,267,81380.0
device8-15_binary.npy,41,267,81380.0
device8-20_binary.npy,0,446,79387.0
device8-20_binary.npy,1,227,81577.0
device8-20_binary.npy,2,200,81847.0
device8-20_binary.npy,3,200,81847.0
device8-20_binary.npy,4,200,81847.0
device8-20_binary.npy,5,200,81847.0
device8-20_binary.npy,6,200,81847.0
device8-20_binary.npy,7,200,81847.0
device8-20_binary.npy,8,102,82827.0
device8-20_binary.npy,9,102,82827.0
device8-20_binary.npy,10,102,82827.0
device8-20_binary.npy,11,102,82827.0
device8-20_binary.npy,12,82,83027.0
device8-20_binary.npy,13,82,83027.0
device8-20_binary.npy,14,82,83027.0
device8-20_binary.npy,15,82,83027.0
device8-20_binary.npy,16,82,83027.0
device8-20_binary.npy,17,82,83027.0
device8-20_binary.npy,18,82,83027.0
device8-20_binary.npy,19,82,83027.0
device8-20_binary.npy,20,75,83097.0
device8-20_binary.npy,21,75,83097.0
device8-20_binary.npy,22,73,83117.0
device8-20_binary.npy,23,73,83117.0
device8-20_binary.npy,24,67,83177.0
device8-20_binary.npy,25,67,83177.0
device8-20_binary.npy,26,48,83367.0
device8-20_binary.npy,27,48,83367.0
device8-20_binary.npy,28,48,83367.0
device8-20_binary.npy,29,48,83367.0
device8-20_binary.npy,30,33,83517.0
device8-20_binary.npy,31,26,83587.0
device8-20_binary.npy,32,19,83657.0
device8-20_binary.npy,33,19,83657.0
device8-20_binary.npy,34,13,83717.0
device8-20_binary.npy,35,13,83717.0
device8-20_binary.npy,36,12,83727.0
device8-20_binary.npy,37,12,83727.0
device8-20_binary.npy,38,10,83747.0
device8-20_binary.npy,39,8,83767.0
device8-20_binary.npy,40,8,83767.0
device8-20_binary.npy,41,5,83797.0
device8-20_binary.npy,42,5,83797.0
device8-20_binary.npy,43,5,83797.0
device8-20_binary.npy,44,5,83797.0
device8-20_binary.npy,45,5,83797.0
device8-20_binary.npy,46,5,83797.0
device8-20_binary.npy,47,5,83797.0
device8-20_binary.npy,48,5,83797.0
device8-20_binary.npy,49,5,83797.0
device8-20_binary.npy,50,5,83797.0
device8-20_binary.npy,51,5,83797.0
device8-20_binary.npy,52,5,83797.0
device8-20_binary.npy,53,5,83797.0
device8-6_binary.npy,0,446,74510.0
device8-6_binary.npy,1,362,75350.0
device8-6_binary.npy,2,358,75390.0
device8-6_binary.npy,3,335,75620.0
device8-6_binary.npy,4,318,75790.0
device8-6_binary.npy,5,318,75790.0
device8-6_binary.npy,6,312,75850.0
device8-6_binary.npy,7,296,76010.0
device8-6_binary.npy,8,291,76060.0
device8-6_binary.npy,9,285,76120.0
device8-6_binary.npy,10,285,76120.0
device8-6_binary.npy,11,282,76150.0
device8-6_binary.npy,12,278,76190.0
device8-6_binary.npy,13,271,76260.0
device8-6_binary.npy,14,271,76260.0
device8-6_binary.npy,15,271,76260.0
device8-6_binary.npy,16,268,76290.0
device8-6_binary.npy,17,268,76290.0
device8-6_binary.npy,18,268,76290.0
device8-6_binary.npy,19,268,76290.0
device8-6_binary.npy,20,268,76290.0
device8-6_binary.npy,21,268,76290.0
device8-6_binary.npy,22,268,76290.0
device8-6_binary.npy,23,268,76290.0
device8-6_binary.npy,24,268,76290.0
device8-6_binary.npy,25,268,76290.0
device8-6_binary.npy,26,268,76290.0
device8-6_binary.npy,27,268,76290.0
device8-6_binary.npy,28,268,76290.0
device8-7_binary.npy,0,403,51195.0
device8-7_binary.npy,1,330,51925.0
device8-7_binary.npy,2,311,52115.0
device8-7_binary.npy,3,291,52315.0
device8-7_binary.npy,4,257,52655.0
device8-7_binary.npy,5,247,52755.0
device8-7_binary.npy,6,247,52755.0
device8-7_binary.npy,7,247,52755.0
device8-7_binary.npy,8,233,52895.0
device8-7_binary.npy,9,232,52905.0
device8-7_binary.npy,10,223,52995.0
device8-7_binary.npy,11,215,53075.0
device8-7_binary.npy,12,215,53075.0
device8-7_binary.npy,13,214,53085.0
device8-7_binary.npy,14,210,53125.0
device8-7_binary.npy,15,207,53155.0
device8-7_binary.npy,16,207,53155.0
device8-7_binary.npy,17,207,53155.0
device8-7_binary.npy,18,207,53155.0
device8-7_binary.npy,19,207,53155.0
device8-7_binary.npy,20,207,53155.0
device8-7_binary.npy,21,207,53155.0
device8-7_binary.npy,22,207,53155.0
device8-7_binary.npy,23,207,53155.0
device8-7_binary.npy,24,207,53155.0
device8-7_binary.npy,25,207,53155.0
device8-7_binary.npy,26,207,53155.0
device8-7_binary.npy,27,207,53155.0
device9-10_binary.npy,0,403,113835.0
device9-10_binary.npy,1,339,114475.0
device9-10_binary.npy,2,339,114475.0
device9-10_binary.npy,3,339,114475.0
device9-10_binary.npy,4,328,114585.0
device9-10_binary.npy,5,305,114815.0
device9-10_binary.npy,6,305,114815.0
device9-10_binary.npy,7,299,114875.0
device9-10_binary.npy,8,291,114955.0
device9-10_binary.npy,9,287,114995.0
device9-10_binary.npy,10,283,115035.0
device9-10_binary.npy,11,283,115035.0
device9-10_binary.npy,12,278,115085.0
device9-10_binary.npy,13,276,115105.0
device9-10_binary.npy,14,275,115115.0
device9-10_binary.npy,15,274,115125.0
device9-10_binary.npy,16,274,115125.0
device9-10_binary.npy,17,274,115125.0
device9-10_binary.npy,18,274,115125.0
device9-10_binary.npy,19,274,115125.0
device9-10_binary.npy,20,274,115125.0
device9-10_binary.npy,21,274,115125.0
device9-10_binary.npy,22,274,115125.0
device9-10_binary.npy,23,274,115125.0
device9-10_binary.npy,24,274,115125.0
device9-10_binary.npy,25,274,115125.0
device9-10_binary.npy,26,274,115125.0
device9-10_binary.npy,27,274,115125.0
device9-1_binary.npy,0,395,119331.0
device9-1_binary.npy,1,329,119991.0
device9-1_binary.npy,2,328,120001.0
device9-1_binary.npy,3,294,120341.0
device9-1_binary.npy,4,292,120361.0
device9-1_binary.npy,5,284,120441.0
device9-1_binary.npy,6,275,120531.0
device9-1_binary.npy,7,275,120531.0
device9-1_binary.npy,8,274,120541.0
device9-1_binary.npy,9,274,120541.0
device9-1_binary.npy,10,269,120591.0
device9-1_binary.npy,11,265,120631.0
device9-1_binary.npy,12,265,120631.0
device9-1_binary.npy,13,265,120631.0
device9-1_binary.npy,14,265,120631.0
device9-1_binary.npy,15,265,120631.0
device9-1_binary.npy,16,265,120631.0
device9-1_binary.npy,17,265,120631.0
device9-1_binary.npy,18,265,120631.0
device9-1_binary.npy,19,265,120631.0
device9-1_binary.npy,20,265,120631.0
device9-1_binary.npy,21,265,120631.0
device9-1_binary.npy,22,265,120631.0
device9-1_binary.npy,23,265,120631.0
device9-5_binary.npy,0,743,108348.0
device9-5_binary.npy,1,569,110088.0
device9-5_binary.npy,2,568,110098.0
device9-5_binary.npy,3,530,110478.0
device9-5_binary.npy,4,498,110798.0
device9-5_binary.npy,5,490,110878.0
device9-5_binary.npy,6,484,110938.0
device9-5_binary.npy,7,461,111168.0
device9-5_binary.npy,8,461,111168.0
device9-5_binary.npy,9,459,111188.0
device9-5_binary.npy,10,454,111238.0
device9-5_binary.npy,11,450,111278.0
device9-5_binary.npy,12,440,111378.0
device9-5_binary.npy,13,440,111378.0
device9-5_binary.npy,14,440,111378.0
device9-5_binary.npy,15,440,111378.0
device9-5_binary.npy,16,434,111438.0
device9-5_binary.npy,17,434,111438.0
device9-5_binary.npy,18,434,111438.0
device9-5_binary.npy,19,432,111458.0
device9-5_binary.npy,20,432,111458.0
device9-5_binary.npy,21,432,111458.0
device9-5_binary.npy,22,431,111468.0
device9-5_binary.npy,23,431,111468.0
device9-5_binary.npy,24,431,111468.0
device9-5_binary.npy,25,431,111468.0
device9-5_binary.npy,26,431,111468.0
device9-5_binary.npy,27,431,111468.0
device9-5_binary.npy,28,431,111468.0
device9-5_binary.npy,29,431,111468.0
device9-5_binary.npy,30,431,111468.0
device9-5_binary.npy,31,431,111468.0
device9-5_binary.npy,32,431,111468.0
device9-5_binary.npy,33,431,111468.0
device9-5_binary.npy,34,431,111468.0
device9-9_binary.npy,0,829,107916.0
device9-9_binary.npy,1,780,108406.0
device9-9_binary.npy,2,631,109896.0
device9-9_binary.npy,3,631,109896.0
device9-9_binary.npy,4,631,109896.0
device9-9_binary.npy,5,579,110416.0
device9-9_binary.npy,6,579,110416.0
device9-9_binary.npy,7,579,110416.0
device9-9_binary.npy,8,579,110416.0
device9-9_binary.npy,9,528,110926.0
device9-9_binary.npy,10,528,110926.0
device9-9_binary.npy,11,497,111236.0
device9-9_binary.npy,12,497,111236.0
device9-9_binary.npy,13,489,111316.0
device9-9_binary.npy,14,477,111436.0
device9-9_binary.npy,15,477,111436.0
device9-9_binary.npy,16,466,111546.0
device9-9_binary.npy,17,460,111606.0
device9-9_binary.npy,18,460,111606.0
device9-9_binary.npy,19,456,111646.0
device9-9_binary.npy,20,456,111646.0
device9-9_binary.npy,21,455,111656.0
device9-9_binary.npy,22,454,111666.0
device9-9_binary.npy,23,453,111676.0
device9-9_binary.npy,24,453,111676.0
device9-9_binary.npy,25,452,111686.0
device9-9_binary.npy,26,452,111686.0
device9-9_binary.npy,27,452,111686.0
device9-9_binary.npy,28,452,111686.0
device9-9_binary.npy,29,452,111686.0
device9-9_binary.npy,30,452,111686.0
device9-9_binary.npy,31,452,111686.0
device9-9_binary.npy,32,452,111686.0
device9-9_binary.npy,33,452,111686.0
device9-9_binary.npy,34,452,111686.0
device9-9_binary.npy,35,452,111686.0
device9-9_binary.npy,36,452,111686.0
device9-9_binary.npy,37,452,111686.0
dog-13_binary.npy,0,199,5622.0
dog-13_binary.npy,1,167,5942.0
dog-13_binary.npy,2,149,6122.0
dog-13_binary.npy,3,139,6222.0
dog-13_binary.npy,4,139,6222.0
dog-13_binary.npy,5,139,6222.0
dog-13_binary.npy,6,139,6222.0
dog-13_binary.npy,7,139,6222.0
dog-13_binary.npy,8,139,6222.0
dog-13_binary.npy,9,138,6232.0
dog-13_binary.npy,10,138,6232.0
dog-13_binary.npy,11,137,6242.0
dog-13_binary.npy,12,137,6242.0
dog-13_binary.npy,13,137,6242.0
dog-13_binary.npy,14,137,6242.0
dog-13_binary.npy,15,137,6242.0
dog-13_binary.npy,16,137,6242.0
dog-13_binary.npy,17,137,6242.0
dog-13_binary.npy,18,137,6242.0
dog-13_binary.npy,19,137,6242.0
dog-13_binary.npy,20,137,6242.0
dog-13_binary.npy,21,137,6242.0
dog-13_binary.npy,22,137,6242.0
dog-13_binary.npy,23,137,6242.0
dog-17_binary.npy,0,219,2102.0
dog-17_binary.npy,1,167,2622.0
dog-17_binary.npy,2,166,2632.0
dog-17_binary.npy,3,146,2832.0
dog-17_binary.npy,4,145,2842.0
dog-17_binary.npy,5,134,2952.0
dog-17_binary.npy,6,134,2952.0
dog-17_binary.npy,7,134,2952.0
dog-17_binary.npy,8,131,2982.0
dog-17_binary.npy,9,128,3012.0
dog-17_binary.npy,10,128,3012.0
dog-17_binary.npy,11,128,3012.0
dog-17_binary.npy,12,127,3022.0
dog-17_binary.npy,13,127,3022.0
dog-17_binary.npy,14,127,3022.0
dog-17_binary.npy,15,127,3022.0
dog-17_binary.npy,16,127,3022.0
dog-17_binary.npy,17,127,3022.0
dog-17_binary.npy,18,127,3022.0
dog-17_binary.npy,19,127,3022.0
dog-17_binary.npy,20,127,3022.0
dog-17_binary.npy,21,127,3022.0
dog-17_binary.npy,22,127,3022.0
dog-17_binary.npy,23,127,3022.0
dog-17_binary.npy,24,127,3022.0
dog-19_binary.npy,0,1927,30954.0
dog-19_binary.npy,1,1387,36354.0
dog-19_binary.npy,2,1254,37684.0
dog-19_binary.npy,3,1254,37684.0
dog-19_binary.npy,4,1187,38354.0
dog-19_binary.npy,5,1187,38354.0
dog-19_binary.npy,6,1106,39164.0
dog-19_binary.npy,7,1106,39164.0
dog-19_binary.npy,8,1106,39164.0
dog-19_binary.npy,9,1106,39164.0
dog-19_binary.npy,10,1054,39684.0
dog-19_binary.npy,11,1054,39684.0
dog-19_binary.npy,12,1054,39684.0
dog-19_binary.npy,13,1041,39814.0
dog-19_binary.npy,14,1030,39924.0
dog-19_binary.npy,15,1029,39934.0
dog-19_binary.npy,16,1017,40054.0
dog-19_binary.npy,17,1015,40074.0
dog-19_binary.npy,18,1012,40104.0
dog-19_binary.npy,19,1008,40144.0
dog-19_binary.npy,20,1008,40144.0
dog-19_binary.npy,21,1006,40164.0
dog-19_binary.npy,22,1006,40164.0
dog-19_binary.npy,23,1004,40184.0
dog-19_binary.npy,24,1004,40184.0
dog-19_binary.npy,25,1004,40184.0
dog-19_binary.npy,26,1004,40184.0
dog-19_binary.npy,27,1004,40184.0
dog-19_binary.npy,28,1004,40184.0
dog-19_binary.npy,29,1004,40184.0
dog-19_binary.npy,30,1004,40184.0
dog-19_binary.npy,31,1004,40184.0
dog-19_binary.npy,32,1004,40184.0
dog-19_binary.npy,33,1004,40184.0
dog-19_binary.npy,34,1004,40184.0
dog-19_binary.npy,35,1004,40184.0
dog-20_binary.npy,0,275,17697.0
dog-20_binary.npy,1,223,18217.0
dog-20_binary.npy,2,223,18217.0
dog-20_binary.npy,3,216,18287.0
dog-20_binary.npy,4,211,18337.0
dog-20_binary.npy,5,208,18367.0
dog-20_binary.npy,6,203,18417.0
dog-20_binary.npy,7,202,18427.0
dog-20_binary.npy,8,202,18427.0
dog-20_binary.npy,9,202,18427.0
dog-20_binary.npy,10,201,18437.0
dog-20_binary.npy,11,201,18437.0
dog-20_binary.npy,12,201,18437.0
dog-20_binary.npy,13,201,18437.0
dog-20_binary.npy,14,201,18437.0
dog-20_binary.npy,15,201,18437.0
dog-20_binary.npy,16,201,18437.0
dog-20_binary.npy,17,201,18437.0
dog-20_binary.npy,18,201,18437.0
dog-20_binary.npy,19,201,18437.0
dog-20_binary.npy,20,201,18437.0
dog-20_binary.npy,21,201,18437.0
dog-20_binary.npy,22,201,18437.0
elephant-11_binary.npy,0,448,47208.0
elephant-11_binary.npy,1,396,47728.0
elephant-11_binary.npy,2,355,48138.0
elephant-11_binary.npy,3,330,48388.0
elephant-11_binary.npy,4,326,48428.0
elephant-11_binary.npy,5,324,48448.0
elephant-11_binary.npy,6,317,48518.0
elephant-11_binary.npy,7,309,48598.0
elephant-11_binary.npy,8,307,48618.0
elephant-11_binary.npy,9,299,48698.0
elephant-11_binary.npy,10,299,48698.0
elephant-11_binary.npy,11,296,48728.0
elephant-11_binary.npy,12,294,48748.0
elephant-11_binary.npy,13,291,48778.0
elephant-11_binary.npy,14,291,48778.0
elephant-11_binary.npy,15,290,48788.0
elephant-11_binary.npy,16,290,48788.0
elephant-11_binary.npy,17,289,48798.0
elephant-11_binary.npy,18,289,48798.0
elephant-11_binary.npy,19,289,48798.0
elephant-11_binary.npy,20,289,48798.0
elephant-11_binary.npy,21,289,48798.0
elephant-11_binary.npy,22,289,48798.0
elephant-11_binary.npy,23,289,48798.0
elephant-11_binary.npy,24,289,48798.0
elephant-11_binary.npy,25,289,48798.0
elephant-11_binary.npy,26,289,48798.0
elephant-11_binary.npy,27,289,48798.0
elephant-11_binary.npy,28,289,48798.0
elephant-11_binary.npy,29,289,48798.0
elephant-12_binary.npy,0,1203,206762.0
elephant-12_binary.npy,1,985,208942.0
elephant-12_binary.npy,2,985,208942.0
elephant-12_binary.npy,3,925,209542.0
elephant-12_binary.npy,4,925,209542.0
elephant-12_binary.npy,5,860,210192.0
elephant-12_binary.npy,6,860,210192.0
elephant-12_binary.npy,7,802,210772.0
elephant-12_binary.npy,8,802,210772.0
elephant-12_binary.npy,9,802,210772.0
elephant-12_binary.npy,10,780,210992.0
elephant-12_binary.npy,11,780,210992.0
elephant-12_binary.npy,12,780,210992.0
elephant-12_binary.npy,13,774,211052.0
elephant-12_binary.npy,14,774,211052.0
elephant-12_binary.npy,15,769,211102.0
elephant-12_binary.npy,16,765,211142.0
elephant-12_binary.npy,17,762,211172.0
elephant-12_binary.npy,18,761,211182.0
elephant-12_binary.npy,19,757,211222.0
elephant-12_binary.npy,20,757,211222.0
elephant-12_binary.npy,21,755,211242.0
elephant-12_binary.npy,22,754,211252.0
elephant-12_binary.npy,23,754,211252.0
elephant-12_binary.npy,24,753,211262.0
elephant-12_binary.npy,25,753,211262.0
elephant-12_binary.npy,26,748,211312.0
elephant-12_binary.npy,27,748,211312.0
elephant-12_binary.npy,28,748,211312.0
elephant-12_binary.npy,29,748,211312.0
elephant-12_binary.npy,30,748,211312.0
elephant-12_binary.npy,31,748,211312.0
elephant-12_binary.npy,32,748,211312.0
elephant-12_binary.npy,33,748,211312.0
elephant-12_binary.npy,34,748,211312.0
elephant-12_binary.npy,35,747,211322.0
elephant-12_binary.npy,36,747,211322.0
elephant-12_binary.npy,37,747,211322.0
elephant-12_binary.npy,38,747,211322.0
elephant-12_binary.npy,39,747,211322.0
elephant-12_binary.npy,40,747,211322.0
elephant-12_binary.npy,41,747,211322.0
elephant-12_binary.npy,42,745,211342.0
elephant-12_binary.npy,43,745,211342.0
elephant-12_binary.npy,44,745,211342.0
elephant-12_binary.npy,45,745,211342.0
elephant-12_binary.npy,46,745,211342.0
elephant-12_binary.npy,47,745,211342.0
elephant-12_binary.npy,48,745,211342.0
elephant-12_binary.npy,49,745,211342.0
elephant-12_binary.npy,50,745,211342.0
elephant-12_binary.npy,51,745,211342.0
elephant-12_binary.npy,52,745,211342.0
elephant-12_binary.npy,53,745,211342.0
elephant-12_binary.npy,54,745,211342.0
elephant-17_binary.npy,0,429,20057.0
elephant-17_binary.npy,1,322,21127.0
elephant-17_binary.npy,2,285,21497.0
elephant-17_binary.npy,3,274,21607.0
elephant-17_binary.npy,4,274,21607.0
elephant-17_binary.npy,5,246,21887.0
elephant-17_binary.npy,6,234,22007.0
elephant-17_binary.npy,7,234,22007.0
elephant-17_binary.npy,8,225,22097.0
elephant-17_binary.npy,9,225,22097.0
elephant-17_binary.npy,10,216,22187.0
elephant-17_binary.npy,11,209,22257.0
elephant-17_binary.npy,12,209,22257.0
elephant-17_binary.npy,13,209,22257.0
elephant-17_binary.npy,14,205,22297.0
elephant-17_binary.npy,15,200,22347.0
elephant-17_binary.npy,16,198,22367.0
elephant-17_binary.npy,17,198,22367.0
elephant-17_binary.npy,18,196,22387.0
elephant-17_binary.npy,19,196,22387.0
elephant-17_binary.npy,20,196,22387.0
elephant-17_binary.npy,21,194,22407.0
elephant-17_binary.npy,22,194,22407.0
elephant-17_binary.npy,23,194,22407.0
elephant-17_binary.npy,24,194,22407.0
elephant-17_binary.npy,25,194,22407.0
elephant-17_binary.npy,26,194,22407.0
elephant-17_binary.npy,27,194,22407.0
elephant-17_binary.npy,28,194,22407.0
elephant-17_binary.npy,29,194,22407.0
elephant-17_binary.npy,30,194,22407.0
elephant-17_binary.npy,31,194,22407.0
elephant-17_binary.npy,32,194,22407.0
elephant-17_binary.npy,33,194,22407.0
elephant-7_binary.npy,0,754,119295.0
elephant-7_binary.npy,1,697,119865.0
elephant-7_binary.npy,2,697,119865.0
elephant-7_binary.npy,3,683,120005.0
elephant-7_binary.npy,4,673,120105.0
elephant-7_binary.npy,5,673,120105.0
elephant-7_binary.npy,6,665,120185.0
elephant-7_binary.npy,7,665,120185.0
elephant-7_binary.npy,8,665,120185.0
elephant-7_binary.npy,9,665,120185.0
elephant-7_binary.npy,10,661,120225.0
elephant-7_binary.npy,11,660,120235.0
elephant-7_binary.npy,12,658,120255.0
elephant-7_binary.npy,13,657,120265.0
elephant-7_binary.npy,14,656,120275.0
elephant-7_binary.npy,15,656,120275.0
elephant-7_binary.npy,16,656,120275.0
elephant-7_binary.npy,17,656,120275.0
elephant-7_binary.npy,18,656,120275.0
elephant-7_binary.npy,19,656,120275.0
elephant-7_binary.npy,20,656,120275.0
elephant-7_binary.npy,21,656,120275.0
elephant-7_binary.npy,22,656,120275.0
elephant-7_binary.npy,23,656,120275.0
elephant-7_binary.npy,24,656,120275.0
elephant-7_binary.npy,25,656,120275.0
elephant-7_binary.npy,26,656,120275.0
face-12_binary.npy,0,189,38007.0
face-12_binary.npy,1,177,38127.0
face-12_binary.npy,2,175,38147.0
face-12_binary.npy,3,169,38207.0
face-12_binary.npy,4,169,38207.0
face-12_binary.npy,5,169,38207.0
face-12_binary.npy,6,169,38207.0
face-12_binary.npy,7,168,38217.0
face-12_binary.npy,8,167,38227.0
face-12_binary.npy,9,167,38227.0
face-12_binary.npy,10,167,38227.0
face-12_binary.npy,11,167,38227.0
face-12_binary.npy,12,167,38227.0
face-12_binary.npy,13,167,38227.0
face-12_binary.npy,14,167,38227.0
face-12_binary.npy,15,167,38227.0
face-12_binary.npy,16,167,38227.0
face-12_binary.npy,17,167,38227.0
face-12_binary.npy,18,167,38227.0
face-12_binary.npy,19,167,38227.0
face-12_binary.npy,20,167,38227.0
face-14_binary.npy,0,185,37156.0
face-14_binary.npy,1,176,37246.0
face-14_binary.npy,2,168,37326.0
face-14_binary.npy,3,166,37346.0
face-14_binary.npy,4,166,37346.0
face-14_binary.npy,5,165,37356.0
face-14_binary.npy,6,164,37366.0
face-14_binary.npy,7,164,37366.0
face-14_binary.npy,8,164,37366.0
face-14_binary.npy,9,164,37366.0
face-14_binary.npy,10,164,37366.0
face-14_binary.npy,11,164,37366.0
face-14_binary.npy,12,164,37366.0
face-14_binary.npy,13,164,37366.0
face-14_binary.npy,14,164,37366.0
face-14_binary.npy,15,164,37366.0
face-14_binary.npy,16,164,37366.0
face-14_binary.npy,17,164,37366.0
face-14_binary.npy,18,164,37366.0
face-5_binary.npy,0,194,36831.0
face-5_binary.npy,1,185,36921.0
face-5_binary.npy,2,178,36991.0
face-5_binary.npy,3,178,36991.0
face-5_binary.npy,4,174,37031.0
face-5_binary.npy,5,174,37031.0
face-5_binary.npy,6,172,37051.0
face-5_binary.npy,7,172,37051.0
face-5_binary.npy,8,171,37061.0
face-5_binary.npy,9,171,37061.0
face-5_binary.npy,10,171,37061.0
face-5_binary.npy,11,171,37061.0
face-5_binary.npy,12,171,37061.0
face-5_binary.npy,13,171,37061.0
face-5_binary.npy,14,171,37061.0
face-5_binary.npy,15,171,37061.0
face-5_binary.npy,16,171,37061.0
face-5_binary.npy,17,171,37061.0
face-5_binary.npy,18,171,37061.0
face-5_binary.npy,19,171,37061.0
face-5_binary.npy,20,171,37061.0
face-7_binary.npy,0,191,37527.0
face-7_binary.npy,1,180,37637.0
face-7_binary.npy,2,180,37637.0
face-7_binary.npy,3,174,37697.0
face-7_binary.npy,4,172,37717.0
face-7_binary.npy,5,171,37727.0
face-7_binary.npy,6,169,37747.0
face-7_binary.npy,7,168,37757.0
face-7_binary.npy,8,168,37757.0
face-7_binary.npy,9,168,37757.0
face-7_binary.npy,10,168,37757.0
face-7_binary.npy,11,168,37757.0
face-7_binary.npy,12,168,37757.0
face-7_binary.npy,13,168,37757.0
face-7_binary.npy,14,168,37757.0
face-7_binary.npy,15,168,37757.0
face-7_binary.npy,16,168,37757.0
face-7_binary.npy,17,168,37757.0
face-7_binary.npy,18,168,37757.0
face-7_binary.npy,19,168,37757.0
fish-14_binary.npy,0,127,17802.0
fish-14_binary.npy,1,114,17932.0
fish-14_binary.npy,2,113,17942.0
fish-14_binary.npy,3,110,17972.0
fish-14_binary.npy,4,108,17992.0
fish-14_binary.npy,5,105,18022.0
fish-14_binary.npy,6,104,18032.0
fish-14_binary.npy,7,103,18042.0
fish-14_binary.npy,8,103,18042.0
fish-14_binary.npy,9,103,18042.0
fish-14_binary.npy,10,102,18052.0
fish-14_binary.npy,11,102,18052.0
fish-14_binary.npy,12,102,18052.0
fish-14_binary.npy,13,101,18062.0
fish-14_binary.npy,14,101,18062.0
fish-14_binary.npy,15,101,18062.0
fish-14_binary.npy,16,101,18062.0
fish-14_binary.npy,17,101,18062.0
fish-14_binary.npy,18,101,18062.0
fish-14_binary.npy,19,101,18062.0
fish-14_binary.npy,20,101,18062.0
fish-14_binary.npy,21,101,18062.0
fish-14_binary.npy,22,101,18062.0
fish-14_binary.npy,23,101,18062.0
fish-14_binary.npy,24,101,18062.0
fish-14_binary.npy,25,101,18062.0
fish-15_binary.npy,0,75,6769.0
fish-15_binary.npy,1,69,6829.0
fish-15_binary.npy,2,68,6839.0
fish-15_binary.npy,3,67,6849.0
fish-15_binary.npy,4,66,6859.0
fish-15_binary.npy,5,66,6859.0
fish-15_binary.npy,6,66,6859.0
fish-15_binary.npy,7,66,6859.0
fish-15_binary.npy,8,66,6859.0
fish-15_binary.npy,9,66,6859.0
fish-15_binary.npy,10,66,6859.0
fish-15_binary.npy,11,66,6859.0
fish-15_binary.npy,12,66,6859.0
fish-15_binary.npy,13,66,6859.0
fish-15_binary.npy,14,66,6859.0
fish-15_binary.npy,15,66,6859.0
fish-15_binary.npy,16,66,6859.0
fish-5_binary.npy,0,145,13411.0
fish-5_binary.npy,1,127,13591.0
fish-5_binary.npy,2,123,13631.0
fish-5_binary.npy,3,122,13641.0
fish-5_binary.npy,4,118,13681.0
fish-5_binary.npy,5,117,13691.0
fish-5_binary.npy,6,117,13691.0
fish-5_binary.npy,7,116,13701.0
fish-5_binary.npy,8,116,13701.0
fish-5_binary.npy,9,116,13701.0
fish-5_binary.npy,10,115,13711.0
fish-5_binary.npy,11,115,13711.0
fish-5_binary.npy,12,115,13711.0
fish-5_binary.npy,13,115,13711.0
fish-5_binary.npy,14,115,13711.0
fish-5_binary.npy,15,115,13711.0
fish-5_binary.npy,16,115,13711.0
fish-5_binary.npy,17,115,13711.0
fish-5_binary.npy,18,115,13711.0
fish-5_binary.npy,19,115,13711.0
fish-5_binary.npy,20,115,13711.0
fish-5_binary.npy,21,115,13711.0
fish-5_binary.npy,22,115,13711.0
fish-7_binary.npy,0,198,18763.0
fish-7_binary.npy,1,179,18953.0
fish-7_binary.npy,2,176,18983.0
fish-7_binary.npy,3,173,19013.0
fish-7_binary.npy,4,166,19083.0
fish-7_binary.npy,5,162,19123.0
fish-7_binary.npy,6,160,19143.0
fish-7_binary.npy,7,160,19143.0
fish-7_binary.npy,8,157,19173.0
fish-7_binary.npy,9,155,19193.0
fish-7_binary.npy,10,155,19193.0
fish-7_binary.npy,11,153,19213.0
fish-7_binary.npy,12,153,19213.0
fish-7_binary.npy,13,153,19213.0
fish-7_binary.npy,14,153,19213.0
fish-7_binary.npy,15,153,19213.0
fish-7_binary.npy,16,153,19213.0
fish-7_binary.npy,17,153,19213.0
fish-7_binary.npy,18,153,19213.0
fish-7_binary.npy,19,153,19213.0
fish-7_binary.npy,20,153,19213.0
fish-7_binary.npy,21,153,19213.0
fish-7_binary.npy,22,153,19213.0
fish-7_binary.npy,23,153,19213.0
flatfish-16_binary.npy,0,219,41606.0
flatfish-16_binary.npy,1,211,41686.0
flatfish-16_binary.npy,2,207,41726.0
flatfish-16_binary.npy,3,204,41756.0
flatfish-16_binary.npy,4,204,41756.0
flatfish-16_binary.npy,5,201,41786.0
flatfish-16_binary.npy,6,201,41786.0
flatfish-16_binary.npy,7,200,41796.0
flatfish-16_binary.npy,8,200,41796.0
flatfish-16_binary.npy,9,200,41796.0
flatfish-16_binary.npy,10,200,41796.0
flatfish-16_binary.npy,11,200,41796.0
flatfish-16_binary.npy,12,200,41796.0
flatfish-16_binary.npy,13,200,41796.0
flatfish-16_binary.npy,14,200,41796.0
flatfish-16_binary.npy,15,200,41796.0
flatfish-16_binary.npy,16,200,41796.0
flatfish-16_binary.npy,17,200,41796.0
flatfish-16_binary.npy,18,200,41796.0
flatfish-16_binary.npy,19,200,41796.0
flatfish-18_binary.npy,0,223,43867.0
flatfish-18_binary.npy,1,216,43937.0
flatfish-18_binary.npy,2,216,43937.0
flatfish-18_binary.npy,3,214,43957.0
flatfish-18_binary.npy,4,211,43987.0
flatfish-18_binary.npy,5,211,43987.0
flatfish-18_binary.npy,6,211,43987.0
flatfish-18_binary.npy,7,211,43987.0
flatfish-18_binary.npy,8,211,43987.0
flatfish-18_binary.npy,9,211,43987.0
flatfish-18_binary.npy,10,211,43987.0
flatfish-18_binary.npy,11,211,43987.0
flatfish-18_binary.npy,12,211,43987.0
flatfish-18_binary.npy,13,211,43987.0
flatfish-18_binary.npy,14,211,43987.0
flatfish-18_binary.npy,15,211,43987.0
flatfish-18_binary.npy,16,211,43987.0
flatfish-3_binary.npy,0,294,55893.0
flatfish-3_binary.npy,1,291,55923.0
flatfish-3_binary.npy,2,281,56023.0
flatfish-3_binary.npy,3,275,56083.0
flatfish-3_binary.npy,4,273,56103.0
flatfish-3_binary.npy,5,273,56103.0
flatfish-3_binary.npy,6,273,56103.0
flatfish-3_binary.npy,7,271,56123.0
flatfish-3_binary.npy,8,271,56123.0
flatfish-3_binary.npy,9,271,56123.0
flatfish-3_binary.npy,10,271,56123.0
flatfish-3_binary.npy,11,271,56123.0
flatfish-3_binary.npy,12,271,56123.0
flatfish-3_binary.npy,13,271,56123.0
flatfish-3_binary.npy,14,271,56123.0
flatfish-3_binary.npy,15,271,56123.0
flatfish-3_binary.npy,16,271,56123.0
flatfish-3_binary.npy,17,271,56123.0
flatfish-3_binary.npy,18,271,56123.0
flatfish-3_binary.npy,19,271,56123.0
flatfish-6_binary.npy,0,220,44862.0
flatfish-6_binary.npy,1,206,45002.0
flatfish-6_binary.npy,2,206,45002.0
flatfish-6_binary.npy,3,206,45002.0
flatfish-6_binary.npy,4,201,45052.0
flatfish-6_binary.npy,5,199,45072.0
flatfish-6_binary.npy,6,199,45072.0
flatfish-6_binary.npy,7,199,45072.0
flatfish-6_binary.npy,8,199,45072.0
flatfish-6_binary.npy,9,199,45072.0
flatfish-6_binary.npy,10,198,45082.0
flatfish-6_binary.npy,11,198,45082.0
flatfish-6_binary.npy,12,198,45082.0
flatfish-6_binary.npy,13,198,45082.0
flatfish-6_binary.npy,14,198,45082.0
flatfish-6_binary.npy,15,198,45082.0
flatfish-6_binary.npy,16,198,45082.0
flatfish-6_binary.npy,17,198,45082.0
flatfish-6_binary.npy,18,198,45082.0
flatfish-6_binary.npy,19,198,45082.0
flatfish-6_binary.npy,20,198,45082.0
flatfish-6_binary.npy,21,198,45082.0
flatfish-6_binary.npy,22,198,45082.0
fly-16_binary.npy,0,558,15528.0
fly-16_binary.npy,1,485,16258.0
fly-16_binary.npy,2,471,16398.0
fly-16_binary.npy,3,462,16488.0
fly-16_binary.npy,4,462,16488.0
fly-16_binary.npy,5,451,16598.0
fly-16_binary.npy,6,448,16628.0
fly-16_binary.npy,7,434,16768.0
fly-16_binary.npy,8,431,16798.0
fly-16_binary.npy,9,431,16798.0
fly-16_binary.npy,10,429,16818.0
fly-16_binary.npy,11,428,16828.0
fly-16_binary.npy,12,427,16838.0
fly-16_binary.npy,13,426,16848.0
fly-16_binary.npy,14,426,16848.0
fly-16_binary.npy,15,426,16848.0
fly-16_binary.npy,16,426,16848.0
fly-16_binary.npy,17,426,16848.0
fly-16_binary.npy,18,426,16848.0
fly-16_binary.npy,19,426,16848.0
fly-16_binary.npy,20,426,16848.0
fly-16_binary.npy,21,426,16848.0
fly-16_binary.npy,22,426,16848.0
fly-16_binary.npy,23,426,16848.0
fly-16_binary.npy,24,426,16848.0
fly-16_binary.npy,25,426,16848.0
fly-19_binary.npy,0,489,9582.0
fly-19_binary.npy,1,442,10052.0
fly-19_binary.npy,2,335,11122.0
fly-19_binary.npy,3,335,11122.0
fly-19_binary.npy,4,332,11152.0
fly-19_binary.npy,5,327,11202.0
fly-19_binary.npy,6,314,11332.0
fly-19_binary.npy,7,302,11452.0
fly-19_binary.npy,8,302,11452.0
fly-19_binary.npy,9,302,11452.0
fly-19_binary.npy,10,290,11572.0
fly-19_binary.npy,11,290,11572.0
fly-19_binary.npy,12,288,11592.0
fly-19_binary.npy,13,282,11652.0
fly-19_binary.npy,14,282,11652.0
fly-19_binary.npy,15,280,11672.0
fly-19_binary.npy,16,280,11672.0
fly-19_binary.npy,17,280,11672.0
fly-19_binary.npy,18,278,11692.0
fly-19_binary.npy,19,277,11702.0
fly-19_binary.npy,20,277,11702.0
fly-19_binary.npy,21,277,11702.0
fly-19_binary.npy,22,276,11712.0
fly-19_binary.npy,23,275,11722.0
fly-19_binary.npy,24,275,11722.0
fly-19_binary.npy,25,275,11722.0
fly-19_binary.npy,26,275,11722.0
fly-19_binary.npy,27,275,11722.0
fly-19_binary.npy,28,275,11722.0
fly-19_binary.npy,29,275,11722.0
fly-19_binary.npy,30,275,11722.0
fly-19_binary.npy,31,275,11722.0
fly-19_binary.npy,32,275,11722.0
fly-19_binary.npy,33,275,11722.0
fly-19_binary.npy,34,275,11722.0
fly-19_binary.npy,35,275,11722.0
fly-2_binary.npy,0,393,14139.0
fly-2_binary.npy,1,311,14959.0
fly-2_binary.npy,2,311,14959.0
fly-2_binary.npy,3,311,14959.0
fly-2_binary.npy,4,283,15239.0
fly-2_binary.npy,5,282,15249.0
fly-2_binary.npy,6,265,15419.0
fly-2_binary.npy,7,264,15429.0
fly-2_binary.npy,8,264,15429.0
fly-2_binary.npy,9,264,15429.0
fly-2_binary.npy,10,261,15459.0
fly-2_binary.npy,11,255,15519.0
fly-2_binary.npy,12,255,15519.0
fly-2_binary.npy,13,250,15569.0
fly-2_binary.npy,14,249,15579.0
fly-2_binary.npy,15,248,15589.0
fly-2_binary.npy,16,248,15589.0
fly-2_binary.npy,17,243,15639.0
fly-2_binary.npy,18,243,15639.0
fly-2_binary.npy,19,243,15639.0
fly-2_binary.npy,20,242,15649.0
fly-2_binary.npy,21,242,15649.0
fly-2_binary.npy,22,242,15649.0
fly-2_binary.npy,23,242,15649.0
fly-2_binary.npy,24,242,15649.0
fly-2_binary.npy,25,242,15649.0
fly-2_binary.npy,26,242,15649.0
fly-2_binary.npy,27,242,15649.0
fly-2_binary.npy,28,242,15649.0
fly-2_binary.npy,29,242,15649.0
fly-2_binary.npy,30,242,15649.0
fly-2_binary.npy,31,242,15649.0
fly-2_binary.npy,32,242,15649.0
fly-7_binary.npy,0,530,14926.0
fly-7_binary.npy,1,451,15716.0
fly-7_binary.npy,2,451,15716.0
fly-7_binary.npy,3,443,15796.0
fly-7_binary.npy,4,436,15866.0
fly-7_binary.npy,5,436,15866.0
fly-7_binary.npy,6,419,16036.0
fly-7_binary.npy,7,419,16036.0
fly-7_binary.npy,8,415,16076.0
fly-7_binary.npy,9,409,16136.0
fly-7_binary.npy,10,403,16196.0
fly-7_binary.npy,11,403,16196.0
fly-7_binary.npy,12,403,16196.0
fly-7_binary.npy,13,401,16216.0
fly-7_binary.npy,14,400,16226.0
fly-7_binary.npy,15,400,16226.0
fly-7_binary.npy,16,399,16236.0
fly-7_binary.npy,17,399,16236.0
fly-7_binary.npy,18,399,16236.0
fly-7_binary.npy,19,399,16236.0
fly-7_binary.npy,20,397,16256.0
fly-7_binary.npy,21,397,16256.0
fly-7_binary.npy,22,396,16266.0
fly-7_binary.npy,23,394,16286.0
fly-7_binary.npy,24,394,16286.0
fly-7_binary.npy,25,393,16296.0
fly-7_binary.npy,26,393,16296.0
fly-7_binary.npy,27,391,16316.0
fly-7_binary.npy,28,391,16316.0
fly-7_binary.npy,29,391,16316.0
fly-7_binary.npy,30,391,16316.0
fly-7_binary.npy,31,391,16316.0
fly-7_binary.npy,32,391,16316.0
fly-7_binary.npy,33,391,16316.0
fly-7_binary.npy,34,391,16316.0
fly-7_binary.npy,35,391,16316.0
fly-7_binary.npy,36,391,16316.0
fly-7_binary.npy,37,391,16316.0
fly-7_binary.npy,38,391,16316.0
fly-7_binary.npy,39,391,16316.0
fork-20_binary.npy,0,159,11103.0
fork-20_binary.npy,1,157,11123.0
fork-20_binary.npy,2,157,11123.0
fork-20_binary.npy,3,156,11133.0
fork-20_binary.npy,4,156,11133.0
fork-20_binary.npy,5,156,11133.0
fork-20_binary.npy,6,155,11143.0
fork-20_binary.npy,7,154,11153.0
fork-20_binary.npy,8,154,11153.0
fork-20_binary.npy,9,154,11153.0
fork-20_binary.npy,10,154,11153.0
fork-20_binary.npy,11,154,11153.0
fork-20_binary.npy,12,154,11153.0
fork-20_binary.npy,13,154,11153.0
fork-20_binary.npy,14,154,11153.0
fork-20_binary.npy,15,154,11153.0
fork-20_binary.npy,16,154,11153.0
fork-20_binary.npy,17,154,11153.0
fork-20_binary.npy,18,154,11153.0
fork-20_binary.npy,19,154,11153.0
fork-4_binary.npy,0,253,24307.0
fork-4_binary.npy,1,242,24417.0
fork-4_binary.npy,2,240,24437.0
fork-4_binary.npy,3,238,24457.0
fork-4_binary.npy,4,237,24467.0
fork-4_binary.npy,5,236,24477.0
fork-4_binary.npy,6,236,24477.0
fork-4_binary.npy,7,236,24477.0
fork-4_binary.npy,8,236,24477.0
fork-4_binary.npy,9,236,24477.0
fork-4_binary.npy,10,236,24477.0
fork-4_binary.npy,11,236,24477.0
fork-4_binary.npy,12,236,24477.0
fork-4_binary.npy,13,236,24477.0
fork-4_binary.npy,14,236,24477.0
fork-4_binary.npy,15,236,24477.0
fork-4_binary.npy,16,236,24477.0
fork-4_binary.npy,17,236,24477.0
fork-6_binary.npy,0,221,22185.0
fork-6_binary.npy,1,211,22285.0
fork-6_binary.npy,2,208,22315.0
fork-6_binary.npy,3,208,22315.0
fork-6_binary.npy,4,207,22325.0
fork-6_binary.npy,5,203,22365.0
fork-6_binary.npy,6,203,22365.0
fork-6_binary.npy,7,203,22365.0
fork-6_binary.npy,8,203,22365.0
fork-6_binary.npy,9,203,22365.0
fork-6_binary.npy,10,203,22365.0
fork-6_binary.npy,11,203,22365.0
fork-6_binary.npy,12,203,22365.0
fork-6_binary.npy,13,203,22365.0
fork-6_binary.npy,14,203,22365.0
fork-6_binary.npy,15,203,22365.0
fork-6_binary.npy,16,203,22365.0
fork-6_binary.npy,17,203,22365.0
fork-8_binary.npy,0,160,12547.0
fork-8_binary.npy,1,145,12697.0
fork-8_binary.npy,2,144,12707.0
fork-8_binary.npy,3,140,12747.0
fork-8_binary.npy,4,137,12777.0
fork-8_binary.npy,5,137,12777.0
fork-8_binary.npy,6,135,12797.0
fork-8_binary.npy,7,135,12797.0
fork-8_binary.npy,8,134,12807.0
fork-8_binary.npy,9,134,12807.0
fork-8_binary.npy,10,134,12807.0
fork-8_binary.npy,11,134,12807.0
fork-8_binary.npy,12,134,12807.0
fork-8_binary.npy,13,134,12807.0
fork-8_binary.npy,14,134,12807.0
fork-8_binary.npy,15,134,12807.0
fork-8_binary.npy,16,134,12807.0
fork-8_binary.npy,17,134,12807.0
fork-8_binary.npy,18,134,12807.0
fork-8_binary.npy,19,134,12807.0
fork-8_binary.npy,20,134,12807.0
fountain-03_binary.npy,0,157,12784.0
fountain-03_binary.npy,1,135,13004.0
fountain-03_binary.npy,2,127,13084.0
fountain-03_binary.npy,3,118,13174.0
fountain-03_binary.npy,4,115,13204.0
fountain-03_binary.npy,5,114,13214.0
fountain-03_binary.npy,6,108,13274.0
fountain-03_binary.npy,7,105,13304.0
fountain-03_binary.npy,8,103,13324.0
fountain-03_binary.npy,9,103,13324.0
fountain-03_binary.npy,10,101,13344.0
fountain-03_binary.npy,11,101,13344.0
fountain-03_binary.npy,12,101,13344.0
fountain-03_binary.npy,13,101,13344.0
fountain-03_binary.npy,14,101,13344.0
fountain-03_binary.npy,15,101,13344.0
fountain-03_binary.npy,16,101,13344.0
fountain-03_binary.npy,17,101,13344.0
fountain-03_binary.npy,18,101,13344.0
fountain-03_binary.npy,19,101,13344.0
fountain-03_binary.npy,20,101,13344.0
fountain-03_binary.npy,21,101,13344.0
fountain-03_binary.npy,22,101,13344.0
fountain-04_binary.npy,0,158,13523.0
fountain-04_binary.npy,1,129,13813.0
fountain-04_binary.npy,2,120,13903.0
fountain-04_binary.npy,3,120,13903.0
fountain-04_binary.npy,4,120,13903.0
fountain-04_binary.npy,5,117,13933.0
fountain-04_binary.npy,6,112,13983.0
fountain-04_binary.npy,7,107,14033.0
fountain-04_binary.npy,8,104,14063.0
fountain-04_binary.npy,9,104,14063.0
fountain-04_binary.npy,10,102,14083.0
fountain-04_binary.npy,11,101,14093.0
fountain-04_binary.npy,12,101,14093.0
fountain-04_binary.npy,13,101,14093.0
fountain-04_binary.npy,14,101,14093.0
fountain-04_binary.npy,15,101,14093.0
fountain-04_binary.npy,16,101,14093.0
fountain-04_binary.npy,17,101,14093.0
fountain-04_binary.npy,18,101,14093.0
fountain-04_binary.npy,19,101,14093.0
fountain-04_binary.npy,20,101,14093.0
fountain-04_binary.npy,21,101,14093.0
fountain-04_binary.npy,22,101,14093.0
fountain-04_binary.npy,23,101,14093.0
fountain-08_binary.npy,0,163,13801.0
fountain-08_binary.npy,1,141,14021.0
fountain-08_binary.npy,2,124,14191.0
fountain-08_binary.npy,3,122,14211.0
fountain-08_binary.npy,4,122,14211.0
fountain-08_binary.npy,5,120,14231.0
fountain-08_binary.npy,6,117,14261.0
fountain-08_binary.npy,7,117,14261.0
fountain-08_binary.npy,8,113,14301.0
fountain-08_binary.npy,9,113,14301.0
fountain-08_binary.npy,10,113,14301.0
fountain-08_binary.npy,11,111,14321.0
fountain-08_binary.npy,12,111,14321.0
fountain-08_binary.npy,13,111,14321.0
fountain-08_binary.npy,14,110,14331.0
fountain-08_binary.npy,15,110,14331.0
fountain-08_binary.npy,16,110,14331.0
fountain-08_binary.npy,17,110,14331.0
fountain-08_binary.npy,18,110,14331.0
fountain-08_binary.npy,19,110,14331.0
fountain-08_binary.npy,20,110,14331.0
fountain-08_binary.npy,21,110,14331.0
fountain-08_binary.npy,22,110,14331.0
fountain-08_binary.npy,23,110,14331.0
fountain-08_binary.npy,24,110,14331.0
fountain-08_binary.npy,25,110,14331.0
fountain-08_binary.npy,26,110,14331.0
fountain-19_binary.npy,0,150,12329.0
fountain-19_binary.npy,1,127,12559.0
fountain-19_binary.npy,2,115,12679.0
fountain-19_binary.npy,3,113,12699.0
fountain-19_binary.npy,4,103,12799.0
fountain-19_binary.npy,5,103,12799.0
fountain-19_binary.npy,6,103,12799.0
fountain-19_binary.npy,7,99,12839.0
fountain-19_binary.npy,8,98,12849.0
fountain-19_binary.npy,9,98,12849.0
fountain-19_binary.npy,10,96,12869.0
fountain-19_binary.npy,11,96,12869.0
fountain-19_binary.npy,12,95,12879.0
fountain-19_binary.npy,13,95,12879.0
fountain-19_binary.npy,14,95,12879.0
fountain-19_binary.npy,15,95,12879.0
fountain-19_binary.npy,16,95,12879.0
fountain-19_binary.npy,17,95,12879.0
fountain-19_binary.npy,18,95,12879.0
fountain-19_binary.npy,19,95,12879.0
fountain-19_binary.npy,20,95,12879.0
fountain-19_binary.npy,21,95,12879.0
fountain-19_binary.npy,22,95,12879.0
fountain-19_binary.npy,23,95,12879.0
fountain-19_binary.npy,24,95,12879.0
frog-10_binary.npy,0,314,37466.0
frog-10_binary.npy,1,277,37836.0
frog-10_binary.npy,2,264,37966.0
frog-10_binary.npy,3,258,38026.0
frog-10_binary.npy,4,252,38086.0
frog-10_binary.npy,5,250,38106.0
frog-10_binary.npy,6,246,38146.0
frog-10_binary.npy,7,245,38156.0
frog-10_binary.npy,8,245,38156.0
frog-10_binary.npy,9,244,38166.0
frog-10_binary.npy,10,244,38166.0
frog-10_binary.npy,11,244,38166.0
frog-10_binary.npy,12,244,38166.0
frog-10_binary.npy,13,244,38166.0
frog-10_binary.npy,14,244,38166.0
frog-10_binary.npy,15,244,38166.0
frog-10_binary.npy,16,244,38166.0
frog-10_binary.npy,17,244,38166.0
frog-10_binary.npy,18,244,38166.0
frog-10_binary.npy,19,244,38166.0
frog-10_binary.npy,20,244,38166.0
frog-10_binary.npy,21,244,38166.0
frog-17_binary.npy,0,307,20741.0
frog-17_binary.npy,1,266,21151.0
frog-17_binary.npy,2,255,21261.0
frog-17_binary.npy,3,245,21361.0
frog-17_binary.npy,4,236,21451.0
frog-17_binary.npy,5,231,21501.0
frog-17_binary.npy,6,222,21591.0
frog-17_binary.npy,7,222,21591.0
frog-17_binary.npy,8,218,21631.0
frog-17_binary.npy,9,218,21631.0
frog-17_binary.npy,10,218,21631.0
frog-17_binary.npy,11,217,21641.0
frog-17_binary.npy,12,217,21641.0
frog-17_binary.npy,13,217,21641.0
frog-17_binary.npy,14,217,21641.0
frog-17_binary.npy,15,217,21641.0
frog-17_binary.npy,16,217,21641.0
frog-17_binary.npy,17,217,21641.0
frog-17_binary.npy,18,217,21641.0
frog-17_binary.npy,19,217,21641.0
frog-17_binary.npy,20,217,21641.0
frog-17_binary.npy,21,217,21641.0
frog-17_binary.npy,22,217,21641.0
frog-17_binary.npy,23,217,21641.0
frog-1_binary.npy,0,329,38648.0
frog-1_binary.npy,1,284,39098.0
frog-1_binary.npy,2,273,39208.0
frog-1_binary.npy,3,273,39208.0
frog-1_binary.npy,4,263,39308.0
frog-1_binary.npy,5,262,39318.0
frog-1_binary.npy,6,258,39358.0
frog-1_binary.npy,7,255,39388.0
frog-1_binary.npy,8,252,39418.0
frog-1_binary.npy,9,252,39418.0
frog-1_binary.npy,10,252,39418.0
frog-1_binary.npy,11,252,39418.0
frog-1_binary.npy,12,252,39418.0
frog-1_binary.npy,13,252,39418.0
frog-1_binary.npy,14,252,39418.0
frog-1_binary.npy,15,252,39418.0
frog-1_binary.npy,16,252,39418.0
frog-1_binary.npy,17,252,39418.0
frog-1_binary.npy,18,252,39418.0
frog-1_binary.npy,19,252,39418.0
frog-1_binary.npy,20,252,39418.0
frog-7_binary.npy,0,401,53456.0
frog-7_binary.npy,1,359,53876.0
frog-7_binary.npy,2,349,53976.0
frog-7_binary.npy,3,349,53976.0
frog-7_binary.npy,4,342,54046.0
frog-7_binary.npy,5,336,54106.0
frog-7_binary.npy,6,336,54106.0
frog-7_binary.npy,7,335,54116.0
frog-7_binary.npy,8,334,54126.0
frog-7_binary.npy,9,334,54126.0
frog-7_binary.npy,10,334,54126.0
frog-7_binary.npy,11,334,54126.0
frog-7_binary.npy,12,334,54126.0
frog-7_binary.npy,13,334,54126.0
frog-7_binary.npy,14,334,54126.0
frog-7_binary.npy,15,334,54126.0
frog-7_binary.npy,16,334,54126.0
frog-7_binary.npy,17,334,54126.0
frog-7_binary.npy,18,334,54126.0
frog-7_binary.npy,19,334,54126.0
frog-7_binary.npy,20,334,54126.0
guitar-10_binary.npy,0,417,79149.0
guitar-10_binary.npy,1,381,79509.0
guitar-10_binary.npy,2,381,79509.0
guitar-10_binary.npy,3,362,79699.0
guitar-10_binary.npy,4,362,79699.0
guitar-10_binary.npy,5,362,79699.0
guitar-10_binary.npy,6,361,79709.0
guitar-10_binary.npy,7,358,79739.0
guitar-10_binary.npy,8,358,79739.0
guitar-10_binary.npy,9,355,79769.0
guitar-10_binary.npy,10,355,79769.0
guitar-10_binary.npy,11,354,79779.0
guitar-10_binary.npy,12,354,79779.0
guitar-10_binary.npy,13,354,79779.0
guitar-10_binary.npy,14,354,79779.0
guitar-10_binary.npy,15,354,79779.0
guitar-10_binary.npy,16,354,79779.0
guitar-10_binary.npy,17,354,79779.0
guitar-10_binary.npy,18,354,79779.0
guitar-10_binary.npy,19,354,79779.0
guitar-10_binary.npy,20,354,79779.0
guitar-10_binary.npy,21,354,79779.0
guitar-10_binary.npy,22,354,79779.0
guitar-10_binary.npy,23,354,79779.0
guitar-12_binary.npy,0,227,14619.0
guitar-12_binary.npy,1,214,14749.0
guitar-12_binary.npy,2,210,14789.0
guitar-12_binary.npy,3,204,14849.0
guitar-12_binary.npy,4,203,14859.0
guitar-12_binary.npy,5,196,14929.0
guitar-12_binary.npy,6,196,14929.0
guitar-12_binary.npy,7,196,14929.0
guitar-12_binary.npy,8,193,14959.0
guitar-12_binary.npy,9,193,14959.0
guitar-12_binary.npy,10,193,14959.0
guitar-12_binary.npy,11,192,14969.0
guitar-12_binary.npy,12,192,14969.0
guitar-12_binary.npy,13,192,14969.0
guitar-12_binary.npy,14,192,14969.0
guitar-12_binary.npy,15,192,14969.0
guitar-12_binary.npy,16,192,14969.0
guitar-12_binary.npy,17,192,14969.0
guitar-12_binary.npy,18,192,14969.0
guitar-12_binary.npy,19,192,14969.0
guitar-12_binary.npy,20,192,14969.0
guitar-12_binary.npy,21,192,14969.0
guitar-12_binary.npy,22,192,14969.0
guitar-12_binary.npy,23,192,14969.0
guitar-17_binary.npy,0,357,41758.0
guitar-17_binary.npy,1,335,41978.0
guitar-17_binary.npy,2,326,42068.0
guitar-17_binary.npy,3,326,42068.0
guitar-17_binary.npy,4,320,42128.0
guitar-17_binary.npy,5,311,42218.0
guitar-17_binary.npy,6,311,42218.0
guitar-17_binary.npy,7,311,42218.0
guitar-17_binary.npy,8,310,42228.0
guitar-17_binary.npy,9,309,42238.0
guitar-17_binary.npy,10,309,42238.0
guitar-17_binary.npy,11,309,42238.0
guitar-17_binary.npy,12,309,42238.0
guitar-17_binary.npy,13,309,42238.0
guitar-17_binary.npy,14,309,42238.0
guitar-17_binary.npy,15,309,42238.0
guitar-17_binary.npy,16,309,42238.0
guitar-17_binary.npy,17,309,42238.0
guitar-17_binary.npy,18,309,42238.0
guitar-17_binary.npy,19,308,42248.0
guitar-17_binary.npy,20,308,42248.0
guitar-17_binary.npy,21,308,42248.0
guitar-17_binary.npy,22,308,42248.0
guitar-17_binary.npy,23,308,42248.0
guitar-17_binary.npy,24,308,42248.0
guitar-17_binary.npy,25,308,42248.0
guitar-17_binary.npy,26,308,42248.0
guitar-17_binary.npy,27,308,42248.0
guitar-17_binary.npy,28,308,42248.0
guitar-17_binary.npy,29,308,42248.0
guitar-17_binary.npy,30,308,42248.0
guitar-17_binary.npy,31,308,42248.0
guitar-8_binary.npy,0,247,23968.0
guitar-8_binary.npy,1,220,24238.0
guitar-8_binary.npy,2,218,24258.0
guitar-8_binary.npy,3,211,24328.0
guitar-8_binary.npy,4,211,24328.0
guitar-8_binary.npy,5,211,24328.0
guitar-8_binary.npy,6,210,24338.0
guitar-8_binary.npy,7,209,24348.0
guitar-8_binary.npy,8,205,24388.0
guitar-8_binary.npy,9,205,24388.0
guitar-8_binary.npy,10,204,24398.0
guitar-8_binary.npy,11,204,24398.0
guitar-8_binary.npy,12,204,24398.0
guitar-8_binary.npy,13,204,24398.0
guitar-8_binary.npy,14,204,24398.0
guitar-8_binary.npy,15,204,24398.0
guitar-8_binary.npy,16,204,24398.0
guitar-8_binary.npy,17,204,24398.0
guitar-8_binary.npy,18,204,24398.0
guitar-8_binary.npy,19,204,24398.0
guitar-8_binary.npy,20,204,24398.0
guitar-8_binary.npy,21,204,24398.0
guitar-8_binary.npy,22,204,24398.0
hammer-11_binary.npy,0,99,5730.0
hammer-11_binary.npy,1,67,6050.0
hammer-11_binary.npy,2,59,6130.0
hammer-11_binary.npy,3,59,6130.0
hammer-11_binary.npy,4,49,6230.0
hammer-11_binary.npy,5,49,6230.0
hammer-11_binary.npy,6,47,6250.0
hammer-11_binary.npy,7,47,6250.0
hammer-11_binary.npy,8,43,6290.0
hammer-11_binary.npy,9,43,6290.0
hammer-11_binary.npy,10,40,6320.0
hammer-11_binary.npy,11,38,6340.0
hammer-11_binary.npy,12,38,6340.0
hammer-11_binary.npy,13,38,6340.0
hammer-11_binary.npy,14,37,6350.0
hammer-11_binary.npy,15,36,6360.0
hammer-11_binary.npy,16,36,6360.0
hammer-11_binary.npy,17,36,6360.0
hammer-11_binary.npy,18,36,6360.0
hammer-11_binary.npy,19,36,6360.0
hammer-11_binary.npy,20,36,6360.0
hammer-11_binary.npy,21,36,6360.0
hammer-11_binary.npy,22,36,6360.0
hammer-11_binary.npy,23,36,6360.0
hammer-11_binary.npy,24,36,6360.0
hammer-11_binary.npy,25,36,6360.0
hammer-11_binary.npy,26,36,6360.0
hammer-11_binary.npy,27,36,6360.0
hammer-12_binary.npy,0,99,5106.0
hammer-12_binary.npy,1,93,5166.0
hammer-12_binary.npy,2,73,5366.0
hammer-12_binary.npy,3,58,5516.0
hammer-12_binary.npy,4,51,5586.0
hammer-12_binary.npy,5,51,5586.0
hammer-12_binary.npy,6,43,5666.0
hammer-12_binary.npy,7,43,5666.0
hammer-12_binary.npy,8,42,5676.0
hammer-12_binary.npy,9,37,5726.0
hammer-12_binary.npy,10,37,5726.0
hammer-12_binary.npy,11,37,5726.0
hammer-12_binary.npy,12,37,5726.0
hammer-12_binary.npy,13,36,5736.0
hammer-12_binary.npy,14,36,5736.0
hammer-12_binary.npy,15,36,5736.0
hammer-12_binary.npy,16,36,5736.0
hammer-12_binary.npy,17,36,5736.0
hammer-12_binary.npy,18,36,5736.0
hammer-12_binary.npy,19,36,5736.0
hammer-12_binary.npy,20,36,5736.0
hammer-12_binary.npy,21,36,5736.0
hammer-12_binary.npy,22,36,5736.0
hammer-12_binary.npy,23,36,5736.0
hammer-12_binary.npy,24,36,5736.0
hammer-12_binary.npy,25,36,5736.0
hammer-17_binary.npy,0,107,5732.0
hammer-17_binary.npy,1,75,6052.0
hammer-17_binary.npy,2,75,6052.0
hammer-17_binary.npy,3,75,6052.0
hammer-17_binary.npy,4,56,6242.0
hammer-17_binary.npy,5,52,6282.0
hammer-17_binary.npy,6,52,6282.0
hammer-17_binary.npy,7,52,6282.0
hammer-17_binary.npy,8,51,6292.0
hammer-17_binary.npy,9,48,6322.0
hammer-17_binary.npy,10,43,6372.0
hammer-17_binary.npy,11,43,6372.0
hammer-17_binary.npy,12,42,6382.0
hammer-17_binary.npy,13,42,6382.0
hammer-17_binary.npy,14,41,6392.0
hammer-17_binary.npy,15,41,6392.0
hammer-17_binary.npy,16,41,6392.0
hammer-17_binary.npy,17,41,6392.0
hammer-17_binary.npy,18,41,6392.0
hammer-17_binary.npy,19,41,6392.0
hammer-17_binary.npy,20,41,6392.0
hammer-17_binary.npy,21,41,6392.0
hammer-17_binary.npy,22,41,6392.0
hammer-17_binary.npy,23,41,6392.0
hammer-17_binary.npy,24,41,6392.0
hammer-17_binary.npy,25,41,6392.0
hammer-17_binary.npy,26,41,6392.0
hammer-9_binary.npy,0,99,5730.0
hammer-9_binary.npy,1,75,5970.0
hammer-9_binary.npy,2,62,6100.0
hammer-9_binary.npy,3,62,6100.0
hammer-9_binary.npy,4,58,6140.0
hammer-9_binary.npy,5,49,6230.0
hammer-9_binary.npy,6,46,6260.0
hammer-9_binary.npy,7,45,6270.0
hammer-9_binary.npy,8,43,6290.0
hammer-9_binary.npy,9,40,6320.0
hammer-9_binary.npy,10,39,6330.0
hammer-9_binary.npy,11,38,6340.0
hammer-9_binary.npy,12,38,6340.0
hammer-9_binary.npy,13,37,6350.0
hammer-9_binary.npy,14,36,6360.0
hammer-9_binary.npy,15,36,6360.0
hammer-9_binary.npy,16,36,6360.0
hammer-9_binary.npy,17,36,6360.0
hammer-9_binary.npy,18,36,6360.0
hammer-9_binary.npy,19,36,6360.0
hammer-9_binary.npy,20,36,6360.0
hammer-9_binary.npy,21,36,6360.0
hammer-9_binary.npy,22,36,6360.0
hammer-9_binary.npy,23,36,6360.0
hammer-9_binary.npy,24,36,6360.0
hammer-9_binary.npy,25,36,6360.0
hammer-9_binary.npy,26,36,6360.0
hat-12_binary.npy,0,114,10242.0
hat-12_binary.npy,1,87,10512.0
hat-12_binary.npy,2,77,10612.0
hat-12_binary.npy,3,72,10662.0
hat-12_binary.npy,4,66,10722.0
hat-12_binary.npy,5,65,10732.0
hat-12_binary.npy,6,57,10812.0
hat-12_binary.npy,7,57,10812.0
hat-12_binary.npy,8,56,10822.0
hat-12_binary.npy,9,49,10892.0
hat-12_binary.npy,10,49,10892.0
hat-12_binary.npy,11,49,10892.0
hat-12_binary.npy,12,48,10902.0
hat-12_binary.npy,13,45,10932.0
hat-12_binary.npy,14,45,10932.0
hat-12_binary.npy,15,45,10932.0
hat-12_binary.npy,16,45,10932.0
hat-12_binary.npy,17,45,10932.0
hat-12_binary.npy,18,45,10932.0
hat-12_binary.npy,19,45,10932.0
hat-12_binary.npy,20,45,10932.0
hat-12_binary.npy,21,45,10932.0
hat-12_binary.npy,22,45,10932.0
hat-12_binary.npy,23,45,10932.0
hat-12_binary.npy,24,45,10932.0
hat-12_binary.npy,25,45,10932.0
hat-17_binary.npy,0,130,21676.0
hat-17_binary.npy,1,99,21986.0
hat-17_binary.npy,2,99,21986.0
hat-17_binary.npy,3,90,22076.0
hat-17_binary.npy,4,90,22076.0
hat-17_binary.npy,5,82,22156.0
hat-17_binary.npy,6,81,22166.0
hat-17_binary.npy,7,80,22176.0
hat-17_binary.npy,8,79,22186.0
hat-17_binary.npy,9,79,22186.0
hat-17_binary.npy,10,76,22216.0
hat-17_binary.npy,11,76,22216.0
hat-17_binary.npy,12,75,22226.0
hat-17_binary.npy,13,75,22226.0
hat-17_binary.npy,14,74,22236.0
hat-17_binary.npy,15,74,22236.0
hat-17_binary.npy,16,74,22236.0
hat-17_binary.npy,17,74,22236.0
hat-17_binary.npy,18,74,22236.0
hat-17_binary.npy,19,74,22236.0
hat-17_binary.npy,20,74,22236.0
hat-17_binary.npy,21,74,22236.0
hat-17_binary.npy,22,74,22236.0
hat-17_binary.npy,23,74,22236.0
hat-17_binary.npy,24,74,22236.0
hat-17_binary.npy,25,74,22236.0
hat-17_binary.npy,26,74,22236.0
hat-1_binary.npy,0,182,27773.0
hat-1_binary.npy,1,128,28313.0
hat-1_binary.npy,2,111,28483.0
hat-1_binary.npy,3,109,28503.0
hat-1_binary.npy,4,96,28633.0
hat-1_binary.npy,5,96,28633.0
hat-1_binary.npy,6,90,28693.0
hat-1_binary.npy,7,90,28693.0
hat-1_binary.npy,8,88,28713.0
hat-1_binary.npy,9,86,28733.0
hat-1_binary.npy,10,85,28743.0
hat-1_binary.npy,11,82,28773.0
hat-1_binary.npy,12,81,28783.0
hat-1_binary.npy,13,80,28793.0
hat-1_binary.npy,14,80,28793.0
hat-1_binary.npy,15,80,28793.0
hat-1_binary.npy,16,80,28793.0
hat-1_binary.npy,17,80,28793.0
hat-1_binary.npy,18,80,28793.0
hat-1_binary.npy,19,80,28793.0
hat-1_binary.npy,20,80,28793.0
hat-1_binary.npy,21,80,28793.0
hat-1_binary.npy,22,80,28793.0
hat-1_binary.npy,23,80,28793.0
hat-1_binary.npy,24,80,28793.0
hat-1_binary.npy,25,80,28793.0
hat-6_binary.npy,0,77,3148.0
hat-6_binary.npy,1,56,3358.0
hat-6_binary.npy,2,54,3378.0
hat-6_binary.npy,3,43,3488.0
hat-6_binary.npy,4,36,3558.0
hat-6_binary.npy,5,36,3558.0
hat-6_binary.npy,6,36,3558.0
hat-6_binary.npy,7,36,3558.0
hat-6_binary.npy,8,33,3588.0
hat-6_binary.npy,9,33,3588.0
hat-6_binary.npy,10,33,3588.0
hat-6_binary.npy,11,33,3588.0
hat-6_binary.npy,12,33,3588.0
hat-6_binary.npy,13,33,3588.0
hat-6_binary.npy,14,33,3588.0
hat-6_binary.npy,15,33,3588.0
hat-6_binary.npy,16,33,3588.0
hat-6_binary.npy,17,33,3588.0
hat-6_binary.npy,18,33,3588.0
hat-6_binary.npy,19,33,3588.0
hat-6_binary.npy,20,33,3588.0
horse-14_binary.npy,0,1212,136499.0
horse-14_binary.npy,1,1089,137729.0
horse-14_binary.npy,2,1080,137819.0
horse-14_binary.npy,3,1059,138029.0
horse-14_binary.npy,4,1051,138109.0
horse-14_binary.npy,5,1037,138249.0
horse-14_binary.npy,6,1031,138309.0
horse-14_binary.npy,7,1025,138369.0
horse-14_binary.npy,8,1021,138409.0
horse-14_binary.npy,9,1021,138409.0
horse-14_binary.npy,10,1018,138439.0
horse-14_binary.npy,11,1018,138439.0
horse-14_binary.npy,12,1018,138439.0
horse-14_binary.npy,13,1018,138439.0
horse-14_binary.npy,14,1018,138439.0
horse-14_binary.npy,15,1018,138439.0
horse-14_binary.npy,16,1018,138439.0
horse-14_binary.npy,17,1016,138459.0
horse-14_binary.npy,18,1016,138459.0
horse-14_binary.npy,19,1016,138459.0
horse-14_binary.npy,20,1016,138459.0
horse-14_binary.npy,21,1016,138459.0
horse-14_binary.npy,22,1016,138459.0
horse-14_binary.npy,23,1016,138459.0
horse-14_binary.npy,24,1016,138459.0
horse-14_binary.npy,25,1015,138469.0
horse-14_binary.npy,26,1015,138469.0
horse-14_binary.npy,27,1015,138469.0
horse-14_binary.npy,28,1015,138469.0
horse-14_binary.npy,29,1015,138469.0
horse-14_binary.npy,30,1015,138469.0
horse-14_binary.npy,31,1015,138469.0
horse-14_binary.npy,32,1015,138469.0
horse-14_binary.npy,33,1015,138469.0
horse-14_binary.npy,34,1015,138469.0
horse-14_binary.npy,35,1013,138489.0
horse-14_binary.npy,36,1013,138489.0
horse-14_binary.npy,37,1013,138489.0
horse-14_binary.npy,38,1013,138489.0
horse-14_binary.npy,39,1013,138489.0
horse-14_binary.npy,40,1013,138489.0
horse-14_binary.npy,41,1013,138489.0
horse-14_binary.npy,42,1013,138489.0
horse-14_binary.npy,43,1013,138489.0
horse-14_binary.npy,44,1013,138489.0
horse-14_binary.npy,45,1013,138489.0
horse-14_binary.npy,46,1013,138489.0
horse-14_binary.npy,47,1013,138489.0
horse-16_binary.npy,0,1036,107482.0
horse-16_binary.npy,1,934,108502.0
horse-16_binary.npy,2,900,108842.0
horse-16_binary.npy,3,891,108932.0
horse-16_binary.npy,4,881,109032.0
horse-16_binary.npy,5,876,109082.0
horse-16_binary.npy,6,865,109192.0
horse-16_binary.npy,7,863,109212.0
horse-16_binary.npy,8,863,109212.0
horse-16_binary.npy,9,861,109232.0
horse-16_binary.npy,10,857,109272.0
horse-16_binary.npy,11,857,109272.0
horse-16_binary.npy,12,857,109272.0
horse-16_binary.npy,13,857,109272.0
horse-16_binary.npy,14,854,109302.0
horse-16_binary.npy,15,854,109302.0
horse-16_binary.npy,16,854,109302.0
horse-16_binary.npy,17,854,109302.0
horse-16_binary.npy,18,854,109302.0
horse-16_binary.npy,19,854,109302.0
horse-16_binary.npy,20,854,109302.0
horse-16_binary.npy,21,854,109302.0
horse-16_binary.npy,22,854,109302.0
horse-16_binary.npy,23,854,109302.0
horse-16_binary.npy,24,854,109302.0
horse-16_binary.npy,25,854,109302.0
horse-16_binary.npy,26,854,109302.0
horse-18_binary.npy,0,512,27389.0
horse-18_binary.npy,1,423,28279.0
horse-18_binary.npy,2,423,28279.0
horse-18_binary.npy,3,423,28279.0
horse-18_binary.npy,4,423,28279.0
horse-18_binary.npy,5,423,28279.0
horse-18_binary.npy,6,409,28419.0
horse-18_binary.npy,7,408,28429.0
horse-18_binary.npy,8,388,28629.0
horse-18_binary.npy,9,388,28629.0
horse-18_binary.npy,10,383,28679.0
horse-18_binary.npy,11,380,28709.0
horse-18_binary.npy,12,380,28709.0
horse-18_binary.npy,13,378,28729.0
horse-18_binary.npy,14,378,28729.0
horse-18_binary.npy,15,377,28739.0
horse-18_binary.npy,16,377,28739.0
horse-18_binary.npy,17,377,28739.0
horse-18_binary.npy,18,377,28739.0
horse-18_binary.npy,19,377,28739.0
horse-18_binary.npy,20,377,28739.0
horse-18_binary.npy,21,377,28739.0
horse-18_binary.npy,22,377,28739.0
horse-18_binary.npy,23,377,28739.0
horse-18_binary.npy,24,377,28739.0
horse-18_binary.npy,25,374,28769.0
horse-18_binary.npy,26,374,28769.0
horse-18_binary.npy,27,374,28769.0
horse-18_binary.npy,28,374,28769.0
horse-18_binary.npy,29,374,28769.0
horse-18_binary.npy,30,374,28769.0
horse-18_binary.npy,31,374,28769.0
horse-18_binary.npy,32,374,28769.0
horse-18_binary.npy,33,374,28769.0
horse-18_binary.npy,34,373,28779.0
horse-18_binary.npy,35,373,28779.0
horse-18_binary.npy,36,373,28779.0
horse-18_binary.npy,37,373,28779.0
horse-18_binary.npy,38,373,28779.0
horse-18_binary.npy,39,373,28779.0
horse-18_binary.npy,40,373,28779.0
horse-18_binary.npy,41,373,28779.0
horse-18_binary.npy,42,373,28779.0
horse-18_binary.npy,43,373,28779.0
horse-18_binary.npy,44,373,28779.0
horse-18_binary.npy,45,373,28779.0
horse-18_binary.npy,46,373,28779.0
horse-5_binary.npy,0,551,25781.0
horse-5_binary.npy,1,485,26441.0
horse-5_binary.npy,2,423,27061.0
horse-5_binary.npy,3,423,27061.0
horse-5_binary.npy,4,423,27061.0
horse-5_binary.npy,5,423,27061.0
horse-5_binary.npy,6,402,27271.0
horse-5_binary.npy,7,378,27511.0
horse-5_binary.npy,8,378,27511.0
horse-5_binary.npy,9,378,27511.0
horse-5_binary.npy,10,374,27551.0
horse-5_binary.npy,11,369,27601.0
horse-5_binary.npy,12,368,27611.0
horse-5_binary.npy,13,368,27611.0
horse-5_binary.npy,14,366,27631.0
horse-5_binary.npy,15,366,27631.0
horse-5_binary.npy,16,366,27631.0
horse-5_binary.npy,17,366,27631.0
horse-5_binary.npy,18,366,27631.0
horse-5_binary.npy,19,366,27631.0
horse-5_binary.npy,20,366,27631.0
horse-5_binary.npy,21,366,27631.0
horse-5_binary.npy,22,366,27631.0
horse-5_binary.npy,23,366,27631.0
horse-5_binary.npy,24,366,27631.0
horse-5_binary.npy,25,366,27631.0
horse-5_binary.npy,26,366,27631.0
horseshoe-17_binary.npy,0,116,3604.0
horseshoe-17_binary.npy,1,110,3664.0
horseshoe-17_binary.npy,2,105,3714.0
horseshoe-17_binary.npy,3,98,3784.0
horseshoe-17_binary.npy,4,98,3784.0
horseshoe-17_binary.npy,5,94,3824.0
horseshoe-17_binary.npy,6,92,3844.0
horseshoe-17_binary.npy,7,92,3844.0
horseshoe-17_binary.npy,8,92,3844.0
horseshoe-17_binary.npy,9,91,3854.0
horseshoe-17_binary.npy,10,91,3854.0
horseshoe-17_binary.npy,11,91,3854.0
horseshoe-17_binary.npy,12,91,3854.0
horseshoe-17_binary.npy,13,91,3854.0
horseshoe-17_binary.npy,14,91,3854.0
horseshoe-17_binary.npy,15,91,3854.0
horseshoe-17_binary.npy,16,91,3854.0
horseshoe-17_binary.npy,17,91,3854.0
horseshoe-17_binary.npy,18,91,3854.0
horseshoe-17_binary.npy,19,91,3854.0
horseshoe-17_binary.npy,20,91,3854.0
horseshoe-17_binary.npy,21,91,3854.0
horseshoe-5_binary.npy,0,173,1763.0
horseshoe-5_binary.npy,1,145,2043.0
horseshoe-5_binary.npy,2,138,2113.0
horseshoe-5_binary.npy,3,137,2123.0
horseshoe-5_binary.npy,4,129,2203.0
horseshoe-5_binary.npy,5,128,2213.0
horseshoe-5_binary.npy,6,122,2273.0
horseshoe-5_binary.npy,7,118,2313.0
horseshoe-5_binary.npy,8,113,2363.0
horseshoe-5_binary.npy,9,113,2363.0
horseshoe-5_binary.npy,10,113,2363.0
horseshoe-5_binary.npy,11,113,2363.0
horseshoe-5_binary.npy,12,113,2363.0
horseshoe-5_binary.npy,13,112,2373.0
horseshoe-5_binary.npy,14,112,2373.0
horseshoe-5_binary.npy,15,112,2373.0
horseshoe-5_binary.npy,16,112,2373.0
horseshoe-5_binary.npy,17,112,2373.0
horseshoe-5_binary.npy,18,112,2373.0
horseshoe-5_binary.npy,19,111,2383.0
horseshoe-5_binary.npy,20,111,2383.0
horseshoe-5_binary.npy,21,111,2383.0
horseshoe-5_binary.npy,22,111,2383.0
horseshoe-5_binary.npy,23,111,2383.0
horseshoe-5_binary.npy,24,111,2383.0
horseshoe-5_binary.npy,25,111,2383.0
horseshoe-5_binary.npy,26,111,2383.0
horseshoe-5_binary.npy,27,111,2383.0
horseshoe-5_binary.npy,28,111,2383.0
horseshoe-5_binary.npy,29,111,2383.0
horseshoe-5_binary.npy,30,111,2383.0
horseshoe-5_binary.npy,31,111,2383.0
horseshoe-8_binary.npy,0,105,676.0
horseshoe-8_binary.npy,1,75,976.0
horseshoe-8_binary.npy,2,71,1016.0
horseshoe-8_binary.npy,3,71,1016.0
horseshoe-8_binary.npy,4,58,1146.0
horseshoe-8_binary.npy,5,58,1146.0
horseshoe-8_binary.npy,6,58,1146.0
horseshoe-8_binary.npy,7,56,1166.0
horseshoe-8_binary.npy,8,50,1226.0
horseshoe-8_binary.npy,9,50,1226.0
horseshoe-8_binary.npy,10,50,1226.0
horseshoe-8_binary.npy,11,50,1226.0
horseshoe-8_binary.npy,12,50,1226.0
horseshoe-8_binary.npy,13,50,1226.0
horseshoe-8_binary.npy,14,50,1226.0
horseshoe-8_binary.npy,15,50,1226.0
horseshoe-8_binary.npy,16,49,1236.0
horseshoe-8_binary.npy,17,49,1236.0
horseshoe-8_binary.npy,18,49,1236.0
horseshoe-8_binary.npy,19,49,1236.0
horseshoe-8_binary.npy,20,49,1236.0
horseshoe-8_binary.npy,21,49,1236.0
horseshoe-8_binary.npy,22,49,1236.0
horseshoe-8_binary.npy,23,49,1236.0
horseshoe-8_binary.npy,24,49,1236.0
horseshoe-8_binary.npy,25,49,1236.0
horseshoe-8_binary.npy,26,49,1236.0
horseshoe-8_binary.npy,27,49,1236.0
horseshoe-8_binary.npy,28,49,1236.0
horseshoe-9_binary.npy,0,116,3604.0
horseshoe-9_binary.npy,1,106,3704.0
horseshoe-9_binary.npy,2,106,3704.0
horseshoe-9_binary.npy,3,106,3704.0
horseshoe-9_binary.npy,4,96,3804.0
horseshoe-9_binary.npy,5,96,3804.0
horseshoe-9_binary.npy,6,94,3824.0
horseshoe-9_binary.npy,7,94,3824.0
horseshoe-9_binary.npy,8,92,3844.0
horseshoe-9_binary.npy,9,91,3854.0
horseshoe-9_binary.npy,10,91,3854.0
horseshoe-9_binary.npy,11,91,3854.0
horseshoe-9_binary.npy,12,91,3854.0
horseshoe-9_binary.npy,13,91,3854.0
horseshoe-9_binary.npy,14,91,3854.0
horseshoe-9_binary.npy,15,91,3854.0
horseshoe-9_binary.npy,16,91,3854.0
horseshoe-9_binary.npy,17,91,3854.0
horseshoe-9_binary.npy,18,91,3854.0
horseshoe-9_binary.npy,19,91,3854.0
horseshoe-9_binary.npy,20,91,3854.0
horseshoe-9_binary.npy,21,91,3854.0
jar-13_binary.npy,0,375,79021.0
jar-13_binary.npy,1,307,79701.0
jar-13_binary.npy,2,307,79701.0
jar-13_binary.npy,3,293,79841.0
jar-13_binary.npy,4,284,79931.0
jar-13_binary.npy,5,271,80061.0
jar-13_binary.npy,6,270,80071.0
jar-13_binary.npy,7,263,80141.0
jar-13_binary.npy,8,260,80171.0
jar-13_binary.npy,9,258,80191.0
jar-13_binary.npy,10,258,80191.0
jar-13_binary.npy,11,258,80191.0
jar-13_binary.npy,12,256,80211.0
jar-13_binary.npy,13,254,80231.0
jar-13_binary.npy,14,254,80231.0
jar-13_binary.npy,15,254,80231.0
jar-13_binary.npy,16,254,80231.0
jar-13_binary.npy,17,254,80231.0
jar-13_binary.npy,18,254,80231.0
jar-13_binary.npy,19,254,80231.0
jar-13_binary.npy,20,254,80231.0
jar-13_binary.npy,21,254,80231.0
jar-13_binary.npy,22,254,80231.0
jar-13_binary.npy,23,254,80231.0
jar-13_binary.npy,24,254,80231.0
jar-13_binary.npy,25,254,80231.0
jar-16_binary.npy,0,644,117130.0
jar-16_binary.npy,1,500,118570.0
jar-16_binary.npy,2,471,118860.0
jar-16_binary.npy,3,471,118860.0
jar-16_binary.npy,4,430,119270.0
jar-16_binary.npy,5,425,119320.0
jar-16_binary.npy,6,403,119540.0
jar-16_binary.npy,7,403,119540.0
jar-16_binary.npy,8,403,119540.0
jar-16_binary.npy,9,403,119540.0
jar-16_binary.npy,10,374,119830.0
jar-16_binary.npy,11,374,119830.0
jar-16_binary.npy,12,358,119990.0
jar-16_binary.npy,13,348,120090.0
jar-16_binary.npy,14,342,120150.0
jar-16_binary.npy,15,335,120220.0
jar-16_binary.npy,16,334,120230.0
jar-16_binary.npy,17,333,120240.0
jar-16_binary.npy,18,331,120260.0
jar-16_binary.npy,19,331,120260.0
jar-16_binary.npy,20,331,120260.0
jar-16_binary.npy,21,331,120260.0
jar-16_binary.npy,22,331,120260.0
jar-16_binary.npy,23,331,120260.0
jar-16_binary.npy,24,331,120260.0
jar-16_binary.npy,25,331,120260.0
jar-16_binary.npy,26,331,120260.0
jar-16_binary.npy,27,331,120260.0
jar-16_binary.npy,28,331,120260.0
jar-16_binary.npy,29,331,120260.0
jar-16_binary.npy,30,331,120260.0
jar-3_binary.npy,0,295,66543.0
jar-3_binary.npy,1,274,66753.0
jar-3_binary.npy,2,258,66913.0
jar-3_binary.npy,3,255,66943.0
jar-3_binary.npy,4,247,67023.0
jar-3_binary.npy,5,246,67033.0
jar-3_binary.npy,6,246,67033.0
jar-3_binary.npy,7,245,67043.0
jar-3_binary.npy,8,241,67083.0
jar-3_binary.npy,9,241,67083.0
jar-3_binary.npy,10,241,67083.0
jar-3_binary.npy,11,241,67083.0
jar-3_binary.npy,12,241,67083.0
jar-3_binary.npy,13,241,67083.0
jar-3_binary.npy,14,241,67083.0
jar-3_binary.npy,15,241,67083.0
jar-3_binary.npy,16,241,67083.0
jar-3_binary.npy,17,241,67083.0
jar-3_binary.npy,18,241,67083.0
jar-3_binary.npy,19,241,67083.0
jar-3_binary.npy,20,241,67083.0
jar-5_binary.npy,0,304,44238.0
jar-5_binary.npy,1,251,44768.0
jar-5_binary.npy,2,187,45408.0
jar-5_binary.npy,3,187,45408.0
jar-5_binary.npy,4,171,45568.0
jar-5_binary.npy,5,167,45608.0
jar-5_binary.npy,6,152,45758.0
jar-5_binary.npy,7,152,45758.0
jar-5_binary.npy,8,146,45818.0
jar-5_binary.npy,9,141,45868.0
jar-5_binary.npy,10,141,45868.0
jar-5_binary.npy,11,141,45868.0
jar-5_binary.npy,12,141,45868.0
jar-5_binary.npy,13,140,45878.0
jar-5_binary.npy,14,139,45888.0
jar-5_binary.npy,15,139,45888.0
jar-5_binary.npy,16,138,45898.0
jar-5_binary.npy,17,138,45898.0
jar-5_binary.npy,18,138,45898.0
jar-5_binary.npy,19,138,45898.0
jar-5_binary.npy,20,138,45898.0
jar-5_binary.npy,21,138,45898.0
jar-5_binary.npy,22,138,45898.0
jar-5_binary.npy,23,138,45898.0
jar-5_binary.npy,24,138,45898.0
jar-5_binary.npy,25,138,45898.0
jar-5_binary.npy,26,138,45898.0
jar-5_binary.npy,27,138,45898.0
jar-5_binary.npy,28,138,45898.0
key-13_binary.npy,0,211,27458.0
key-13_binary.npy,1,207,27498.0
key-13_binary.npy,2,205,27518.0
key-13_binary.npy,3,205,27518.0
key-13_binary.npy,4,203,27538.0
key-13_binary.npy,5,203,27538.0
key-13_binary.npy,6,203,27538.0
key-13_binary.npy,7,203,27538.0
key-13_binary.npy,8,203,27538.0
key-13_binary.npy,9,203,27538.0
key-13_binary.npy,10,203,27538.0
key-13_binary.npy,11,203,27538.0
key-13_binary.npy,12,203,27538.0
key-13_binary.npy,13,203,27538.0
key-13_binary.npy,14,203,27538.0
key-13_binary.npy,15,203,27538.0
key-13_binary.npy,16,203,27538.0
key-20_binary.npy,0,168,20991.0
key-20_binary.npy,1,161,21061.0
key-20_binary.npy,2,159,21081.0
key-20_binary.npy,3,159,21081.0
key-20_binary.npy,4,159,21081.0
key-20_binary.npy,5,159,21081.0
key-20_binary.npy,6,159,21081.0
key-20_binary.npy,7,159,21081.0
key-20_binary.npy,8,159,21081.0
key-20_binary.npy,9,159,21081.0
key-20_binary.npy,10,159,21081.0
key-20_binary.npy,11,159,21081.0
key-20_binary.npy,12,159,21081.0
key-20_binary.npy,13,159,21081.0
key-20_binary.npy,14,159,21081.0
key-3_binary.npy,0,160,22525.0
key-3_binary.npy,1,155,22575.0
key-3_binary.npy,2,142,22705.0
key-3_binary.npy,3,138,22745.0
key-3_binary.npy,4,134,22785.0
key-3_binary.npy,5,132,22805.0
key-3_binary.npy,6,131,22815.0
key-3_binary.npy,7,130,22825.0
key-3_binary.npy,8,128,22845.0
key-3_binary.npy,9,128,22845.0
key-3_binary.npy,10,128,22845.0
key-3_binary.npy,11,128,22845.0
key-3_binary.npy,12,128,22845.0
key-3_binary.npy,13,128,22845.0
key-3_binary.npy,14,128,22845.0
key-3_binary.npy,15,128,22845.0
key-3_binary.npy,16,128,22845.0
key-3_binary.npy,17,128,22845.0
key-3_binary.npy,18,128,22845.0
key-3_binary.npy,19,128,22845.0
key-3_binary.npy,20,128,22845.0
key-8_binary.npy,0,164,20871.0
key-8_binary.npy,1,157,20941.0
key-8_binary.npy,2,154,20971.0
key-8_binary.npy,3,154,20971.0
key-8_binary.npy,4,153,20981.0
key-8_binary.npy,5,152,20991.0
key-8_binary.npy,6,152,20991.0
key-8_binary.npy,7,151,21001.0
key-8_binary.npy,8,151,21001.0
key-8_binary.npy,9,151,21001.0
key-8_binary.npy,10,151,21001.0
key-8_binary.npy,11,151,21001.0
key-8_binary.npy,12,151,21001.0
key-8_binary.npy,13,151,21001.0
key-8_binary.npy,14,151,21001.0
key-8_binary.npy,15,151,21001.0
key-8_binary.npy,16,151,21001.0
key-8_binary.npy,17,151,21001.0
key-8_binary.npy,18,151,21001.0
key-8_binary.npy,19,151,21001.0
lizzard-11_binary.npy,0,577,20851.0
lizzard-11_binary.npy,1,503,21591.0
lizzard-11_binary.npy,2,503,21591.0
lizzard-11_binary.npy,3,475,21871.0
lizzard-11_binary.npy,4,475,21871.0
lizzard-11_binary.npy,5,475,21871.0
lizzard-11_binary.npy,6,474,21881.0
lizzard-11_binary.npy,7,451,22111.0
lizzard-11_binary.npy,8,443,22191.0
lizzard-11_binary.npy,9,443,22191.0
lizzard-11_binary.npy,10,439,22231.0
lizzard-11_binary.npy,11,434,22281.0
lizzard-11_binary.npy,12,434,22281.0
lizzard-11_binary.npy,13,431,22311.0
lizzard-11_binary.npy,14,431,22311.0
lizzard-11_binary.npy,15,431,22311.0
lizzard-11_binary.npy,16,430,22321.0
lizzard-11_binary.npy,17,430,22321.0
lizzard-11_binary.npy,18,427,22351.0
lizzard-11_binary.npy,19,426,22361.0
lizzard-11_binary.npy,20,426,22361.0
lizzard-11_binary.npy,21,426,22361.0
lizzard-11_binary.npy,22,425,22371.0
lizzard-11_binary.npy,23,425,22371.0
lizzard-11_binary.npy,24,425,22371.0
lizzard-11_binary.npy,25,425,22371.0
lizzard-11_binary.npy,26,425,22371.0
lizzard-11_binary.npy,27,425,22371.0
lizzard-11_binary.npy,28,425,22371.0
lizzard-11_binary.npy,29,425,22371.0
lizzard-11_binary.npy,30,425,22371.0
lizzard-11_binary.npy,31,425,22371.0
lizzard-11_binary.npy,32,425,22371.0
lizzard-11_binary.npy,33,425,22371.0
lizzard-11_binary.npy,34,425,22371.0
lizzard-13_binary.npy,0,517,21620.0
lizzard-13_binary.npy,1,431,22480.0
lizzard-13_binary.npy,2,420,22590.0
lizzard-13_binary.npy,3,420,22590.0
lizzard-13_binary.npy,4,417,22620.0
lizzard-13_binary.npy,5,405,22740.0
lizzard-13_binary.npy,6,398,22810.0
lizzard-13_binary.npy,7,387,22920.0
lizzard-13_binary.npy,8,387,22920.0
lizzard-13_binary.npy,9,380,22990.0
lizzard-13_binary.npy,10,380,22990.0
lizzard-13_binary.npy,11,380,22990.0
lizzard-13_binary.npy,12,375,23040.0
lizzard-13_binary.npy,13,374,23050.0
lizzard-13_binary.npy,14,373,23060.0
lizzard-13_binary.npy,15,369,23100.0
lizzard-13_binary.npy,16,369,23100.0
lizzard-13_binary.npy,17,368,23110.0
lizzard-13_binary.npy,18,368,23110.0
lizzard-13_binary.npy,19,367,23120.0
lizzard-13_binary.npy,20,367,23120.0
lizzard-13_binary.npy,21,367,23120.0
lizzard-13_binary.npy,22,367,23120.0
lizzard-13_binary.npy,23,367,23120.0
lizzard-13_binary.npy,24,367,23120.0
lizzard-13_binary.npy,25,367,23120.0
lizzard-13_binary.npy,26,367,23120.0
lizzard-13_binary.npy,27,367,23120.0
lizzard-13_binary.npy,28,367,23120.0
lizzard-13_binary.npy,29,367,23120.0
lizzard-13_binary.npy,30,367,23120.0
lizzard-13_binary.npy,31,367,23120.0
lizzard-3_binary.npy,0,472,26976.0
lizzard-3_binary.npy,1,428,27416.0
lizzard-3_binary.npy,2,379,27906.0
lizzard-3_binary.npy,3,370,27996.0
lizzard-3_binary.npy,4,363,28066.0
lizzard-3_binary.npy,5,354,28156.0
lizzard-3_binary.npy,6,354,28156.0
lizzard-3_binary.npy,7,354,28156.0
lizzard-3_binary.npy,8,351,28186.0
lizzard-3_binary.npy,9,343,28266.0
lizzard-3_binary.npy,10,343,28266.0
lizzard-3_binary.npy,11,341,28286.0
lizzard-3_binary.npy,12,340,28296.0
lizzard-3_binary.npy,13,340,28296.0
lizzard-3_binary.npy,14,340,28296.0
lizzard-3_binary.npy,15,340,28296.0
lizzard-3_binary.npy,16,340,28296.0
lizzard-3_binary.npy,17,340,28296.0
lizzard-3_binary.npy,18,340,28296.0
lizzard-3_binary.npy,19,338,28316.0
lizzard-3_binary.npy,20,338,28316.0
lizzard-3_binary.npy,21,338,28316.0
lizzard-3_binary.npy,22,338,28316.0
lizzard-3_binary.npy,23,338,28316.0
lizzard-3_binary.npy,24,338,28316.0
lizzard-3_binary.npy,25,338,28316.0
lizzard-3_binary.npy,26,338,28316.0
lizzard-3_binary.npy,27,338,28316.0
lizzard-3_binary.npy,28,338,28316.0
lizzard-3_binary.npy,29,338,28316.0
lizzard-3_binary.npy,30,338,28316.0
lizzard-3_binary.npy,31,338,28316.0
lizzard-4_binary.npy,0,472,26976.0
lizzard-4_binary.npy,1,396,27736.0
lizzard-4_binary.npy,2,371,27986.0
lizzard-4_binary.npy,3,371,27986.0
lizzard-4_binary.npy,4,367,28026.0
lizzard-4_binary.npy,5,360,28096.0
lizzard-4_binary.npy,6,357,28126.0
lizzard-4_binary.npy,7,350,28196.0
lizzard-4_binary.npy,8,350,28196.0
lizzard-4_binary.npy,9,348,28216.0
lizzard-4_binary.npy,10,343,28266.0
lizzard-4_binary.npy,11,343,28266.0
lizzard-4_binary.npy,12,343,28266.0
lizzard-4_binary.npy,13,342,28276.0
lizzard-4_binary.npy,14,340,28296.0
lizzard-4_binary.npy,15,340,28296.0
lizzard-4_binary.npy,16,340,28296.0
lizzard-4_binary.npy,17,340,28296.0
lizzard-4_binary.npy,18,340,28296.0
lizzard-4_binary.npy,19,340,28296.0
lizzard-4_binary.npy,20,340,28296.0
lizzard-4_binary.npy,21,340,28296.0
lizzard-4_binary.npy,22,340,28296.0
lizzard-4_binary.npy,23,340,28296.0
lizzard-4_binary.npy,24,340,28296.0
lizzard-4_binary.npy,25,340,28296.0
lizzard-4_binary.npy,26,340,28296.0
lmfish-11_binary.npy,0,389,23696.0
lmfish-11_binary.npy,1,369,23896.0
lmfish-11_binary.npy,2,366,23926.0
lmfish-11_binary.npy,3,356,24026.0
lmfish-11_binary.npy,4,355,24036.0
lmfish-11_binary.npy,5,355,24036.0
lmfish-11_binary.npy,6,353,24056.0
lmfish-11_binary.npy,7,352,24066.0
lmfish-11_binary.npy,8,352,24066.0
lmfish-11_binary.npy,9,352,24066.0
lmfish-11_binary.npy,10,352,24066.0
lmfish-11_binary.npy,11,352,24066.0
lmfish-11_binary.npy,12,352,24066.0
lmfish-11_binary.npy,13,352,24066.0
lmfish-11_binary.npy,14,352,24066.0
lmfish-11_binary.npy,15,352,24066.0
lmfish-11_binary.npy,16,352,24066.0
lmfish-11_binary.npy,17,352,24066.0
lmfish-11_binary.npy,18,352,24066.0
lmfish-11_binary.npy,19,352,24066.0
lmfish-13_binary.npy,0,166,15770.0
lmfish-13_binary.npy,1,152,15910.0
lmfish-13_binary.npy,2,151,15920.0
lmfish-13_binary.npy,3,146,15970.0
lmfish-13_binary.npy,4,146,15970.0
lmfish-13_binary.npy,5,143,16000.0
lmfish-13_binary.npy,6,143,16000.0
lmfish-13_binary.npy,7,143,16000.0
lmfish-13_binary.npy,8,141,16020.0
lmfish-13_binary.npy,9,141,16020.0
lmfish-13_binary.npy,10,141,16020.0
lmfish-13_binary.npy,11,141,16020.0
lmfish-13_binary.npy,12,141,16020.0
lmfish-13_binary.npy,13,141,16020.0
lmfish-13_binary.npy,14,141,16020.0
lmfish-13_binary.npy,15,141,16020.0
lmfish-13_binary.npy,16,141,16020.0
lmfish-13_binary.npy,17,141,16020.0
lmfish-13_binary.npy,18,141,16020.0
lmfish-13_binary.npy,19,141,16020.0
lmfish-13_binary.npy,20,141,16020.0
lmfish-1_binary.npy,0,512,86340.0
lmfish-1_binary.npy,1,469,86770.0
lmfish-1_binary.npy,2,469,86770.0
lmfish-1_binary.npy,3,469,86770.0
lmfish-1_binary.npy,4,457,86890.0
lmfish-1_binary.npy,5,457,86890.0
lmfish-1_binary.npy,6,454,86920.0
lmfish-1_binary.npy,7,452,86940.0
lmfish-1_binary.npy,8,452,86940.0
lmfish-1_binary.npy,9,451,86950.0
lmfish-1_binary.npy,10,451,86950.0
lmfish-1_binary.npy,11,451,86950.0
lmfish-1_binary.npy,12,451,86950.0
lmfish-1_binary.npy,13,451,86950.0
lmfish-1_binary.npy,14,451,86950.0
lmfish-1_binary.npy,15,451,86950.0
lmfish-1_binary.npy,16,451,86950.0
lmfish-1_binary.npy,17,451,86950.0
lmfish-1_binary.npy,18,451,86950.0
lmfish-1_binary.npy,19,451,86950.0
lmfish-1_binary.npy,20,451,86950.0
lmfish-1_binary.npy,21,451,86950.0
lmfish-2_binary.npy,0,666,90227.0
lmfish-2_binary.npy,1,522,91667.0
lmfish-2_binary.npy,2,522,91667.0
lmfish-2_binary.npy,3,522,91667.0
lmfish-2_binary.npy,4,491,91977.0
lmfish-2_binary.npy,5,479,92097.0
lmfish-2_binary.npy,6,478,92107.0
lmfish-2_binary.npy,7,462,92267.0
lmfish-2_binary.npy,8,460,92287.0
lmfish-2_binary.npy,9,452,92367.0
lmfish-2_binary.npy,10,450,92387.0
lmfish-2_binary.npy,11,444,92447.0
lmfish-2_binary.npy,12,444,92447.0
lmfish-2_binary.npy,13,444,92447.0
lmfish-2_binary.npy,14,444,92447.0
lmfish-2_binary.npy,15,442,92467.0
lmfish-2_binary.npy,16,442,92467.0
lmfish-2_binary.npy,17,442,92467.0
lmfish-2_binary.npy,18,441,92477.0
lmfish-2_binary.npy,19,441,92477.0
lmfish-2_binary.npy,20,441,92477.0
lmfish-2_binary.npy,21,441,92477.0
lmfish-2_binary.npy,22,441,92477.0
lmfish-2_binary.npy,23,441,92477.0
lmfish-2_binary.npy,24,441,92477.0
lmfish-2_binary.npy,25,441,92477.0
lmfish-2_binary.npy,26,441,92477.0
lmfish-2_binary.npy,27,441,92477.0
lmfish-2_binary.npy,28,441,92477.0
lmfish-2_binary.npy,29,441,92477.0
lmfish-2_binary.npy,30,441,92477.0
octopus-16_binary.npy,0,594,13423.0
octopus-16_binary.npy,1,528,14083.0
octopus-16_binary.npy,2,493,14433.0
octopus-16_binary.npy,3,481,14553.0
octopus-16_binary.npy,4,481,14553.0
octopus-16_binary.npy,5,463,14733.0
octopus-16_binary.npy,6,463,14733.0
octopus-16_binary.npy,7,450,14863.0
octopus-16_binary.npy,8,444,14923.0
octopus-16_binary.npy,9,444,14923.0
octopus-16_binary.npy,10,442,14943.0
octopus-16_binary.npy,11,436,15003.0
octopus-16_binary.npy,12,435,15013.0
octopus-16_binary.npy,13,434,15023.0
octopus-16_binary.npy,14,432,15043.0
octopus-16_binary.npy,15,432,15043.0
octopus-16_binary.npy,16,432,15043.0
octopus-16_binary.npy,17,432,15043.0
octopus-16_binary.npy,18,432,15043.0
octopus-16_binary.npy,19,432,15043.0
octopus-16_binary.npy,20,432,15043.0
octopus-16_binary.npy,21,431,15053.0
octopus-16_binary.npy,22,431,15053.0
octopus-16_binary.npy,23,431,15053.0
octopus-16_binary.npy,24,431,15053.0
octopus-16_binary.npy,25,431,15053.0
octopus-16_binary.npy,26,431,15053.0
octopus-16_binary.npy,27,431,15053.0
octopus-16_binary.npy,28,431,15053.0
octopus-16_binary.npy,29,431,15053.0
octopus-16_binary.npy,30,431,15053.0
octopus-16_binary.npy,31,431,15053.0
octopus-16_binary.npy,32,431,15053.0
octopus-16_binary.npy,33,431,15053.0
octopus-17_binary.npy,0,512,11625.0
octopus-17_binary.npy,1,428,12465.0
octopus-17_binary.npy,2,397,12775.0
octopus-17_binary.npy,3,397,12775.0
octopus-17_binary.npy,4,378,12965.0
octopus-17_binary.npy,5,374,13005.0
octopus-17_binary.npy,6,366,13085.0
octopus-17_binary.npy,7,362,13125.0
octopus-17_binary.npy,8,354,13205.0
octopus-17_binary.npy,9,347,13275.0
octopus-17_binary.npy,10,347,13275.0
octopus-17_binary.npy,11,347,13275.0
octopus-17_binary.npy,12,347,13275.0
octopus-17_binary.npy,13,344,13305.0
octopus-17_binary.npy,14,344,13305.0
octopus-17_binary.npy,15,343,13315.0
octopus-17_binary.npy,16,343,13315.0
octopus-17_binary.npy,17,342,13325.0
octopus-17_binary.npy,18,340,13345.0
octopus-17_binary.npy,19,340,13345.0
octopus-17_binary.npy,20,339,13355.0
octopus-17_binary.npy,21,339,13355.0
octopus-17_binary.npy,22,339,13355.0
octopus-17_binary.npy,23,339,13355.0
octopus-17_binary.npy,24,339,13355.0
octopus-17_binary.npy,25,339,13355.0
octopus-17_binary.npy,26,339,13355.0
octopus-17_binary.npy,27,339,13355.0
octopus-17_binary.npy,28,339,13355.0
octopus-17_binary.npy,29,339,13355.0
octopus-17_binary.npy,30,339,13355.0
octopus-17_binary.npy,31,339,13355.0
octopus-17_binary.npy,32,339,13355.0
octopus-4_binary.npy,0,343,21104.0
octopus-4_binary.npy,1,320,21334.0
octopus-4_binary.npy,2,313,21404.0
octopus-4_binary.npy,3,311,21424.0
octopus-4_binary.npy,4,306,21474.0
octopus-4_binary.npy,5,306,21474.0
octopus-4_binary.npy,6,306,21474.0
octopus-4_binary.npy,7,305,21484.0
octopus-4_binary.npy,8,304,21494.0
octopus-4_binary.npy,9,303,21504.0
octopus-4_binary.npy,10,302,21514.0
octopus-4_binary.npy,11,301,21524.0
octopus-4_binary.npy,12,301,21524.0
octopus-4_binary.npy,13,301,21524.0
octopus-4_binary.npy,14,301,21524.0
octopus-4_binary.npy,15,301,21524.0
octopus-4_binary.npy,16,301,21524.0
octopus-4_binary.npy,17,301,21524.0
octopus-4_binary.npy,18,301,21524.0
octopus-4_binary.npy,19,301,21524.0
octopus-4_binary.npy,20,301,21524.0
octopus-4_binary.npy,21,301,21524.0
octopus-4_binary.npy,22,301,21524.0
octopus-4_binary.npy,23,301,21524.0
octopus-8_binary.npy,0,347,27796.0
octopus-8_binary.npy,1,323,28036.0
octopus-8_binary.npy,2,300,28266.0
octopus-8_binary.npy,3,300,28266.0
octopus-8_binary.npy,4,294,28326.0
octopus-8_binary.npy,5,290,28366.0
octopus-8_binary.npy,6,289,28376.0
octopus-8_binary.npy,7,287,28396.0
octopus-8_binary.npy,8,282,28446.0
octopus-8_binary.npy,9,280,28466.0
octopus-8_binary.npy,10,278,28486.0
octopus-8_binary.npy,11,278,28486.0
octopus-8_binary.npy,12,277,28496.0
octopus-8_binary.npy,13,275,28516.0
octopus-8_binary.npy,14,273,28536.0
octopus-8_binary.npy,15,273,28536.0
octopus-8_binary.npy,16,273,28536.0
octopus-8_binary.npy,17,273,28536.0
octopus-8_binary.npy,18,273,28536.0
octopus-8_binary.npy,19,273,28536.0
octopus-8_binary.npy,20,273,28536.0
octopus-8_binary.npy,21,273,28536.0
octopus-8_binary.npy,22,273,28536.0
octopus-8_binary.npy,23,273,28536.0
octopus-8_binary.npy,24,273,28536.0
octopus-8_binary.npy,25,273,28536.0
octopus-8_binary.npy,26,273,28536.0
pencil-14_binary.npy,0,49,9895.0
pencil-14_binary.npy,1,47,9915.0
pencil-14_binary.npy,2,46,9925.0
pencil-14_binary.npy,3,46,9925.0
pencil-14_binary.npy,4,46,9925.0
pencil-14_binary.npy,5,46,9925.0
pencil-14_binary.npy,6,46,9925.0
pencil-14_binary.npy,7,46,9925.0
pencil-14_binary.npy,8,46,9925.0
pencil-14_binary.npy,9,46,9925.0
pencil-14_binary.npy,10,46,9925.0
pencil-14_binary.npy,11,46,9925.0
pencil-14_binary.npy,12,46,9925.0
pencil-14_binary.npy,13,46,9925.0
pencil-14_binary.npy,14,46,9925.0
pencil-15_binary.npy,0,100,6861.0
pencil-15_binary.npy,1,100,6861.0
pencil-15_binary.npy,2,100,6861.0
pencil-15_binary.npy,3,100,6861.0
pencil-15_binary.npy,4,100,6861.0
pencil-15_binary.npy,5,100,6861.0
pencil-15_binary.npy,6,100,6861.0
pencil-15_binary.npy,7,100,6861.0
pencil-15_binary.npy,8,100,6861.0
pencil-15_binary.npy,9,100,6861.0
pencil-15_binary.npy,10,100,6861.0
pencil-15_binary.npy,11,100,6861.0
pencil-15_binary.npy,12,100,6861.0
pencil-18_binary.npy,0,139,9137.0
pencil-18_binary.npy,1,139,9137.0
pencil-18_binary.npy,2,139,9137.0
pencil-18_binary.npy,3,139,9137.0
pencil-18_binary.npy,4,139,9137.0
pencil-18_binary.npy,5,139,9137.0
pencil-18_binary.npy,6,139,9137.0
pencil-18_binary.npy,7,139,9137.0
pencil-18_binary.npy,8,139,9137.0
pencil-18_binary.npy,9,139,9137.0
pencil-18_binary.npy,10,139,9137.0
pencil-18_binary.npy,11,139,9137.0
pencil-18_binary.npy,12,139,9137.0
pencil-3_binary.npy,0,73,13025.0
pencil-3_binary.npy,1,69,13065.0
pencil-3_binary.npy,2,69,13065.0
pencil-3_binary.npy,3,69,13065.0
pencil-3_binary.npy,4,69,13065.0
pencil-3_binary.npy,5,69,13065.0
pencil-3_binary.npy,6,69,13065.0
pencil-3_binary.npy,7,69,13065.0
pencil-3_binary.npy,8,69,13065.0
pencil-3_binary.npy,9,69,13065.0
pencil-3_binary.npy,10,69,13065.0
pencil-3_binary.npy,11,69,13065.0
pencil-3_binary.npy,12,69,13065.0
pencil-3_binary.npy,13,69,13065.0
personal_car-12_binary.npy,0,174,35637.0
personal_car-12_binary.npy,1,166,35717.0
personal_car-12_binary.npy,2,161,35767.0
personal_car-12_binary.npy,3,157,35807.0
personal_car-12_binary.npy,4,155,35827.0
personal_car-12_binary.npy,5,155,35827.0
personal_car-12_binary.npy,6,155,35827.0
personal_car-12_binary.npy,7,155,35827.0
personal_car-12_binary.npy,8,155,35827.0
personal_car-12_binary.npy,9,155,35827.0
personal_car-12_binary.npy,10,155,35827.0
personal_car-12_binary.npy,11,155,35827.0
personal_car-12_binary.npy,12,155,35827.0
personal_car-12_binary.npy,13,155,35827.0
personal_car-12_binary.npy,14,155,35827.0
personal_car-12_binary.npy,15,155,35827.0
personal_car-12_binary.npy,16,155,35827.0
personal_car-17_binary.npy,0,240,51643.0
personal_car-17_binary.npy,1,217,51873.0
personal_car-17_binary.npy,2,217,51873.0
personal_car-17_binary.npy,3,214,51903.0
personal_car-17_binary.npy,4,209,51953.0
personal_car-17_binary.npy,5,204,52003.0
personal_car-17_binary.npy,6,203,52013.0
personal_car-17_binary.npy,7,203,52013.0
personal_car-17_binary.npy,8,203,52013.0
personal_car-17_binary.npy,9,203,52013.0
personal_car-17_binary.npy,10,201,52033.0
personal_car-17_binary.npy,11,201,52033.0
personal_car-17_binary.npy,12,201,52033.0
personal_car-17_binary.npy,13,201,52033.0
personal_car-17_binary.npy,14,201,52033.0
personal_car-17_binary.npy,15,201,52033.0
personal_car-17_binary.npy,16,201,52033.0
personal_car-17_binary.npy,17,201,52033.0
personal_car-17_binary.npy,18,201,52033.0
personal_car-17_binary.npy,19,201,52033.0
personal_car-17_binary.npy,20,201,52033.0
personal_car-17_binary.npy,21,201,52033.0
personal_car-17_binary.npy,22,201,52033.0
personal_car-4_binary.npy,0,134,20849.0
personal_car-4_binary.npy,1,120,20989.0
personal_car-4_binary.npy,2,114,21049.0
personal_car-4_binary.npy,3,114,21049.0
personal_car-4_binary.npy,4,114,21049.0
personal_car-4_binary.npy,5,113,21059.0
personal_car-4_binary.npy,6,112,21069.0
personal_car-4_binary.npy,7,112,21069.0
personal_car-4_binary.npy,8,112,21069.0
personal_car-4_binary.npy,9,112,21069.0
personal_car-4_binary.npy,10,112,21069.0
personal_car-4_binary.npy,11,112,21069.0
personal_car-4_binary.npy,12,112,21069.0
personal_car-4_binary.npy,13,112,21069.0
personal_car-4_binary.npy,14,112,21069.0
personal_car-4_binary.npy,15,112,21069.0
personal_car-4_binary.npy,16,112,21069.0
personal_car-4_binary.npy,17,112,21069.0
personal_car-4_binary.npy,18,112,21069.0
personal_car-9_binary.npy,0,196,37067.0
personal_car-9_binary.npy,1,181,37217.0
personal_car-9_binary.npy,2,172,37307.0
personal_car-9_binary.npy,3,172,37307.0
personal_car-9_binary.npy,4,168,37347.0
personal_car-9_binary.npy,5,168,37347.0
personal_car-9_binary.npy,6,168,37347.0
personal_car-9_binary.npy,7,167,37357.0
personal_car-9_binary.npy,8,165,37377.0
personal_car-9_binary.npy,9,165,37377.0
personal_car-9_binary.npy,10,165,37377.0
personal_car-9_binary.npy,11,165,37377.0
personal_car-9_binary.npy,12,165,37377.0
personal_car-9_binary.npy,13,165,37377.0
personal_car-9_binary.npy,14,165,37377.0
personal_car-9_binary.npy,15,165,37377.0
personal_car-9_binary.npy,16,165,37377.0
personal_car-9_binary.npy,17,165,37377.0
personal_car-9_binary.npy,18,165,37377.0
personal_car-9_binary.npy,19,165,37377.0
personal_car-9_binary.npy,20,165,37377.0
pocket-10_binary.npy,0,172,3959.0
pocket-10_binary.npy,1,135,4329.0
pocket-10_binary.npy,2,135,4329.0
pocket-10_binary.npy,3,120,4479.0
pocket-10_binary.npy,4,120,4479.0
pocket-10_binary.npy,5,120,4479.0
pocket-10_binary.npy,6,118,4499.0
pocket-10_binary.npy,7,118,4499.0
pocket-10_binary.npy,8,117,4509.0
pocket-10_binary.npy,9,117,4509.0
pocket-10_binary.npy,10,115,4529.0
pocket-10_binary.npy,11,115,4529.0
pocket-10_binary.npy,12,114,4539.0
pocket-10_binary.npy,13,114,4539.0
pocket-10_binary.npy,14,114,4539.0
pocket-10_binary.npy,15,114,4539.0
pocket-10_binary.npy,16,114,4539.0
pocket-10_binary.npy,17,114,4539.0
pocket-10_binary.npy,18,114,4539.0
pocket-10_binary.npy,19,114,4539.0
pocket-10_binary.npy,20,114,4539.0
pocket-10_binary.npy,21,114,4539.0
pocket-10_binary.npy,22,114,4539.0
pocket-10_binary.npy,23,114,4539.0
pocket-10_binary.npy,24,114,4539.0
pocket-11_binary.npy,0,1629,75508.0
pocket-11_binary.npy,1,1365,78148.0
pocket-11_binary.npy,2,1313,78668.0
pocket-11_binary.npy,3,1313,78668.0
pocket-11_binary.npy,4,1313,78668.0
pocket-11_binary.npy,5,1313,78668.0
pocket-11_binary.npy,6,1243,79368.0
pocket-11_binary.npy,7,1243,79368.0
pocket-11_binary.npy,8,1243,79368.0
pocket-11_binary.npy,9,1215,79648.0
pocket-11_binary.npy,10,1206,79738.0
pocket-11_binary.npy,11,1191,79888.0
pocket-11_binary.npy,12,1191,79888.0
pocket-11_binary.npy,13,1185,79948.0
pocket-11_binary.npy,14,1184,79958.0
pocket-11_binary.npy,15,1174,80058.0
pocket-11_binary.npy,16,1174,80058.0
pocket-11_binary.npy,17,1174,80058.0
pocket-11_binary.npy,18,1174,80058.0
pocket-11_binary.npy,19,1174,80058.0
pocket-11_binary.npy,20,1172,80078.0
pocket-11_binary.npy,21,1171,80088.0
pocket-11_binary.npy,22,1171,80088.0
pocket-11_binary.npy,23,1171,80088.0
pocket-11_binary.npy,24,1171,80088.0
pocket-11_binary.npy,25,1170,80098.0
pocket-11_binary.npy,26,1170,80098.0
pocket-11_binary.npy,27,1170,80098.0
pocket-11_binary.npy,28,1170,80098.0
pocket-11_binary.npy,29,1170,80098.0
pocket-11_binary.npy,30,1170,80098.0
pocket-11_binary.npy,31,1170,80098.0
pocket-11_binary.npy,32,1170,80098.0
pocket-11_binary.npy,33,1170,80098.0
pocket-11_binary.npy,34,1170,80098.0
pocket-11_binary.npy,35,1170,80098.0
pocket-11_binary.npy,36,1170,80098.0
pocket-11_binary.npy,37,1170,80098.0
pocket-13_binary.npy,0,311,25188.0
pocket-13_binary.npy,1,263,25668.0
pocket-13_binary.npy,2,245,25848.0
pocket-13_binary.npy,3,239,25908.0
pocket-13_binary.npy,4,225,26048.0
pocket-13_binary.npy,5,223,26068.0
pocket-13_binary.npy,6,217,26128.0
pocket-13_binary.npy,7,215,26148.0
pocket-13_binary.npy,8,208,26218.0
pocket-13_binary.npy,9,208,26218.0
pocket-13_binary.npy,10,204,26258.0
pocket-13_binary.npy,11,204,26258.0
pocket-13_binary.npy,12,203,26268.0
pocket-13_binary.npy,13,201,26288.0
pocket-13_binary.npy,14,201,26288.0
pocket-13_binary.npy,15,200,26298.0
pocket-13_binary.npy,16,200,26298.0
pocket-13_binary.npy,17,200,26298.0
pocket-13_binary.npy,18,200,26298.0
pocket-13_binary.npy,19,200,26298.0
pocket-13_binary.npy,20,200,26298.0
pocket-13_binary.npy,21,200,26298.0
pocket-13_binary.npy,22,200,26298.0
pocket-13_binary.npy,23,200,26298.0
pocket-13_binary.npy,24,200,26298.0
pocket-13_binary.npy,25,200,26298.0
pocket-13_binary.npy,26,200,26298.0
pocket-13_binary.npy,27,200,26298.0
pocket-7_binary.npy,0,271,6029.0
pocket-7_binary.npy,1,207,6669.0
pocket-7_binary.npy,2,201,6729.0
pocket-7_binary.npy,3,192,6819.0
pocket-7_binary.npy,4,188,6859.0
pocket-7_binary.npy,5,179,6949.0
pocket-7_binary.npy,6,174,6999.0
pocket-7_binary.npy,7,174,6999.0
pocket-7_binary.npy,8,171,7029.0
pocket-7_binary.npy,9,165,7089.0
pocket-7_binary.npy,10,165,7089.0
pocket-7_binary.npy,11,162,7119.0
pocket-7_binary.npy,12,159,7149.0
pocket-7_binary.npy,13,159,7149.0
pocket-7_binary.npy,14,159,7149.0
pocket-7_binary.npy,15,158,7159.0
pocket-7_binary.npy,16,158,7159.0
pocket-7_binary.npy,17,157,7169.0
pocket-7_binary.npy,18,157,7169.0
pocket-7_binary.npy,19,157,7169.0
pocket-7_binary.npy,20,157,7169.0
pocket-7_binary.npy,21,157,7169.0
pocket-7_binary.npy,22,157,7169.0
pocket-7_binary.npy,23,157,7169.0
pocket-7_binary.npy,24,157,7169.0
pocket-7_binary.npy,25,157,7169.0
pocket-7_binary.npy,26,157,7169.0
pocket-7_binary.npy,27,157,7169.0
pocket-7_binary.npy,28,157,7169.0
pocket-7_binary.npy,29,157,7169.0
rat-03_binary.npy,0,309,10410.0
rat-03_binary.npy,1,258,10920.0
rat-03_binary.npy,2,253,10970.0
rat-03_binary.npy,3,240,11100.0
rat-03_binary.npy,4,234,11160.0
rat-03_binary.npy,5,234,11160.0
rat-03_binary.npy,6,227,11230.0
rat-03_binary.npy,7,222,11280.0
rat-03_binary.npy,8,222,11280.0
rat-03_binary.npy,9,218,11320.0
rat-03_binary.npy,10,216,11340.0
rat-03_binary.npy,11,216,11340.0
rat-03_binary.npy,12,215,11350.0
rat-03_binary.npy,13,215,11350.0
rat-03_binary.npy,14,215,11350.0
rat-03_binary.npy,15,215,11350.0
rat-03_binary.npy,16,215,11350.0
rat-03_binary.npy,17,215,11350.0
rat-03_binary.npy,18,215,11350.0
rat-03_binary.npy,19,215,11350.0
rat-03_binary.npy,20,215,11350.0
rat-03_binary.npy,21,215,11350.0
rat-03_binary.npy,22,215,11350.0
rat-03_binary.npy,23,215,11350.0
rat-03_binary.npy,24,211,11390.0
rat-03_binary.npy,25,211,11390.0
rat-03_binary.npy,26,211,11390.0
rat-03_binary.npy,27,210,11400.0
rat-03_binary.npy,28,210,11400.0
rat-03_binary.npy,29,210,11400.0
rat-03_binary.npy,30,210,11400.0
rat-03_binary.npy,31,210,11400.0
rat-03_binary.npy,32,210,11400.0
rat-03_binary.npy,33,210,11400.0
rat-03_binary.npy,34,210,11400.0
rat-03_binary.npy,35,210,11400.0
rat-03_binary.npy,36,210,11400.0
rat-03_binary.npy,37,210,11400.0
rat-03_binary.npy,38,210,11400.0
rat-03_binary.npy,39,210,11400.0
rat-06_binary.npy,0,315,10648.0
rat-06_binary.npy,1,283,10968.0
rat-06_binary.npy,2,264,11158.0
rat-06_binary.npy,3,248,11318.0
rat-06_binary.npy,4,235,11448.0
rat-06_binary.npy,5,230,11498.0
rat-06_binary.npy,6,213,11668.0
rat-06_binary.npy,7,213,11668.0
rat-06_binary.npy,8,213,11668.0
rat-06_binary.npy,9,213,11668.0
rat-06_binary.npy,10,206,11738.0
rat-06_binary.npy,11,206,11738.0
rat-06_binary.npy,12,206,11738.0
rat-06_binary.npy,13,204,11758.0
rat-06_binary.npy,14,202,11778.0
rat-06_binary.npy,15,197,11828.0
rat-06_binary.npy,16,197,11828.0
rat-06_binary.npy,17,197,11828.0
rat-06_binary.npy,18,196,11838.0
rat-06_binary.npy,19,195,11848.0
rat-06_binary.npy,20,195,11848.0
rat-06_binary.npy,21,195,11848.0
rat-06_binary.npy,22,195,11848.0
rat-06_binary.npy,23,195,11848.0
rat-06_binary.npy,24,195,11848.0
rat-06_binary.npy,25,195,11848.0
rat-06_binary.npy,26,195,11848.0
rat-06_binary.npy,27,195,11848.0
rat-06_binary.npy,28,195,11848.0
rat-06_binary.npy,29,195,11848.0
rat-06_binary.npy,30,195,11848.0
rat-06_binary.npy,31,195,11848.0
rat-08_binary.npy,0,318,10271.0
rat-08_binary.npy,1,264,10811.0
rat-08_binary.npy,2,262,10831.0
rat-08_binary.npy,3,247,10981.0
rat-08_binary.npy,4,246,10991.0
rat-08_binary.npy,5,227,11181.0
rat-08_binary.npy,6,227,11181.0
rat-08_binary.npy,7,224,11211.0
rat-08_binary.npy,8,224,11211.0
rat-08_binary.npy,9,217,11281.0
rat-08_binary.npy,10,217,11281.0
rat-08_binary.npy,11,210,11351.0
rat-08_binary.npy,12,206,11391.0
rat-08_binary.npy,13,205,11401.0
rat-08_binary.npy,14,200,11451.0
rat-08_binary.npy,15,199,11461.0
rat-08_binary.npy,16,199,11461.0
rat-08_binary.npy,17,199,11461.0
rat-08_binary.npy,18,198,11471.0
rat-08_binary.npy,19,197,11481.0
rat-08_binary.npy,20,196,11491.0
rat-08_binary.npy,21,196,11491.0
rat-08_binary.npy,22,196,11491.0
rat-08_binary.npy,23,196,11491.0
rat-08_binary.npy,24,196,11491.0
rat-08_binary.npy,25,196,11491.0
rat-08_binary.npy,26,196,11491.0
rat-08_binary.npy,27,195,11501.0
rat-08_binary.npy,28,195,11501.0
rat-08_binary.npy,29,195,11501.0
rat-08_binary.npy,30,195,11501.0
rat-08_binary.npy,31,195,11501.0
rat-08_binary.npy,32,195,11501.0
rat-08_binary.npy,33,195,11501.0
rat-08_binary.npy,34,195,11501.0
rat-08_binary.npy,35,195,11501.0
rat-08_binary.npy,36,195,11501.0
rat-08_binary.npy,37,195,11501.0
rat-08_binary.npy,38,194,11511.0
rat-08_binary.npy,39,194,11511.0
rat-08_binary.npy,40,194,11511.0
rat-08_binary.npy,41,193,11521.0
rat-08_binary.npy,42,193,11521.0
rat-08_binary.npy,43,193,11521.0
rat-08_binary.npy,44,193,11521.0
rat-08_binary.npy,45,193,11521.0
rat-08_binary.npy,46,193,11521.0
rat-08_binary.npy,47,193,11521.0
rat-08_binary.npy,48,193,11521.0
rat-08_binary.npy,49,193,11521.0
rat-08_binary.npy,50,193,11521.0
rat-08_binary.npy,51,193,11521.0
rat-08_binary.npy,52,193,11521.0
rat-08_binary.npy,53,193,11521.0
rat-14_binary.npy,0,335,8947.0
rat-14_binary.npy,1,281,9487.0
rat-14_binary.npy,2,255,9747.0
rat-14_binary.npy,3,255,9747.0
rat-14_binary.npy,4,235,9947.0
rat-14_binary.npy,5,222,10077.0
rat-14_binary.npy,6,222,10077.0
rat-14_binary.npy,7,220,10097.0
rat-14_binary.npy,8,214,10157.0
rat-14_binary.npy,9,214,10157.0
rat-14_binary.npy,10,212,10177.0
rat-14_binary.npy,11,207,10227.0
rat-14_binary.npy,12,207,10227.0
rat-14_binary.npy,13,207,10227.0
rat-14_binary.npy,14,206,10237.0
rat-14_binary.npy,15,206,10237.0
rat-14_binary.npy,16,206,10237.0
rat-14_binary.npy,17,206,10237.0
rat-14_binary.npy,18,205,10247.0
rat-14_binary.npy,19,205,10247.0
rat-14_binary.npy,20,205,10247.0
rat-14_binary.npy,21,205,10247.0
rat-14_binary.npy,22,204,10257.0
rat-14_binary.npy,23,204,10257.0
rat-14_binary.npy,24,204,10257.0
rat-14_binary.npy,25,204,10257.0
rat-14_binary.npy,26,204,10257.0
rat-14_binary.npy,27,204,10257.0
rat-14_binary.npy,28,204,10257.0
rat-14_binary.npy,29,204,10257.0
rat-14_binary.npy,30,203,10267.0
rat-14_binary.npy,31,203,10267.0
rat-14_binary.npy,32,203,10267.0
rat-14_binary.npy,33,203,10267.0
rat-14_binary.npy,34,203,10267.0
rat-14_binary.npy,35,203,10267.0
rat-14_binary.npy,36,203,10267.0
rat-14_binary.npy,37,203,10267.0
rat-14_binary.npy,38,203,10267.0
rat-14_binary.npy,39,203,10267.0
rat-14_binary.npy,40,203,10267.0
rat-14_binary.npy,41,203,10267.0
rat-14_binary.npy,42,203,10267.0
ray-16_binary.npy,0,463,61849.0
ray-16_binary.npy,1,421,62269.0
ray-16_binary.npy,2,408,62399.0
ray-16_binary.npy,3,378,62699.0
ray-16_binary.npy,4,376,62719.0
ray-16_binary.npy,5,369,62789.0
ray-16_binary.npy,6,369,62789.0
ray-16_binary.npy,7,369,62789.0
ray-16_binary.npy,8,365,62829.0
ray-16_binary.npy,9,364,62839.0
ray-16_binary.npy,10,363,62849.0
ray-16_binary.npy,11,362,62859.0
ray-16_binary.npy,12,362,62859.0
ray-16_binary.npy,13,361,62869.0
ray-16_binary.npy,14,361,62869.0
ray-16_binary.npy,15,361,62869.0
ray-16_binary.npy,16,361,62869.0
ray-16_binary.npy,17,361,62869.0
ray-16_binary.npy,18,361,62869.0
ray-16_binary.npy,19,361,62869.0
ray-16_binary.npy,20,361,62869.0
ray-16_binary.npy,21,361,62869.0
ray-16_binary.npy,22,361,62869.0
ray-16_binary.npy,23,361,62869.0
ray-16_binary.npy,24,361,62869.0
ray-16_binary.npy,25,361,62869.0
ray-2_binary.npy,0,517,66885.0
ray-2_binary.npy,1,452,67535.0
ray-2_binary.npy,2,428,67775.0
ray-2_binary.npy,3,390,68155.0
ray-2_binary.npy,4,385,68205.0
ray-2_binary.npy,5,365,68405.0
ray-2_binary.npy,6,358,68475.0
ray-2_binary.npy,7,344,68615.0
ray-2_binary.npy,8,344,68615.0
ray-2_binary.npy,9,340,68655.0
ray-2_binary.npy,10,340,68655.0
ray-2_binary.npy,11,339,68665.0
ray-2_binary.npy,12,337,68685.0
ray-2_binary.npy,13,337,68685.0
ray-2_binary.npy,14,336,68695.0
ray-2_binary.npy,15,334,68715.0
ray-2_binary.npy,16,331,68745.0
ray-2_binary.npy,17,331,68745.0
ray-2_binary.npy,18,330,68755.0
ray-2_binary.npy,19,330,68755.0
ray-2_binary.npy,20,330,68755.0
ray-2_binary.npy,21,330,68755.0
ray-2_binary.npy,22,330,68755.0
ray-2_binary.npy,23,330,68755.0
ray-2_binary.npy,24,330,68755.0
ray-2_binary.npy,25,330,68755.0
ray-2_binary.npy,26,330,68755.0
ray-2_binary.npy,27,330,68755.0
ray-2_binary.npy,28,330,68755.0
ray-2_binary.npy,29,330,68755.0
ray-2_binary.npy,30,330,68755.0
ray-5_binary.npy,0,276,25752.0
ray-5_binary.npy,1,210,26412.0
ray-5_binary.npy,2,194,26572.0
ray-5_binary.npy,3,191,26602.0
ray-5_binary.npy,4,191,26602.0
ray-5_binary.npy,5,180,26712.0
ray-5_binary.npy,6,175,26762.0
ray-5_binary.npy,7,169,26822.0
ray-5_binary.npy,8,166,26852.0
ray-5_binary.npy,9,162,26892.0
ray-5_binary.npy,10,161,26902.0
ray-5_binary.npy,11,161,26902.0
ray-5_binary.npy,12,158,26932.0
ray-5_binary.npy,13,157,26942.0
ray-5_binary.npy,14,157,26942.0
ray-5_binary.npy,15,157,26942.0
ray-5_binary.npy,16,157,26942.0
ray-5_binary.npy,17,157,26942.0
ray-5_binary.npy,18,157,26942.0
ray-5_binary.npy,19,154,26972.0
ray-5_binary.npy,20,154,26972.0
ray-5_binary.npy,21,154,26972.0
ray-5_binary.npy,22,154,26972.0
ray-5_binary.npy,23,154,26972.0
ray-5_binary.npy,24,154,26972.0
ray-5_binary.npy,25,154,26972.0
ray-5_binary.npy,26,154,26972.0
ray-5_binary.npy,27,154,26972.0
ray-5_binary.npy,28,154,26972.0
ray-5_binary.npy,29,154,26972.0
ray-5_binary.npy,30,154,26972.0
ray-5_binary.npy,31,154,26972.0
ray-9_binary.npy,0,560,82699.0
ray-9_binary.npy,1,488,83419.0
ray-9_binary.npy,2,464,83659.0
ray-9_binary.npy,3,445,83849.0
ray-9_binary.npy,4,445,83849.0
ray-9_binary.npy,5,438,83919.0
ray-9_binary.npy,6,438,83919.0
ray-9_binary.npy,7,433,83969.0
ray-9_binary.npy,8,432,83979.0
ray-9_binary.npy,9,428,84019.0
ray-9_binary.npy,10,428,84019.0
ray-9_binary.npy,11,427,84029.0
ray-9_binary.npy,12,426,84039.0
ray-9_binary.npy,13,426,84039.0
ray-9_binary.npy,14,426,84039.0
ray-9_binary.npy,15,426,84039.0
ray-9_binary.npy,16,426,84039.0
ray-9_binary.npy,17,426,84039.0
ray-9_binary.npy,18,426,84039.0
ray-9_binary.npy,19,426,84039.0
ray-9_binary.npy,20,426,84039.0
ray-9_binary.npy,21,426,84039.0
ray-9_binary.npy,22,426,84039.0
ray-9_binary.npy,23,426,84039.0
ray-9_binary.npy,24,426,84039.0
sea_snake-10_binary.npy,0,136,1855.0
sea_snake-10_binary.npy,1,127,1945.0
sea_snake-10_binary.npy,2,124,1975.0
sea_snake-10_binary.npy,3,123,1985.0
sea_snake-10_binary.npy,4,123,1985.0
sea_snake-10_binary.npy,5,123,1985.0
sea_snake-10_binary.npy,6,122,1995.0
sea_snake-10_binary.npy,7,122,1995.0
sea_snake-10_binary.npy,8,122,1995.0
sea_snake-10_binary.npy,9,122,1995.0
sea_snake-10_binary.npy,10,122,1995.0
sea_snake-10_binary.npy,11,122,1995.0
sea_snake-10_binary.npy,12,122,1995.0
sea_snake-10_binary.npy,13,122,1995.0
sea_snake-10_binary.npy,14,122,1995.0
sea_snake-10_binary.npy,15,122,1995.0
sea_snake-10_binary.npy,16,122,1995.0
sea_snake-10_binary.npy,17,122,1995.0
sea_snake-10_binary.npy,18,122,1995.0
sea_snake-11_binary.npy,0,353,19337.0
sea_snake-11_binary.npy,1,332,19547.0
sea_snake-11_binary.npy,2,325,19617.0
sea_snake-11_binary.npy,3,323,19637.0
sea_snake-11_binary.npy,4,318,19687.0
sea_snake-11_binary.npy,5,317,19697.0
sea_snake-11_binary.npy,6,317,19697.0
sea_snake-11_binary.npy,7,317,19697.0
sea_snake-11_binary.npy,8,317,19697.0
sea_snake-11_binary.npy,9,316,19707.0
sea_snake-11_binary.npy,10,316,19707.0
sea_snake-11_binary.npy,11,316,19707.0
sea_snake-11_binary.npy,12,316,19707.0
sea_snake-11_binary.npy,13,316,19707.0
sea_snake-11_binary.npy,14,316,19707.0
sea_snake-11_binary.npy,15,316,19707.0
sea_snake-11_binary.npy,16,316,19707.0
sea_snake-11_binary.npy,17,316,19707.0
sea_snake-11_binary.npy,18,316,19707.0
sea_snake-11_binary.npy,19,316,19707.0
sea_snake-11_binary.npy,20,316,19707.0
sea_snake-11_binary.npy,21,316,19707.0
sea_snake-15_binary.npy,0,343,20062.0
sea_snake-15_binary.npy,1,288,20612.0
sea_snake-15_binary.npy,2,271,20782.0
sea_snake-15_binary.npy,3,271,20782.0
sea_snake-15_binary.npy,4,269,20802.0
sea_snake-15_binary.npy,5,260,20892.0
sea_snake-15_binary.npy,6,258,20912.0
sea_snake-15_binary.npy,7,258,20912.0
sea_snake-15_binary.npy,8,253,20962.0
sea_snake-15_binary.npy,9,252,20972.0
sea_snake-15_binary.npy,10,251,20982.0
sea_snake-15_binary.npy,11,249,21002.0
sea_snake-15_binary.npy,12,249,21002.0
sea_snake-15_binary.npy,13,249,21002.0
sea_snake-15_binary.npy,14,249,21002.0
sea_snake-15_binary.npy,15,249,21002.0
sea_snake-15_binary.npy,16,249,21002.0
sea_snake-15_binary.npy,17,249,21002.0
sea_snake-15_binary.npy,18,249,21002.0
sea_snake-15_binary.npy,19,249,21002.0
sea_snake-15_binary.npy,20,249,21002.0
sea_snake-15_binary.npy,21,249,21002.0
sea_snake-15_binary.npy,22,249,21002.0
sea_snake-15_binary.npy,23,249,21002.0
sea_snake-2_binary.npy,0,295,5570.0
sea_snake-2_binary.npy,1,277,5750.0
sea_snake-2_binary.npy,2,267,5850.0
sea_snake-2_binary.npy,3,261,5910.0
sea_snake-2_binary.npy,4,260,5920.0
sea_snake-2_binary.npy,5,259,5930.0
sea_snake-2_binary.npy,6,256,5960.0
sea_snake-2_binary.npy,7,256,5960.0
sea_snake-2_binary.npy,8,256,5960.0
sea_snake-2_binary.npy,9,256,5960.0
sea_snake-2_binary.npy,10,255,5970.0
sea_snake-2_binary.npy,11,255,5970.0
sea_snake-2_binary.npy,12,255,5970.0
sea_snake-2_binary.npy,13,255,5970.0
sea_snake-2_binary.npy,14,255,5970.0
sea_snake-2_binary.npy,15,255,5970.0
sea_snake-2_binary.npy,16,255,5970.0
sea_snake-2_binary.npy,17,255,5970.0
sea_snake-2_binary.npy,18,255,5970.0
sea_snake-2_binary.npy,19,255,5970.0
sea_snake-2_binary.npy,20,255,5970.0
sea_snake-2_binary.npy,21,255,5970.0
sea_snake-2_binary.npy,22,255,5970.0
shapedata_binary.npy,0,2432,99977.0
shapedata_binary.npy,1,1580,108497.0
shapedata_binary.npy,2,1580,108497.0
shapedata_binary.npy,3,1383,110467.0
shapedata_binary.npy,4,1276,111537.0
shapedata_binary.npy,5,1276,111537.0
shapedata_binary.npy,6,1276,111537.0
shapedata_binary.npy,7,1276,111537.0
shapedata_binary.npy,8,1276,111537.0
shapedata_binary.npy,9,1276,111537.0
shapedata_binary.npy,10,1276,111537.0
shapedata_binary.npy,11,1276,111537.0
shapedata_binary.npy,12,1163,112667.0
shapedata_binary.npy,13,1163,112667.0
shapedata_binary.npy,14,1090,113397.0
shapedata_binary.npy,15,1090,113397.0
shapedata_binary.npy,16,999,114307.0
shapedata_binary.npy,17,953,114767.0
shapedata_binary.npy,18,953,114767.0
shapedata_binary.npy,19,906,115237.0
shapedata_binary.npy,20,906,115237.0
shapedata_binary.npy,21,906,115237.0
shapedata_binary.npy,22,906,115237.0
shapedata_binary.npy,23,906,115237.0
shapedata_binary.npy,24,906,115237.0
shapedata_binary.npy,25,873,115567.0
shapedata_binary.npy,26,873,115567.0
shapedata_binary.npy,27,873,115567.0
shapedata_binary.npy,28,873,115567.0
shapedata_binary.npy,29,873,115567.0
shapedata_binary.npy,30,871,115587.0
shapedata_binary.npy,31,825,116047.0
shapedata_binary.npy,32,801,116287.0
shapedata_binary.npy,33,801,116287.0
shapedata_binary.npy,34,801,116287.0
shapedata_binary.npy,35,770,116597.0
shapedata_binary.npy,36,761,116687.0
shapedata_binary.npy,37,761,116687.0
shapedata_binary.npy,38,757,116727.0
shapedata_binary.npy,39,749,116807.0
shapedata_binary.npy,40,735,116947.0
shapedata_binary.npy,41,735,116947.0
shapedata_binary.npy,42,735,116947.0
shapedata_binary.npy,43,729,117007.0
shapedata_binary.npy,44,728,117017.0
shapedata_binary.npy,45,726,117037.0
shapedata_binary.npy,46,724,117057.0
shapedata_binary.npy,47,723,117067.0
shapedata_binary.npy,48,721,117087.0
shapedata_binary.npy,49,721,117087.0
shapedata_binary.npy,50,721,117087.0
shapedata_binary.npy,51,720,117097.0
shapedata_binary.npy,52,720,117097.0
shapedata_binary.npy,53,719,117107.0
shapedata_binary.npy,54,719,117107.0
shapedata_binary.npy,55,719,117107.0
shapedata_binary.npy,56,719,117107.0
shapedata_binary.npy,57,719,117107.0
shapedata_binary.npy,58,719,117107.0
shapedata_binary.npy,59,719,117107.0
shapedata_binary.npy,60,717,117127.0
shapedata_binary.npy,61,717,117127.0
shapedata_binary.npy,62,717,117127.0
shapedata_binary.npy,63,717,117127.0
shapedata_binary.npy,64,717,117127.0
shapedata_binary.npy,65,717,117127.0
shapedata_binary.npy,66,717,117127.0
shapedata_binary.npy,67,717,117127.0
shapedata_binary.npy,68,717,117127.0
shapedata_binary.npy,69,717,117127.0
shapedata_binary.npy,70,717,117127.0
shapedata_binary.npy,71,717,117127.0
shapedata_binary.npy,72,717,117127.0
shoe-18_binary.npy,0,198,46071.0
shoe-18_binary.npy,1,188,46171.0
shoe-18_binary.npy,2,185,46201.0
shoe-18_binary.npy,3,182,46231.0
shoe-18_binary.npy,4,177,46281.0
shoe-18_binary.npy,5,177,46281.0
shoe-18_binary.npy,6,177,46281.0
shoe-18_binary.npy,7,174,46311.0
shoe-18_binary.npy,8,174,46311.0
shoe-18_binary.npy,9,172,46331.0
shoe-18_binary.npy,10,172,46331.0
shoe-18_binary.npy,11,172,46331.0
shoe-18_binary.npy,12,172,46331.0
shoe-18_binary.npy,13,172,46331.0
shoe-18_binary.npy,14,172,46331.0
shoe-18_binary.npy,15,172,46331.0
shoe-18_binary.npy,16,172,46331.0
shoe-18_binary.npy,17,172,46331.0
shoe-18_binary.npy,18,172,46331.0
shoe-18_binary.npy,19,172,46331.0
shoe-18_binary.npy,20,172,46331.0
shoe-18_binary.npy,21,172,46331.0
shoe-19_binary.npy,0,224,62074.0
shoe-19_binary.npy,1,206,62254.0
shoe-19_binary.npy,2,206,62254.0
shoe-19_binary.npy,3,203,62284.0
shoe-19_binary.npy,4,203,62284.0
shoe-19_binary.npy,5,201,62304.0
shoe-19_binary.npy,6,201,62304.0
shoe-19_binary.npy,7,198,62334.0
shoe-19_binary.npy,8,197,62344.0
shoe-19_binary.npy,9,194,62374.0
shoe-19_binary.npy,10,193,62384.0
shoe-19_binary.npy,11,192,62394.0
shoe-19_binary.npy,12,192,62394.0
shoe-19_binary.npy,13,192,62394.0
shoe-19_binary.npy,14,192,62394.0
shoe-19_binary.npy,15,192,62394.0
shoe-19_binary.npy,16,192,62394.0
shoe-19_binary.npy,17,192,62394.0
shoe-19_binary.npy,18,192,62394.0
shoe-19_binary.npy,19,192,62394.0
shoe-19_binary.npy,20,192,62394.0
shoe-19_binary.npy,21,192,62394.0
shoe-19_binary.npy,22,192,62394.0
shoe-19_binary.npy,23,192,62394.0
shoe-3_binary.npy,0,237,60992.0
shoe-3_binary.npy,1,216,61202.0
shoe-3_binary.npy,2,216,61202.0
shoe-3_binary.npy,3,211,61252.0
shoe-3_binary.npy,4,211,61252.0
shoe-3_binary.npy,5,210,61262.0
shoe-3_binary.npy,6,208,61282.0
shoe-3_binary.npy,7,207,61292.0
shoe-3_binary.npy,8,206,61302.0
shoe-3_binary.npy,9,205,61312.0
shoe-3_binary.npy,10,205,61312.0
shoe-3_binary.npy,11,205,61312.0
shoe-3_binary.npy,12,205,61312.0
shoe-3_binary.npy,13,205,61312.0
shoe-3_binary.npy,14,205,61312.0
shoe-3_binary.npy,15,205,61312.0
shoe-3_binary.npy,16,205,61312.0
shoe-3_binary.npy,17,205,61312.0
shoe-3_binary.npy,18,205,61312.0
shoe-3_binary.npy,19,205,61312.0
shoe-3_binary.npy,20,205,61312.0
shoe-3_binary.npy,21,205,61312.0
shoe-4_binary.npy,0,182,47814.0
shoe-4_binary.npy,1,164,47994.0
shoe-4_binary.npy,2,159,48044.0
shoe-4_binary.npy,3,156,48074.0
shoe-4_binary.npy,4,152,48114.0
shoe-4_binary.npy,5,149,48144.0
shoe-4_binary.npy,6,149,48144.0
shoe-4_binary.npy,7,148,48154.0
shoe-4_binary.npy,8,147,48164.0
shoe-4_binary.npy,9,147,48164.0
shoe-4_binary.npy,10,147,48164.0
shoe-4_binary.npy,11,147,48164.0
shoe-4_binary.npy,12,147,48164.0
shoe-4_binary.npy,13,147,48164.0
shoe-4_binary.npy,14,147,48164.0
shoe-4_binary.npy,15,147,48164.0
shoe-4_binary.npy,16,147,48164.0
shoe-4_binary.npy,17,147,48164.0
shoe-4_binary.npy,18,147,48164.0
shoe-4_binary.npy,19,147,48164.0
shoe-4_binary.npy,20,147,48164.0
spoon-14_binary.npy,0,96,10143.0
spoon-14_binary.npy,1,91,10193.0
spoon-14_binary.npy,2,90,10203.0
spoon-14_binary.npy,3,88,10223.0
spoon-14_binary.npy,4,88,10223.0
spoon-14_binary.npy,5,85,10253.0
spoon-14_binary.npy,6,85,10253.0
spoon-14_binary.npy,7,85,10253.0
spoon-14_binary.npy,8,85,10253.0
spoon-14_binary.npy,9,85,10253.0
spoon-14_binary.npy,10,85,10253.0
spoon-14_binary.npy,11,85,10253.0
spoon-14_binary.npy,12,85,10253.0
spoon-14_binary.npy,13,85,10253.0
spoon-14_binary.npy,14,85,10253.0
spoon-14_binary.npy,15,85,10253.0
spoon-14_binary.npy,16,85,10253.0
spoon-14_binary.npy,17,85,10253.0
spoon-16_binary.npy,0,248,10757.0
spoon-16_binary.npy,1,229,10947.0
spoon-16_binary.npy,2,223,11007.0
spoon-16_binary.npy,3,219,11047.0
spoon-16_binary.npy,4,218,11057.0
spoon-16_binary.npy,5,216,11077.0
spoon-16_binary.npy,6,215,11087.0
spoon-16_binary.npy,7,214,11097.0
spoon-16_binary.npy,8,214,11097.0
spoon-16_binary.npy,9,214,11097.0
spoon-16_binary.npy,10,214,11097.0
spoon-16_binary.npy,11,213,11107.0
spoon-16_binary.npy,12,213,11107.0
spoon-16_binary.npy,13,213,11107.0
spoon-16_binary.npy,14,213,11107.0
spoon-16_binary.npy,15,213,11107.0
spoon-16_binary.npy,16,213,11107.0
spoon-16_binary.npy,17,213,11107.0
spoon-16_binary.npy,18,213,11107.0
spoon-16_binary.npy,19,213,11107.0
spoon-16_binary.npy,20,213,11107.0
spoon-16_binary.npy,21,213,11107.0
spoon-16_binary.npy,22,213,11107.0
spoon-16_binary.npy,23,213,11107.0
spoon-5_binary.npy,0,177,8768.0
spoon-5_binary.npy,1,170,8838.0
spoon-5_binary.npy,2,169,8848.0
spoon-5_binary.npy,3,168,8858.0
spoon-5_binary.npy,4,168,8858.0
spoon-5_binary.npy,5,168,8858.0
spoon-5_binary.npy,6,168,8858.0
spoon-5_binary.npy,7,168,8858.0
spoon-5_binary.npy,8,168,8858.0
spoon-5_binary.npy,9,168,8858.0
spoon-5_binary.npy,10,168,8858.0
spoon-5_binary.npy,11,168,8858.0
spoon-5_binary.npy,12,168,8858.0
spoon-5_binary.npy,13,168,8858.0
spoon-5_binary.npy,14,168,8858.0
spoon-5_binary.npy,15,168,8858.0
spoon-7_binary.npy,0,177,8768.0
spoon-7_binary.npy,1,172,8818.0
spoon-7_binary.npy,2,171,8828.0
spoon-7_binary.npy,3,170,8838.0
spoon-7_binary.npy,4,168,8858.0
spoon-7_binary.npy,5,168,8858.0
spoon-7_binary.npy,6,168,8858.0
spoon-7_binary.npy,7,168,8858.0
spoon-7_binary.npy,8,168,8858.0
spoon-7_binary.npy,9,168,8858.0
spoon-7_binary.npy,10,168,8858.0
spoon-7_binary.npy,11,168,8858.0
spoon-7_binary.npy,12,168,8858.0
spoon-7_binary.npy,13,168,8858.0
spoon-7_binary.npy,14,168,8858.0
spoon-7_binary.npy,15,168,8858.0
spoon-7_binary.npy,16,168,8858.0
spring-11_binary.npy,0,323,2816.0
spring-11_binary.npy,1,271,3336.0
spring-11_binary.npy,2,271,3336.0
spring-11_binary.npy,3,270,3346.0
spring-11_binary.npy,4,260,3446.0
spring-11_binary.npy,5,259,3456.0
spring-11_binary.npy,6,251,3536.0
spring-11_binary.npy,7,250,3546.0
spring-11_binary.npy,8,242,3626.0
spring-11_binary.npy,9,242,3626.0
spring-11_binary.npy,10,240,3646.0
spring-11_binary.npy,11,238,3666.0
spring-11_binary.npy,12,237,3676.0
spring-11_binary.npy,13,237,3676.0
spring-11_binary.npy,14,237,3676.0
spring-11_binary.npy,15,234,3706.0
spring-11_binary.npy,16,234,3706.0
spring-11_binary.npy,17,234,3706.0
spring-11_binary.npy,18,234,3706.0
spring-11_binary.npy,19,234,3706.0
spring-11_binary.npy,20,234,3706.0
spring-11_binary.npy,21,234,3706.0
spring-11_binary.npy,22,234,3706.0
spring-11_binary.npy,23,234,3706.0
spring-11_binary.npy,24,234,3706.0
spring-11_binary.npy,25,234,3706.0
spring-11_binary.npy,26,234,3706.0
spring-11_binary.npy,27,234,3706.0
spring-16_binary.npy,0,347,3960.0
spring-16_binary.npy,1,306,4370.0
spring-16_binary.npy,2,290,4530.0
spring-16_binary.npy,3,279,4640.0
spring-16_binary.npy,4,279,4640.0
spring-16_binary.npy,5,275,4680.0
spring-16_binary.npy,6,275,4680.0
spring-16_binary.npy,7,275,4680.0
spring-16_binary.npy,8,266,4770.0
spring-16_binary.npy,9,264,4790.0
spring-16_binary.npy,10,264,4790.0
spring-16_binary.npy,11,262,4810.0
spring-16_binary.npy,12,262,4810.0
spring-16_binary.npy,13,262,4810.0
spring-16_binary.npy,14,261,4820.0
spring-16_binary.npy,15,261,4820.0
spring-16_binary.npy,16,261,4820.0
spring-16_binary.npy,17,261,4820.0
spring-16_binary.npy,18,261,4820.0
spring-16_binary.npy,19,261,4820.0
spring-16_binary.npy,20,261,4820.0
spring-16_binary.npy,21,261,4820.0
spring-16_binary.npy,22,261,4820.0
spring-16_binary.npy,23,261,4820.0
spring-16_binary.npy,24,260,4830.0
spring-16_binary.npy,25,260,4830.0
spring-16_binary.npy,26,260,4830.0
spring-16_binary.npy,27,260,4830.0
spring-16_binary.npy,28,260,4830.0
spring-16_binary.npy,29,260,4830.0
spring-16_binary.npy,30,260,4830.0
spring-16_binary.npy,31,260,4830.0
spring-16_binary.npy,32,260,4830.0
spring-16_binary.npy,33,260,4830.0
spring-16_binary.npy,34,260,4830.0
spring-16_binary.npy,35,260,4830.0
spring-16_binary.npy,36,260,4830.0
spring-19_binary.npy,0,576,7426.0
spring-19_binary.npy,1,492,8266.0
spring-19_binary.npy,2,492,8266.0
spring-19_binary.npy,3,445,8736.0
spring-19_binary.npy,4,427,8916.0
spring-19_binary.npy,5,427,8916.0
spring-19_binary.npy,6,427,8916.0
spring-19_binary.npy,7,418,9006.0
spring-19_binary.npy,8,418,9006.0
spring-19_binary.npy,9,412,9066.0
spring-19_binary.npy,10,404,9146.0
spring-19_binary.npy,11,400,9186.0
spring-19_binary.npy,12,400,9186.0
spring-19_binary.npy,13,400,9186.0
spring-19_binary.npy,14,399,9196.0
spring-19_binary.npy,15,398,9206.0
spring-19_binary.npy,16,398,9206.0
spring-19_binary.npy,17,398,9206.0
spring-19_binary.npy,18,398,9206.0
spring-19_binary.npy,19,398,9206.0
spring-19_binary.npy,20,398,9206.0
spring-19_binary.npy,21,398,9206.0
spring-19_binary.npy,22,398,9206.0
spring-19_binary.npy,23,398,9206.0
spring-19_binary.npy,24,398,9206.0
spring-19_binary.npy,25,398,9206.0
spring-19_binary.npy,26,398,9206.0
spring-19_binary.npy,27,398,9206.0
spring-7_binary.npy,0,609,10314.0
spring-7_binary.npy,1,521,11194.0
spring-7_binary.npy,2,490,11504.0
spring-7_binary.npy,3,485,11554.0
spring-7_binary.npy,4,465,11754.0
spring-7_binary.npy,5,462,11784.0
spring-7_binary.npy,6,455,11854.0
spring-7_binary.npy,7,453,11874.0
spring-7_binary.npy,8,446,11944.0
spring-7_binary.npy,9,439,12014.0
spring-7_binary.npy,10,435,12054.0
spring-7_binary.npy,11,434,12064.0
spring-7_binary.npy,12,430,12104.0
spring-7_binary.npy,13,430,12104.0
spring-7_binary.npy,14,430,12104.0
spring-7_binary.npy,15,428,12124.0
spring-7_binary.npy,16,428,12124.0
spring-7_binary.npy,17,428,12124.0
spring-7_binary.npy,18,428,12124.0
spring-7_binary.npy,19,428,12124.0
spring-7_binary.npy,20,428,12124.0
spring-7_binary.npy,21,428,12124.0
spring-7_binary.npy,22,428,12124.0
spring-7_binary.npy,23,428,12124.0
spring-7_binary.npy,24,428,12124.0
spring-7_binary.npy,25,428,12124.0
spring-7_binary.npy,26,428,12124.0
spring-7_binary.npy,27,428,12124.0
stef-02_binary.npy,0,158,1671.0
stef-02_binary.npy,1,143,1821.0
stef-02_binary.npy,2,143,1821.0
stef-02_binary.npy,3,137,1881.0
stef-02_binary.npy,4,135,1901.0
stef-02_binary.npy,5,135,1901.0
stef-02_binary.npy,6,134,1911.0
stef-02_binary.npy,7,134,1911.0
stef-02_binary.npy,8,134,1911.0
stef-02_binary.npy,9,134,1911.0
stef-02_binary.npy,10,133,1921.0
stef-02_binary.npy,11,133,1921.0
stef-02_binary.npy,12,133,1921.0
stef-02_binary.npy,13,133,1921.0
stef-02_binary.npy,14,133,1921.0
stef-02_binary.npy,15,133,1921.0
stef-02_binary.npy,16,133,1921.0
stef-02_binary.npy,17,133,1921.0
stef-02_binary.npy,18,133,1921.0
stef-02_binary.npy,19,133,1921.0
stef-02_binary.npy,20,133,1921.0
stef-02_binary.npy,21,133,1921.0
stef-02_binary.npy,22,133,1921.0
stef-11_binary.npy,0,107,1058.0
stef-11_binary.npy,1,98,1148.0
stef-11_binary.npy,2,90,1228.0
stef-11_binary.npy,3,89,1238.0
stef-11_binary.npy,4,89,1238.0
stef-11_binary.npy,5,88,1248.0
stef-11_binary.npy,6,88,1248.0
stef-11_binary.npy,7,87,1258.0
stef-11_binary.npy,8,87,1258.0
stef-11_binary.npy,9,87,1258.0
stef-11_binary.npy,10,87,1258.0
stef-11_binary.npy,11,87,1258.0
stef-11_binary.npy,12,87,1258.0
stef-11_binary.npy,13,87,1258.0
stef-11_binary.npy,14,87,1258.0
stef-11_binary.npy,15,87,1258.0
stef-11_binary.npy,16,87,1258.0
stef-11_binary.npy,17,87,1258.0
stef-11_binary.npy,18,87,1258.0
stef-11_binary.npy,19,87,1258.0
stef-16_binary.npy,0,89,881.0
stef-16_binary.npy,1,83,941.0
stef-16_binary.npy,2,73,1041.0
stef-16_binary.npy,3,66,1111.0
stef-16_binary.npy,4,66,1111.0
stef-16_binary.npy,5,64,1131.0
stef-16_binary.npy,6,64,1131.0
stef-16_binary.npy,7,62,1151.0
stef-16_binary.npy,8,62,1151.0
stef-16_binary.npy,9,62,1151.0
stef-16_binary.npy,10,62,1151.0
stef-16_binary.npy,11,62,1151.0
stef-16_binary.npy,12,62,1151.0
stef-16_binary.npy,13,62,1151.0
stef-16_binary.npy,14,62,1151.0
stef-16_binary.npy,15,62,1151.0
stef-16_binary.npy,16,62,1151.0
stef-16_binary.npy,17,62,1151.0
stef-16_binary.npy,18,62,1151.0
stef-16_binary.npy,19,62,1151.0
stef-19_binary.npy,0,105,967.0
stef-19_binary.npy,1,95,1067.0
stef-19_binary.npy,2,89,1127.0
stef-19_binary.npy,3,88,1137.0
stef-19_binary.npy,4,88,1137.0
stef-19_binary.npy,5,87,1147.0
stef-19_binary.npy,6,86,1157.0
stef-19_binary.npy,7,86,1157.0
stef-19_binary.npy,8,86,1157.0
stef-19_binary.npy,9,84,1177.0
stef-19_binary.npy,10,84,1177.0
stef-19_binary.npy,11,84,1177.0
stef-19_binary.npy,12,84,1177.0
stef-19_binary.npy,13,84,1177.0
stef-19_binary.npy,14,84,1177.0
stef-19_binary.npy,15,84,1177.0
stef-19_binary.npy,16,84,1177.0
stef-19_binary.npy,17,84,1177.0
stef-19_binary.npy,18,84,1177.0
stef-19_binary.npy,19,84,1177.0
stef-19_binary.npy,20,84,1177.0
stef-19_binary.npy,21,84,1177.0
teddy-02_binary.npy,0,269,25178.0
teddy-02_binary.npy,1,234,25528.0
teddy-02_binary.npy,2,231,25558.0
teddy-02_binary.npy,3,225,25618.0
teddy-02_binary.npy,4,214,25728.0
teddy-02_binary.npy,5,214,25728.0
teddy-02_binary.npy,6,211,25758.0
teddy-02_binary.npy,7,209,25778.0
teddy-02_binary.npy,8,209,25778.0
teddy-02_binary.npy,9,208,25788.0
teddy-02_binary.npy,10,205,25818.0
teddy-02_binary.npy,11,205,25818.0
teddy-02_binary.npy,12,205,25818.0
teddy-02_binary.npy,13,205,25818.0
teddy-02_binary.npy,14,204,25828.0
teddy-02_binary.npy,15,204,25828.0
teddy-02_binary.npy,16,204,25828.0
teddy-02_binary.npy,17,204,25828.0
teddy-02_binary.npy,18,204,25828.0
teddy-02_binary.npy,19,204,25828.0
teddy-02_binary.npy,20,204,25828.0
teddy-02_binary.npy,21,204,25828.0
teddy-02_binary.npy,22,204,25828.0
teddy-02_binary.npy,23,204,25828.0
teddy-02_binary.npy,24,204,25828.0
teddy-02_binary.npy,25,204,25828.0
teddy-02_binary.npy,26,204,25828.0
teddy-06_binary.npy,0,278,24668.0
teddy-06_binary.npy,1,241,25038.0
teddy-06_binary.npy,2,236,25088.0
teddy-06_binary.npy,3,228,25168.0
teddy-06_binary.npy,4,228,25168.0
teddy-06_binary.npy,5,219,25258.0
teddy-06_binary.npy,6,213,25318.0
teddy-06_binary.npy,7,209,25358.0
teddy-06_binary.npy,8,209,25358.0
teddy-06_binary.npy,9,206,25388.0
teddy-06_binary.npy,10,206,25388.0
teddy-06_binary.npy,11,206,25388.0
teddy-06_binary.npy,12,206,25388.0
teddy-06_binary.npy,13,204,25408.0
teddy-06_binary.npy,14,204,25408.0
teddy-06_binary.npy,15,204,25408.0
teddy-06_binary.npy,16,204,25408.0
teddy-06_binary.npy,17,204,25408.0
teddy-06_binary.npy,18,204,25408.0
teddy-06_binary.npy,19,204,25408.0
teddy-06_binary.npy,20,204,25408.0
teddy-06_binary.npy,21,204,25408.0
teddy-06_binary.npy,22,204,25408.0
teddy-06_binary.npy,23,204,25408.0
teddy-06_binary.npy,24,204,25408.0
teddy-06_binary.npy,25,204,25408.0
teddy-17_binary.npy,0,270,25136.0
teddy-17_binary.npy,1,242,25416.0
teddy-17_binary.npy,2,229,25546.0
teddy-17_binary.npy,3,219,25646.0
teddy-17_binary.npy,4,219,25646.0
teddy-17_binary.npy,5,213,25706.0
teddy-17_binary.npy,6,208,25756.0
teddy-17_binary.npy,7,206,25776.0
teddy-17_binary.npy,8,205,25786.0
teddy-17_binary.npy,9,205,25786.0
teddy-17_binary.npy,10,205,25786.0
teddy-17_binary.npy,11,204,25796.0
teddy-17_binary.npy,12,204,25796.0
teddy-17_binary.npy,13,204,25796.0
teddy-17_binary.npy,14,204,25796.0
teddy-17_binary.npy,15,204,25796.0
teddy-17_binary.npy,16,204,25796.0
teddy-17_binary.npy,17,204,25796.0
teddy-17_binary.npy,18,204,25796.0
teddy-17_binary.npy,19,204,25796.0
teddy-17_binary.npy,20,204,25796.0
teddy-17_binary.npy,21,204,25796.0
teddy-17_binary.npy,22,204,25796.0
teddy-17_binary.npy,23,204,25796.0
teddy-20_binary.npy,0,288,24928.0
teddy-20_binary.npy,1,254,25268.0
teddy-20_binary.npy,2,242,25388.0
teddy-20_binary.npy,3,231,25498.0
teddy-20_binary.npy,4,231,25498.0
teddy-20_binary.npy,5,227,25538.0
teddy-20_binary.npy,6,225,25558.0
teddy-20_binary.npy,7,225,25558.0
teddy-20_binary.npy,8,223,25578.0
teddy-20_binary.npy,9,221,25598.0
teddy-20_binary.npy,10,221,25598.0
teddy-20_binary.npy,11,221,25598.0
teddy-20_binary.npy,12,220,25608.0
teddy-20_binary.npy,13,219,25618.0
teddy-20_binary.npy,14,219,25618.0
teddy-20_binary.npy,15,219,25618.0
teddy-20_binary.npy,16,219,25618.0
teddy-20_binary.npy,17,219,25618.0
teddy-20_binary.npy,18,219,25618.0
teddy-20_binary.npy,19,219,25618.0
teddy-20_binary.npy,20,219,25618.0
teddy-20_binary.npy,21,219,25618.0
teddy-20_binary.npy,22,219,25618.0
teddy-20_binary.npy,23,219,25618.0
teddy-20_binary.npy,24,219,25618.0
teddy-20_binary.npy,25,219,25618.0
tree-12_binary.npy,0,100,9417.0
tree-12_binary.npy,1,98,9437.0
tree-12_binary.npy,2,97,9447.0
tree-12_binary.npy,3,96,9457.0
tree-12_binary.npy,4,96,9457.0
tree-12_binary.npy,5,96,9457.0
tree-12_binary.npy,6,96,9457.0
tree-12_binary.npy,7,96,9457.0
tree-12_binary.npy,8,96,9457.0
tree-12_binary.npy,9,96,9457.0
tree-12_binary.npy,10,96,9457.0
tree-12_binary.npy,11,96,9457.0
tree-12_binary.npy,12,96,9457.0
tree-12_binary.npy,13,96,9457.0
tree-12_binary.npy,14,96,9457.0
tree-12_binary.npy,15,96,9457.0
tree-15_binary.npy,0,236,11219.0
tree-15_binary.npy,1,187,11709.0
tree-15_binary.npy,2,177,11809.0
tree-15_binary.npy,3,163,11949.0
tree-15_binary.npy,4,163,11949.0
tree-15_binary.npy,5,155,12029.0
tree-15_binary.npy,6,152,12059.0
tree-15_binary.npy,7,152,12059.0
tree-15_binary.npy,8,152,12059.0
tree-15_binary.npy,9,151,12069.0
tree-15_binary.npy,10,151,12069.0
tree-15_binary.npy,11,150,12079.0
tree-15_binary.npy,12,150,12079.0
tree-15_binary.npy,13,150,12079.0
tree-15_binary.npy,14,150,12079.0
tree-15_binary.npy,15,150,12079.0
tree-15_binary.npy,16,150,12079.0
tree-15_binary.npy,17,150,12079.0
tree-15_binary.npy,18,150,12079.0
tree-15_binary.npy,19,150,12079.0
tree-15_binary.npy,20,150,12079.0
tree-15_binary.npy,21,150,12079.0
tree-15_binary.npy,22,150,12079.0
tree-15_binary.npy,23,150,12079.0
tree-6_binary.npy,0,477,15465.0
tree-6_binary.npy,1,354,16695.0
tree-6_binary.npy,2,302,17215.0
tree-6_binary.npy,3,302,17215.0
tree-6_binary.npy,4,302,17215.0
tree-6_binary.npy,5,285,17385.0
tree-6_binary.npy,6,274,17495.0
tree-6_binary.npy,7,269,17545.0
tree-6_binary.npy,8,265,17585.0
tree-6_binary.npy,9,253,17705.0
tree-6_binary.npy,10,240,17835.0
tree-6_binary.npy,11,238,17855.0
tree-6_binary.npy,12,230,17935.0
tree-6_binary.npy,13,230,17935.0
tree-6_binary.npy,14,229,17945.0
tree-6_binary.npy,15,225,17985.0
tree-6_binary.npy,16,223,18005.0
tree-6_binary.npy,17,223,18005.0
tree-6_binary.npy,18,223,18005.0
tree-6_binary.npy,19,223,18005.0
tree-6_binary.npy,20,223,18005.0
tree-6_binary.npy,21,223,18005.0
tree-6_binary.npy,22,223,18005.0
tree-6_binary.npy,23,223,18005.0
tree-6_binary.npy,24,223,18005.0
tree-6_binary.npy,25,223,18005.0
tree-6_binary.npy,26,223,18005.0
tree-6_binary.npy,27,223,18005.0
tree-6_binary.npy,28,223,18005.0
tree-8_binary.npy,0,384,28248.0
tree-8_binary.npy,1,349,28598.0
tree-8_binary.npy,2,315,28938.0
tree-8_binary.npy,3,297,29118.0
tree-8_binary.npy,4,281,29278.0
tree-8_binary.npy,5,281,29278.0
tree-8_binary.npy,6,276,29328.0
tree-8_binary.npy,7,276,29328.0
tree-8_binary.npy,8,269,29398.0
tree-8_binary.npy,9,269,29398.0
tree-8_binary.npy,10,269,29398.0
tree-8_binary.npy,11,261,29478.0
tree-8_binary.npy,12,255,29538.0
tree-8_binary.npy,13,255,29538.0
tree-8_binary.npy,14,255,29538.0
tree-8_binary.npy,15,249,29598.0
tree-8_binary.npy,16,245,29638.0
tree-8_binary.npy,17,245,29638.0
tree-8_binary.npy,18,243,29658.0
tree-8_binary.npy,19,243,29658.0
tree-8_binary.npy,20,241,29678.0
tree-8_binary.npy,21,241,29678.0
tree-8_binary.npy,22,241,29678.0
tree-8_binary.npy,23,241,29678.0
tree-8_binary.npy,24,241,29678.0
tree-8_binary.npy,25,241,29678.0
tree-8_binary.npy,26,241,29678.0
tree-8_binary.npy,27,241,29678.0
tree-8_binary.npy,28,241,29678.0
tree-8_binary.npy,29,241,29678.0
tree-8_binary.npy,30,241,29678.0
tree-8_binary.npy,31,241,29678.0
tree-8_binary.npy,32,241,29678.0
truck-03_binary.npy,0,64,2774.0
truck-03_binary.npy,1,49,2924.0
truck-03_binary.npy,2,48,2934.0
truck-03_binary.npy,3,48,2934.0
truck-03_binary.npy,4,48,2934.0
truck-03_binary.npy,5,47,2944.0
truck-03_binary.npy,6,46,2954.0
truck-03_binary.npy,7,45,2964.0
truck-03_binary.npy,8,45,2964.0
truck-03_binary.npy,9,45,2964.0
truck-03_binary.npy,10,45,2964.0
truck-03_binary.npy,11,45,2964.0
truck-03_binary.npy,12,45,2964.0
truck-03_binary.npy,13,45,2964.0
truck-03_binary.npy,14,45,2964.0
truck-03_binary.npy,15,45,2964.0
truck-03_binary.npy,16,45,2964.0
truck-03_binary.npy,17,45,2964.0
truck-03_binary.npy,18,45,2964.0
truck-03_binary.npy,19,45,2964.0
truck-08_binary.npy,0,57,3162.0
truck-08_binary.npy,1,47,3262.0
truck-08_binary.npy,2,47,3262.0
truck-08_binary.npy,3,43,3302.0
truck-08_binary.npy,4,43,3302.0
truck-08_binary.npy,5,42,3312.0
truck-08_binary.npy,6,41,3322.0
truck-08_binary.npy,7,41,3322.0
truck-08_binary.npy,8,41,3322.0
truck-08_binary.npy,9,41,3322.0
truck-08_binary.npy,10,41,3322.0
truck-08_binary.npy,11,41,3322.0
truck-08_binary.npy,12,41,3322.0
truck-08_binary.npy,13,41,3322.0
truck-08_binary.npy,14,41,3322.0
truck-08_binary.npy,15,41,3322.0
truck-08_binary.npy,16,41,3322.0
truck-08_binary.npy,17,41,3322.0
truck-08_binary.npy,18,41,3322.0
truck-13_binary.npy,0,66,3543.0
truck-13_binary.npy,1,54,3663.0
truck-13_binary.npy,2,53,3673.0
truck-13_binary.npy,3,52,3683.0
truck-13_binary.npy,4,52,3683.0
truck-13_binary.npy,5,52,3683.0
truck-13_binary.npy,6,51,3693.0
truck-13_binary.npy,7,51,3693.0
truck-13_binary.npy,8,51,3693.0
truck-13_binary.npy,9,51,3693.0
truck-13_binary.npy,10,51,3693.0
truck-13_binary.npy,11,51,3693.0
truck-13_binary.npy,12,51,3693.0
truck-13_binary.npy,13,51,3693.0
truck-13_binary.npy,14,51,3693.0
truck-13_binary.npy,15,51,3693.0
truck-13_binary.npy,16,51,3693.0
truck-13_binary.npy,17,51,3693.0
truck-13_binary.npy,18,51,3693.0
truck-20_binary.npy,0,73,4000.0
truck-20_binary.npy,1,60,4130.0
truck-20_binary.npy,2,56,4170.0
truck-20_binary.npy,3,54,4190.0
truck-20_binary.npy,4,53,4200.0
truck-20_binary.npy,5,49,4240.0
truck-20_binary.npy,6,48,4250.0
truck-20_binary.npy,7,48,4250.0
truck-20_binary.npy,8,48,4250.0
truck-20_binary.npy,9,48,4250.0
truck-20_binary.npy,10,47,4260.0
truck-20_binary.npy,11,47,4260.0
truck-20_binary.npy,12,47,4260.0
truck-20_binary.npy,13,47,4260.0
truck-20_binary.npy,14,47,4260.0
truck-20_binary.npy,15,47,4260.0
truck-20_binary.npy,16,47,4260.0
truck-20_binary.npy,17,47,4260.0
truck-20_binary.npy,18,47,4260.0
truck-20_binary.npy,19,47,4260.0
truck-20_binary.npy,20,47,4260.0
truck-20_binary.npy,21,47,4260.0
truck-20_binary.npy,22,47,4260.0
turtle-11_binary.npy,0,294,28777.0
turtle-11_binary.npy,1,267,29047.0
turtle-11_binary.npy,2,256,29157.0
turtle-11_binary.npy,3,250,29217.0
turtle-11_binary.npy,4,243,29287.0
turtle-11_binary.npy,5,241,29307.0
turtle-11_binary.npy,6,239,29327.0
turtle-11_binary.npy,7,238,29337.0
turtle-11_binary.npy,8,237,29347.0
turtle-11_binary.npy,9,236,29357.0
turtle-11_binary.npy,10,236,29357.0
turtle-11_binary.npy,11,235,29367.0
turtle-11_binary.npy,12,235,29367.0
turtle-11_binary.npy,13,235,29367.0
turtle-11_binary.npy,14,235,29367.0
turtle-11_binary.npy,15,235,29367.0
turtle-11_binary.npy,16,235,29367.0
turtle-11_binary.npy,17,235,29367.0
turtle-11_binary.npy,18,235,29367.0
turtle-11_binary.npy,19,235,29367.0
turtle-11_binary.npy,20,235,29367.0
turtle-11_binary.npy,21,235,29367.0
turtle-11_binary.npy,22,235,29367.0
turtle-11_binary.npy,23,235,29367.0
turtle-13_binary.npy,0,343,43997.0
turtle-13_binary.npy,1,308,44347.0
turtle-13_binary.npy,2,296,44467.0
turtle-13_binary.npy,3,289,44537.0
turtle-13_binary.npy,4,289,44537.0
turtle-13_binary.npy,5,286,44567.0
turtle-13_binary.npy,6,286,44567.0
turtle-13_binary.npy,7,286,44567.0
turtle-13_binary.npy,8,285,44577.0
turtle-13_binary.npy,9,284,44587.0
turtle-13_binary.npy,10,284,44587.0
turtle-13_binary.npy,11,284,44587.0
turtle-13_binary.npy,12,284,44587.0
turtle-13_binary.npy,13,284,44587.0
turtle-13_binary.npy,14,284,44587.0
turtle-13_binary.npy,15,284,44587.0
turtle-13_binary.npy,16,284,44587.0
turtle-13_binary.npy,17,284,44587.0
turtle-13_binary.npy,18,284,44587.0
turtle-13_binary.npy,19,284,44587.0
turtle-13_binary.npy,20,284,44587.0
turtle-13_binary.npy,21,284,44587.0
turtle-17_binary.npy,0,290,27500.0
turtle-17_binary.npy,1,261,27790.0
turtle-17_binary.npy,2,254,27860.0
turtle-17_binary.npy,3,250,27900.0
turtle-17_binary.npy,4,250,27900.0
turtle-17_binary.npy,5,242,27980.0
turtle-17_binary.npy,6,241,27990.0
turtle-17_binary.npy,7,241,27990.0
turtle-17_binary.npy,8,241,27990.0
turtle-17_binary.npy,9,241,27990.0
turtle-17_binary.npy,10,240,28000.0
turtle-17_binary.npy,11,240,28000.0
turtle-17_binary.npy,12,240,28000.0
turtle-17_binary.npy,13,240,28000.0
turtle-17_binary.npy,14,240,28000.0
turtle-17_binary.npy,15,240,28000.0
turtle-17_binary.npy,16,240,28000.0
turtle-17_binary.npy,17,240,28000.0
turtle-17_binary.npy,18,240,28000.0
turtle-17_binary.npy,19,240,28000.0
turtle-17_binary.npy,20,240,28000.0
turtle-17_binary.npy,21,240,28000.0
turtle-17_binary.npy,22,240,28000.0
turtle-8_binary.npy,0,320,45136.0
turtle-8_binary.npy,1,282,45516.0
turtle-8_binary.npy,2,282,45516.0
turtle-8_binary.npy,3,282,45516.0
turtle-8_binary.npy,4,273,45606.0
turtle-8_binary.npy,5,270,45636.0
turtle-8_binary.npy,6,270,45636.0
turtle-8_binary.npy,7,265,45686.0
turtle-8_binary.npy,8,264,45696.0
turtle-8_binary.npy,9,261,45726.0
turtle-8_binary.npy,10,261,45726.0
turtle-8_binary.npy,11,261,45726.0
turtle-8_binary.npy,12,261,45726.0
turtle-8_binary.npy,13,261,45726.0
turtle-8_binary.npy,14,260,45736.0
turtle-8_binary.npy,15,260,45736.0
turtle-8_binary.npy,16,260,45736.0
turtle-8_binary.npy,17,260,45736.0
turtle-8_binary.npy,18,260,45736.0
turtle-8_binary.npy,19,260,45736.0
turtle-8_binary.npy,20,260,45736.0
turtle-8_binary.npy,21,260,45736.0
turtle-8_binary.npy,22,260,45736.0
turtle-8_binary.npy,23,260,45736.0
turtle-8_binary.npy,24,260,45736.0
turtle-8_binary.npy,25,260,45736.0
turtle-8_binary.npy,26,260,45736.0
watch-12_binary.npy,0,115,20375.0
watch-12_binary.npy,1,98,20545.0
watch-12_binary.npy,2,92,20605.0
watch-12_binary.npy,3,91,20615.0
watch-12_binary.npy,4,91,20615.0
watch-12_binary.npy,5,89,20635.0
watch-12_binary.npy,6,89,20635.0
watch-12_binary.npy,7,88,20645.0
watch-12_binary.npy,8,86,20665.0
watch-12_binary.npy,9,85,20675.0
watch-12_binary.npy,10,85,20675.0
watch-12_binary.npy,11,85,20675.0
watch-12_binary.npy,12,85,20675.0
watch-12_binary.npy,13,85,20675.0
watch-12_binary.npy,14,85,20675.0
watch-12_binary.npy,15,85,20675.0
watch-12_binary.npy,16,85,20675.0
watch-12_binary.npy,17,85,20675.0
watch-12_binary.npy,18,85,20675.0
watch-12_binary.npy,19,85,20675.0
watch-12_binary.npy,20,85,20675.0
watch-12_binary.npy,21,85,20675.0
watch-3_binary.npy,0,94,21508.0
watch-3_binary.npy,1,81,21638.0
watch-3_binary.npy,2,81,21638.0
watch-3_binary.npy,3,72,21728.0
watch-3_binary.npy,4,71,21738.0
watch-3_binary.npy,5,68,21768.0
watch-3_binary.npy,6,68,21768.0
watch-3_binary.npy,7,66,21788.0
watch-3_binary.npy,8,65,21798.0
watch-3_binary.npy,9,65,21798.0
watch-3_binary.npy,10,65,21798.0
watch-3_binary.npy,11,65,21798.0
watch-3_binary.npy,12,65,21798.0
watch-3_binary.npy,13,65,21798.0
watch-3_binary.npy,14,65,21798.0
watch-3_binary.npy,15,65,21798.0
watch-3_binary.npy,16,65,21798.0
watch-3_binary.npy,17,65,21798.0
watch-3_binary.npy,18,65,21798.0
watch-3_binary.npy,19,65,21798.0
watch-3_binary.npy,20,65,21798.0
watch-6_binary.npy,0,118,29854.0
watch-6_binary.npy,1,102,30014.0
watch-6_binary.npy,2,96,30074.0
watch-6_binary.npy,3,91,30124.0
watch-6_binary.npy,4,91,30124.0
watch-6_binary.npy,5,88,30154.0
watch-6_binary.npy,6,88,30154.0
watch-6_binary.npy,7,87,30164.0
watch-6_binary.npy,8,85,30184.0
watch-6_binary.npy,9,85,30184.0
watch-6_binary.npy,10,82,30214.0
watch-6_binary.npy,11,82,30214.0
watch-6_binary.npy,12,82,30214.0
watch-6_binary.npy,13,82,30214.0
watch-6_binary.npy,14,82,30214.0
watch-6_binary.npy,15,82,30214.0
watch-6_binary.npy,16,82,30214.0
watch-6_binary.npy,17,82,30214.0
watch-6_binary.npy,18,82,30214.0
watch-6_binary.npy,19,82,30214.0
watch-6_binary.npy,20,82,30214.0
watch-6_binary.npy,21,82,30214.0
watch-6_binary.npy,22,82,30214.0
watch-9_binary.npy,0,97,16060.0
watch-9_binary.npy,1,88,16150.0
watch-9_binary.npy,2,78,16250.0
watch-9_binary.npy,3,78,16250.0
watch-9_binary.npy,4,78,16250.0
watch-9_binary.npy,5,78,16250.0
watch-9_binary.npy,6,76,16270.0
watch-9_binary.npy,7,75,16280.0
watch-9_binary.npy,8,74,16290.0
watch-9_binary.npy,9,73,16300.0
watch-9_binary.npy,10,73,16300.0
watch-9_binary.npy,11,72,16310.0
watch-9_binary.npy,12,72,16310.0
watch-9_binary.npy,13,72,16310.0
watch-9_binary.npy,14,72,16310.0
watch-9_binary.npy,15,72,16310.0
watch-9_binary.npy,16,72,16310.0
watch-9_binary.npy,17,72,16310.0
watch-9_binary.npy,18,72,16310.0
watch-9_binary.npy,19,72,16310.0
watch-9_binary.npy,20,72,16310.0
watch-9_binary.npy,21,72,16310.0
watch-9_binary.npy,22,72,16310.0
watch-9_binary.npy,23,72,16310.0
