image_name,generation,best_rectangle_count,fitness
Bone-10_binary.npy,0,411,27270.0
Bone-10_binary.npy,1,411,27270.0
Bone-10_binary.npy,2,411,27270.0
Bone-10_binary.npy,3,411,27270.0
Bone-10_binary.npy,4,411,27270.0
Bone-10_binary.npy,5,381,27570.0
Bone-10_binary.npy,6,381,27570.0
Bone-10_binary.npy,7,381,27570.0
Bone-10_binary.npy,8,381,27570.0
Bone-10_binary.npy,9,381,27570.0
Bone-10_binary.npy,10,381,27570.0
Bone-10_binary.npy,11,381,27570.0
Bone-10_binary.npy,12,381,27570.0
Bone-10_binary.npy,13,381,27570.0
Bone-13_binary.npy,0,334,17600.0
Bone-13_binary.npy,1,334,17600.0
Bone-13_binary.npy,2,334,17600.0
Bone-13_binary.npy,3,334,17600.0
Bone-13_binary.npy,4,334,17600.0
Bone-13_binary.npy,5,298,17960.0
Bone-13_binary.npy,6,298,17960.0
Bone-13_binary.npy,7,298,17960.0
Bone-13_binary.npy,8,298,17960.0
Bone-13_binary.npy,9,298,17960.0
Bone-13_binary.npy,10,298,17960.0
Bone-13_binary.npy,11,298,17960.0
Bone-13_binary.npy,12,298,17960.0
Bone-13_binary.npy,13,298,17960.0
Bone-17_binary.npy,0,469,24186.0
Bone-17_binary.npy,1,469,24186.0
Bone-17_binary.npy,2,469,24186.0
Bone-17_binary.npy,3,469,24186.0
Bone-17_binary.npy,4,469,24186.0
Bone-17_binary.npy,5,250,26376.0
Bone-17_binary.npy,6,250,26376.0
Bone-17_binary.npy,7,250,26376.0
Bone-17_binary.npy,8,250,26376.0
Bone-17_binary.npy,9,250,26376.0
Bone-17_binary.npy,10,250,26376.0
Bone-17_binary.npy,11,250,26376.0
Bone-17_binary.npy,12,250,26376.0
Bone-17_binary.npy,13,250,26376.0
Bone-18_binary.npy,0,311,18614.0
Bone-18_binary.npy,1,311,18614.0
Bone-18_binary.npy,2,311,18614.0
Bone-18_binary.npy,3,311,18614.0
Bone-18_binary.npy,4,311,18614.0
Bone-18_binary.npy,5,291,18814.0
Bone-18_binary.npy,6,291,18814.0
Bone-18_binary.npy,7,291,18814.0
Bone-18_binary.npy,8,291,18814.0
Bone-18_binary.npy,9,291,18814.0
Bone-18_binary.npy,10,291,18814.0
Bone-18_binary.npy,11,291,18814.0
Bone-18_binary.npy,12,291,18814.0
Bone-18_binary.npy,13,291,18814.0
Comma-12_binary.npy,0,412,63558.0
Comma-12_binary.npy,1,412,63558.0
Comma-12_binary.npy,2,412,63558.0
Comma-12_binary.npy,3,412,63558.0
Comma-12_binary.npy,4,412,63558.0
Comma-12_binary.npy,5,157,66108.0
Comma-12_binary.npy,6,157,66108.0
Comma-12_binary.npy,7,157,66108.0
Comma-12_binary.npy,8,157,66108.0
Comma-12_binary.npy,9,157,66108.0
Comma-12_binary.npy,10,157,66108.0
Comma-12_binary.npy,11,157,66108.0
Comma-12_binary.npy,12,157,66108.0
Comma-12_binary.npy,13,157,66108.0
Comma-13_binary.npy,0,445,61616.0
Comma-13_binary.npy,1,445,61616.0
Comma-13_binary.npy,2,445,61616.0
Comma-13_binary.npy,3,445,61616.0
Comma-13_binary.npy,4,445,61616.0
Comma-13_binary.npy,5,202,64046.0
Comma-13_binary.npy,6,202,64046.0
Comma-13_binary.npy,7,202,64046.0
Comma-13_binary.npy,8,202,64046.0
Comma-13_binary.npy,9,202,64046.0
Comma-13_binary.npy,10,202,64046.0
Comma-13_binary.npy,11,202,64046.0
Comma-13_binary.npy,12,202,64046.0
Comma-13_binary.npy,13,202,64046.0
Comma-14_binary.npy,0,448,69248.0
Comma-14_binary.npy,1,448,69248.0
Comma-14_binary.npy,2,448,69248.0
Comma-14_binary.npy,3,448,69248.0
Comma-14_binary.npy,4,448,69248.0
Comma-14_binary.npy,5,162,72108.0
Comma-14_binary.npy,6,162,72108.0
Comma-14_binary.npy,7,162,72108.0
Comma-14_binary.npy,8,162,72108.0
Comma-14_binary.npy,9,162,72108.0
Comma-14_binary.npy,10,162,72108.0
Comma-14_binary.npy,11,162,72108.0
Comma-14_binary.npy,12,162,72108.0
Comma-14_binary.npy,13,162,72108.0
Comma-17_binary.npy,0,430,67291.0
Comma-17_binary.npy,1,430,67291.0
Comma-17_binary.npy,2,430,67291.0
Comma-17_binary.npy,3,430,67291.0
Comma-17_binary.npy,4,430,67291.0
Comma-17_binary.npy,5,191,69681.0
Comma-17_binary.npy,6,191,69681.0
Comma-17_binary.npy,7,191,69681.0
Comma-17_binary.npy,8,191,69681.0
Comma-17_binary.npy,9,191,69681.0
Comma-17_binary.npy,10,191,69681.0
Comma-17_binary.npy,11,191,69681.0
Comma-17_binary.npy,12,191,69681.0
Comma-17_binary.npy,13,191,69681.0
Glas-10_binary.npy,0,358,48115.0
Glas-10_binary.npy,1,358,48115.0
Glas-10_binary.npy,2,358,48115.0
Glas-10_binary.npy,3,358,48115.0
Glas-10_binary.npy,4,358,48115.0
Glas-10_binary.npy,5,185,49845.0
Glas-10_binary.npy,6,185,49845.0
Glas-10_binary.npy,7,185,49845.0
Glas-10_binary.npy,8,185,49845.0
Glas-10_binary.npy,9,185,49845.0
Glas-10_binary.npy,10,185,49845.0
Glas-10_binary.npy,11,185,49845.0
Glas-10_binary.npy,12,185,49845.0
Glas-10_binary.npy,13,185,49845.0
Glas-11_binary.npy,0,292,42932.0
Glas-11_binary.npy,1,292,42932.0
Glas-11_binary.npy,2,292,42932.0
Glas-11_binary.npy,3,292,42932.0
Glas-11_binary.npy,4,292,42932.0
Glas-11_binary.npy,5,121,44642.0
Glas-11_binary.npy,6,121,44642.0
Glas-11_binary.npy,7,121,44642.0
Glas-11_binary.npy,8,121,44642.0
Glas-11_binary.npy,9,121,44642.0
Glas-11_binary.npy,10,121,44642.0
Glas-11_binary.npy,11,121,44642.0
Glas-11_binary.npy,12,121,44642.0
Glas-11_binary.npy,13,121,44642.0
Glas-3_binary.npy,0,364,52106.0
Glas-3_binary.npy,1,364,52106.0
Glas-3_binary.npy,2,364,52106.0
Glas-3_binary.npy,3,364,52106.0
Glas-3_binary.npy,4,364,52106.0
Glas-3_binary.npy,5,159,54156.0
Glas-3_binary.npy,6,159,54156.0
Glas-3_binary.npy,7,159,54156.0
Glas-3_binary.npy,8,159,54156.0
Glas-3_binary.npy,9,159,54156.0
Glas-3_binary.npy,10,159,54156.0
Glas-3_binary.npy,11,159,54156.0
Glas-3_binary.npy,12,159,54156.0
Glas-3_binary.npy,13,159,54156.0
Glas-8_binary.npy,0,364,59981.0
Glas-8_binary.npy,1,364,59981.0
Glas-8_binary.npy,2,364,59981.0
Glas-8_binary.npy,3,364,59981.0
Glas-8_binary.npy,4,364,59981.0
Glas-8_binary.npy,5,201,61611.0
Glas-8_binary.npy,6,201,61611.0
Glas-8_binary.npy,7,201,61611.0
Glas-8_binary.npy,8,201,61611.0
Glas-8_binary.npy,9,201,61611.0
Glas-8_binary.npy,10,201,61611.0
Glas-8_binary.npy,11,201,61611.0
Glas-8_binary.npy,12,201,61611.0
Glas-8_binary.npy,13,201,61611.0
HCircle-12_binary.npy,0,194,45005.0
HCircle-12_binary.npy,1,194,45005.0
HCircle-12_binary.npy,2,194,45005.0
HCircle-12_binary.npy,3,194,45005.0
HCircle-12_binary.npy,4,194,45005.0
HCircle-12_binary.npy,5,142,45525.0
HCircle-12_binary.npy,6,142,45525.0
HCircle-12_binary.npy,7,142,45525.0
HCircle-12_binary.npy,8,142,45525.0
HCircle-12_binary.npy,9,142,45525.0
HCircle-12_binary.npy,10,142,45525.0
HCircle-12_binary.npy,11,142,45525.0
HCircle-12_binary.npy,12,142,45525.0
HCircle-12_binary.npy,13,142,45525.0
HCircle-16_binary.npy,0,227,46694.0
HCircle-16_binary.npy,1,227,46694.0
HCircle-16_binary.npy,2,227,46694.0
HCircle-16_binary.npy,3,227,46694.0
HCircle-16_binary.npy,4,227,46694.0
HCircle-16_binary.npy,5,165,47314.0
HCircle-16_binary.npy,6,165,47314.0
HCircle-16_binary.npy,7,165,47314.0
HCircle-16_binary.npy,8,165,47314.0
HCircle-16_binary.npy,9,165,47314.0
HCircle-16_binary.npy,10,165,47314.0
HCircle-16_binary.npy,11,165,47314.0
HCircle-16_binary.npy,12,165,47314.0
HCircle-16_binary.npy,13,165,47314.0
HCircle-17_binary.npy,0,231,46432.0
HCircle-17_binary.npy,1,231,46432.0
HCircle-17_binary.npy,2,231,46432.0
HCircle-17_binary.npy,3,231,46432.0
HCircle-17_binary.npy,4,231,46432.0
HCircle-17_binary.npy,5,170,47042.0
HCircle-17_binary.npy,6,170,47042.0
HCircle-17_binary.npy,7,170,47042.0
HCircle-17_binary.npy,8,170,47042.0
HCircle-17_binary.npy,9,170,47042.0
HCircle-17_binary.npy,10,170,47042.0
HCircle-17_binary.npy,11,170,47042.0
HCircle-17_binary.npy,12,170,47042.0
HCircle-17_binary.npy,13,170,47042.0
HCircle-6_binary.npy,0,194,40823.0
HCircle-6_binary.npy,1,194,40823.0
HCircle-6_binary.npy,2,194,40823.0
HCircle-6_binary.npy,3,194,40823.0
HCircle-6_binary.npy,4,194,40823.0
HCircle-6_binary.npy,5,162,41143.0
HCircle-6_binary.npy,6,162,41143.0
HCircle-6_binary.npy,7,162,41143.0
HCircle-6_binary.npy,8,162,41143.0
HCircle-6_binary.npy,9,162,41143.0
HCircle-6_binary.npy,10,162,41143.0
HCircle-6_binary.npy,11,162,41143.0
HCircle-6_binary.npy,12,162,41143.0
HCircle-6_binary.npy,13,162,41143.0
Heart-10_binary.npy,0,447,99479.0
Heart-10_binary.npy,1,447,99479.0
Heart-10_binary.npy,2,447,99479.0
Heart-10_binary.npy,3,447,99479.0
Heart-10_binary.npy,4,447,99479.0
Heart-10_binary.npy,5,412,99829.0
Heart-10_binary.npy,6,412,99829.0
Heart-10_binary.npy,7,412,99829.0
Heart-10_binary.npy,8,412,99829.0
Heart-10_binary.npy,9,412,99829.0
Heart-10_binary.npy,10,412,99829.0
Heart-10_binary.npy,11,412,99829.0
Heart-10_binary.npy,12,412,99829.0
Heart-10_binary.npy,13,412,99829.0
Heart-16_binary.npy,0,464,98526.0
Heart-16_binary.npy,1,464,98526.0
Heart-16_binary.npy,2,464,98526.0
Heart-16_binary.npy,3,464,98526.0
Heart-16_binary.npy,4,464,98526.0
Heart-16_binary.npy,5,329,99876.0
Heart-16_binary.npy,6,329,99876.0
Heart-16_binary.npy,7,329,99876.0
Heart-16_binary.npy,8,329,99876.0
Heart-16_binary.npy,9,329,99876.0
Heart-16_binary.npy,10,329,99876.0
Heart-16_binary.npy,11,329,99876.0
Heart-16_binary.npy,12,329,99876.0
Heart-16_binary.npy,13,329,99876.0
Heart-7_binary.npy,0,506,112080.0
Heart-7_binary.npy,1,506,112080.0
Heart-7_binary.npy,2,506,112080.0
Heart-7_binary.npy,3,506,112080.0
Heart-7_binary.npy,4,506,112080.0
Heart-7_binary.npy,5,397,113170.0
Heart-7_binary.npy,6,397,113170.0
Heart-7_binary.npy,7,397,113170.0
Heart-7_binary.npy,8,397,113170.0
Heart-7_binary.npy,9,397,113170.0
Heart-7_binary.npy,10,397,113170.0
Heart-7_binary.npy,11,397,113170.0
Heart-7_binary.npy,12,397,113170.0
Heart-7_binary.npy,13,397,113170.0
Heart-9_binary.npy,0,423,97629.0
Heart-9_binary.npy,1,423,97629.0
Heart-9_binary.npy,2,423,97629.0
Heart-9_binary.npy,3,423,97629.0
Heart-9_binary.npy,4,423,97629.0
Heart-9_binary.npy,5,401,97849.0
Heart-9_binary.npy,6,401,97849.0
Heart-9_binary.npy,7,401,97849.0
Heart-9_binary.npy,8,401,97849.0
Heart-9_binary.npy,9,401,97849.0
Heart-9_binary.npy,10,401,97849.0
Heart-9_binary.npy,11,401,97849.0
Heart-9_binary.npy,12,401,97849.0
Heart-9_binary.npy,13,401,97849.0
Misk-17_binary.npy,0,423,77417.0
Misk-17_binary.npy,1,423,77417.0
Misk-17_binary.npy,2,423,77417.0
Misk-17_binary.npy,3,423,77417.0
Misk-17_binary.npy,4,423,77417.0
Misk-17_binary.npy,5,371,77937.0
Misk-17_binary.npy,6,371,77937.0
Misk-17_binary.npy,7,371,77937.0
Misk-17_binary.npy,8,371,77937.0
Misk-17_binary.npy,9,371,77937.0
Misk-17_binary.npy,10,371,77937.0
Misk-17_binary.npy,11,371,77937.0
Misk-17_binary.npy,12,371,77937.0
Misk-17_binary.npy,13,371,77937.0
Misk-3_binary.npy,0,426,93124.0
Misk-3_binary.npy,1,426,93124.0
Misk-3_binary.npy,2,426,93124.0
Misk-3_binary.npy,3,426,93124.0
Misk-3_binary.npy,4,426,93124.0
Misk-3_binary.npy,5,353,93854.0
Misk-3_binary.npy,6,353,93854.0
Misk-3_binary.npy,7,353,93854.0
Misk-3_binary.npy,8,353,93854.0
Misk-3_binary.npy,9,353,93854.0
Misk-3_binary.npy,10,353,93854.0
Misk-3_binary.npy,11,353,93854.0
Misk-3_binary.npy,12,353,93854.0
Misk-3_binary.npy,13,353,93854.0
Misk-4_binary.npy,0,389,82558.0
Misk-4_binary.npy,1,389,82558.0
Misk-4_binary.npy,2,389,82558.0
Misk-4_binary.npy,3,389,82558.0
Misk-4_binary.npy,4,389,82558.0
Misk-4_binary.npy,5,321,83238.0
Misk-4_binary.npy,6,321,83238.0
Misk-4_binary.npy,7,321,83238.0
Misk-4_binary.npy,8,321,83238.0
Misk-4_binary.npy,9,321,83238.0
Misk-4_binary.npy,10,321,83238.0
Misk-4_binary.npy,11,321,83238.0
Misk-4_binary.npy,12,321,83238.0
Misk-4_binary.npy,13,321,83238.0
Misk-7_binary.npy,0,427,85126.0
Misk-7_binary.npy,1,427,85126.0
Misk-7_binary.npy,2,427,85126.0
Misk-7_binary.npy,3,427,85126.0
Misk-7_binary.npy,4,427,85126.0
Misk-7_binary.npy,5,370,85696.0
Misk-7_binary.npy,6,370,85696.0
Misk-7_binary.npy,7,370,85696.0
Misk-7_binary.npy,8,370,85696.0
Misk-7_binary.npy,9,370,85696.0
Misk-7_binary.npy,10,370,85696.0
Misk-7_binary.npy,11,370,85696.0
Misk-7_binary.npy,12,370,85696.0
Misk-7_binary.npy,13,370,85696.0
apple-10_binary.npy,0,226,25757.0
apple-10_binary.npy,1,226,25757.0
apple-10_binary.npy,2,226,25757.0
apple-10_binary.npy,3,226,25757.0
apple-10_binary.npy,4,226,25757.0
apple-10_binary.npy,5,131,26707.0
apple-10_binary.npy,6,131,26707.0
apple-10_binary.npy,7,131,26707.0
apple-10_binary.npy,8,131,26707.0
apple-10_binary.npy,9,131,26707.0
apple-10_binary.npy,10,131,26707.0
apple-10_binary.npy,11,131,26707.0
apple-10_binary.npy,12,131,26707.0
apple-10_binary.npy,13,131,26707.0
apple-15_binary.npy,0,295,34644.0
apple-15_binary.npy,1,295,34644.0
apple-15_binary.npy,2,295,34644.0
apple-15_binary.npy,3,295,34644.0
apple-15_binary.npy,4,295,34644.0
apple-15_binary.npy,5,162,35974.0
apple-15_binary.npy,6,162,35974.0
apple-15_binary.npy,7,162,35974.0
apple-15_binary.npy,8,162,35974.0
apple-15_binary.npy,9,162,35974.0
apple-15_binary.npy,10,162,35974.0
apple-15_binary.npy,11,162,35974.0
apple-15_binary.npy,12,162,35974.0
apple-15_binary.npy,13,162,35974.0
apple-18_binary.npy,0,241,32402.0
apple-18_binary.npy,1,241,32402.0
apple-18_binary.npy,2,241,32402.0
apple-18_binary.npy,3,241,32402.0
apple-18_binary.npy,4,241,32402.0
apple-18_binary.npy,5,146,33352.0
apple-18_binary.npy,6,146,33352.0
apple-18_binary.npy,7,146,33352.0
apple-18_binary.npy,8,146,33352.0
apple-18_binary.npy,9,146,33352.0
apple-18_binary.npy,10,146,33352.0
apple-18_binary.npy,11,146,33352.0
apple-18_binary.npy,12,146,33352.0
apple-18_binary.npy,13,146,33352.0
apple-8_binary.npy,0,201,29067.0
apple-8_binary.npy,1,201,29067.0
apple-8_binary.npy,2,201,29067.0
apple-8_binary.npy,3,201,29067.0
apple-8_binary.npy,4,201,29067.0
apple-8_binary.npy,5,131,29767.0
apple-8_binary.npy,6,131,29767.0
apple-8_binary.npy,7,131,29767.0
apple-8_binary.npy,8,131,29767.0
apple-8_binary.npy,9,131,29767.0
apple-8_binary.npy,10,131,29767.0
apple-8_binary.npy,11,131,29767.0
apple-8_binary.npy,12,131,29767.0
apple-8_binary.npy,13,131,29767.0
bat-14_binary.npy,0,738,98016.0
bat-14_binary.npy,1,738,98016.0
bat-14_binary.npy,2,738,98016.0
bat-14_binary.npy,3,738,98016.0
bat-14_binary.npy,4,738,98016.0
bat-14_binary.npy,5,595,99446.0
bat-14_binary.npy,6,595,99446.0
bat-14_binary.npy,7,595,99446.0
bat-14_binary.npy,8,595,99446.0
bat-14_binary.npy,9,595,99446.0
bat-14_binary.npy,10,595,99446.0
bat-14_binary.npy,11,595,99446.0
bat-14_binary.npy,12,595,99446.0
bat-14_binary.npy,13,595,99446.0
bat-18_binary.npy,0,582,83509.0
bat-18_binary.npy,1,582,83509.0
bat-18_binary.npy,2,582,83509.0
bat-18_binary.npy,3,582,83509.0
bat-18_binary.npy,4,582,83509.0
bat-18_binary.npy,5,464,84689.0
bat-18_binary.npy,6,464,84689.0
bat-18_binary.npy,7,464,84689.0
bat-18_binary.npy,8,464,84689.0
bat-18_binary.npy,9,464,84689.0
bat-18_binary.npy,10,464,84689.0
bat-18_binary.npy,11,464,84689.0
bat-18_binary.npy,12,464,84689.0
bat-18_binary.npy,13,464,84689.0
bat-1_binary.npy,0,590,84044.0
bat-1_binary.npy,1,590,84044.0
bat-1_binary.npy,2,590,84044.0
bat-1_binary.npy,3,590,84044.0
bat-1_binary.npy,4,590,84044.0
bat-1_binary.npy,5,435,85594.0
bat-1_binary.npy,6,435,85594.0
bat-1_binary.npy,7,435,85594.0
bat-1_binary.npy,8,435,85594.0
bat-1_binary.npy,9,435,85594.0
bat-1_binary.npy,10,435,85594.0
bat-1_binary.npy,11,435,85594.0
bat-1_binary.npy,12,435,85594.0
bat-1_binary.npy,13,435,85594.0
bat-3_binary.npy,0,652,71833.0
bat-3_binary.npy,1,652,71833.0
bat-3_binary.npy,2,652,71833.0
bat-3_binary.npy,3,652,71833.0
bat-3_binary.npy,4,652,71833.0
bat-3_binary.npy,5,459,73763.0
bat-3_binary.npy,6,459,73763.0
bat-3_binary.npy,7,459,73763.0
bat-3_binary.npy,8,459,73763.0
bat-3_binary.npy,9,459,73763.0
bat-3_binary.npy,10,459,73763.0
bat-3_binary.npy,11,459,73763.0
bat-3_binary.npy,12,459,73763.0
bat-3_binary.npy,13,459,73763.0
beetle-12_binary.npy,0,381,7941.0
beetle-12_binary.npy,1,381,7941.0
beetle-12_binary.npy,2,381,7941.0
beetle-12_binary.npy,3,381,7941.0
beetle-12_binary.npy,4,381,7941.0
beetle-12_binary.npy,5,252,9231.0
beetle-12_binary.npy,6,252,9231.0
beetle-12_binary.npy,7,252,9231.0
beetle-12_binary.npy,8,252,9231.0
beetle-12_binary.npy,9,252,9231.0
beetle-12_binary.npy,10,252,9231.0
beetle-12_binary.npy,11,252,9231.0
beetle-12_binary.npy,12,252,9231.0
beetle-12_binary.npy,13,252,9231.0
beetle-13_binary.npy,0,519,8740.0
beetle-13_binary.npy,1,519,8740.0
beetle-13_binary.npy,2,519,8740.0
beetle-13_binary.npy,3,519,8740.0
beetle-13_binary.npy,4,519,8740.0
beetle-13_binary.npy,5,375,10180.0
beetle-13_binary.npy,6,375,10180.0
beetle-13_binary.npy,7,375,10180.0
beetle-13_binary.npy,8,375,10180.0
beetle-13_binary.npy,9,375,10180.0
beetle-13_binary.npy,10,375,10180.0
beetle-13_binary.npy,11,375,10180.0
beetle-13_binary.npy,12,375,10180.0
beetle-13_binary.npy,13,375,10180.0
beetle-16_binary.npy,0,348,9879.0
beetle-16_binary.npy,1,348,9879.0
beetle-16_binary.npy,2,348,9879.0
beetle-16_binary.npy,3,348,9879.0
beetle-16_binary.npy,4,348,9879.0
beetle-16_binary.npy,5,300,10359.0
beetle-16_binary.npy,6,300,10359.0
beetle-16_binary.npy,7,300,10359.0
beetle-16_binary.npy,8,300,10359.0
beetle-16_binary.npy,9,300,10359.0
beetle-16_binary.npy,10,300,10359.0
beetle-16_binary.npy,11,300,10359.0
beetle-16_binary.npy,12,300,10359.0
beetle-16_binary.npy,13,300,10359.0
beetle-1_binary.npy,0,1201,48809.0
beetle-1_binary.npy,1,1201,48809.0
beetle-1_binary.npy,2,1201,48809.0
beetle-1_binary.npy,3,1201,48809.0
beetle-1_binary.npy,4,1201,48809.0
beetle-1_binary.npy,5,595,54869.0
beetle-1_binary.npy,6,595,54869.0
beetle-1_binary.npy,7,595,54869.0
beetle-1_binary.npy,8,595,54869.0
beetle-1_binary.npy,9,595,54869.0
beetle-1_binary.npy,10,595,54869.0
beetle-1_binary.npy,11,595,54869.0
beetle-1_binary.npy,12,595,54869.0
beetle-1_binary.npy,13,595,54869.0
bell-13_binary.npy,0,253,23736.0
bell-13_binary.npy,1,253,23736.0
bell-13_binary.npy,2,253,23736.0
bell-13_binary.npy,3,253,23736.0
bell-13_binary.npy,4,253,23736.0
bell-13_binary.npy,5,136,24906.0
bell-13_binary.npy,6,136,24906.0
bell-13_binary.npy,7,136,24906.0
bell-13_binary.npy,8,136,24906.0
bell-13_binary.npy,9,136,24906.0
bell-13_binary.npy,10,136,24906.0
bell-13_binary.npy,11,136,24906.0
bell-13_binary.npy,12,136,24906.0
bell-13_binary.npy,13,136,24906.0
bell-20_binary.npy,0,257,22900.0
bell-20_binary.npy,1,257,22900.0
bell-20_binary.npy,2,257,22900.0
bell-20_binary.npy,3,257,22900.0
bell-20_binary.npy,4,257,22900.0
bell-20_binary.npy,5,147,24000.0
bell-20_binary.npy,6,147,24000.0
bell-20_binary.npy,7,147,24000.0
bell-20_binary.npy,8,147,24000.0
bell-20_binary.npy,9,147,24000.0
bell-20_binary.npy,10,147,24000.0
bell-20_binary.npy,11,147,24000.0
bell-20_binary.npy,12,147,24000.0
bell-20_binary.npy,13,147,24000.0
bell-2_binary.npy,0,64,1643.0
bell-2_binary.npy,1,64,1643.0
bell-2_binary.npy,2,64,1643.0
bell-2_binary.npy,3,64,1643.0
bell-2_binary.npy,4,64,1643.0
bell-2_binary.npy,5,33,1953.0
bell-2_binary.npy,6,33,1953.0
bell-2_binary.npy,7,33,1953.0
bell-2_binary.npy,8,33,1953.0
bell-2_binary.npy,9,33,1953.0
bell-2_binary.npy,10,33,1953.0
bell-2_binary.npy,11,33,1953.0
bell-2_binary.npy,12,33,1953.0
bell-2_binary.npy,13,33,1953.0
bell-7_binary.npy,0,149,8020.0
bell-7_binary.npy,1,149,8020.0
bell-7_binary.npy,2,149,8020.0
bell-7_binary.npy,3,149,8020.0
bell-7_binary.npy,4,149,8020.0
bell-7_binary.npy,5,79,8720.0
bell-7_binary.npy,6,79,8720.0
bell-7_binary.npy,7,79,8720.0
bell-7_binary.npy,8,79,8720.0
bell-7_binary.npy,9,79,8720.0
bell-7_binary.npy,10,79,8720.0
bell-7_binary.npy,11,79,8720.0
bell-7_binary.npy,12,79,8720.0
bell-7_binary.npy,13,79,8720.0
bird-11_binary.npy,0,330,23118.0
bird-11_binary.npy,1,330,23118.0
bird-11_binary.npy,2,330,23118.0
bird-11_binary.npy,3,330,23118.0
bird-11_binary.npy,4,330,23118.0
bird-11_binary.npy,5,272,23698.0
bird-11_binary.npy,6,272,23698.0
bird-11_binary.npy,7,272,23698.0
bird-11_binary.npy,8,272,23698.0
bird-11_binary.npy,9,272,23698.0
bird-11_binary.npy,10,272,23698.0
bird-11_binary.npy,11,272,23698.0
bird-11_binary.npy,12,272,23698.0
bird-11_binary.npy,13,272,23698.0
bird-18_binary.npy,0,214,15791.0
bird-18_binary.npy,1,214,15791.0
bird-18_binary.npy,2,214,15791.0
bird-18_binary.npy,3,214,15791.0
bird-18_binary.npy,4,214,15791.0
bird-18_binary.npy,5,181,16121.0
bird-18_binary.npy,6,181,16121.0
bird-18_binary.npy,7,181,16121.0
bird-18_binary.npy,8,181,16121.0
bird-18_binary.npy,9,181,16121.0
bird-18_binary.npy,10,181,16121.0
bird-18_binary.npy,11,181,16121.0
bird-18_binary.npy,12,181,16121.0
bird-18_binary.npy,13,181,16121.0
bird-4_binary.npy,0,485,85141.0
bird-4_binary.npy,1,485,85141.0
bird-4_binary.npy,2,485,85141.0
bird-4_binary.npy,3,485,85141.0
bird-4_binary.npy,4,485,85141.0
bird-4_binary.npy,5,399,86001.0
bird-4_binary.npy,6,399,86001.0
bird-4_binary.npy,7,399,86001.0
bird-4_binary.npy,8,399,86001.0
bird-4_binary.npy,9,399,86001.0
bird-4_binary.npy,10,399,86001.0
bird-4_binary.npy,11,399,86001.0
bird-4_binary.npy,12,399,86001.0
bird-4_binary.npy,13,399,86001.0
bird-9_binary.npy,0,330,23277.0
bird-9_binary.npy,1,330,23277.0
bird-9_binary.npy,2,330,23277.0
bird-9_binary.npy,3,330,23277.0
bird-9_binary.npy,4,330,23277.0
bird-9_binary.npy,5,256,24017.0
bird-9_binary.npy,6,256,24017.0
bird-9_binary.npy,7,256,24017.0
bird-9_binary.npy,8,256,24017.0
bird-9_binary.npy,9,256,24017.0
bird-9_binary.npy,10,256,24017.0
bird-9_binary.npy,11,256,24017.0
bird-9_binary.npy,12,256,24017.0
bird-9_binary.npy,13,256,24017.0
bottle-03_binary.npy,0,50,5087.0
bottle-03_binary.npy,1,50,5087.0
bottle-03_binary.npy,2,50,5087.0
bottle-03_binary.npy,3,50,5087.0
bottle-03_binary.npy,4,50,5087.0
bottle-03_binary.npy,5,44,5147.0
bottle-03_binary.npy,6,44,5147.0
bottle-03_binary.npy,7,44,5147.0
bottle-03_binary.npy,8,44,5147.0
bottle-03_binary.npy,9,44,5147.0
bottle-03_binary.npy,10,44,5147.0
bottle-03_binary.npy,11,44,5147.0
bottle-03_binary.npy,12,44,5147.0
bottle-03_binary.npy,13,44,5147.0
bottle-04_binary.npy,0,52,5336.0
bottle-04_binary.npy,1,52,5336.0
bottle-04_binary.npy,2,52,5336.0
bottle-04_binary.npy,3,52,5336.0
bottle-04_binary.npy,4,52,5336.0
bottle-04_binary.npy,5,48,5376.0
bottle-04_binary.npy,6,48,5376.0
bottle-04_binary.npy,7,48,5376.0
bottle-04_binary.npy,8,48,5376.0
bottle-04_binary.npy,9,48,5376.0
bottle-04_binary.npy,10,48,5376.0
bottle-04_binary.npy,11,48,5376.0
bottle-04_binary.npy,12,48,5376.0
bottle-04_binary.npy,13,48,5376.0
bottle-13_binary.npy,0,47,3986.0
bottle-13_binary.npy,1,47,3986.0
bottle-13_binary.npy,2,47,3986.0
bottle-13_binary.npy,3,47,3986.0
bottle-13_binary.npy,4,47,3986.0
bottle-13_binary.npy,5,41,4046.0
bottle-13_binary.npy,6,41,4046.0
bottle-13_binary.npy,7,41,4046.0
bottle-13_binary.npy,8,41,4046.0
bottle-13_binary.npy,9,41,4046.0
bottle-13_binary.npy,10,41,4046.0
bottle-13_binary.npy,11,41,4046.0
bottle-13_binary.npy,12,41,4046.0
bottle-13_binary.npy,13,41,4046.0
bottle-18_binary.npy,0,55,5171.0
bottle-18_binary.npy,1,55,5171.0
bottle-18_binary.npy,2,55,5171.0
bottle-18_binary.npy,3,55,5171.0
bottle-18_binary.npy,4,55,5171.0
bottle-18_binary.npy,5,55,5171.0
bottle-18_binary.npy,6,55,5171.0
bottle-18_binary.npy,7,55,5171.0
bottle-18_binary.npy,8,55,5171.0
brick-07_binary.npy,0,131,14211.0
brick-07_binary.npy,1,131,14211.0
brick-07_binary.npy,2,131,14211.0
brick-07_binary.npy,3,131,14211.0
brick-07_binary.npy,4,131,14211.0
brick-07_binary.npy,5,125,14271.0
brick-07_binary.npy,6,125,14271.0
brick-07_binary.npy,7,125,14271.0
brick-07_binary.npy,8,125,14271.0
brick-07_binary.npy,9,125,14271.0
brick-07_binary.npy,10,125,14271.0
brick-07_binary.npy,11,125,14271.0
brick-07_binary.npy,12,125,14271.0
brick-07_binary.npy,13,125,14271.0
brick-10_binary.npy,0,105,9091.0
brick-10_binary.npy,1,105,9091.0
brick-10_binary.npy,2,105,9091.0
brick-10_binary.npy,3,105,9091.0
brick-10_binary.npy,4,105,9091.0
brick-10_binary.npy,5,102,9121.0
brick-10_binary.npy,6,102,9121.0
brick-10_binary.npy,7,102,9121.0
brick-10_binary.npy,8,102,9121.0
brick-10_binary.npy,9,102,9121.0
brick-10_binary.npy,10,102,9121.0
brick-10_binary.npy,11,102,9121.0
brick-10_binary.npy,12,102,9121.0
brick-10_binary.npy,13,102,9121.0
brick-12_binary.npy,0,109,10507.0
brick-12_binary.npy,1,109,10507.0
brick-12_binary.npy,2,109,10507.0
brick-12_binary.npy,3,109,10507.0
brick-12_binary.npy,4,109,10507.0
brick-12_binary.npy,5,103,10567.0
brick-12_binary.npy,6,103,10567.0
brick-12_binary.npy,7,103,10567.0
brick-12_binary.npy,8,103,10567.0
brick-12_binary.npy,9,103,10567.0
brick-12_binary.npy,10,103,10567.0
brick-12_binary.npy,11,103,10567.0
brick-12_binary.npy,12,103,10567.0
brick-12_binary.npy,13,103,10567.0
brick-18_binary.npy,0,103,10396.0
brick-18_binary.npy,1,103,10396.0
brick-18_binary.npy,2,103,10396.0
brick-18_binary.npy,3,103,10396.0
brick-18_binary.npy,4,103,10396.0
brick-18_binary.npy,5,94,10486.0
brick-18_binary.npy,6,94,10486.0
brick-18_binary.npy,7,94,10486.0
brick-18_binary.npy,8,94,10486.0
brick-18_binary.npy,9,94,10486.0
brick-18_binary.npy,10,94,10486.0
brick-18_binary.npy,11,94,10486.0
brick-18_binary.npy,12,94,10486.0
brick-18_binary.npy,13,94,10486.0
butterfly-11_binary.npy,0,968,40537.0
butterfly-11_binary.npy,1,968,40537.0
butterfly-11_binary.npy,2,968,40537.0
butterfly-11_binary.npy,3,968,40537.0
butterfly-11_binary.npy,4,968,40537.0
butterfly-11_binary.npy,5,571,44507.0
butterfly-11_binary.npy,6,571,44507.0
butterfly-11_binary.npy,7,571,44507.0
butterfly-11_binary.npy,8,571,44507.0
butterfly-11_binary.npy,9,571,44507.0
butterfly-11_binary.npy,10,571,44507.0
butterfly-11_binary.npy,11,571,44507.0
butterfly-11_binary.npy,12,571,44507.0
butterfly-11_binary.npy,13,571,44507.0
butterfly-12_binary.npy,0,540,65644.0
butterfly-12_binary.npy,1,540,65644.0
butterfly-12_binary.npy,2,540,65644.0
butterfly-12_binary.npy,3,540,65644.0
butterfly-12_binary.npy,4,540,65644.0
butterfly-12_binary.npy,5,388,67164.0
butterfly-12_binary.npy,6,388,67164.0
butterfly-12_binary.npy,7,388,67164.0
butterfly-12_binary.npy,8,388,67164.0
butterfly-12_binary.npy,9,388,67164.0
butterfly-12_binary.npy,10,388,67164.0
butterfly-12_binary.npy,11,388,67164.0
butterfly-12_binary.npy,12,388,67164.0
butterfly-12_binary.npy,13,388,67164.0
butterfly-17_binary.npy,0,855,75444.0
butterfly-17_binary.npy,1,855,75444.0
butterfly-17_binary.npy,2,855,75444.0
butterfly-17_binary.npy,3,855,75444.0
butterfly-17_binary.npy,4,855,75444.0
butterfly-17_binary.npy,5,578,78214.0
butterfly-17_binary.npy,6,578,78214.0
butterfly-17_binary.npy,7,578,78214.0
butterfly-17_binary.npy,8,578,78214.0
butterfly-17_binary.npy,9,578,78214.0
butterfly-17_binary.npy,10,578,78214.0
butterfly-17_binary.npy,11,578,78214.0
butterfly-17_binary.npy,12,578,78214.0
butterfly-17_binary.npy,13,578,78214.0
butterfly-19_binary.npy,0,392,48772.0
butterfly-19_binary.npy,1,392,48772.0
butterfly-19_binary.npy,2,392,48772.0
butterfly-19_binary.npy,3,392,48772.0
butterfly-19_binary.npy,4,392,48772.0
butterfly-19_binary.npy,5,263,50062.0
butterfly-19_binary.npy,6,263,50062.0
butterfly-19_binary.npy,7,263,50062.0
butterfly-19_binary.npy,8,263,50062.0
butterfly-19_binary.npy,9,263,50062.0
butterfly-19_binary.npy,10,263,50062.0
butterfly-19_binary.npy,11,263,50062.0
butterfly-19_binary.npy,12,263,50062.0
butterfly-19_binary.npy,13,263,50062.0
camel-12_binary.npy,0,306,27777.0
camel-12_binary.npy,1,306,27777.0
camel-12_binary.npy,2,306,27777.0
camel-12_binary.npy,3,306,27777.0
camel-12_binary.npy,4,306,27777.0
camel-12_binary.npy,5,255,28287.0
camel-12_binary.npy,6,255,28287.0
camel-12_binary.npy,7,255,28287.0
camel-12_binary.npy,8,255,28287.0
camel-12_binary.npy,9,255,28287.0
camel-12_binary.npy,10,255,28287.0
camel-12_binary.npy,11,255,28287.0
camel-12_binary.npy,12,255,28287.0
camel-12_binary.npy,13,255,28287.0
camel-13_binary.npy,0,363,41436.0
camel-13_binary.npy,1,363,41436.0
camel-13_binary.npy,2,363,41436.0
camel-13_binary.npy,3,363,41436.0
camel-13_binary.npy,4,363,41436.0
camel-13_binary.npy,5,280,42266.0
camel-13_binary.npy,6,280,42266.0
camel-13_binary.npy,7,280,42266.0
camel-13_binary.npy,8,280,42266.0
camel-13_binary.npy,9,280,42266.0
camel-13_binary.npy,10,280,42266.0
camel-13_binary.npy,11,280,42266.0
camel-13_binary.npy,12,280,42266.0
camel-13_binary.npy,13,280,42266.0
camel-17_binary.npy,0,403,29710.0
camel-17_binary.npy,1,403,29710.0
camel-17_binary.npy,2,403,29710.0
camel-17_binary.npy,3,403,29710.0
camel-17_binary.npy,4,403,29710.0
camel-17_binary.npy,5,341,30330.0
camel-17_binary.npy,6,341,30330.0
camel-17_binary.npy,7,341,30330.0
camel-17_binary.npy,8,341,30330.0
camel-17_binary.npy,9,341,30330.0
camel-17_binary.npy,10,341,30330.0
camel-17_binary.npy,11,341,30330.0
camel-17_binary.npy,12,341,30330.0
camel-17_binary.npy,13,341,30330.0
camel-2_binary.npy,0,448,30826.0
camel-2_binary.npy,1,448,30826.0
camel-2_binary.npy,2,448,30826.0
camel-2_binary.npy,3,448,30826.0
camel-2_binary.npy,4,448,30826.0
camel-2_binary.npy,5,329,32016.0
camel-2_binary.npy,6,329,32016.0
camel-2_binary.npy,7,329,32016.0
camel-2_binary.npy,8,329,32016.0
camel-2_binary.npy,9,329,32016.0
camel-2_binary.npy,10,329,32016.0
camel-2_binary.npy,11,329,32016.0
camel-2_binary.npy,12,329,32016.0
camel-2_binary.npy,13,329,32016.0
car-06_binary.npy,0,98,8451.0
car-06_binary.npy,1,98,8451.0
car-06_binary.npy,2,98,8451.0
car-06_binary.npy,3,98,8451.0
car-06_binary.npy,4,98,8451.0
car-06_binary.npy,5,78,8651.0
car-06_binary.npy,6,78,8651.0
car-06_binary.npy,7,78,8651.0
car-06_binary.npy,8,78,8651.0
car-06_binary.npy,9,78,8651.0
car-06_binary.npy,10,78,8651.0
car-06_binary.npy,11,78,8651.0
car-06_binary.npy,12,78,8651.0
car-06_binary.npy,13,78,8651.0
car-09_binary.npy,0,98,9483.0
car-09_binary.npy,1,98,9483.0
car-09_binary.npy,2,98,9483.0
car-09_binary.npy,3,98,9483.0
car-09_binary.npy,4,98,9483.0
car-09_binary.npy,5,76,9703.0
car-09_binary.npy,6,76,9703.0
car-09_binary.npy,7,76,9703.0
car-09_binary.npy,8,76,9703.0
car-09_binary.npy,9,76,9703.0
car-09_binary.npy,10,76,9703.0
car-09_binary.npy,11,76,9703.0
car-09_binary.npy,12,76,9703.0
car-09_binary.npy,13,76,9703.0
car-12_binary.npy,0,117,10554.0
car-12_binary.npy,1,117,10554.0
car-12_binary.npy,2,117,10554.0
car-12_binary.npy,3,117,10554.0
car-12_binary.npy,4,117,10554.0
car-12_binary.npy,5,89,10834.0
car-12_binary.npy,6,89,10834.0
car-12_binary.npy,7,89,10834.0
car-12_binary.npy,8,89,10834.0
car-12_binary.npy,9,89,10834.0
car-12_binary.npy,10,89,10834.0
car-12_binary.npy,11,89,10834.0
car-12_binary.npy,12,89,10834.0
car-12_binary.npy,13,89,10834.0
car-15_binary.npy,0,118,11019.0
car-15_binary.npy,1,118,11019.0
car-15_binary.npy,2,118,11019.0
car-15_binary.npy,3,118,11019.0
car-15_binary.npy,4,118,11019.0
car-15_binary.npy,5,79,11409.0
car-15_binary.npy,6,79,11409.0
car-15_binary.npy,7,79,11409.0
car-15_binary.npy,8,79,11409.0
car-15_binary.npy,9,79,11409.0
car-15_binary.npy,10,79,11409.0
car-15_binary.npy,11,79,11409.0
car-15_binary.npy,12,79,11409.0
car-15_binary.npy,13,79,11409.0
carriage-07_binary.npy,0,224,6983.0
carriage-07_binary.npy,1,224,6983.0
carriage-07_binary.npy,2,224,6983.0
carriage-07_binary.npy,3,224,6983.0
carriage-07_binary.npy,4,224,6983.0
carriage-07_binary.npy,5,141,7813.0
carriage-07_binary.npy,6,141,7813.0
carriage-07_binary.npy,7,141,7813.0
carriage-07_binary.npy,8,141,7813.0
carriage-07_binary.npy,9,141,7813.0
carriage-07_binary.npy,10,141,7813.0
carriage-07_binary.npy,11,141,7813.0
carriage-07_binary.npy,12,141,7813.0
carriage-07_binary.npy,13,141,7813.0
carriage-09_binary.npy,0,248,5842.0
carriage-09_binary.npy,1,248,5842.0
carriage-09_binary.npy,2,248,5842.0
carriage-09_binary.npy,3,248,5842.0
carriage-09_binary.npy,4,248,5842.0
carriage-09_binary.npy,5,145,6872.0
carriage-09_binary.npy,6,145,6872.0
carriage-09_binary.npy,7,145,6872.0
carriage-09_binary.npy,8,145,6872.0
carriage-09_binary.npy,9,145,6872.0
carriage-09_binary.npy,10,145,6872.0
carriage-09_binary.npy,11,145,6872.0
carriage-09_binary.npy,12,145,6872.0
carriage-09_binary.npy,13,145,6872.0
carriage-12_binary.npy,0,250,5603.0
carriage-12_binary.npy,1,250,5603.0
carriage-12_binary.npy,2,250,5603.0
carriage-12_binary.npy,3,250,5603.0
carriage-12_binary.npy,4,250,5603.0
carriage-12_binary.npy,5,146,6643.0
carriage-12_binary.npy,6,146,6643.0
carriage-12_binary.npy,7,146,6643.0
carriage-12_binary.npy,8,146,6643.0
carriage-12_binary.npy,9,146,6643.0
carriage-12_binary.npy,10,146,6643.0
carriage-12_binary.npy,11,146,6643.0
carriage-12_binary.npy,12,146,6643.0
carriage-12_binary.npy,13,146,6643.0
carriage-20_binary.npy,0,216,6305.0
carriage-20_binary.npy,1,216,6305.0
carriage-20_binary.npy,2,216,6305.0
carriage-20_binary.npy,3,216,6305.0
carriage-20_binary.npy,4,216,6305.0
carriage-20_binary.npy,5,157,6895.0
carriage-20_binary.npy,6,157,6895.0
carriage-20_binary.npy,7,157,6895.0
carriage-20_binary.npy,8,157,6895.0
carriage-20_binary.npy,9,157,6895.0
carriage-20_binary.npy,10,157,6895.0
carriage-20_binary.npy,11,157,6895.0
carriage-20_binary.npy,12,157,6895.0
carriage-20_binary.npy,13,157,6895.0
cattle-12_binary.npy,0,698,58174.0
cattle-12_binary.npy,1,698,58174.0
cattle-12_binary.npy,2,698,58174.0
cattle-12_binary.npy,3,698,58174.0
cattle-12_binary.npy,4,698,58174.0
cattle-12_binary.npy,5,362,61534.0
cattle-12_binary.npy,6,362,61534.0
cattle-12_binary.npy,7,362,61534.0
cattle-12_binary.npy,8,362,61534.0
cattle-12_binary.npy,9,362,61534.0
cattle-12_binary.npy,10,362,61534.0
cattle-12_binary.npy,11,362,61534.0
cattle-12_binary.npy,12,362,61534.0
cattle-12_binary.npy,13,362,61534.0
cattle-15_binary.npy,0,951,55082.0
cattle-15_binary.npy,1,951,55082.0
cattle-15_binary.npy,2,951,55082.0
cattle-15_binary.npy,3,951,55082.0
cattle-15_binary.npy,4,951,55082.0
cattle-15_binary.npy,5,725,57342.0
cattle-15_binary.npy,6,725,57342.0
cattle-15_binary.npy,7,725,57342.0
cattle-15_binary.npy,8,725,57342.0
cattle-15_binary.npy,9,725,57342.0
cattle-15_binary.npy,10,725,57342.0
cattle-15_binary.npy,11,725,57342.0
cattle-15_binary.npy,12,725,57342.0
cattle-15_binary.npy,13,725,57342.0
cattle-17_binary.npy,0,822,113120.0
cattle-17_binary.npy,1,822,113120.0
cattle-17_binary.npy,2,822,113120.0
cattle-17_binary.npy,3,822,113120.0
cattle-17_binary.npy,4,822,113120.0
cattle-17_binary.npy,5,671,114630.0
cattle-17_binary.npy,6,671,114630.0
cattle-17_binary.npy,7,671,114630.0
cattle-17_binary.npy,8,671,114630.0
cattle-17_binary.npy,9,671,114630.0
cattle-17_binary.npy,10,671,114630.0
cattle-17_binary.npy,11,671,114630.0
cattle-17_binary.npy,12,671,114630.0
cattle-17_binary.npy,13,671,114630.0
cattle-7_binary.npy,0,813,49868.0
cattle-7_binary.npy,1,813,49868.0
cattle-7_binary.npy,2,813,49868.0
cattle-7_binary.npy,3,813,49868.0
cattle-7_binary.npy,4,813,49868.0
cattle-7_binary.npy,5,601,51988.0
cattle-7_binary.npy,6,601,51988.0
cattle-7_binary.npy,7,601,51988.0
cattle-7_binary.npy,8,601,51988.0
cattle-7_binary.npy,9,601,51988.0
cattle-7_binary.npy,10,601,51988.0
cattle-7_binary.npy,11,601,51988.0
cattle-7_binary.npy,12,601,51988.0
cattle-7_binary.npy,13,601,51988.0
cellular_phone-15_binary.npy,0,109,26478.0
cellular_phone-15_binary.npy,1,109,26478.0
cellular_phone-15_binary.npy,2,109,26478.0
cellular_phone-15_binary.npy,3,109,26478.0
cellular_phone-15_binary.npy,4,109,26478.0
cellular_phone-15_binary.npy,5,43,27138.0
cellular_phone-15_binary.npy,6,43,27138.0
cellular_phone-15_binary.npy,7,43,27138.0
cellular_phone-15_binary.npy,8,43,27138.0
cellular_phone-15_binary.npy,9,43,27138.0
cellular_phone-15_binary.npy,10,43,27138.0
cellular_phone-15_binary.npy,11,43,27138.0
cellular_phone-15_binary.npy,12,43,27138.0
cellular_phone-15_binary.npy,13,43,27138.0
cellular_phone-18_binary.npy,0,119,35650.0
cellular_phone-18_binary.npy,1,119,35650.0
cellular_phone-18_binary.npy,2,119,35650.0
cellular_phone-18_binary.npy,3,119,35650.0
cellular_phone-18_binary.npy,4,119,35650.0
cellular_phone-18_binary.npy,5,43,36410.0
cellular_phone-18_binary.npy,6,43,36410.0
cellular_phone-18_binary.npy,7,43,36410.0
cellular_phone-18_binary.npy,8,43,36410.0
cellular_phone-18_binary.npy,9,43,36410.0
cellular_phone-18_binary.npy,10,43,36410.0
cellular_phone-18_binary.npy,11,43,36410.0
cellular_phone-18_binary.npy,12,43,36410.0
cellular_phone-18_binary.npy,13,43,36410.0
cellular_phone-2_binary.npy,0,108,27356.0
cellular_phone-2_binary.npy,1,108,27356.0
cellular_phone-2_binary.npy,2,108,27356.0
cellular_phone-2_binary.npy,3,108,27356.0
cellular_phone-2_binary.npy,4,108,27356.0
cellular_phone-2_binary.npy,5,44,27996.0
cellular_phone-2_binary.npy,6,44,27996.0
cellular_phone-2_binary.npy,7,44,27996.0
cellular_phone-2_binary.npy,8,44,27996.0
cellular_phone-2_binary.npy,9,44,27996.0
cellular_phone-2_binary.npy,10,44,27996.0
cellular_phone-2_binary.npy,11,44,27996.0
cellular_phone-2_binary.npy,12,44,27996.0
cellular_phone-2_binary.npy,13,44,27996.0
cellular_phone-4_binary.npy,0,133,43019.0
cellular_phone-4_binary.npy,1,133,43019.0
cellular_phone-4_binary.npy,2,133,43019.0
cellular_phone-4_binary.npy,3,133,43019.0
cellular_phone-4_binary.npy,4,133,43019.0
cellular_phone-4_binary.npy,5,49,43859.0
cellular_phone-4_binary.npy,6,49,43859.0
cellular_phone-4_binary.npy,7,49,43859.0
cellular_phone-4_binary.npy,8,49,43859.0
cellular_phone-4_binary.npy,9,49,43859.0
cellular_phone-4_binary.npy,10,49,43859.0
cellular_phone-4_binary.npy,11,49,43859.0
cellular_phone-4_binary.npy,12,49,43859.0
cellular_phone-4_binary.npy,13,49,43859.0
chicken-11_binary.npy,0,144,6085.0
chicken-11_binary.npy,1,144,6085.0
chicken-11_binary.npy,2,144,6085.0
chicken-11_binary.npy,3,144,6085.0
chicken-11_binary.npy,4,144,6085.0
chicken-11_binary.npy,5,101,6515.0
chicken-11_binary.npy,6,101,6515.0
chicken-11_binary.npy,7,101,6515.0
chicken-11_binary.npy,8,101,6515.0
chicken-11_binary.npy,9,101,6515.0
chicken-11_binary.npy,10,101,6515.0
chicken-11_binary.npy,11,101,6515.0
chicken-11_binary.npy,12,101,6515.0
chicken-11_binary.npy,13,101,6515.0
chicken-17_binary.npy,0,399,29056.0
chicken-17_binary.npy,1,399,29056.0
chicken-17_binary.npy,2,399,29056.0
chicken-17_binary.npy,3,399,29056.0
chicken-17_binary.npy,4,399,29056.0
chicken-17_binary.npy,5,264,30406.0
chicken-17_binary.npy,6,264,30406.0
chicken-17_binary.npy,7,264,30406.0
chicken-17_binary.npy,8,264,30406.0
chicken-17_binary.npy,9,264,30406.0
chicken-17_binary.npy,10,264,30406.0
chicken-17_binary.npy,11,264,30406.0
chicken-17_binary.npy,12,264,30406.0
chicken-17_binary.npy,13,264,30406.0
chicken-1_binary.npy,0,556,63953.0
chicken-1_binary.npy,1,556,63953.0
chicken-1_binary.npy,2,556,63953.0
chicken-1_binary.npy,3,556,63953.0
chicken-1_binary.npy,4,556,63953.0
chicken-1_binary.npy,5,394,65573.0
chicken-1_binary.npy,6,394,65573.0
chicken-1_binary.npy,7,394,65573.0
chicken-1_binary.npy,8,394,65573.0
chicken-1_binary.npy,9,394,65573.0
chicken-1_binary.npy,10,394,65573.0
chicken-1_binary.npy,11,394,65573.0
chicken-1_binary.npy,12,394,65573.0
chicken-1_binary.npy,13,394,65573.0
chicken-7_binary.npy,0,127,4100.0
chicken-7_binary.npy,1,127,4100.0
chicken-7_binary.npy,2,127,4100.0
chicken-7_binary.npy,3,127,4100.0
chicken-7_binary.npy,4,127,4100.0
chicken-7_binary.npy,5,77,4600.0
chicken-7_binary.npy,6,77,4600.0
chicken-7_binary.npy,7,77,4600.0
chicken-7_binary.npy,8,77,4600.0
chicken-7_binary.npy,9,77,4600.0
chicken-7_binary.npy,10,77,4600.0
chicken-7_binary.npy,11,77,4600.0
chicken-7_binary.npy,12,77,4600.0
chicken-7_binary.npy,13,77,4600.0
children-11_binary.npy,0,87,5618.0
children-11_binary.npy,1,87,5618.0
children-11_binary.npy,2,87,5618.0
children-11_binary.npy,3,87,5618.0
children-11_binary.npy,4,87,5618.0
children-11_binary.npy,5,70,5788.0
children-11_binary.npy,6,70,5788.0
children-11_binary.npy,7,70,5788.0
children-11_binary.npy,8,70,5788.0
children-11_binary.npy,9,70,5788.0
children-11_binary.npy,10,70,5788.0
children-11_binary.npy,11,70,5788.0
children-11_binary.npy,12,70,5788.0
children-11_binary.npy,13,70,5788.0
children-17_binary.npy,0,97,5378.0
children-17_binary.npy,1,97,5378.0
children-17_binary.npy,2,97,5378.0
children-17_binary.npy,3,97,5378.0
children-17_binary.npy,4,97,5378.0
children-17_binary.npy,5,79,5558.0
children-17_binary.npy,6,79,5558.0
children-17_binary.npy,7,79,5558.0
children-17_binary.npy,8,79,5558.0
children-17_binary.npy,9,79,5558.0
children-17_binary.npy,10,79,5558.0
children-17_binary.npy,11,79,5558.0
children-17_binary.npy,12,79,5558.0
children-17_binary.npy,13,79,5558.0
children-1_binary.npy,0,87,5550.0
children-1_binary.npy,1,87,5550.0
children-1_binary.npy,2,87,5550.0
children-1_binary.npy,3,87,5550.0
children-1_binary.npy,4,87,5550.0
children-1_binary.npy,5,69,5730.0
children-1_binary.npy,6,69,5730.0
children-1_binary.npy,7,69,5730.0
children-1_binary.npy,8,69,5730.0
children-1_binary.npy,9,69,5730.0
children-1_binary.npy,10,69,5730.0
children-1_binary.npy,11,69,5730.0
children-1_binary.npy,12,69,5730.0
children-1_binary.npy,13,69,5730.0
children-2_binary.npy,0,87,5588.0
children-2_binary.npy,1,87,5588.0
children-2_binary.npy,2,87,5588.0
children-2_binary.npy,3,87,5588.0
children-2_binary.npy,4,87,5588.0
children-2_binary.npy,5,69,5768.0
children-2_binary.npy,6,69,5768.0
children-2_binary.npy,7,69,5768.0
children-2_binary.npy,8,69,5768.0
children-2_binary.npy,9,69,5768.0
children-2_binary.npy,10,69,5768.0
children-2_binary.npy,11,69,5768.0
children-2_binary.npy,12,69,5768.0
children-2_binary.npy,13,69,5768.0
chopper-03_binary.npy,0,158,11122.0
chopper-03_binary.npy,1,158,11122.0
chopper-03_binary.npy,2,158,11122.0
chopper-03_binary.npy,3,158,11122.0
chopper-03_binary.npy,4,158,11122.0
chopper-03_binary.npy,5,125,11452.0
chopper-03_binary.npy,6,125,11452.0
chopper-03_binary.npy,7,125,11452.0
chopper-03_binary.npy,8,125,11452.0
chopper-03_binary.npy,9,125,11452.0
chopper-03_binary.npy,10,125,11452.0
chopper-03_binary.npy,11,125,11452.0
chopper-03_binary.npy,12,125,11452.0
chopper-03_binary.npy,13,125,11452.0
chopper-07_binary.npy,0,153,10656.0
chopper-07_binary.npy,1,153,10656.0
chopper-07_binary.npy,2,153,10656.0
chopper-07_binary.npy,3,153,10656.0
chopper-07_binary.npy,4,153,10656.0
chopper-07_binary.npy,5,111,11076.0
chopper-07_binary.npy,6,111,11076.0
chopper-07_binary.npy,7,111,11076.0
chopper-07_binary.npy,8,111,11076.0
chopper-07_binary.npy,9,111,11076.0
chopper-07_binary.npy,10,111,11076.0
chopper-07_binary.npy,11,111,11076.0
chopper-07_binary.npy,12,111,11076.0
chopper-07_binary.npy,13,111,11076.0
chopper-09_binary.npy,0,143,11236.0
chopper-09_binary.npy,1,143,11236.0
chopper-09_binary.npy,2,143,11236.0
chopper-09_binary.npy,3,143,11236.0
chopper-09_binary.npy,4,143,11236.0
chopper-09_binary.npy,5,118,11486.0
chopper-09_binary.npy,6,118,11486.0
chopper-09_binary.npy,7,118,11486.0
chopper-09_binary.npy,8,118,11486.0
chopper-09_binary.npy,9,118,11486.0
chopper-09_binary.npy,10,118,11486.0
chopper-09_binary.npy,11,118,11486.0
chopper-09_binary.npy,12,118,11486.0
chopper-09_binary.npy,13,118,11486.0
chopper-11_binary.npy,0,149,11520.0
chopper-11_binary.npy,1,149,11520.0
chopper-11_binary.npy,2,149,11520.0
chopper-11_binary.npy,3,149,11520.0
chopper-11_binary.npy,4,149,11520.0
chopper-11_binary.npy,5,121,11800.0
chopper-11_binary.npy,6,121,11800.0
chopper-11_binary.npy,7,121,11800.0
chopper-11_binary.npy,8,121,11800.0
chopper-11_binary.npy,9,121,11800.0
chopper-11_binary.npy,10,121,11800.0
chopper-11_binary.npy,11,121,11800.0
chopper-11_binary.npy,12,121,11800.0
chopper-11_binary.npy,13,121,11800.0
classic-16_binary.npy,0,184,33857.0
classic-16_binary.npy,1,184,33857.0
classic-16_binary.npy,2,184,33857.0
classic-16_binary.npy,3,184,33857.0
classic-16_binary.npy,4,184,33857.0
classic-16_binary.npy,5,141,34287.0
classic-16_binary.npy,6,141,34287.0
classic-16_binary.npy,7,141,34287.0
classic-16_binary.npy,8,141,34287.0
classic-16_binary.npy,9,141,34287.0
classic-16_binary.npy,10,141,34287.0
classic-16_binary.npy,11,141,34287.0
classic-16_binary.npy,12,141,34287.0
classic-16_binary.npy,13,141,34287.0
classic-2_binary.npy,0,192,33798.0
classic-2_binary.npy,1,192,33798.0
classic-2_binary.npy,2,192,33798.0
classic-2_binary.npy,3,192,33798.0
classic-2_binary.npy,4,192,33798.0
classic-2_binary.npy,5,143,34288.0
classic-2_binary.npy,6,143,34288.0
classic-2_binary.npy,7,143,34288.0
classic-2_binary.npy,8,143,34288.0
classic-2_binary.npy,9,143,34288.0
classic-2_binary.npy,10,143,34288.0
classic-2_binary.npy,11,143,34288.0
classic-2_binary.npy,12,143,34288.0
classic-2_binary.npy,13,143,34288.0
classic-4_binary.npy,0,468,171200.0
classic-4_binary.npy,1,468,171200.0
classic-4_binary.npy,2,468,171200.0
classic-4_binary.npy,3,468,171200.0
classic-4_binary.npy,4,468,171200.0
classic-4_binary.npy,5,302,172860.0
classic-4_binary.npy,6,302,172860.0
classic-4_binary.npy,7,302,172860.0
classic-4_binary.npy,8,302,172860.0
classic-4_binary.npy,9,302,172860.0
classic-4_binary.npy,10,302,172860.0
classic-4_binary.npy,11,302,172860.0
classic-4_binary.npy,12,302,172860.0
classic-4_binary.npy,13,302,172860.0
classic-5_binary.npy,0,468,171200.0
classic-5_binary.npy,1,468,171200.0
classic-5_binary.npy,2,468,171200.0
classic-5_binary.npy,3,468,171200.0
classic-5_binary.npy,4,468,171200.0
classic-5_binary.npy,5,302,172860.0
classic-5_binary.npy,6,302,172860.0
classic-5_binary.npy,7,302,172860.0
classic-5_binary.npy,8,302,172860.0
classic-5_binary.npy,9,302,172860.0
classic-5_binary.npy,10,302,172860.0
classic-5_binary.npy,11,302,172860.0
classic-5_binary.npy,12,302,172860.0
classic-5_binary.npy,13,302,172860.0
confusions_binary.npy,0,1839,95846.0
confusions_binary.npy,1,1839,95846.0
confusions_binary.npy,2,1839,95846.0
confusions_binary.npy,3,1839,95846.0
confusions_binary.npy,4,1839,95846.0
confusions_binary.npy,5,516,109076.0
confusions_binary.npy,6,516,109076.0
confusions_binary.npy,7,516,109076.0
confusions_binary.npy,8,516,109076.0
confusions_binary.npy,9,516,109076.0
confusions_binary.npy,10,516,109076.0
confusions_binary.npy,11,516,109076.0
confusions_binary.npy,12,516,109076.0
confusions_binary.npy,13,516,109076.0
crown-14_binary.npy,0,151,4761.0
crown-14_binary.npy,1,151,4761.0
crown-14_binary.npy,2,151,4761.0
crown-14_binary.npy,3,151,4761.0
crown-14_binary.npy,4,151,4761.0
crown-14_binary.npy,5,85,5421.0
crown-14_binary.npy,6,85,5421.0
crown-14_binary.npy,7,85,5421.0
crown-14_binary.npy,8,85,5421.0
crown-14_binary.npy,9,85,5421.0
crown-14_binary.npy,10,85,5421.0
crown-14_binary.npy,11,85,5421.0
crown-14_binary.npy,12,85,5421.0
crown-14_binary.npy,13,85,5421.0
crown-17_binary.npy,0,231,7264.0
crown-17_binary.npy,1,231,7264.0
crown-17_binary.npy,2,231,7264.0
crown-17_binary.npy,3,231,7264.0
crown-17_binary.npy,4,231,7264.0
crown-17_binary.npy,5,130,8274.0
crown-17_binary.npy,6,130,8274.0
crown-17_binary.npy,7,130,8274.0
crown-17_binary.npy,8,130,8274.0
crown-17_binary.npy,9,130,8274.0
crown-17_binary.npy,10,130,8274.0
crown-17_binary.npy,11,130,8274.0
crown-17_binary.npy,12,130,8274.0
crown-17_binary.npy,13,130,8274.0
crown-18_binary.npy,0,410,14449.0
crown-18_binary.npy,1,410,14449.0
crown-18_binary.npy,2,410,14449.0
crown-18_binary.npy,3,410,14449.0
crown-18_binary.npy,4,410,14449.0
crown-18_binary.npy,5,248,16069.0
crown-18_binary.npy,6,248,16069.0
crown-18_binary.npy,7,248,16069.0
crown-18_binary.npy,8,248,16069.0
crown-18_binary.npy,9,248,16069.0
crown-18_binary.npy,10,248,16069.0
crown-18_binary.npy,11,248,16069.0
crown-18_binary.npy,12,248,16069.0
crown-18_binary.npy,13,248,16069.0
crown-9_binary.npy,0,46,1618.0
crown-9_binary.npy,1,46,1618.0
crown-9_binary.npy,2,46,1618.0
crown-9_binary.npy,3,46,1618.0
crown-9_binary.npy,4,46,1618.0
crown-9_binary.npy,5,25,1828.0
crown-9_binary.npy,6,25,1828.0
crown-9_binary.npy,7,25,1828.0
crown-9_binary.npy,8,25,1828.0
crown-9_binary.npy,9,25,1828.0
crown-9_binary.npy,10,25,1828.0
crown-9_binary.npy,11,25,1828.0
crown-9_binary.npy,12,25,1828.0
crown-9_binary.npy,13,25,1828.0
cup-20_binary.npy,0,373,60105.0
cup-20_binary.npy,1,373,60105.0
cup-20_binary.npy,2,373,60105.0
cup-20_binary.npy,3,373,60105.0
cup-20_binary.npy,4,373,60105.0
cup-20_binary.npy,5,213,61705.0
cup-20_binary.npy,6,213,61705.0
cup-20_binary.npy,7,213,61705.0
cup-20_binary.npy,8,213,61705.0
cup-20_binary.npy,9,213,61705.0
cup-20_binary.npy,10,213,61705.0
cup-20_binary.npy,11,213,61705.0
cup-20_binary.npy,12,213,61705.0
cup-20_binary.npy,13,213,61705.0
cup-2_binary.npy,0,377,62499.0
cup-2_binary.npy,1,377,62499.0
cup-2_binary.npy,2,377,62499.0
cup-2_binary.npy,3,377,62499.0
cup-2_binary.npy,4,377,62499.0
cup-2_binary.npy,5,228,63989.0
cup-2_binary.npy,6,228,63989.0
cup-2_binary.npy,7,228,63989.0
cup-2_binary.npy,8,228,63989.0
cup-2_binary.npy,9,228,63989.0
cup-2_binary.npy,10,228,63989.0
cup-2_binary.npy,11,228,63989.0
cup-2_binary.npy,12,228,63989.0
cup-2_binary.npy,13,228,63989.0
cup-3_binary.npy,0,330,35376.0
cup-3_binary.npy,1,330,35376.0
cup-3_binary.npy,2,330,35376.0
cup-3_binary.npy,3,330,35376.0
cup-3_binary.npy,4,330,35376.0
cup-3_binary.npy,5,190,36776.0
cup-3_binary.npy,6,190,36776.0
cup-3_binary.npy,7,190,36776.0
cup-3_binary.npy,8,190,36776.0
cup-3_binary.npy,9,190,36776.0
cup-3_binary.npy,10,190,36776.0
cup-3_binary.npy,11,190,36776.0
cup-3_binary.npy,12,190,36776.0
cup-3_binary.npy,13,190,36776.0
cup-8_binary.npy,0,301,42073.0
cup-8_binary.npy,1,301,42073.0
cup-8_binary.npy,2,301,42073.0
cup-8_binary.npy,3,301,42073.0
cup-8_binary.npy,4,301,42073.0
cup-8_binary.npy,5,211,42973.0
cup-8_binary.npy,6,211,42973.0
cup-8_binary.npy,7,211,42973.0
cup-8_binary.npy,8,211,42973.0
cup-8_binary.npy,9,211,42973.0
cup-8_binary.npy,10,211,42973.0
cup-8_binary.npy,11,211,42973.0
cup-8_binary.npy,12,211,42973.0
cup-8_binary.npy,13,211,42973.0
deer-14_binary.npy,0,512,20791.0
deer-14_binary.npy,1,512,20791.0
deer-14_binary.npy,2,512,20791.0
deer-14_binary.npy,3,512,20791.0
deer-14_binary.npy,4,512,20791.0
deer-14_binary.npy,5,372,22191.0
deer-14_binary.npy,6,372,22191.0
deer-14_binary.npy,7,372,22191.0
deer-14_binary.npy,8,372,22191.0
deer-14_binary.npy,9,372,22191.0
deer-14_binary.npy,10,372,22191.0
deer-14_binary.npy,11,372,22191.0
deer-14_binary.npy,12,372,22191.0
deer-14_binary.npy,13,372,22191.0
deer-17_binary.npy,0,1283,87965.0
deer-17_binary.npy,1,1283,87965.0
deer-17_binary.npy,2,1283,87965.0
deer-17_binary.npy,3,1283,87965.0
deer-17_binary.npy,4,1283,87965.0
deer-17_binary.npy,5,979,91005.0
deer-17_binary.npy,6,979,91005.0
deer-17_binary.npy,7,979,91005.0
deer-17_binary.npy,8,979,91005.0
deer-17_binary.npy,9,979,91005.0
deer-17_binary.npy,10,979,91005.0
deer-17_binary.npy,11,979,91005.0
deer-17_binary.npy,12,979,91005.0
deer-17_binary.npy,13,979,91005.0
deer-5_binary.npy,0,1579,138661.0
deer-5_binary.npy,1,1579,138661.0
deer-5_binary.npy,2,1579,138661.0
deer-5_binary.npy,3,1579,138661.0
deer-5_binary.npy,4,1579,138661.0
deer-5_binary.npy,5,1218,142271.0
deer-5_binary.npy,6,1218,142271.0
deer-5_binary.npy,7,1218,142271.0
deer-5_binary.npy,8,1218,142271.0
deer-5_binary.npy,9,1218,142271.0
deer-5_binary.npy,10,1218,142271.0
deer-5_binary.npy,11,1218,142271.0
deer-5_binary.npy,12,1218,142271.0
deer-5_binary.npy,13,1218,142271.0
deer-6_binary.npy,0,1112,85753.0
deer-6_binary.npy,1,1112,85753.0
deer-6_binary.npy,2,1112,85753.0
deer-6_binary.npy,3,1112,85753.0
deer-6_binary.npy,4,1112,85753.0
deer-6_binary.npy,5,813,88743.0
deer-6_binary.npy,6,813,88743.0
deer-6_binary.npy,7,813,88743.0
deer-6_binary.npy,8,813,88743.0
deer-6_binary.npy,9,813,88743.0
deer-6_binary.npy,10,813,88743.0
deer-6_binary.npy,11,813,88743.0
deer-6_binary.npy,12,813,88743.0
deer-6_binary.npy,13,813,88743.0
device0-11_binary.npy,0,587,43732.0
device0-11_binary.npy,1,587,43732.0
device0-11_binary.npy,2,587,43732.0
device0-11_binary.npy,3,587,43732.0
device0-11_binary.npy,4,587,43732.0
device0-11_binary.npy,5,420,45402.0
device0-11_binary.npy,6,420,45402.0
device0-11_binary.npy,7,420,45402.0
device0-11_binary.npy,8,420,45402.0
device0-11_binary.npy,9,420,45402.0
device0-11_binary.npy,10,420,45402.0
device0-11_binary.npy,11,420,45402.0
device0-11_binary.npy,12,420,45402.0
device0-11_binary.npy,13,420,45402.0
device0-12_binary.npy,0,610,44830.0
device0-12_binary.npy,1,610,44830.0
device0-12_binary.npy,2,610,44830.0
device0-12_binary.npy,3,610,44830.0
device0-12_binary.npy,4,610,44830.0
device0-12_binary.npy,5,411,46820.0
device0-12_binary.npy,6,411,46820.0
device0-12_binary.npy,7,411,46820.0
device0-12_binary.npy,8,411,46820.0
device0-12_binary.npy,9,411,46820.0
device0-12_binary.npy,10,411,46820.0
device0-12_binary.npy,11,411,46820.0
device0-12_binary.npy,12,411,46820.0
device0-12_binary.npy,13,411,46820.0
device0-13_binary.npy,0,719,44625.0
device0-13_binary.npy,1,719,44625.0
device0-13_binary.npy,2,719,44625.0
device0-13_binary.npy,3,719,44625.0
device0-13_binary.npy,4,719,44625.0
device0-13_binary.npy,5,491,46905.0
device0-13_binary.npy,6,491,46905.0
device0-13_binary.npy,7,491,46905.0
device0-13_binary.npy,8,491,46905.0
device0-13_binary.npy,9,491,46905.0
device0-13_binary.npy,10,491,46905.0
device0-13_binary.npy,11,491,46905.0
device0-13_binary.npy,12,491,46905.0
device0-13_binary.npy,13,491,46905.0
device0-14_binary.npy,0,547,53563.0
device0-14_binary.npy,1,547,53563.0
device0-14_binary.npy,2,547,53563.0
device0-14_binary.npy,3,547,53563.0
device0-14_binary.npy,4,547,53563.0
device0-14_binary.npy,5,377,55263.0
device0-14_binary.npy,6,377,55263.0
device0-14_binary.npy,7,377,55263.0
device0-14_binary.npy,8,377,55263.0
device0-14_binary.npy,9,377,55263.0
device0-14_binary.npy,10,377,55263.0
device0-14_binary.npy,11,377,55263.0
device0-14_binary.npy,12,377,55263.0
device0-14_binary.npy,13,377,55263.0
device1-12_binary.npy,0,447,48811.0
device1-12_binary.npy,1,447,48811.0
device1-12_binary.npy,2,447,48811.0
device1-12_binary.npy,3,447,48811.0
device1-12_binary.npy,4,447,48811.0
device1-12_binary.npy,5,340,49881.0
device1-12_binary.npy,6,340,49881.0
device1-12_binary.npy,7,340,49881.0
device1-12_binary.npy,8,340,49881.0
device1-12_binary.npy,9,340,49881.0
device1-12_binary.npy,10,340,49881.0
device1-12_binary.npy,11,340,49881.0
device1-12_binary.npy,12,340,49881.0
device1-12_binary.npy,13,340,49881.0
device1-15_binary.npy,0,551,94614.0
device1-15_binary.npy,1,551,94614.0
device1-15_binary.npy,2,551,94614.0
device1-15_binary.npy,3,551,94614.0
device1-15_binary.npy,4,551,94614.0
device1-15_binary.npy,5,383,96294.0
device1-15_binary.npy,6,383,96294.0
device1-15_binary.npy,7,383,96294.0
device1-15_binary.npy,8,383,96294.0
device1-15_binary.npy,9,383,96294.0
device1-15_binary.npy,10,383,96294.0
device1-15_binary.npy,11,383,96294.0
device1-15_binary.npy,12,383,96294.0
device1-15_binary.npy,13,383,96294.0
device1-2_binary.npy,0,487,99690.0
device1-2_binary.npy,1,487,99690.0
device1-2_binary.npy,2,487,99690.0
device1-2_binary.npy,3,487,99690.0
device1-2_binary.npy,4,487,99690.0
device1-2_binary.npy,5,222,102340.0
device1-2_binary.npy,6,222,102340.0
device1-2_binary.npy,7,222,102340.0
device1-2_binary.npy,8,222,102340.0
device1-2_binary.npy,9,222,102340.0
device1-2_binary.npy,10,222,102340.0
device1-2_binary.npy,11,222,102340.0
device1-2_binary.npy,12,222,102340.0
device1-2_binary.npy,13,222,102340.0
device1-3_binary.npy,0,476,113611.0
device1-3_binary.npy,1,476,113611.0
device1-3_binary.npy,2,476,113611.0
device1-3_binary.npy,3,476,113611.0
device1-3_binary.npy,4,476,113611.0
device1-3_binary.npy,5,350,114871.0
device1-3_binary.npy,6,350,114871.0
device1-3_binary.npy,7,350,114871.0
device1-3_binary.npy,8,350,114871.0
device1-3_binary.npy,9,350,114871.0
device1-3_binary.npy,10,350,114871.0
device1-3_binary.npy,11,350,114871.0
device1-3_binary.npy,12,350,114871.0
device1-3_binary.npy,13,350,114871.0
device2-18_binary.npy,0,815,88439.0
device2-18_binary.npy,1,815,88439.0
device2-18_binary.npy,2,815,88439.0
device2-18_binary.npy,3,815,88439.0
device2-18_binary.npy,4,815,88439.0
device2-18_binary.npy,5,541,91179.0
device2-18_binary.npy,6,541,91179.0
device2-18_binary.npy,7,541,91179.0
device2-18_binary.npy,8,541,91179.0
device2-18_binary.npy,9,541,91179.0
device2-18_binary.npy,10,541,91179.0
device2-18_binary.npy,11,541,91179.0
device2-18_binary.npy,12,541,91179.0
device2-18_binary.npy,13,541,91179.0
device2-2_binary.npy,0,452,53039.0
device2-2_binary.npy,1,452,53039.0
device2-2_binary.npy,2,452,53039.0
device2-2_binary.npy,3,452,53039.0
device2-2_binary.npy,4,452,53039.0
device2-2_binary.npy,5,355,54009.0
device2-2_binary.npy,6,355,54009.0
device2-2_binary.npy,7,355,54009.0
device2-2_binary.npy,8,355,54009.0
device2-2_binary.npy,9,355,54009.0
device2-2_binary.npy,10,355,54009.0
device2-2_binary.npy,11,355,54009.0
device2-2_binary.npy,12,355,54009.0
device2-2_binary.npy,13,355,54009.0
device2-4_binary.npy,0,781,37710.0
device2-4_binary.npy,1,781,37710.0
device2-4_binary.npy,2,781,37710.0
device2-4_binary.npy,3,781,37710.0
device2-4_binary.npy,4,781,37710.0
device2-4_binary.npy,5,553,39990.0
device2-4_binary.npy,6,553,39990.0
device2-4_binary.npy,7,553,39990.0
device2-4_binary.npy,8,553,39990.0
device2-4_binary.npy,9,553,39990.0
device2-4_binary.npy,10,553,39990.0
device2-4_binary.npy,11,553,39990.0
device2-4_binary.npy,12,553,39990.0
device2-4_binary.npy,13,553,39990.0
device2-6_binary.npy,0,873,66090.0
device2-6_binary.npy,1,873,66090.0
device2-6_binary.npy,2,873,66090.0
device2-6_binary.npy,3,873,66090.0
device2-6_binary.npy,4,873,66090.0
device2-6_binary.npy,5,653,68290.0
device2-6_binary.npy,6,653,68290.0
device2-6_binary.npy,7,653,68290.0
device2-6_binary.npy,8,653,68290.0
device2-6_binary.npy,9,653,68290.0
device2-6_binary.npy,10,653,68290.0
device2-6_binary.npy,11,653,68290.0
device2-6_binary.npy,12,653,68290.0
device2-6_binary.npy,13,653,68290.0
device3-10_binary.npy,0,399,131612.0
device3-10_binary.npy,1,399,131612.0
device3-10_binary.npy,2,399,131612.0
device3-10_binary.npy,3,399,131612.0
device3-10_binary.npy,4,399,131612.0
device3-10_binary.npy,5,136,134242.0
device3-10_binary.npy,6,136,134242.0
device3-10_binary.npy,7,136,134242.0
device3-10_binary.npy,8,136,134242.0
device3-10_binary.npy,9,136,134242.0
device3-10_binary.npy,10,136,134242.0
device3-10_binary.npy,11,136,134242.0
device3-10_binary.npy,12,136,134242.0
device3-10_binary.npy,13,136,134242.0
device3-13_binary.npy,0,1207,109883.0
device3-13_binary.npy,1,1207,109883.0
device3-13_binary.npy,2,1207,109883.0
device3-13_binary.npy,3,1207,109883.0
device3-13_binary.npy,4,1207,109883.0
device3-13_binary.npy,5,543,116523.0
device3-13_binary.npy,6,543,116523.0
device3-13_binary.npy,7,543,116523.0
device3-13_binary.npy,8,543,116523.0
device3-13_binary.npy,9,543,116523.0
device3-13_binary.npy,10,543,116523.0
device3-13_binary.npy,11,543,116523.0
device3-13_binary.npy,12,543,116523.0
device3-13_binary.npy,13,543,116523.0
device3-18_binary.npy,0,874,112941.0
device3-18_binary.npy,1,874,112941.0
device3-18_binary.npy,2,874,112941.0
device3-18_binary.npy,3,874,112941.0
device3-18_binary.npy,4,874,112941.0
device3-18_binary.npy,5,654,115141.0
device3-18_binary.npy,6,654,115141.0
device3-18_binary.npy,7,654,115141.0
device3-18_binary.npy,8,654,115141.0
device3-18_binary.npy,9,654,115141.0
device3-18_binary.npy,10,654,115141.0
device3-18_binary.npy,11,654,115141.0
device3-18_binary.npy,12,654,115141.0
device3-18_binary.npy,13,654,115141.0
device3-7_binary.npy,0,425,166086.0
device3-7_binary.npy,1,425,166086.0
device3-7_binary.npy,2,425,166086.0
device3-7_binary.npy,3,425,166086.0
device3-7_binary.npy,4,425,166086.0
device3-7_binary.npy,5,100,169336.0
device3-7_binary.npy,6,100,169336.0
device3-7_binary.npy,7,100,169336.0
device3-7_binary.npy,8,100,169336.0
device3-7_binary.npy,9,100,169336.0
device3-7_binary.npy,10,100,169336.0
device3-7_binary.npy,11,100,169336.0
device3-7_binary.npy,12,100,169336.0
device3-7_binary.npy,13,100,169336.0
device4-13_binary.npy,0,418,67387.0
device4-13_binary.npy,1,418,67387.0
device4-13_binary.npy,2,418,67387.0
device4-13_binary.npy,3,418,67387.0
device4-13_binary.npy,4,418,67387.0
device4-13_binary.npy,5,332,68247.0
device4-13_binary.npy,6,332,68247.0
device4-13_binary.npy,7,332,68247.0
device4-13_binary.npy,8,332,68247.0
device4-13_binary.npy,9,332,68247.0
device4-13_binary.npy,10,332,68247.0
device4-13_binary.npy,11,332,68247.0
device4-13_binary.npy,12,332,68247.0
device4-13_binary.npy,13,332,68247.0
device4-19_binary.npy,0,584,69446.0
device4-19_binary.npy,1,584,69446.0
device4-19_binary.npy,2,584,69446.0
device4-19_binary.npy,3,584,69446.0
device4-19_binary.npy,4,584,69446.0
device4-19_binary.npy,5,463,70656.0
device4-19_binary.npy,6,463,70656.0
device4-19_binary.npy,7,463,70656.0
device4-19_binary.npy,8,463,70656.0
device4-19_binary.npy,9,463,70656.0
device4-19_binary.npy,10,463,70656.0
device4-19_binary.npy,11,463,70656.0
device4-19_binary.npy,12,463,70656.0
device4-19_binary.npy,13,463,70656.0
device4-1_binary.npy,0,361,81356.0
device4-1_binary.npy,1,361,81356.0
device4-1_binary.npy,2,361,81356.0
device4-1_binary.npy,3,361,81356.0
device4-1_binary.npy,4,361,81356.0
device4-1_binary.npy,5,275,82216.0
device4-1_binary.npy,6,275,82216.0
device4-1_binary.npy,7,275,82216.0
device4-1_binary.npy,8,275,82216.0
device4-1_binary.npy,9,275,82216.0
device4-1_binary.npy,10,275,82216.0
device4-1_binary.npy,11,275,82216.0
device4-1_binary.npy,12,275,82216.0
device4-1_binary.npy,13,275,82216.0
device4-3_binary.npy,0,363,81408.0
device4-3_binary.npy,1,363,81408.0
device4-3_binary.npy,2,363,81408.0
device4-3_binary.npy,3,363,81408.0
device4-3_binary.npy,4,363,81408.0
device4-3_binary.npy,5,294,82098.0
device4-3_binary.npy,6,294,82098.0
device4-3_binary.npy,7,294,82098.0
device4-3_binary.npy,8,294,82098.0
device4-3_binary.npy,9,294,82098.0
device4-3_binary.npy,10,294,82098.0
device4-3_binary.npy,11,294,82098.0
device4-3_binary.npy,12,294,82098.0
device4-3_binary.npy,13,294,82098.0
device5-10_binary.npy,0,605,87331.0
device5-10_binary.npy,1,605,87331.0
device5-10_binary.npy,2,605,87331.0
device5-10_binary.npy,3,605,87331.0
device5-10_binary.npy,4,605,87331.0
device5-10_binary.npy,5,216,91221.0
device5-10_binary.npy,6,216,91221.0
device5-10_binary.npy,7,216,91221.0
device5-10_binary.npy,8,216,91221.0
device5-10_binary.npy,9,216,91221.0
device5-10_binary.npy,10,216,91221.0
device5-10_binary.npy,11,216,91221.0
device5-10_binary.npy,12,216,91221.0
device5-10_binary.npy,13,216,91221.0
device5-15_binary.npy,0,505,66345.0
device5-15_binary.npy,1,505,66345.0
device5-15_binary.npy,2,505,66345.0
device5-15_binary.npy,3,505,66345.0
device5-15_binary.npy,4,505,66345.0
device5-15_binary.npy,5,258,68815.0
device5-15_binary.npy,6,258,68815.0
device5-15_binary.npy,7,258,68815.0
device5-15_binary.npy,8,258,68815.0
device5-15_binary.npy,9,258,68815.0
device5-15_binary.npy,10,258,68815.0
device5-15_binary.npy,11,258,68815.0
device5-15_binary.npy,12,258,68815.0
device5-15_binary.npy,13,258,68815.0
device5-18_binary.npy,0,556,33938.0
device5-18_binary.npy,1,556,33938.0
device5-18_binary.npy,2,556,33938.0
device5-18_binary.npy,3,556,33938.0
device5-18_binary.npy,4,556,33938.0
device5-18_binary.npy,5,363,35868.0
device5-18_binary.npy,6,363,35868.0
device5-18_binary.npy,7,363,35868.0
device5-18_binary.npy,8,363,35868.0
device5-18_binary.npy,9,363,35868.0
device5-18_binary.npy,10,363,35868.0
device5-18_binary.npy,11,363,35868.0
device5-18_binary.npy,12,363,35868.0
device5-18_binary.npy,13,363,35868.0
device5-4_binary.npy,0,740,46224.0
device5-4_binary.npy,1,740,46224.0
device5-4_binary.npy,2,740,46224.0
device5-4_binary.npy,3,740,46224.0
device5-4_binary.npy,4,740,46224.0
device5-4_binary.npy,5,311,50514.0
device5-4_binary.npy,6,311,50514.0
device5-4_binary.npy,7,311,50514.0
device5-4_binary.npy,8,311,50514.0
device5-4_binary.npy,9,311,50514.0
device5-4_binary.npy,10,311,50514.0
device5-4_binary.npy,11,311,50514.0
device5-4_binary.npy,12,311,50514.0
device5-4_binary.npy,13,311,50514.0
device6-13_binary.npy,0,975,72360.0
device6-13_binary.npy,1,975,72360.0
device6-13_binary.npy,2,975,72360.0
device6-13_binary.npy,3,975,72360.0
device6-13_binary.npy,4,975,72360.0
device6-13_binary.npy,5,717,74940.0
device6-13_binary.npy,6,717,74940.0
device6-13_binary.npy,7,717,74940.0
device6-13_binary.npy,8,717,74940.0
device6-13_binary.npy,9,717,74940.0
device6-13_binary.npy,10,717,74940.0
device6-13_binary.npy,11,717,74940.0
device6-13_binary.npy,12,717,74940.0
device6-13_binary.npy,13,717,74940.0
device6-15_binary.npy,0,409,96929.0
device6-15_binary.npy,1,409,96929.0
device6-15_binary.npy,2,409,96929.0
device6-15_binary.npy,3,409,96929.0
device6-15_binary.npy,4,409,96929.0
device6-15_binary.npy,5,300,98019.0
device6-15_binary.npy,6,300,98019.0
device6-15_binary.npy,7,300,98019.0
device6-15_binary.npy,8,300,98019.0
device6-15_binary.npy,9,300,98019.0
device6-15_binary.npy,10,300,98019.0
device6-15_binary.npy,11,300,98019.0
device6-15_binary.npy,12,300,98019.0
device6-15_binary.npy,13,300,98019.0
device6-6_binary.npy,0,377,97340.0
device6-6_binary.npy,1,377,97340.0
device6-6_binary.npy,2,377,97340.0
device6-6_binary.npy,3,377,97340.0
device6-6_binary.npy,4,377,97340.0
device6-6_binary.npy,5,275,98360.0
device6-6_binary.npy,6,275,98360.0
device6-6_binary.npy,7,275,98360.0
device6-6_binary.npy,8,275,98360.0
device6-6_binary.npy,9,275,98360.0
device6-6_binary.npy,10,275,98360.0
device6-6_binary.npy,11,275,98360.0
device6-6_binary.npy,12,275,98360.0
device6-6_binary.npy,13,275,98360.0
device6-9_binary.npy,0,582,49776.0
device6-9_binary.npy,1,582,49776.0
device6-9_binary.npy,2,582,49776.0
device6-9_binary.npy,3,582,49776.0
device6-9_binary.npy,4,582,49776.0
device6-9_binary.npy,5,568,49916.0
device6-9_binary.npy,6,568,49916.0
device6-9_binary.npy,7,568,49916.0
device6-9_binary.npy,8,568,49916.0
device6-9_binary.npy,9,568,49916.0
device6-9_binary.npy,10,568,49916.0
device6-9_binary.npy,11,568,49916.0
device6-9_binary.npy,12,568,49916.0
device6-9_binary.npy,13,568,49916.0
device7-14_binary.npy,0,1324,52527.0
device7-14_binary.npy,1,1324,52527.0
device7-14_binary.npy,2,1324,52527.0
device7-14_binary.npy,3,1324,52527.0
device7-14_binary.npy,4,1324,52527.0
device7-14_binary.npy,5,889,56877.0
device7-14_binary.npy,6,889,56877.0
device7-14_binary.npy,7,889,56877.0
device7-14_binary.npy,8,889,56877.0
device7-14_binary.npy,9,889,56877.0
device7-14_binary.npy,10,889,56877.0
device7-14_binary.npy,11,889,56877.0
device7-14_binary.npy,12,889,56877.0
device7-14_binary.npy,13,889,56877.0
device7-16_binary.npy,0,1041,90492.0
device7-16_binary.npy,1,1041,90492.0
device7-16_binary.npy,2,1041,90492.0
device7-16_binary.npy,3,1041,90492.0
device7-16_binary.npy,4,1041,90492.0
device7-16_binary.npy,5,686,94042.0
device7-16_binary.npy,6,686,94042.0
device7-16_binary.npy,7,686,94042.0
device7-16_binary.npy,8,686,94042.0
device7-16_binary.npy,9,686,94042.0
device7-16_binary.npy,10,686,94042.0
device7-16_binary.npy,11,686,94042.0
device7-16_binary.npy,12,686,94042.0
device7-16_binary.npy,13,686,94042.0
device7-19_binary.npy,0,937,105646.0
device7-19_binary.npy,1,937,105646.0
device7-19_binary.npy,2,937,105646.0
device7-19_binary.npy,3,937,105646.0
device7-19_binary.npy,4,937,105646.0
device7-19_binary.npy,5,688,108136.0
device7-19_binary.npy,6,688,108136.0
device7-19_binary.npy,7,688,108136.0
device7-19_binary.npy,8,688,108136.0
device7-19_binary.npy,9,688,108136.0
device7-19_binary.npy,10,688,108136.0
device7-19_binary.npy,11,688,108136.0
device7-19_binary.npy,12,688,108136.0
device7-19_binary.npy,13,688,108136.0
device7-6_binary.npy,0,969,105892.0
device7-6_binary.npy,1,969,105892.0
device7-6_binary.npy,2,969,105892.0
device7-6_binary.npy,3,969,105892.0
device7-6_binary.npy,4,969,105892.0
device7-6_binary.npy,5,726,108322.0
device7-6_binary.npy,6,726,108322.0
device7-6_binary.npy,7,726,108322.0
device7-6_binary.npy,8,726,108322.0
device7-6_binary.npy,9,726,108322.0
device7-6_binary.npy,10,726,108322.0
device7-6_binary.npy,11,726,108322.0
device7-6_binary.npy,12,726,108322.0
device7-6_binary.npy,13,726,108322.0
device8-15_binary.npy,0,521,78840.0
device8-15_binary.npy,1,521,78840.0
device8-15_binary.npy,2,521,78840.0
device8-15_binary.npy,3,521,78840.0
device8-15_binary.npy,4,521,78840.0
device8-15_binary.npy,5,272,81330.0
device8-15_binary.npy,6,272,81330.0
device8-15_binary.npy,7,272,81330.0
device8-15_binary.npy,8,272,81330.0
device8-15_binary.npy,9,272,81330.0
device8-15_binary.npy,10,272,81330.0
device8-15_binary.npy,11,272,81330.0
device8-15_binary.npy,12,272,81330.0
device8-15_binary.npy,13,272,81330.0
device8-20_binary.npy,0,387,79977.0
device8-20_binary.npy,1,387,79977.0
device8-20_binary.npy,2,387,79977.0
device8-20_binary.npy,3,387,79977.0
device8-20_binary.npy,4,387,79977.0
device8-20_binary.npy,5,5,83797.0
device8-20_binary.npy,6,5,83797.0
device8-20_binary.npy,7,5,83797.0
device8-20_binary.npy,8,5,83797.0
device8-20_binary.npy,9,5,83797.0
device8-20_binary.npy,10,5,83797.0
device8-20_binary.npy,11,5,83797.0
device8-20_binary.npy,12,5,83797.0
device8-20_binary.npy,13,5,83797.0
device8-6_binary.npy,0,446,74510.0
device8-6_binary.npy,1,446,74510.0
device8-6_binary.npy,2,446,74510.0
device8-6_binary.npy,3,446,74510.0
device8-6_binary.npy,4,446,74510.0
device8-6_binary.npy,5,268,76290.0
device8-6_binary.npy,6,268,76290.0
device8-6_binary.npy,7,268,76290.0
device8-6_binary.npy,8,268,76290.0
device8-6_binary.npy,9,268,76290.0
device8-6_binary.npy,10,268,76290.0
device8-6_binary.npy,11,268,76290.0
device8-6_binary.npy,12,268,76290.0
device8-6_binary.npy,13,268,76290.0
device8-7_binary.npy,0,403,51195.0
device8-7_binary.npy,1,403,51195.0
device8-7_binary.npy,2,403,51195.0
device8-7_binary.npy,3,403,51195.0
device8-7_binary.npy,4,403,51195.0
device8-7_binary.npy,5,207,53155.0
device8-7_binary.npy,6,207,53155.0
device8-7_binary.npy,7,207,53155.0
device8-7_binary.npy,8,207,53155.0
device8-7_binary.npy,9,207,53155.0
device8-7_binary.npy,10,207,53155.0
device8-7_binary.npy,11,207,53155.0
device8-7_binary.npy,12,207,53155.0
device8-7_binary.npy,13,207,53155.0
device9-10_binary.npy,0,403,113835.0
device9-10_binary.npy,1,403,113835.0
device9-10_binary.npy,2,403,113835.0
device9-10_binary.npy,3,403,113835.0
device9-10_binary.npy,4,403,113835.0
device9-10_binary.npy,5,274,115125.0
device9-10_binary.npy,6,274,115125.0
device9-10_binary.npy,7,274,115125.0
device9-10_binary.npy,8,274,115125.0
device9-10_binary.npy,9,274,115125.0
device9-10_binary.npy,10,274,115125.0
device9-10_binary.npy,11,274,115125.0
device9-10_binary.npy,12,274,115125.0
device9-10_binary.npy,13,274,115125.0
device9-1_binary.npy,0,395,119331.0
device9-1_binary.npy,1,395,119331.0
device9-1_binary.npy,2,395,119331.0
device9-1_binary.npy,3,395,119331.0
device9-1_binary.npy,4,395,119331.0
device9-1_binary.npy,5,265,120631.0
device9-1_binary.npy,6,265,120631.0
device9-1_binary.npy,7,265,120631.0
device9-1_binary.npy,8,265,120631.0
device9-1_binary.npy,9,265,120631.0
device9-1_binary.npy,10,265,120631.0
device9-1_binary.npy,11,265,120631.0
device9-1_binary.npy,12,265,120631.0
device9-1_binary.npy,13,265,120631.0
device9-5_binary.npy,0,743,108348.0
device9-5_binary.npy,1,743,108348.0
device9-5_binary.npy,2,743,108348.0
device9-5_binary.npy,3,743,108348.0
device9-5_binary.npy,4,743,108348.0
device9-5_binary.npy,5,431,111468.0
device9-5_binary.npy,6,431,111468.0
device9-5_binary.npy,7,431,111468.0
device9-5_binary.npy,8,431,111468.0
device9-5_binary.npy,9,431,111468.0
device9-5_binary.npy,10,431,111468.0
device9-5_binary.npy,11,431,111468.0
device9-5_binary.npy,12,431,111468.0
device9-5_binary.npy,13,431,111468.0
device9-9_binary.npy,0,829,107916.0
device9-9_binary.npy,1,829,107916.0
device9-9_binary.npy,2,829,107916.0
device9-9_binary.npy,3,829,107916.0
device9-9_binary.npy,4,829,107916.0
device9-9_binary.npy,5,452,111686.0
device9-9_binary.npy,6,452,111686.0
device9-9_binary.npy,7,452,111686.0
device9-9_binary.npy,8,452,111686.0
device9-9_binary.npy,9,452,111686.0
device9-9_binary.npy,10,452,111686.0
device9-9_binary.npy,11,452,111686.0
device9-9_binary.npy,12,452,111686.0
device9-9_binary.npy,13,452,111686.0
dog-13_binary.npy,0,199,5622.0
dog-13_binary.npy,1,199,5622.0
dog-13_binary.npy,2,199,5622.0
dog-13_binary.npy,3,199,5622.0
dog-13_binary.npy,4,199,5622.0
dog-13_binary.npy,5,137,6242.0
dog-13_binary.npy,6,137,6242.0
dog-13_binary.npy,7,137,6242.0
dog-13_binary.npy,8,137,6242.0
dog-13_binary.npy,9,137,6242.0
dog-13_binary.npy,10,137,6242.0
dog-13_binary.npy,11,137,6242.0
dog-13_binary.npy,12,137,6242.0
dog-13_binary.npy,13,137,6242.0
dog-17_binary.npy,0,219,2102.0
dog-17_binary.npy,1,219,2102.0
dog-17_binary.npy,2,219,2102.0
dog-17_binary.npy,3,219,2102.0
dog-17_binary.npy,4,219,2102.0
dog-17_binary.npy,5,127,3022.0
dog-17_binary.npy,6,127,3022.0
dog-17_binary.npy,7,127,3022.0
dog-17_binary.npy,8,127,3022.0
dog-17_binary.npy,9,127,3022.0
dog-17_binary.npy,10,127,3022.0
dog-17_binary.npy,11,127,3022.0
dog-17_binary.npy,12,127,3022.0
dog-17_binary.npy,13,127,3022.0
dog-19_binary.npy,0,1927,30954.0
dog-19_binary.npy,1,1927,30954.0
dog-19_binary.npy,2,1927,30954.0
dog-19_binary.npy,3,1927,30954.0
dog-19_binary.npy,4,1927,30954.0
dog-19_binary.npy,5,1004,40184.0
dog-19_binary.npy,6,1004,40184.0
dog-19_binary.npy,7,1004,40184.0
dog-19_binary.npy,8,1004,40184.0
dog-19_binary.npy,9,1004,40184.0
dog-19_binary.npy,10,1004,40184.0
dog-19_binary.npy,11,1004,40184.0
dog-19_binary.npy,12,1004,40184.0
dog-19_binary.npy,13,1004,40184.0
dog-20_binary.npy,0,275,17697.0
dog-20_binary.npy,1,275,17697.0
dog-20_binary.npy,2,275,17697.0
dog-20_binary.npy,3,275,17697.0
dog-20_binary.npy,4,275,17697.0
dog-20_binary.npy,5,201,18437.0
dog-20_binary.npy,6,201,18437.0
dog-20_binary.npy,7,201,18437.0
dog-20_binary.npy,8,201,18437.0
dog-20_binary.npy,9,201,18437.0
dog-20_binary.npy,10,201,18437.0
dog-20_binary.npy,11,201,18437.0
dog-20_binary.npy,12,201,18437.0
dog-20_binary.npy,13,201,18437.0
elephant-11_binary.npy,0,448,47208.0
elephant-11_binary.npy,1,448,47208.0
elephant-11_binary.npy,2,448,47208.0
elephant-11_binary.npy,3,448,47208.0
elephant-11_binary.npy,4,448,47208.0
elephant-11_binary.npy,5,289,48798.0
elephant-11_binary.npy,6,289,48798.0
elephant-11_binary.npy,7,289,48798.0
elephant-11_binary.npy,8,289,48798.0
elephant-11_binary.npy,9,289,48798.0
elephant-11_binary.npy,10,289,48798.0
elephant-11_binary.npy,11,289,48798.0
elephant-11_binary.npy,12,289,48798.0
elephant-11_binary.npy,13,289,48798.0
elephant-12_binary.npy,0,1203,206762.0
elephant-12_binary.npy,1,1203,206762.0
elephant-12_binary.npy,2,1203,206762.0
elephant-12_binary.npy,3,1203,206762.0
elephant-12_binary.npy,4,1203,206762.0
elephant-12_binary.npy,5,753,211262.0
elephant-12_binary.npy,6,753,211262.0
elephant-12_binary.npy,7,753,211262.0
elephant-12_binary.npy,8,753,211262.0
elephant-12_binary.npy,9,753,211262.0
elephant-12_binary.npy,10,753,211262.0
elephant-12_binary.npy,11,753,211262.0
elephant-12_binary.npy,12,753,211262.0
elephant-12_binary.npy,13,753,211262.0
elephant-17_binary.npy,0,429,20057.0
elephant-17_binary.npy,1,429,20057.0
elephant-17_binary.npy,2,429,20057.0
elephant-17_binary.npy,3,429,20057.0
elephant-17_binary.npy,4,429,20057.0
elephant-17_binary.npy,5,194,22407.0
elephant-17_binary.npy,6,194,22407.0
elephant-17_binary.npy,7,194,22407.0
elephant-17_binary.npy,8,194,22407.0
elephant-17_binary.npy,9,194,22407.0
elephant-17_binary.npy,10,194,22407.0
elephant-17_binary.npy,11,194,22407.0
elephant-17_binary.npy,12,194,22407.0
elephant-17_binary.npy,13,194,22407.0
elephant-7_binary.npy,0,754,119295.0
elephant-7_binary.npy,1,754,119295.0
elephant-7_binary.npy,2,754,119295.0
elephant-7_binary.npy,3,754,119295.0
elephant-7_binary.npy,4,754,119295.0
elephant-7_binary.npy,5,656,120275.0
elephant-7_binary.npy,6,656,120275.0
elephant-7_binary.npy,7,656,120275.0
elephant-7_binary.npy,8,656,120275.0
elephant-7_binary.npy,9,656,120275.0
elephant-7_binary.npy,10,656,120275.0
elephant-7_binary.npy,11,656,120275.0
elephant-7_binary.npy,12,656,120275.0
elephant-7_binary.npy,13,656,120275.0
face-12_binary.npy,0,189,38007.0
face-12_binary.npy,1,189,38007.0
face-12_binary.npy,2,189,38007.0
face-12_binary.npy,3,189,38007.0
face-12_binary.npy,4,189,38007.0
face-12_binary.npy,5,167,38227.0
face-12_binary.npy,6,167,38227.0
face-12_binary.npy,7,167,38227.0
face-12_binary.npy,8,167,38227.0
face-12_binary.npy,9,167,38227.0
face-12_binary.npy,10,167,38227.0
face-12_binary.npy,11,167,38227.0
face-12_binary.npy,12,167,38227.0
face-12_binary.npy,13,167,38227.0
face-14_binary.npy,0,185,37156.0
face-14_binary.npy,1,185,37156.0
face-14_binary.npy,2,185,37156.0
face-14_binary.npy,3,185,37156.0
face-14_binary.npy,4,185,37156.0
face-14_binary.npy,5,164,37366.0
face-14_binary.npy,6,164,37366.0
face-14_binary.npy,7,164,37366.0
face-14_binary.npy,8,164,37366.0
face-14_binary.npy,9,164,37366.0
face-14_binary.npy,10,164,37366.0
face-14_binary.npy,11,164,37366.0
face-14_binary.npy,12,164,37366.0
face-14_binary.npy,13,164,37366.0
face-5_binary.npy,0,194,36831.0
face-5_binary.npy,1,194,36831.0
face-5_binary.npy,2,194,36831.0
face-5_binary.npy,3,194,36831.0
face-5_binary.npy,4,194,36831.0
face-5_binary.npy,5,171,37061.0
face-5_binary.npy,6,171,37061.0
face-5_binary.npy,7,171,37061.0
face-5_binary.npy,8,171,37061.0
face-5_binary.npy,9,171,37061.0
face-5_binary.npy,10,171,37061.0
face-5_binary.npy,11,171,37061.0
face-5_binary.npy,12,171,37061.0
face-5_binary.npy,13,171,37061.0
face-7_binary.npy,0,191,37527.0
face-7_binary.npy,1,191,37527.0
face-7_binary.npy,2,191,37527.0
face-7_binary.npy,3,191,37527.0
face-7_binary.npy,4,191,37527.0
face-7_binary.npy,5,168,37757.0
face-7_binary.npy,6,168,37757.0
face-7_binary.npy,7,168,37757.0
face-7_binary.npy,8,168,37757.0
face-7_binary.npy,9,168,37757.0
face-7_binary.npy,10,168,37757.0
face-7_binary.npy,11,168,37757.0
face-7_binary.npy,12,168,37757.0
face-7_binary.npy,13,168,37757.0
fish-14_binary.npy,0,127,17802.0
fish-14_binary.npy,1,127,17802.0
fish-14_binary.npy,2,127,17802.0
fish-14_binary.npy,3,127,17802.0
fish-14_binary.npy,4,127,17802.0
fish-14_binary.npy,5,101,18062.0
fish-14_binary.npy,6,101,18062.0
fish-14_binary.npy,7,101,18062.0
fish-14_binary.npy,8,101,18062.0
fish-14_binary.npy,9,101,18062.0
fish-14_binary.npy,10,101,18062.0
fish-14_binary.npy,11,101,18062.0
fish-14_binary.npy,12,101,18062.0
fish-14_binary.npy,13,101,18062.0
fish-15_binary.npy,0,75,6769.0
fish-15_binary.npy,1,75,6769.0
fish-15_binary.npy,2,75,6769.0
fish-15_binary.npy,3,75,6769.0
fish-15_binary.npy,4,75,6769.0
fish-15_binary.npy,5,66,6859.0
fish-15_binary.npy,6,66,6859.0
fish-15_binary.npy,7,66,6859.0
fish-15_binary.npy,8,66,6859.0
fish-15_binary.npy,9,66,6859.0
fish-15_binary.npy,10,66,6859.0
fish-15_binary.npy,11,66,6859.0
fish-15_binary.npy,12,66,6859.0
fish-15_binary.npy,13,66,6859.0
fish-5_binary.npy,0,145,13411.0
fish-5_binary.npy,1,145,13411.0
fish-5_binary.npy,2,145,13411.0
fish-5_binary.npy,3,145,13411.0
fish-5_binary.npy,4,145,13411.0
fish-5_binary.npy,5,115,13711.0
fish-5_binary.npy,6,115,13711.0
fish-5_binary.npy,7,115,13711.0
fish-5_binary.npy,8,115,13711.0
fish-5_binary.npy,9,115,13711.0
fish-5_binary.npy,10,115,13711.0
fish-5_binary.npy,11,115,13711.0
fish-5_binary.npy,12,115,13711.0
fish-5_binary.npy,13,115,13711.0
fish-7_binary.npy,0,198,18763.0
fish-7_binary.npy,1,198,18763.0
fish-7_binary.npy,2,198,18763.0
fish-7_binary.npy,3,198,18763.0
fish-7_binary.npy,4,198,18763.0
fish-7_binary.npy,5,153,19213.0
fish-7_binary.npy,6,153,19213.0
fish-7_binary.npy,7,153,19213.0
fish-7_binary.npy,8,153,19213.0
fish-7_binary.npy,9,153,19213.0
fish-7_binary.npy,10,153,19213.0
fish-7_binary.npy,11,153,19213.0
fish-7_binary.npy,12,153,19213.0
fish-7_binary.npy,13,153,19213.0
flatfish-16_binary.npy,0,219,41606.0
flatfish-16_binary.npy,1,219,41606.0
flatfish-16_binary.npy,2,219,41606.0
flatfish-16_binary.npy,3,219,41606.0
flatfish-16_binary.npy,4,219,41606.0
flatfish-16_binary.npy,5,200,41796.0
flatfish-16_binary.npy,6,200,41796.0
flatfish-16_binary.npy,7,200,41796.0
flatfish-16_binary.npy,8,200,41796.0
flatfish-16_binary.npy,9,200,41796.0
flatfish-16_binary.npy,10,200,41796.0
flatfish-16_binary.npy,11,200,41796.0
flatfish-16_binary.npy,12,200,41796.0
flatfish-16_binary.npy,13,200,41796.0
flatfish-18_binary.npy,0,223,43867.0
flatfish-18_binary.npy,1,223,43867.0
flatfish-18_binary.npy,2,223,43867.0
flatfish-18_binary.npy,3,223,43867.0
flatfish-18_binary.npy,4,223,43867.0
flatfish-18_binary.npy,5,211,43987.0
flatfish-18_binary.npy,6,211,43987.0
flatfish-18_binary.npy,7,211,43987.0
flatfish-18_binary.npy,8,211,43987.0
flatfish-18_binary.npy,9,211,43987.0
flatfish-18_binary.npy,10,211,43987.0
flatfish-18_binary.npy,11,211,43987.0
flatfish-18_binary.npy,12,211,43987.0
flatfish-18_binary.npy,13,211,43987.0
flatfish-3_binary.npy,0,294,55893.0
flatfish-3_binary.npy,1,294,55893.0
flatfish-3_binary.npy,2,294,55893.0
flatfish-3_binary.npy,3,294,55893.0
flatfish-3_binary.npy,4,294,55893.0
flatfish-3_binary.npy,5,271,56123.0
flatfish-3_binary.npy,6,271,56123.0
flatfish-3_binary.npy,7,271,56123.0
flatfish-3_binary.npy,8,271,56123.0
flatfish-3_binary.npy,9,271,56123.0
flatfish-3_binary.npy,10,271,56123.0
flatfish-3_binary.npy,11,271,56123.0
flatfish-3_binary.npy,12,271,56123.0
flatfish-3_binary.npy,13,271,56123.0
flatfish-6_binary.npy,0,220,44862.0
flatfish-6_binary.npy,1,220,44862.0
flatfish-6_binary.npy,2,220,44862.0
flatfish-6_binary.npy,3,220,44862.0
flatfish-6_binary.npy,4,220,44862.0
flatfish-6_binary.npy,5,198,45082.0
flatfish-6_binary.npy,6,198,45082.0
flatfish-6_binary.npy,7,198,45082.0
flatfish-6_binary.npy,8,198,45082.0
flatfish-6_binary.npy,9,198,45082.0
flatfish-6_binary.npy,10,198,45082.0
flatfish-6_binary.npy,11,198,45082.0
flatfish-6_binary.npy,12,198,45082.0
flatfish-6_binary.npy,13,198,45082.0
fly-16_binary.npy,0,558,15528.0
fly-16_binary.npy,1,558,15528.0
fly-16_binary.npy,2,558,15528.0
fly-16_binary.npy,3,558,15528.0
fly-16_binary.npy,4,558,15528.0
fly-16_binary.npy,5,426,16848.0
fly-16_binary.npy,6,426,16848.0
fly-16_binary.npy,7,426,16848.0
fly-16_binary.npy,8,426,16848.0
fly-16_binary.npy,9,426,16848.0
fly-16_binary.npy,10,426,16848.0
fly-16_binary.npy,11,426,16848.0
fly-16_binary.npy,12,426,16848.0
fly-16_binary.npy,13,426,16848.0
fly-19_binary.npy,0,489,9582.0
fly-19_binary.npy,1,489,9582.0
fly-19_binary.npy,2,489,9582.0
fly-19_binary.npy,3,489,9582.0
fly-19_binary.npy,4,489,9582.0
fly-19_binary.npy,5,275,11722.0
fly-19_binary.npy,6,275,11722.0
fly-19_binary.npy,7,275,11722.0
fly-19_binary.npy,8,275,11722.0
fly-19_binary.npy,9,275,11722.0
fly-19_binary.npy,10,275,11722.0
fly-19_binary.npy,11,275,11722.0
fly-19_binary.npy,12,275,11722.0
fly-19_binary.npy,13,275,11722.0
fly-2_binary.npy,0,393,14139.0
fly-2_binary.npy,1,393,14139.0
fly-2_binary.npy,2,393,14139.0
fly-2_binary.npy,3,393,14139.0
fly-2_binary.npy,4,393,14139.0
fly-2_binary.npy,5,242,15649.0
fly-2_binary.npy,6,242,15649.0
fly-2_binary.npy,7,242,15649.0
fly-2_binary.npy,8,242,15649.0
fly-2_binary.npy,9,242,15649.0
fly-2_binary.npy,10,242,15649.0
fly-2_binary.npy,11,242,15649.0
fly-2_binary.npy,12,242,15649.0
fly-2_binary.npy,13,242,15649.0
fly-7_binary.npy,0,530,14926.0
fly-7_binary.npy,1,530,14926.0
fly-7_binary.npy,2,530,14926.0
fly-7_binary.npy,3,530,14926.0
fly-7_binary.npy,4,530,14926.0
fly-7_binary.npy,5,399,16236.0
fly-7_binary.npy,6,399,16236.0
fly-7_binary.npy,7,399,16236.0
fly-7_binary.npy,8,399,16236.0
fly-7_binary.npy,9,399,16236.0
fly-7_binary.npy,10,399,16236.0
fly-7_binary.npy,11,399,16236.0
fly-7_binary.npy,12,399,16236.0
fly-7_binary.npy,13,399,16236.0
fork-20_binary.npy,0,159,11103.0
fork-20_binary.npy,1,159,11103.0
fork-20_binary.npy,2,159,11103.0
fork-20_binary.npy,3,159,11103.0
fork-20_binary.npy,4,159,11103.0
fork-20_binary.npy,5,154,11153.0
fork-20_binary.npy,6,154,11153.0
fork-20_binary.npy,7,154,11153.0
fork-20_binary.npy,8,154,11153.0
fork-20_binary.npy,9,154,11153.0
fork-20_binary.npy,10,154,11153.0
fork-20_binary.npy,11,154,11153.0
fork-20_binary.npy,12,154,11153.0
fork-20_binary.npy,13,154,11153.0
fork-4_binary.npy,0,253,24307.0
fork-4_binary.npy,1,253,24307.0
fork-4_binary.npy,2,253,24307.0
fork-4_binary.npy,3,253,24307.0
fork-4_binary.npy,4,253,24307.0
fork-4_binary.npy,5,236,24477.0
fork-4_binary.npy,6,236,24477.0
fork-4_binary.npy,7,236,24477.0
fork-4_binary.npy,8,236,24477.0
fork-4_binary.npy,9,236,24477.0
fork-4_binary.npy,10,236,24477.0
fork-4_binary.npy,11,236,24477.0
fork-4_binary.npy,12,236,24477.0
fork-4_binary.npy,13,236,24477.0
fork-6_binary.npy,0,221,22185.0
fork-6_binary.npy,1,221,22185.0
fork-6_binary.npy,2,221,22185.0
fork-6_binary.npy,3,221,22185.0
fork-6_binary.npy,4,221,22185.0
fork-6_binary.npy,5,203,22365.0
fork-6_binary.npy,6,203,22365.0
fork-6_binary.npy,7,203,22365.0
fork-6_binary.npy,8,203,22365.0
fork-6_binary.npy,9,203,22365.0
fork-6_binary.npy,10,203,22365.0
fork-6_binary.npy,11,203,22365.0
fork-6_binary.npy,12,203,22365.0
fork-6_binary.npy,13,203,22365.0
fork-8_binary.npy,0,160,12547.0
fork-8_binary.npy,1,160,12547.0
fork-8_binary.npy,2,160,12547.0
fork-8_binary.npy,3,160,12547.0
fork-8_binary.npy,4,160,12547.0
fork-8_binary.npy,5,134,12807.0
fork-8_binary.npy,6,134,12807.0
fork-8_binary.npy,7,134,12807.0
fork-8_binary.npy,8,134,12807.0
fork-8_binary.npy,9,134,12807.0
fork-8_binary.npy,10,134,12807.0
fork-8_binary.npy,11,134,12807.0
fork-8_binary.npy,12,134,12807.0
fork-8_binary.npy,13,134,12807.0
fountain-03_binary.npy,0,157,12784.0
fountain-03_binary.npy,1,157,12784.0
fountain-03_binary.npy,2,157,12784.0
fountain-03_binary.npy,3,157,12784.0
fountain-03_binary.npy,4,157,12784.0
fountain-03_binary.npy,5,101,13344.0
fountain-03_binary.npy,6,101,13344.0
fountain-03_binary.npy,7,101,13344.0
fountain-03_binary.npy,8,101,13344.0
fountain-03_binary.npy,9,101,13344.0
fountain-03_binary.npy,10,101,13344.0
fountain-03_binary.npy,11,101,13344.0
fountain-03_binary.npy,12,101,13344.0
fountain-03_binary.npy,13,101,13344.0
fountain-04_binary.npy,0,158,13523.0
fountain-04_binary.npy,1,158,13523.0
fountain-04_binary.npy,2,158,13523.0
fountain-04_binary.npy,3,158,13523.0
fountain-04_binary.npy,4,158,13523.0
fountain-04_binary.npy,5,101,14093.0
fountain-04_binary.npy,6,101,14093.0
fountain-04_binary.npy,7,101,14093.0
fountain-04_binary.npy,8,101,14093.0
fountain-04_binary.npy,9,101,14093.0
fountain-04_binary.npy,10,101,14093.0
fountain-04_binary.npy,11,101,14093.0
fountain-04_binary.npy,12,101,14093.0
fountain-04_binary.npy,13,101,14093.0
fountain-08_binary.npy,0,163,13801.0
fountain-08_binary.npy,1,163,13801.0
fountain-08_binary.npy,2,163,13801.0
fountain-08_binary.npy,3,163,13801.0
fountain-08_binary.npy,4,163,13801.0
fountain-08_binary.npy,5,110,14331.0
fountain-08_binary.npy,6,110,14331.0
fountain-08_binary.npy,7,110,14331.0
fountain-08_binary.npy,8,110,14331.0
fountain-08_binary.npy,9,110,14331.0
fountain-08_binary.npy,10,110,14331.0
fountain-08_binary.npy,11,110,14331.0
fountain-08_binary.npy,12,110,14331.0
fountain-08_binary.npy,13,110,14331.0
fountain-19_binary.npy,0,150,12329.0
fountain-19_binary.npy,1,150,12329.0
fountain-19_binary.npy,2,150,12329.0
fountain-19_binary.npy,3,150,12329.0
fountain-19_binary.npy,4,150,12329.0
fountain-19_binary.npy,5,95,12879.0
fountain-19_binary.npy,6,95,12879.0
fountain-19_binary.npy,7,95,12879.0
fountain-19_binary.npy,8,95,12879.0
fountain-19_binary.npy,9,95,12879.0
fountain-19_binary.npy,10,95,12879.0
fountain-19_binary.npy,11,95,12879.0
fountain-19_binary.npy,12,95,12879.0
fountain-19_binary.npy,13,95,12879.0
frog-10_binary.npy,0,314,37466.0
frog-10_binary.npy,1,314,37466.0
frog-10_binary.npy,2,314,37466.0
frog-10_binary.npy,3,314,37466.0
frog-10_binary.npy,4,314,37466.0
frog-10_binary.npy,5,244,38166.0
frog-10_binary.npy,6,244,38166.0
frog-10_binary.npy,7,244,38166.0
frog-10_binary.npy,8,244,38166.0
frog-10_binary.npy,9,244,38166.0
frog-10_binary.npy,10,244,38166.0
frog-10_binary.npy,11,244,38166.0
frog-10_binary.npy,12,244,38166.0
frog-10_binary.npy,13,244,38166.0
frog-17_binary.npy,0,307,20741.0
frog-17_binary.npy,1,307,20741.0
frog-17_binary.npy,2,307,20741.0
frog-17_binary.npy,3,307,20741.0
frog-17_binary.npy,4,307,20741.0
frog-17_binary.npy,5,217,21641.0
frog-17_binary.npy,6,217,21641.0
frog-17_binary.npy,7,217,21641.0
frog-17_binary.npy,8,217,21641.0
frog-17_binary.npy,9,217,21641.0
frog-17_binary.npy,10,217,21641.0
frog-17_binary.npy,11,217,21641.0
frog-17_binary.npy,12,217,21641.0
frog-17_binary.npy,13,217,21641.0
frog-1_binary.npy,0,329,38648.0
frog-1_binary.npy,1,329,38648.0
frog-1_binary.npy,2,329,38648.0
frog-1_binary.npy,3,329,38648.0
frog-1_binary.npy,4,329,38648.0
frog-1_binary.npy,5,252,39418.0
frog-1_binary.npy,6,252,39418.0
frog-1_binary.npy,7,252,39418.0
frog-1_binary.npy,8,252,39418.0
frog-1_binary.npy,9,252,39418.0
frog-1_binary.npy,10,252,39418.0
frog-1_binary.npy,11,252,39418.0
frog-1_binary.npy,12,252,39418.0
frog-1_binary.npy,13,252,39418.0
frog-7_binary.npy,0,401,53456.0
frog-7_binary.npy,1,401,53456.0
frog-7_binary.npy,2,401,53456.0
frog-7_binary.npy,3,401,53456.0
frog-7_binary.npy,4,401,53456.0
frog-7_binary.npy,5,334,54126.0
frog-7_binary.npy,6,334,54126.0
frog-7_binary.npy,7,334,54126.0
frog-7_binary.npy,8,334,54126.0
frog-7_binary.npy,9,334,54126.0
frog-7_binary.npy,10,334,54126.0
frog-7_binary.npy,11,334,54126.0
frog-7_binary.npy,12,334,54126.0
frog-7_binary.npy,13,334,54126.0
guitar-10_binary.npy,0,417,79149.0
guitar-10_binary.npy,1,417,79149.0
guitar-10_binary.npy,2,417,79149.0
guitar-10_binary.npy,3,417,79149.0
guitar-10_binary.npy,4,417,79149.0
guitar-10_binary.npy,5,354,79779.0
guitar-10_binary.npy,6,354,79779.0
guitar-10_binary.npy,7,354,79779.0
guitar-10_binary.npy,8,354,79779.0
guitar-10_binary.npy,9,354,79779.0
guitar-10_binary.npy,10,354,79779.0
guitar-10_binary.npy,11,354,79779.0
guitar-10_binary.npy,12,354,79779.0
guitar-10_binary.npy,13,354,79779.0
guitar-12_binary.npy,0,227,14619.0
guitar-12_binary.npy,1,227,14619.0
guitar-12_binary.npy,2,227,14619.0
guitar-12_binary.npy,3,227,14619.0
guitar-12_binary.npy,4,227,14619.0
guitar-12_binary.npy,5,192,14969.0
guitar-12_binary.npy,6,192,14969.0
guitar-12_binary.npy,7,192,14969.0
guitar-12_binary.npy,8,192,14969.0
guitar-12_binary.npy,9,192,14969.0
guitar-12_binary.npy,10,192,14969.0
guitar-12_binary.npy,11,192,14969.0
guitar-12_binary.npy,12,192,14969.0
guitar-12_binary.npy,13,192,14969.0
guitar-17_binary.npy,0,357,41758.0
guitar-17_binary.npy,1,357,41758.0
guitar-17_binary.npy,2,357,41758.0
guitar-17_binary.npy,3,357,41758.0
guitar-17_binary.npy,4,357,41758.0
guitar-17_binary.npy,5,309,42238.0
guitar-17_binary.npy,6,309,42238.0
guitar-17_binary.npy,7,309,42238.0
guitar-17_binary.npy,8,309,42238.0
guitar-17_binary.npy,9,309,42238.0
guitar-17_binary.npy,10,309,42238.0
guitar-17_binary.npy,11,309,42238.0
guitar-17_binary.npy,12,309,42238.0
guitar-17_binary.npy,13,309,42238.0
guitar-8_binary.npy,0,247,23968.0
guitar-8_binary.npy,1,247,23968.0
guitar-8_binary.npy,2,247,23968.0
guitar-8_binary.npy,3,247,23968.0
guitar-8_binary.npy,4,247,23968.0
guitar-8_binary.npy,5,204,24398.0
guitar-8_binary.npy,6,204,24398.0
guitar-8_binary.npy,7,204,24398.0
guitar-8_binary.npy,8,204,24398.0
guitar-8_binary.npy,9,204,24398.0
guitar-8_binary.npy,10,204,24398.0
guitar-8_binary.npy,11,204,24398.0
guitar-8_binary.npy,12,204,24398.0
guitar-8_binary.npy,13,204,24398.0
hammer-11_binary.npy,0,99,5730.0
hammer-11_binary.npy,1,99,5730.0
hammer-11_binary.npy,2,99,5730.0
hammer-11_binary.npy,3,99,5730.0
hammer-11_binary.npy,4,99,5730.0
hammer-11_binary.npy,5,36,6360.0
hammer-11_binary.npy,6,36,6360.0
hammer-11_binary.npy,7,36,6360.0
hammer-11_binary.npy,8,36,6360.0
hammer-11_binary.npy,9,36,6360.0
hammer-11_binary.npy,10,36,6360.0
hammer-11_binary.npy,11,36,6360.0
hammer-11_binary.npy,12,36,6360.0
hammer-11_binary.npy,13,36,6360.0
hammer-12_binary.npy,0,99,5106.0
hammer-12_binary.npy,1,99,5106.0
hammer-12_binary.npy,2,99,5106.0
hammer-12_binary.npy,3,99,5106.0
hammer-12_binary.npy,4,99,5106.0
hammer-12_binary.npy,5,36,5736.0
hammer-12_binary.npy,6,36,5736.0
hammer-12_binary.npy,7,36,5736.0
hammer-12_binary.npy,8,36,5736.0
hammer-12_binary.npy,9,36,5736.0
hammer-12_binary.npy,10,36,5736.0
hammer-12_binary.npy,11,36,5736.0
hammer-12_binary.npy,12,36,5736.0
hammer-12_binary.npy,13,36,5736.0
hammer-17_binary.npy,0,107,5732.0
hammer-17_binary.npy,1,107,5732.0
hammer-17_binary.npy,2,107,5732.0
hammer-17_binary.npy,3,107,5732.0
hammer-17_binary.npy,4,107,5732.0
hammer-17_binary.npy,5,41,6392.0
hammer-17_binary.npy,6,41,6392.0
hammer-17_binary.npy,7,41,6392.0
hammer-17_binary.npy,8,41,6392.0
hammer-17_binary.npy,9,41,6392.0
hammer-17_binary.npy,10,41,6392.0
hammer-17_binary.npy,11,41,6392.0
hammer-17_binary.npy,12,41,6392.0
hammer-17_binary.npy,13,41,6392.0
hammer-9_binary.npy,0,99,5730.0
hammer-9_binary.npy,1,99,5730.0
hammer-9_binary.npy,2,99,5730.0
hammer-9_binary.npy,3,99,5730.0
hammer-9_binary.npy,4,99,5730.0
hammer-9_binary.npy,5,36,6360.0
hammer-9_binary.npy,6,36,6360.0
hammer-9_binary.npy,7,36,6360.0
hammer-9_binary.npy,8,36,6360.0
hammer-9_binary.npy,9,36,6360.0
hammer-9_binary.npy,10,36,6360.0
hammer-9_binary.npy,11,36,6360.0
hammer-9_binary.npy,12,36,6360.0
hammer-9_binary.npy,13,36,6360.0
hat-12_binary.npy,0,114,10242.0
hat-12_binary.npy,1,114,10242.0
hat-12_binary.npy,2,114,10242.0
hat-12_binary.npy,3,114,10242.0
hat-12_binary.npy,4,114,10242.0
hat-12_binary.npy,5,45,10932.0
hat-12_binary.npy,6,45,10932.0
hat-12_binary.npy,7,45,10932.0
hat-12_binary.npy,8,45,10932.0
hat-12_binary.npy,9,45,10932.0
hat-12_binary.npy,10,45,10932.0
hat-12_binary.npy,11,45,10932.0
hat-12_binary.npy,12,45,10932.0
hat-12_binary.npy,13,45,10932.0
hat-17_binary.npy,0,130,21676.0
hat-17_binary.npy,1,130,21676.0
hat-17_binary.npy,2,130,21676.0
hat-17_binary.npy,3,130,21676.0
hat-17_binary.npy,4,130,21676.0
hat-17_binary.npy,5,74,22236.0
hat-17_binary.npy,6,74,22236.0
hat-17_binary.npy,7,74,22236.0
hat-17_binary.npy,8,74,22236.0
hat-17_binary.npy,9,74,22236.0
hat-17_binary.npy,10,74,22236.0
hat-17_binary.npy,11,74,22236.0
hat-17_binary.npy,12,74,22236.0
hat-17_binary.npy,13,74,22236.0
hat-1_binary.npy,0,182,27773.0
hat-1_binary.npy,1,182,27773.0
hat-1_binary.npy,2,182,27773.0
hat-1_binary.npy,3,182,27773.0
hat-1_binary.npy,4,182,27773.0
hat-1_binary.npy,5,80,28793.0
hat-1_binary.npy,6,80,28793.0
hat-1_binary.npy,7,80,28793.0
hat-1_binary.npy,8,80,28793.0
hat-1_binary.npy,9,80,28793.0
hat-1_binary.npy,10,80,28793.0
hat-1_binary.npy,11,80,28793.0
hat-1_binary.npy,12,80,28793.0
hat-1_binary.npy,13,80,28793.0
hat-6_binary.npy,0,77,3148.0
hat-6_binary.npy,1,77,3148.0
hat-6_binary.npy,2,77,3148.0
hat-6_binary.npy,3,77,3148.0
hat-6_binary.npy,4,77,3148.0
hat-6_binary.npy,5,33,3588.0
hat-6_binary.npy,6,33,3588.0
hat-6_binary.npy,7,33,3588.0
hat-6_binary.npy,8,33,3588.0
hat-6_binary.npy,9,33,3588.0
hat-6_binary.npy,10,33,3588.0
hat-6_binary.npy,11,33,3588.0
hat-6_binary.npy,12,33,3588.0
hat-6_binary.npy,13,33,3588.0
horse-14_binary.npy,0,1212,136499.0
horse-14_binary.npy,1,1212,136499.0
horse-14_binary.npy,2,1212,136499.0
horse-14_binary.npy,3,1212,136499.0
horse-14_binary.npy,4,1212,136499.0
horse-14_binary.npy,5,1019,138429.0
horse-14_binary.npy,6,1019,138429.0
horse-14_binary.npy,7,1019,138429.0
horse-14_binary.npy,8,1019,138429.0
horse-14_binary.npy,9,1019,138429.0
horse-14_binary.npy,10,1019,138429.0
horse-14_binary.npy,11,1019,138429.0
horse-14_binary.npy,12,1019,138429.0
horse-14_binary.npy,13,1019,138429.0
horse-16_binary.npy,0,1036,107482.0
horse-16_binary.npy,1,1036,107482.0
horse-16_binary.npy,2,1036,107482.0
horse-16_binary.npy,3,1036,107482.0
horse-16_binary.npy,4,1036,107482.0
horse-16_binary.npy,5,860,109242.0
horse-16_binary.npy,6,860,109242.0
horse-16_binary.npy,7,860,109242.0
horse-16_binary.npy,8,860,109242.0
horse-16_binary.npy,9,860,109242.0
horse-16_binary.npy,10,860,109242.0
horse-16_binary.npy,11,860,109242.0
horse-16_binary.npy,12,860,109242.0
horse-16_binary.npy,13,860,109242.0
horse-18_binary.npy,0,512,27389.0
horse-18_binary.npy,1,512,27389.0
horse-18_binary.npy,2,512,27389.0
horse-18_binary.npy,3,512,27389.0
horse-18_binary.npy,4,512,27389.0
horse-18_binary.npy,5,377,28739.0
horse-18_binary.npy,6,377,28739.0
horse-18_binary.npy,7,377,28739.0
horse-18_binary.npy,8,377,28739.0
horse-18_binary.npy,9,377,28739.0
horse-18_binary.npy,10,377,28739.0
horse-18_binary.npy,11,377,28739.0
horse-18_binary.npy,12,377,28739.0
horse-18_binary.npy,13,377,28739.0
horse-5_binary.npy,0,551,25781.0
horse-5_binary.npy,1,551,25781.0
horse-5_binary.npy,2,551,25781.0
horse-5_binary.npy,3,551,25781.0
horse-5_binary.npy,4,551,25781.0
horse-5_binary.npy,5,366,27631.0
horse-5_binary.npy,6,366,27631.0
horse-5_binary.npy,7,366,27631.0
horse-5_binary.npy,8,366,27631.0
horse-5_binary.npy,9,366,27631.0
horse-5_binary.npy,10,366,27631.0
horse-5_binary.npy,11,366,27631.0
horse-5_binary.npy,12,366,27631.0
horse-5_binary.npy,13,366,27631.0
horseshoe-17_binary.npy,0,116,3604.0
horseshoe-17_binary.npy,1,116,3604.0
horseshoe-17_binary.npy,2,116,3604.0
horseshoe-17_binary.npy,3,116,3604.0
horseshoe-17_binary.npy,4,116,3604.0
horseshoe-17_binary.npy,5,91,3854.0
horseshoe-17_binary.npy,6,91,3854.0
horseshoe-17_binary.npy,7,91,3854.0
horseshoe-17_binary.npy,8,91,3854.0
horseshoe-17_binary.npy,9,91,3854.0
horseshoe-17_binary.npy,10,91,3854.0
horseshoe-17_binary.npy,11,91,3854.0
horseshoe-17_binary.npy,12,91,3854.0
horseshoe-17_binary.npy,13,91,3854.0
horseshoe-5_binary.npy,0,173,1763.0
horseshoe-5_binary.npy,1,173,1763.0
horseshoe-5_binary.npy,2,173,1763.0
horseshoe-5_binary.npy,3,173,1763.0
horseshoe-5_binary.npy,4,173,1763.0
horseshoe-5_binary.npy,5,113,2363.0
horseshoe-5_binary.npy,6,113,2363.0
horseshoe-5_binary.npy,7,113,2363.0
horseshoe-5_binary.npy,8,113,2363.0
horseshoe-5_binary.npy,9,113,2363.0
horseshoe-5_binary.npy,10,113,2363.0
horseshoe-5_binary.npy,11,113,2363.0
horseshoe-5_binary.npy,12,113,2363.0
horseshoe-5_binary.npy,13,113,2363.0
horseshoe-8_binary.npy,0,63,1096.0
horseshoe-8_binary.npy,1,63,1096.0
horseshoe-8_binary.npy,2,63,1096.0
horseshoe-8_binary.npy,3,63,1096.0
horseshoe-8_binary.npy,4,63,1096.0
horseshoe-8_binary.npy,5,49,1236.0
horseshoe-8_binary.npy,6,49,1236.0
horseshoe-8_binary.npy,7,49,1236.0
horseshoe-8_binary.npy,8,49,1236.0
horseshoe-8_binary.npy,9,49,1236.0
horseshoe-8_binary.npy,10,49,1236.0
horseshoe-8_binary.npy,11,49,1236.0
horseshoe-8_binary.npy,12,49,1236.0
horseshoe-8_binary.npy,13,49,1236.0
horseshoe-9_binary.npy,0,116,3604.0
horseshoe-9_binary.npy,1,116,3604.0
horseshoe-9_binary.npy,2,116,3604.0
horseshoe-9_binary.npy,3,116,3604.0
horseshoe-9_binary.npy,4,116,3604.0
horseshoe-9_binary.npy,5,91,3854.0
horseshoe-9_binary.npy,6,91,3854.0
horseshoe-9_binary.npy,7,91,3854.0
horseshoe-9_binary.npy,8,91,3854.0
horseshoe-9_binary.npy,9,91,3854.0
horseshoe-9_binary.npy,10,91,3854.0
horseshoe-9_binary.npy,11,91,3854.0
horseshoe-9_binary.npy,12,91,3854.0
horseshoe-9_binary.npy,13,91,3854.0
jar-13_binary.npy,0,375,79021.0
jar-13_binary.npy,1,375,79021.0
jar-13_binary.npy,2,375,79021.0
jar-13_binary.npy,3,375,79021.0
jar-13_binary.npy,4,375,79021.0
jar-13_binary.npy,5,254,80231.0
jar-13_binary.npy,6,254,80231.0
jar-13_binary.npy,7,254,80231.0
jar-13_binary.npy,8,254,80231.0
jar-13_binary.npy,9,254,80231.0
jar-13_binary.npy,10,254,80231.0
jar-13_binary.npy,11,254,80231.0
jar-13_binary.npy,12,254,80231.0
jar-13_binary.npy,13,254,80231.0
jar-16_binary.npy,0,644,117130.0
jar-16_binary.npy,1,644,117130.0
jar-16_binary.npy,2,644,117130.0
jar-16_binary.npy,3,644,117130.0
jar-16_binary.npy,4,644,117130.0
jar-16_binary.npy,5,331,120260.0
jar-16_binary.npy,6,331,120260.0
jar-16_binary.npy,7,331,120260.0
jar-16_binary.npy,8,331,120260.0
jar-16_binary.npy,9,331,120260.0
jar-16_binary.npy,10,331,120260.0
jar-16_binary.npy,11,331,120260.0
jar-16_binary.npy,12,331,120260.0
jar-16_binary.npy,13,331,120260.0
jar-3_binary.npy,0,295,66543.0
jar-3_binary.npy,1,295,66543.0
jar-3_binary.npy,2,295,66543.0
jar-3_binary.npy,3,295,66543.0
jar-3_binary.npy,4,295,66543.0
jar-3_binary.npy,5,241,67083.0
jar-3_binary.npy,6,241,67083.0
jar-3_binary.npy,7,241,67083.0
jar-3_binary.npy,8,241,67083.0
jar-3_binary.npy,9,241,67083.0
jar-3_binary.npy,10,241,67083.0
jar-3_binary.npy,11,241,67083.0
jar-3_binary.npy,12,241,67083.0
jar-3_binary.npy,13,241,67083.0
jar-5_binary.npy,0,304,44238.0
jar-5_binary.npy,1,304,44238.0
jar-5_binary.npy,2,304,44238.0
jar-5_binary.npy,3,304,44238.0
jar-5_binary.npy,4,304,44238.0
jar-5_binary.npy,5,138,45898.0
jar-5_binary.npy,6,138,45898.0
jar-5_binary.npy,7,138,45898.0
jar-5_binary.npy,8,138,45898.0
jar-5_binary.npy,9,138,45898.0
jar-5_binary.npy,10,138,45898.0
jar-5_binary.npy,11,138,45898.0
jar-5_binary.npy,12,138,45898.0
jar-5_binary.npy,13,138,45898.0
key-13_binary.npy,0,211,27458.0
key-13_binary.npy,1,211,27458.0
key-13_binary.npy,2,211,27458.0
key-13_binary.npy,3,211,27458.0
key-13_binary.npy,4,211,27458.0
key-13_binary.npy,5,203,27538.0
key-13_binary.npy,6,203,27538.0
key-13_binary.npy,7,203,27538.0
key-13_binary.npy,8,203,27538.0
key-13_binary.npy,9,203,27538.0
key-13_binary.npy,10,203,27538.0
key-13_binary.npy,11,203,27538.0
key-13_binary.npy,12,203,27538.0
key-13_binary.npy,13,203,27538.0
key-20_binary.npy,0,168,20991.0
key-20_binary.npy,1,168,20991.0
key-20_binary.npy,2,168,20991.0
key-20_binary.npy,3,168,20991.0
key-20_binary.npy,4,168,20991.0
key-20_binary.npy,5,159,21081.0
key-20_binary.npy,6,159,21081.0
key-20_binary.npy,7,159,21081.0
key-20_binary.npy,8,159,21081.0
key-20_binary.npy,9,159,21081.0
key-20_binary.npy,10,159,21081.0
key-20_binary.npy,11,159,21081.0
key-20_binary.npy,12,159,21081.0
key-20_binary.npy,13,159,21081.0
key-3_binary.npy,0,160,22525.0
key-3_binary.npy,1,160,22525.0
key-3_binary.npy,2,160,22525.0
key-3_binary.npy,3,160,22525.0
key-3_binary.npy,4,160,22525.0
key-3_binary.npy,5,128,22845.0
key-3_binary.npy,6,128,22845.0
key-3_binary.npy,7,128,22845.0
key-3_binary.npy,8,128,22845.0
key-3_binary.npy,9,128,22845.0
key-3_binary.npy,10,128,22845.0
key-3_binary.npy,11,128,22845.0
key-3_binary.npy,12,128,22845.0
key-3_binary.npy,13,128,22845.0
key-8_binary.npy,0,164,20871.0
key-8_binary.npy,1,164,20871.0
key-8_binary.npy,2,164,20871.0
key-8_binary.npy,3,164,20871.0
key-8_binary.npy,4,164,20871.0
key-8_binary.npy,5,151,21001.0
key-8_binary.npy,6,151,21001.0
key-8_binary.npy,7,151,21001.0
key-8_binary.npy,8,151,21001.0
key-8_binary.npy,9,151,21001.0
key-8_binary.npy,10,151,21001.0
key-8_binary.npy,11,151,21001.0
key-8_binary.npy,12,151,21001.0
key-8_binary.npy,13,151,21001.0
lizzard-11_binary.npy,0,577,20851.0
lizzard-11_binary.npy,1,577,20851.0
lizzard-11_binary.npy,2,577,20851.0
lizzard-11_binary.npy,3,577,20851.0
lizzard-11_binary.npy,4,577,20851.0
lizzard-11_binary.npy,5,425,22371.0
lizzard-11_binary.npy,6,425,22371.0
lizzard-11_binary.npy,7,425,22371.0
lizzard-11_binary.npy,8,425,22371.0
lizzard-11_binary.npy,9,425,22371.0
lizzard-11_binary.npy,10,425,22371.0
lizzard-11_binary.npy,11,425,22371.0
lizzard-11_binary.npy,12,425,22371.0
lizzard-11_binary.npy,13,425,22371.0
lizzard-13_binary.npy,0,517,21620.0
lizzard-13_binary.npy,1,517,21620.0
lizzard-13_binary.npy,2,517,21620.0
lizzard-13_binary.npy,3,517,21620.0
lizzard-13_binary.npy,4,517,21620.0
lizzard-13_binary.npy,5,367,23120.0
lizzard-13_binary.npy,6,367,23120.0
lizzard-13_binary.npy,7,367,23120.0
lizzard-13_binary.npy,8,367,23120.0
lizzard-13_binary.npy,9,367,23120.0
lizzard-13_binary.npy,10,367,23120.0
lizzard-13_binary.npy,11,367,23120.0
lizzard-13_binary.npy,12,367,23120.0
lizzard-13_binary.npy,13,367,23120.0
lizzard-3_binary.npy,0,472,26976.0
lizzard-3_binary.npy,1,472,26976.0
lizzard-3_binary.npy,2,472,26976.0
lizzard-3_binary.npy,3,472,26976.0
lizzard-3_binary.npy,4,472,26976.0
lizzard-3_binary.npy,5,340,28296.0
lizzard-3_binary.npy,6,340,28296.0
lizzard-3_binary.npy,7,340,28296.0
lizzard-3_binary.npy,8,340,28296.0
lizzard-3_binary.npy,9,340,28296.0
lizzard-3_binary.npy,10,340,28296.0
lizzard-3_binary.npy,11,340,28296.0
lizzard-3_binary.npy,12,340,28296.0
lizzard-3_binary.npy,13,340,28296.0
lizzard-4_binary.npy,0,472,26976.0
lizzard-4_binary.npy,1,472,26976.0
lizzard-4_binary.npy,2,472,26976.0
lizzard-4_binary.npy,3,472,26976.0
lizzard-4_binary.npy,4,472,26976.0
lizzard-4_binary.npy,5,340,28296.0
lizzard-4_binary.npy,6,340,28296.0
lizzard-4_binary.npy,7,340,28296.0
lizzard-4_binary.npy,8,340,28296.0
lizzard-4_binary.npy,9,340,28296.0
lizzard-4_binary.npy,10,340,28296.0
lizzard-4_binary.npy,11,340,28296.0
lizzard-4_binary.npy,12,340,28296.0
lizzard-4_binary.npy,13,340,28296.0
lmfish-11_binary.npy,0,389,23696.0
lmfish-11_binary.npy,1,389,23696.0
lmfish-11_binary.npy,2,389,23696.0
lmfish-11_binary.npy,3,389,23696.0
lmfish-11_binary.npy,4,389,23696.0
lmfish-11_binary.npy,5,352,24066.0
lmfish-11_binary.npy,6,352,24066.0
lmfish-11_binary.npy,7,352,24066.0
lmfish-11_binary.npy,8,352,24066.0
lmfish-11_binary.npy,9,352,24066.0
lmfish-11_binary.npy,10,352,24066.0
lmfish-11_binary.npy,11,352,24066.0
lmfish-11_binary.npy,12,352,24066.0
lmfish-11_binary.npy,13,352,24066.0
lmfish-13_binary.npy,0,166,15770.0
lmfish-13_binary.npy,1,166,15770.0
lmfish-13_binary.npy,2,166,15770.0
lmfish-13_binary.npy,3,166,15770.0
lmfish-13_binary.npy,4,166,15770.0
lmfish-13_binary.npy,5,141,16020.0
lmfish-13_binary.npy,6,141,16020.0
lmfish-13_binary.npy,7,141,16020.0
lmfish-13_binary.npy,8,141,16020.0
lmfish-13_binary.npy,9,141,16020.0
lmfish-13_binary.npy,10,141,16020.0
lmfish-13_binary.npy,11,141,16020.0
lmfish-13_binary.npy,12,141,16020.0
lmfish-13_binary.npy,13,141,16020.0
lmfish-1_binary.npy,0,512,86340.0
lmfish-1_binary.npy,1,512,86340.0
lmfish-1_binary.npy,2,512,86340.0
lmfish-1_binary.npy,3,512,86340.0
lmfish-1_binary.npy,4,512,86340.0
lmfish-1_binary.npy,5,451,86950.0
lmfish-1_binary.npy,6,451,86950.0
lmfish-1_binary.npy,7,451,86950.0
lmfish-1_binary.npy,8,451,86950.0
lmfish-1_binary.npy,9,451,86950.0
lmfish-1_binary.npy,10,451,86950.0
lmfish-1_binary.npy,11,451,86950.0
lmfish-1_binary.npy,12,451,86950.0
lmfish-1_binary.npy,13,451,86950.0
lmfish-2_binary.npy,0,666,90227.0
lmfish-2_binary.npy,1,666,90227.0
lmfish-2_binary.npy,2,666,90227.0
lmfish-2_binary.npy,3,666,90227.0
lmfish-2_binary.npy,4,666,90227.0
lmfish-2_binary.npy,5,441,92477.0
lmfish-2_binary.npy,6,441,92477.0
lmfish-2_binary.npy,7,441,92477.0
lmfish-2_binary.npy,8,441,92477.0
lmfish-2_binary.npy,9,441,92477.0
lmfish-2_binary.npy,10,441,92477.0
lmfish-2_binary.npy,11,441,92477.0
lmfish-2_binary.npy,12,441,92477.0
lmfish-2_binary.npy,13,441,92477.0
octopus-16_binary.npy,0,594,13423.0
octopus-16_binary.npy,1,594,13423.0
octopus-16_binary.npy,2,594,13423.0
octopus-16_binary.npy,3,594,13423.0
octopus-16_binary.npy,4,594,13423.0
octopus-16_binary.npy,5,432,15043.0
octopus-16_binary.npy,6,432,15043.0
octopus-16_binary.npy,7,432,15043.0
octopus-16_binary.npy,8,432,15043.0
octopus-16_binary.npy,9,432,15043.0
octopus-16_binary.npy,10,432,15043.0
octopus-16_binary.npy,11,432,15043.0
octopus-16_binary.npy,12,432,15043.0
octopus-16_binary.npy,13,432,15043.0
octopus-17_binary.npy,0,512,11625.0
octopus-17_binary.npy,1,512,11625.0
octopus-17_binary.npy,2,512,11625.0
octopus-17_binary.npy,3,512,11625.0
octopus-17_binary.npy,4,512,11625.0
octopus-17_binary.npy,5,339,13355.0
octopus-17_binary.npy,6,339,13355.0
octopus-17_binary.npy,7,339,13355.0
octopus-17_binary.npy,8,339,13355.0
octopus-17_binary.npy,9,339,13355.0
octopus-17_binary.npy,10,339,13355.0
octopus-17_binary.npy,11,339,13355.0
octopus-17_binary.npy,12,339,13355.0
octopus-17_binary.npy,13,339,13355.0
octopus-4_binary.npy,0,343,21104.0
octopus-4_binary.npy,1,343,21104.0
octopus-4_binary.npy,2,343,21104.0
octopus-4_binary.npy,3,343,21104.0
octopus-4_binary.npy,4,343,21104.0
octopus-4_binary.npy,5,301,21524.0
octopus-4_binary.npy,6,301,21524.0
octopus-4_binary.npy,7,301,21524.0
octopus-4_binary.npy,8,301,21524.0
octopus-4_binary.npy,9,301,21524.0
octopus-4_binary.npy,10,301,21524.0
octopus-4_binary.npy,11,301,21524.0
octopus-4_binary.npy,12,301,21524.0
octopus-4_binary.npy,13,301,21524.0
octopus-8_binary.npy,0,347,27796.0
octopus-8_binary.npy,1,347,27796.0
octopus-8_binary.npy,2,347,27796.0
octopus-8_binary.npy,3,347,27796.0
octopus-8_binary.npy,4,347,27796.0
octopus-8_binary.npy,5,273,28536.0
octopus-8_binary.npy,6,273,28536.0
octopus-8_binary.npy,7,273,28536.0
octopus-8_binary.npy,8,273,28536.0
octopus-8_binary.npy,9,273,28536.0
octopus-8_binary.npy,10,273,28536.0
octopus-8_binary.npy,11,273,28536.0
octopus-8_binary.npy,12,273,28536.0
octopus-8_binary.npy,13,273,28536.0
pencil-14_binary.npy,0,49,9895.0
pencil-14_binary.npy,1,49,9895.0
pencil-14_binary.npy,2,49,9895.0
pencil-14_binary.npy,3,49,9895.0
pencil-14_binary.npy,4,49,9895.0
pencil-14_binary.npy,5,46,9925.0
pencil-14_binary.npy,6,46,9925.0
pencil-14_binary.npy,7,46,9925.0
pencil-14_binary.npy,8,46,9925.0
pencil-14_binary.npy,9,46,9925.0
pencil-14_binary.npy,10,46,9925.0
pencil-14_binary.npy,11,46,9925.0
pencil-14_binary.npy,12,46,9925.0
pencil-14_binary.npy,13,46,9925.0
pencil-15_binary.npy,0,100,6861.0
pencil-15_binary.npy,1,100,6861.0
pencil-15_binary.npy,2,100,6861.0
pencil-15_binary.npy,3,100,6861.0
pencil-15_binary.npy,4,100,6861.0
pencil-15_binary.npy,5,100,6861.0
pencil-15_binary.npy,6,100,6861.0
pencil-15_binary.npy,7,100,6861.0
pencil-15_binary.npy,8,100,6861.0
pencil-18_binary.npy,0,139,9137.0
pencil-18_binary.npy,1,139,9137.0
pencil-18_binary.npy,2,139,9137.0
pencil-18_binary.npy,3,139,9137.0
pencil-18_binary.npy,4,139,9137.0
pencil-18_binary.npy,5,139,9137.0
pencil-18_binary.npy,6,139,9137.0
pencil-18_binary.npy,7,139,9137.0
pencil-18_binary.npy,8,139,9137.0
pencil-3_binary.npy,0,73,13025.0
pencil-3_binary.npy,1,73,13025.0
pencil-3_binary.npy,2,73,13025.0
pencil-3_binary.npy,3,73,13025.0
pencil-3_binary.npy,4,73,13025.0
pencil-3_binary.npy,5,69,13065.0
pencil-3_binary.npy,6,69,13065.0
pencil-3_binary.npy,7,69,13065.0
pencil-3_binary.npy,8,69,13065.0
pencil-3_binary.npy,9,69,13065.0
pencil-3_binary.npy,10,69,13065.0
pencil-3_binary.npy,11,69,13065.0
pencil-3_binary.npy,12,69,13065.0
pencil-3_binary.npy,13,69,13065.0
personal_car-12_binary.npy,0,174,35637.0
personal_car-12_binary.npy,1,174,35637.0
personal_car-12_binary.npy,2,174,35637.0
personal_car-12_binary.npy,3,174,35637.0
personal_car-12_binary.npy,4,174,35637.0
personal_car-12_binary.npy,5,155,35827.0
personal_car-12_binary.npy,6,155,35827.0
personal_car-12_binary.npy,7,155,35827.0
personal_car-12_binary.npy,8,155,35827.0
personal_car-12_binary.npy,9,155,35827.0
personal_car-12_binary.npy,10,155,35827.0
personal_car-12_binary.npy,11,155,35827.0
personal_car-12_binary.npy,12,155,35827.0
personal_car-12_binary.npy,13,155,35827.0
personal_car-17_binary.npy,0,240,51643.0
personal_car-17_binary.npy,1,240,51643.0
personal_car-17_binary.npy,2,240,51643.0
personal_car-17_binary.npy,3,240,51643.0
personal_car-17_binary.npy,4,240,51643.0
personal_car-17_binary.npy,5,201,52033.0
personal_car-17_binary.npy,6,201,52033.0
personal_car-17_binary.npy,7,201,52033.0
personal_car-17_binary.npy,8,201,52033.0
personal_car-17_binary.npy,9,201,52033.0
personal_car-17_binary.npy,10,201,52033.0
personal_car-17_binary.npy,11,201,52033.0
personal_car-17_binary.npy,12,201,52033.0
personal_car-17_binary.npy,13,201,52033.0
personal_car-4_binary.npy,0,134,20849.0
personal_car-4_binary.npy,1,134,20849.0
personal_car-4_binary.npy,2,134,20849.0
personal_car-4_binary.npy,3,134,20849.0
personal_car-4_binary.npy,4,134,20849.0
personal_car-4_binary.npy,5,112,21069.0
personal_car-4_binary.npy,6,112,21069.0
personal_car-4_binary.npy,7,112,21069.0
personal_car-4_binary.npy,8,112,21069.0
personal_car-4_binary.npy,9,112,21069.0
personal_car-4_binary.npy,10,112,21069.0
personal_car-4_binary.npy,11,112,21069.0
personal_car-4_binary.npy,12,112,21069.0
personal_car-4_binary.npy,13,112,21069.0
personal_car-9_binary.npy,0,196,37067.0
personal_car-9_binary.npy,1,196,37067.0
personal_car-9_binary.npy,2,196,37067.0
personal_car-9_binary.npy,3,196,37067.0
personal_car-9_binary.npy,4,196,37067.0
personal_car-9_binary.npy,5,165,37377.0
personal_car-9_binary.npy,6,165,37377.0
personal_car-9_binary.npy,7,165,37377.0
personal_car-9_binary.npy,8,165,37377.0
personal_car-9_binary.npy,9,165,37377.0
personal_car-9_binary.npy,10,165,37377.0
personal_car-9_binary.npy,11,165,37377.0
personal_car-9_binary.npy,12,165,37377.0
personal_car-9_binary.npy,13,165,37377.0
pocket-10_binary.npy,0,172,3959.0
pocket-10_binary.npy,1,172,3959.0
pocket-10_binary.npy,2,172,3959.0
pocket-10_binary.npy,3,172,3959.0
pocket-10_binary.npy,4,172,3959.0
pocket-10_binary.npy,5,114,4539.0
pocket-10_binary.npy,6,114,4539.0
pocket-10_binary.npy,7,114,4539.0
pocket-10_binary.npy,8,114,4539.0
pocket-10_binary.npy,9,114,4539.0
pocket-10_binary.npy,10,114,4539.0
pocket-10_binary.npy,11,114,4539.0
pocket-10_binary.npy,12,114,4539.0
pocket-10_binary.npy,13,114,4539.0
pocket-11_binary.npy,0,1629,75508.0
pocket-11_binary.npy,1,1629,75508.0
pocket-11_binary.npy,2,1629,75508.0
pocket-11_binary.npy,3,1629,75508.0
pocket-11_binary.npy,4,1629,75508.0
pocket-11_binary.npy,5,1170,80098.0
pocket-11_binary.npy,6,1170,80098.0
pocket-11_binary.npy,7,1170,80098.0
pocket-11_binary.npy,8,1170,80098.0
pocket-11_binary.npy,9,1170,80098.0
pocket-11_binary.npy,10,1170,80098.0
pocket-11_binary.npy,11,1170,80098.0
pocket-11_binary.npy,12,1170,80098.0
pocket-11_binary.npy,13,1170,80098.0
pocket-13_binary.npy,0,311,25188.0
pocket-13_binary.npy,1,311,25188.0
pocket-13_binary.npy,2,311,25188.0
pocket-13_binary.npy,3,311,25188.0
pocket-13_binary.npy,4,311,25188.0
pocket-13_binary.npy,5,200,26298.0
pocket-13_binary.npy,6,200,26298.0
pocket-13_binary.npy,7,200,26298.0
pocket-13_binary.npy,8,200,26298.0
pocket-13_binary.npy,9,200,26298.0
pocket-13_binary.npy,10,200,26298.0
pocket-13_binary.npy,11,200,26298.0
pocket-13_binary.npy,12,200,26298.0
pocket-13_binary.npy,13,200,26298.0
pocket-7_binary.npy,0,271,6029.0
pocket-7_binary.npy,1,271,6029.0
pocket-7_binary.npy,2,271,6029.0
pocket-7_binary.npy,3,271,6029.0
pocket-7_binary.npy,4,271,6029.0
pocket-7_binary.npy,5,157,7169.0
pocket-7_binary.npy,6,157,7169.0
pocket-7_binary.npy,7,157,7169.0
pocket-7_binary.npy,8,157,7169.0
pocket-7_binary.npy,9,157,7169.0
pocket-7_binary.npy,10,157,7169.0
pocket-7_binary.npy,11,157,7169.0
pocket-7_binary.npy,12,157,7169.0
pocket-7_binary.npy,13,157,7169.0
rat-03_binary.npy,0,309,10410.0
rat-03_binary.npy,1,309,10410.0
rat-03_binary.npy,2,309,10410.0
rat-03_binary.npy,3,309,10410.0
rat-03_binary.npy,4,309,10410.0
rat-03_binary.npy,5,215,11350.0
rat-03_binary.npy,6,215,11350.0
rat-03_binary.npy,7,215,11350.0
rat-03_binary.npy,8,215,11350.0
rat-03_binary.npy,9,215,11350.0
rat-03_binary.npy,10,215,11350.0
rat-03_binary.npy,11,215,11350.0
rat-03_binary.npy,12,215,11350.0
rat-03_binary.npy,13,215,11350.0
rat-06_binary.npy,0,315,10648.0
rat-06_binary.npy,1,315,10648.0
rat-06_binary.npy,2,315,10648.0
rat-06_binary.npy,3,315,10648.0
rat-06_binary.npy,4,315,10648.0
rat-06_binary.npy,5,197,11828.0
rat-06_binary.npy,6,197,11828.0
rat-06_binary.npy,7,197,11828.0
rat-06_binary.npy,8,197,11828.0
rat-06_binary.npy,9,197,11828.0
rat-06_binary.npy,10,197,11828.0
rat-06_binary.npy,11,197,11828.0
rat-06_binary.npy,12,197,11828.0
rat-06_binary.npy,13,197,11828.0
rat-08_binary.npy,0,318,10271.0
rat-08_binary.npy,1,318,10271.0
rat-08_binary.npy,2,318,10271.0
rat-08_binary.npy,3,318,10271.0
rat-08_binary.npy,4,318,10271.0
rat-08_binary.npy,5,198,11471.0
rat-08_binary.npy,6,198,11471.0
rat-08_binary.npy,7,198,11471.0
rat-08_binary.npy,8,198,11471.0
rat-08_binary.npy,9,198,11471.0
rat-08_binary.npy,10,198,11471.0
rat-08_binary.npy,11,198,11471.0
rat-08_binary.npy,12,198,11471.0
rat-08_binary.npy,13,198,11471.0
rat-14_binary.npy,0,335,8947.0
rat-14_binary.npy,1,335,8947.0
rat-14_binary.npy,2,335,8947.0
rat-14_binary.npy,3,335,8947.0
rat-14_binary.npy,4,335,8947.0
rat-14_binary.npy,5,205,10247.0
rat-14_binary.npy,6,205,10247.0
rat-14_binary.npy,7,205,10247.0
rat-14_binary.npy,8,205,10247.0
rat-14_binary.npy,9,205,10247.0
rat-14_binary.npy,10,205,10247.0
rat-14_binary.npy,11,205,10247.0
rat-14_binary.npy,12,205,10247.0
rat-14_binary.npy,13,205,10247.0
ray-16_binary.npy,0,463,61849.0
ray-16_binary.npy,1,463,61849.0
ray-16_binary.npy,2,463,61849.0
ray-16_binary.npy,3,463,61849.0
ray-16_binary.npy,4,463,61849.0
ray-16_binary.npy,5,365,62829.0
ray-16_binary.npy,6,365,62829.0
ray-16_binary.npy,7,365,62829.0
ray-16_binary.npy,8,365,62829.0
ray-16_binary.npy,9,365,62829.0
ray-16_binary.npy,10,365,62829.0
ray-16_binary.npy,11,365,62829.0
ray-16_binary.npy,12,365,62829.0
ray-16_binary.npy,13,365,62829.0
ray-2_binary.npy,0,517,66885.0
ray-2_binary.npy,1,517,66885.0
ray-2_binary.npy,2,517,66885.0
ray-2_binary.npy,3,517,66885.0
ray-2_binary.npy,4,517,66885.0
ray-2_binary.npy,5,330,68755.0
ray-2_binary.npy,6,330,68755.0
ray-2_binary.npy,7,330,68755.0
ray-2_binary.npy,8,330,68755.0
ray-2_binary.npy,9,330,68755.0
ray-2_binary.npy,10,330,68755.0
ray-2_binary.npy,11,330,68755.0
ray-2_binary.npy,12,330,68755.0
ray-2_binary.npy,13,330,68755.0
ray-5_binary.npy,0,276,25752.0
ray-5_binary.npy,1,276,25752.0
ray-5_binary.npy,2,276,25752.0
ray-5_binary.npy,3,276,25752.0
ray-5_binary.npy,4,276,25752.0
ray-5_binary.npy,5,157,26942.0
ray-5_binary.npy,6,157,26942.0
ray-5_binary.npy,7,157,26942.0
ray-5_binary.npy,8,157,26942.0
ray-5_binary.npy,9,157,26942.0
ray-5_binary.npy,10,157,26942.0
ray-5_binary.npy,11,157,26942.0
ray-5_binary.npy,12,157,26942.0
ray-5_binary.npy,13,157,26942.0
ray-9_binary.npy,0,560,82699.0
ray-9_binary.npy,1,560,82699.0
ray-9_binary.npy,2,560,82699.0
ray-9_binary.npy,3,560,82699.0
ray-9_binary.npy,4,560,82699.0
ray-9_binary.npy,5,426,84039.0
ray-9_binary.npy,6,426,84039.0
ray-9_binary.npy,7,426,84039.0
ray-9_binary.npy,8,426,84039.0
ray-9_binary.npy,9,426,84039.0
ray-9_binary.npy,10,426,84039.0
ray-9_binary.npy,11,426,84039.0
ray-9_binary.npy,12,426,84039.0
ray-9_binary.npy,13,426,84039.0
sea_snake-10_binary.npy,0,136,1855.0
sea_snake-10_binary.npy,1,136,1855.0
sea_snake-10_binary.npy,2,136,1855.0
sea_snake-10_binary.npy,3,136,1855.0
sea_snake-10_binary.npy,4,136,1855.0
sea_snake-10_binary.npy,5,122,1995.0
sea_snake-10_binary.npy,6,122,1995.0
sea_snake-10_binary.npy,7,122,1995.0
sea_snake-10_binary.npy,8,122,1995.0
sea_snake-10_binary.npy,9,122,1995.0
sea_snake-10_binary.npy,10,122,1995.0
sea_snake-10_binary.npy,11,122,1995.0
sea_snake-10_binary.npy,12,122,1995.0
sea_snake-10_binary.npy,13,122,1995.0
sea_snake-11_binary.npy,0,353,19337.0
sea_snake-11_binary.npy,1,353,19337.0
sea_snake-11_binary.npy,2,353,19337.0
sea_snake-11_binary.npy,3,353,19337.0
sea_snake-11_binary.npy,4,353,19337.0
sea_snake-11_binary.npy,5,316,19707.0
sea_snake-11_binary.npy,6,316,19707.0
sea_snake-11_binary.npy,7,316,19707.0
sea_snake-11_binary.npy,8,316,19707.0
sea_snake-11_binary.npy,9,316,19707.0
sea_snake-11_binary.npy,10,316,19707.0
sea_snake-11_binary.npy,11,316,19707.0
sea_snake-11_binary.npy,12,316,19707.0
sea_snake-11_binary.npy,13,316,19707.0
sea_snake-15_binary.npy,0,343,20062.0
sea_snake-15_binary.npy,1,343,20062.0
sea_snake-15_binary.npy,2,343,20062.0
sea_snake-15_binary.npy,3,343,20062.0
sea_snake-15_binary.npy,4,343,20062.0
sea_snake-15_binary.npy,5,249,21002.0
sea_snake-15_binary.npy,6,249,21002.0
sea_snake-15_binary.npy,7,249,21002.0
sea_snake-15_binary.npy,8,249,21002.0
sea_snake-15_binary.npy,9,249,21002.0
sea_snake-15_binary.npy,10,249,21002.0
sea_snake-15_binary.npy,11,249,21002.0
sea_snake-15_binary.npy,12,249,21002.0
sea_snake-15_binary.npy,13,249,21002.0
sea_snake-2_binary.npy,0,295,5570.0
sea_snake-2_binary.npy,1,295,5570.0
sea_snake-2_binary.npy,2,295,5570.0
sea_snake-2_binary.npy,3,295,5570.0
sea_snake-2_binary.npy,4,295,5570.0
sea_snake-2_binary.npy,5,255,5970.0
sea_snake-2_binary.npy,6,255,5970.0
sea_snake-2_binary.npy,7,255,5970.0
sea_snake-2_binary.npy,8,255,5970.0
sea_snake-2_binary.npy,9,255,5970.0
sea_snake-2_binary.npy,10,255,5970.0
sea_snake-2_binary.npy,11,255,5970.0
sea_snake-2_binary.npy,12,255,5970.0
sea_snake-2_binary.npy,13,255,5970.0
shapedata_binary.npy,0,2470,99597.0
shapedata_binary.npy,1,2470,99597.0
shapedata_binary.npy,2,2470,99597.0
shapedata_binary.npy,3,2470,99597.0
shapedata_binary.npy,4,2470,99597.0
shapedata_binary.npy,5,713,117167.0
shapedata_binary.npy,6,713,117167.0
shapedata_binary.npy,7,713,117167.0
shapedata_binary.npy,8,713,117167.0
shapedata_binary.npy,9,713,117167.0
shapedata_binary.npy,10,713,117167.0
shapedata_binary.npy,11,713,117167.0
shapedata_binary.npy,12,713,117167.0
shapedata_binary.npy,13,713,117167.0
shoe-18_binary.npy,0,198,46071.0
shoe-18_binary.npy,1,198,46071.0
shoe-18_binary.npy,2,198,46071.0
shoe-18_binary.npy,3,198,46071.0
shoe-18_binary.npy,4,198,46071.0
shoe-18_binary.npy,5,172,46331.0
shoe-18_binary.npy,6,172,46331.0
shoe-18_binary.npy,7,172,46331.0
shoe-18_binary.npy,8,172,46331.0
shoe-18_binary.npy,9,172,46331.0
shoe-18_binary.npy,10,172,46331.0
shoe-18_binary.npy,11,172,46331.0
shoe-18_binary.npy,12,172,46331.0
shoe-18_binary.npy,13,172,46331.0
shoe-19_binary.npy,0,224,62074.0
shoe-19_binary.npy,1,224,62074.0
shoe-19_binary.npy,2,224,62074.0
shoe-19_binary.npy,3,224,62074.0
shoe-19_binary.npy,4,224,62074.0
shoe-19_binary.npy,5,192,62394.0
shoe-19_binary.npy,6,192,62394.0
shoe-19_binary.npy,7,192,62394.0
shoe-19_binary.npy,8,192,62394.0
shoe-19_binary.npy,9,192,62394.0
shoe-19_binary.npy,10,192,62394.0
shoe-19_binary.npy,11,192,62394.0
shoe-19_binary.npy,12,192,62394.0
shoe-19_binary.npy,13,192,62394.0
shoe-3_binary.npy,0,237,60992.0
shoe-3_binary.npy,1,237,60992.0
shoe-3_binary.npy,2,237,60992.0
shoe-3_binary.npy,3,237,60992.0
shoe-3_binary.npy,4,237,60992.0
shoe-3_binary.npy,5,205,61312.0
shoe-3_binary.npy,6,205,61312.0
shoe-3_binary.npy,7,205,61312.0
shoe-3_binary.npy,8,205,61312.0
shoe-3_binary.npy,9,205,61312.0
shoe-3_binary.npy,10,205,61312.0
shoe-3_binary.npy,11,205,61312.0
shoe-3_binary.npy,12,205,61312.0
shoe-3_binary.npy,13,205,61312.0
shoe-4_binary.npy,0,182,47814.0
shoe-4_binary.npy,1,182,47814.0
shoe-4_binary.npy,2,182,47814.0
shoe-4_binary.npy,3,182,47814.0
shoe-4_binary.npy,4,182,47814.0
shoe-4_binary.npy,5,147,48164.0
shoe-4_binary.npy,6,147,48164.0
shoe-4_binary.npy,7,147,48164.0
shoe-4_binary.npy,8,147,48164.0
shoe-4_binary.npy,9,147,48164.0
shoe-4_binary.npy,10,147,48164.0
shoe-4_binary.npy,11,147,48164.0
shoe-4_binary.npy,12,147,48164.0
shoe-4_binary.npy,13,147,48164.0
spoon-14_binary.npy,0,96,10143.0
spoon-14_binary.npy,1,96,10143.0
spoon-14_binary.npy,2,96,10143.0
spoon-14_binary.npy,3,96,10143.0
spoon-14_binary.npy,4,96,10143.0
spoon-14_binary.npy,5,85,10253.0
spoon-14_binary.npy,6,85,10253.0
spoon-14_binary.npy,7,85,10253.0
spoon-14_binary.npy,8,85,10253.0
spoon-14_binary.npy,9,85,10253.0
spoon-14_binary.npy,10,85,10253.0
spoon-14_binary.npy,11,85,10253.0
spoon-14_binary.npy,12,85,10253.0
spoon-14_binary.npy,13,85,10253.0
spoon-16_binary.npy,0,248,10757.0
spoon-16_binary.npy,1,248,10757.0
spoon-16_binary.npy,2,248,10757.0
spoon-16_binary.npy,3,248,10757.0
spoon-16_binary.npy,4,248,10757.0
spoon-16_binary.npy,5,213,11107.0
spoon-16_binary.npy,6,213,11107.0
spoon-16_binary.npy,7,213,11107.0
spoon-16_binary.npy,8,213,11107.0
spoon-16_binary.npy,9,213,11107.0
spoon-16_binary.npy,10,213,11107.0
spoon-16_binary.npy,11,213,11107.0
spoon-16_binary.npy,12,213,11107.0
spoon-16_binary.npy,13,213,11107.0
spoon-5_binary.npy,0,177,8768.0
spoon-5_binary.npy,1,177,8768.0
spoon-5_binary.npy,2,177,8768.0
spoon-5_binary.npy,3,177,8768.0
spoon-5_binary.npy,4,177,8768.0
spoon-5_binary.npy,5,168,8858.0
spoon-5_binary.npy,6,168,8858.0
spoon-5_binary.npy,7,168,8858.0
spoon-5_binary.npy,8,168,8858.0
spoon-5_binary.npy,9,168,8858.0
spoon-5_binary.npy,10,168,8858.0
spoon-5_binary.npy,11,168,8858.0
spoon-5_binary.npy,12,168,8858.0
spoon-5_binary.npy,13,168,8858.0
spoon-7_binary.npy,0,177,8768.0
spoon-7_binary.npy,1,177,8768.0
spoon-7_binary.npy,2,177,8768.0
spoon-7_binary.npy,3,177,8768.0
spoon-7_binary.npy,4,177,8768.0
spoon-7_binary.npy,5,168,8858.0
spoon-7_binary.npy,6,168,8858.0
spoon-7_binary.npy,7,168,8858.0
spoon-7_binary.npy,8,168,8858.0
spoon-7_binary.npy,9,168,8858.0
spoon-7_binary.npy,10,168,8858.0
spoon-7_binary.npy,11,168,8858.0
spoon-7_binary.npy,12,168,8858.0
spoon-7_binary.npy,13,168,8858.0
spring-11_binary.npy,0,323,2816.0
spring-11_binary.npy,1,323,2816.0
spring-11_binary.npy,2,323,2816.0
spring-11_binary.npy,3,323,2816.0
spring-11_binary.npy,4,323,2816.0
spring-11_binary.npy,5,234,3706.0
spring-11_binary.npy,6,234,3706.0
spring-11_binary.npy,7,234,3706.0
spring-11_binary.npy,8,234,3706.0
spring-11_binary.npy,9,234,3706.0
spring-11_binary.npy,10,234,3706.0
spring-11_binary.npy,11,234,3706.0
spring-11_binary.npy,12,234,3706.0
spring-11_binary.npy,13,234,3706.0
spring-16_binary.npy,0,347,3960.0
spring-16_binary.npy,1,347,3960.0
spring-16_binary.npy,2,347,3960.0
spring-16_binary.npy,3,347,3960.0
spring-16_binary.npy,4,347,3960.0
spring-16_binary.npy,5,261,4820.0
spring-16_binary.npy,6,261,4820.0
spring-16_binary.npy,7,261,4820.0
spring-16_binary.npy,8,261,4820.0
spring-16_binary.npy,9,261,4820.0
spring-16_binary.npy,10,261,4820.0
spring-16_binary.npy,11,261,4820.0
spring-16_binary.npy,12,261,4820.0
spring-16_binary.npy,13,261,4820.0
spring-19_binary.npy,0,576,7426.0
spring-19_binary.npy,1,576,7426.0
spring-19_binary.npy,2,576,7426.0
spring-19_binary.npy,3,576,7426.0
spring-19_binary.npy,4,576,7426.0
spring-19_binary.npy,5,398,9206.0
spring-19_binary.npy,6,398,9206.0
spring-19_binary.npy,7,398,9206.0
spring-19_binary.npy,8,398,9206.0
spring-19_binary.npy,9,398,9206.0
spring-19_binary.npy,10,398,9206.0
spring-19_binary.npy,11,398,9206.0
spring-19_binary.npy,12,398,9206.0
spring-19_binary.npy,13,398,9206.0
spring-7_binary.npy,0,609,10314.0
spring-7_binary.npy,1,609,10314.0
spring-7_binary.npy,2,609,10314.0
spring-7_binary.npy,3,609,10314.0
spring-7_binary.npy,4,609,10314.0
spring-7_binary.npy,5,428,12124.0
spring-7_binary.npy,6,428,12124.0
spring-7_binary.npy,7,428,12124.0
spring-7_binary.npy,8,428,12124.0
spring-7_binary.npy,9,428,12124.0
spring-7_binary.npy,10,428,12124.0
spring-7_binary.npy,11,428,12124.0
spring-7_binary.npy,12,428,12124.0
spring-7_binary.npy,13,428,12124.0
stef-02_binary.npy,0,158,1671.0
stef-02_binary.npy,1,158,1671.0
stef-02_binary.npy,2,158,1671.0
stef-02_binary.npy,3,158,1671.0
stef-02_binary.npy,4,158,1671.0
stef-02_binary.npy,5,133,1921.0
stef-02_binary.npy,6,133,1921.0
stef-02_binary.npy,7,133,1921.0
stef-02_binary.npy,8,133,1921.0
stef-02_binary.npy,9,133,1921.0
stef-02_binary.npy,10,133,1921.0
stef-02_binary.npy,11,133,1921.0
stef-02_binary.npy,12,133,1921.0
stef-02_binary.npy,13,133,1921.0
stef-11_binary.npy,0,107,1058.0
stef-11_binary.npy,1,107,1058.0
stef-11_binary.npy,2,107,1058.0
stef-11_binary.npy,3,107,1058.0
stef-11_binary.npy,4,107,1058.0
stef-11_binary.npy,5,87,1258.0
stef-11_binary.npy,6,87,1258.0
stef-11_binary.npy,7,87,1258.0
stef-11_binary.npy,8,87,1258.0
stef-11_binary.npy,9,87,1258.0
stef-11_binary.npy,10,87,1258.0
stef-11_binary.npy,11,87,1258.0
stef-11_binary.npy,12,87,1258.0
stef-11_binary.npy,13,87,1258.0
stef-16_binary.npy,0,89,881.0
stef-16_binary.npy,1,89,881.0
stef-16_binary.npy,2,89,881.0
stef-16_binary.npy,3,89,881.0
stef-16_binary.npy,4,89,881.0
stef-16_binary.npy,5,62,1151.0
stef-16_binary.npy,6,62,1151.0
stef-16_binary.npy,7,62,1151.0
stef-16_binary.npy,8,62,1151.0
stef-16_binary.npy,9,62,1151.0
stef-16_binary.npy,10,62,1151.0
stef-16_binary.npy,11,62,1151.0
stef-16_binary.npy,12,62,1151.0
stef-16_binary.npy,13,62,1151.0
stef-19_binary.npy,0,112,897.0
stef-19_binary.npy,1,112,897.0
stef-19_binary.npy,2,112,897.0
stef-19_binary.npy,3,112,897.0
stef-19_binary.npy,4,112,897.0
stef-19_binary.npy,5,84,1177.0
stef-19_binary.npy,6,84,1177.0
stef-19_binary.npy,7,84,1177.0
stef-19_binary.npy,8,84,1177.0
stef-19_binary.npy,9,84,1177.0
stef-19_binary.npy,10,84,1177.0
stef-19_binary.npy,11,84,1177.0
stef-19_binary.npy,12,84,1177.0
stef-19_binary.npy,13,84,1177.0
teddy-02_binary.npy,0,269,25178.0
teddy-02_binary.npy,1,269,25178.0
teddy-02_binary.npy,2,269,25178.0
teddy-02_binary.npy,3,269,25178.0
teddy-02_binary.npy,4,269,25178.0
teddy-02_binary.npy,5,204,25828.0
teddy-02_binary.npy,6,204,25828.0
teddy-02_binary.npy,7,204,25828.0
teddy-02_binary.npy,8,204,25828.0
teddy-02_binary.npy,9,204,25828.0
teddy-02_binary.npy,10,204,25828.0
teddy-02_binary.npy,11,204,25828.0
teddy-02_binary.npy,12,204,25828.0
teddy-02_binary.npy,13,204,25828.0
teddy-06_binary.npy,0,278,24668.0
teddy-06_binary.npy,1,278,24668.0
teddy-06_binary.npy,2,278,24668.0
teddy-06_binary.npy,3,278,24668.0
teddy-06_binary.npy,4,278,24668.0
teddy-06_binary.npy,5,204,25408.0
teddy-06_binary.npy,6,204,25408.0
teddy-06_binary.npy,7,204,25408.0
teddy-06_binary.npy,8,204,25408.0
teddy-06_binary.npy,9,204,25408.0
teddy-06_binary.npy,10,204,25408.0
teddy-06_binary.npy,11,204,25408.0
teddy-06_binary.npy,12,204,25408.0
teddy-06_binary.npy,13,204,25408.0
teddy-17_binary.npy,0,270,25136.0
teddy-17_binary.npy,1,270,25136.0
teddy-17_binary.npy,2,270,25136.0
teddy-17_binary.npy,3,270,25136.0
teddy-17_binary.npy,4,270,25136.0
teddy-17_binary.npy,5,204,25796.0
teddy-17_binary.npy,6,204,25796.0
teddy-17_binary.npy,7,204,25796.0
teddy-17_binary.npy,8,204,25796.0
teddy-17_binary.npy,9,204,25796.0
teddy-17_binary.npy,10,204,25796.0
teddy-17_binary.npy,11,204,25796.0
teddy-17_binary.npy,12,204,25796.0
teddy-17_binary.npy,13,204,25796.0
teddy-20_binary.npy,0,288,24928.0
teddy-20_binary.npy,1,288,24928.0
teddy-20_binary.npy,2,288,24928.0
teddy-20_binary.npy,3,288,24928.0
teddy-20_binary.npy,4,288,24928.0
teddy-20_binary.npy,5,219,25618.0
teddy-20_binary.npy,6,219,25618.0
teddy-20_binary.npy,7,219,25618.0
teddy-20_binary.npy,8,219,25618.0
teddy-20_binary.npy,9,219,25618.0
teddy-20_binary.npy,10,219,25618.0
teddy-20_binary.npy,11,219,25618.0
teddy-20_binary.npy,12,219,25618.0
teddy-20_binary.npy,13,219,25618.0
tree-12_binary.npy,0,100,9417.0
tree-12_binary.npy,1,100,9417.0
tree-12_binary.npy,2,100,9417.0
tree-12_binary.npy,3,100,9417.0
tree-12_binary.npy,4,100,9417.0
tree-12_binary.npy,5,96,9457.0
tree-12_binary.npy,6,96,9457.0
tree-12_binary.npy,7,96,9457.0
tree-12_binary.npy,8,96,9457.0
tree-12_binary.npy,9,96,9457.0
tree-12_binary.npy,10,96,9457.0
tree-12_binary.npy,11,96,9457.0
tree-12_binary.npy,12,96,9457.0
tree-12_binary.npy,13,96,9457.0
tree-15_binary.npy,0,236,11219.0
tree-15_binary.npy,1,236,11219.0
tree-15_binary.npy,2,236,11219.0
tree-15_binary.npy,3,236,11219.0
tree-15_binary.npy,4,236,11219.0
tree-15_binary.npy,5,150,12079.0
tree-15_binary.npy,6,150,12079.0
tree-15_binary.npy,7,150,12079.0
tree-15_binary.npy,8,150,12079.0
tree-15_binary.npy,9,150,12079.0
tree-15_binary.npy,10,150,12079.0
tree-15_binary.npy,11,150,12079.0
tree-15_binary.npy,12,150,12079.0
tree-15_binary.npy,13,150,12079.0
tree-6_binary.npy,0,477,15465.0
tree-6_binary.npy,1,477,15465.0
tree-6_binary.npy,2,477,15465.0
tree-6_binary.npy,3,477,15465.0
tree-6_binary.npy,4,477,15465.0
tree-6_binary.npy,5,223,18005.0
tree-6_binary.npy,6,223,18005.0
tree-6_binary.npy,7,223,18005.0
tree-6_binary.npy,8,223,18005.0
tree-6_binary.npy,9,223,18005.0
tree-6_binary.npy,10,223,18005.0
tree-6_binary.npy,11,223,18005.0
tree-6_binary.npy,12,223,18005.0
tree-6_binary.npy,13,223,18005.0
tree-8_binary.npy,0,384,28248.0
tree-8_binary.npy,1,384,28248.0
tree-8_binary.npy,2,384,28248.0
tree-8_binary.npy,3,384,28248.0
tree-8_binary.npy,4,384,28248.0
tree-8_binary.npy,5,241,29678.0
tree-8_binary.npy,6,241,29678.0
tree-8_binary.npy,7,241,29678.0
tree-8_binary.npy,8,241,29678.0
tree-8_binary.npy,9,241,29678.0
tree-8_binary.npy,10,241,29678.0
tree-8_binary.npy,11,241,29678.0
tree-8_binary.npy,12,241,29678.0
tree-8_binary.npy,13,241,29678.0
truck-03_binary.npy,0,64,2774.0
truck-03_binary.npy,1,64,2774.0
truck-03_binary.npy,2,64,2774.0
truck-03_binary.npy,3,64,2774.0
truck-03_binary.npy,4,64,2774.0
truck-03_binary.npy,5,45,2964.0
truck-03_binary.npy,6,45,2964.0
truck-03_binary.npy,7,45,2964.0
truck-03_binary.npy,8,45,2964.0
truck-03_binary.npy,9,45,2964.0
truck-03_binary.npy,10,45,2964.0
truck-03_binary.npy,11,45,2964.0
truck-03_binary.npy,12,45,2964.0
truck-03_binary.npy,13,45,2964.0
truck-08_binary.npy,0,57,3162.0
truck-08_binary.npy,1,57,3162.0
truck-08_binary.npy,2,57,3162.0
truck-08_binary.npy,3,57,3162.0
truck-08_binary.npy,4,57,3162.0
truck-08_binary.npy,5,41,3322.0
truck-08_binary.npy,6,41,3322.0
truck-08_binary.npy,7,41,3322.0
truck-08_binary.npy,8,41,3322.0
truck-08_binary.npy,9,41,3322.0
truck-08_binary.npy,10,41,3322.0
truck-08_binary.npy,11,41,3322.0
truck-08_binary.npy,12,41,3322.0
truck-08_binary.npy,13,41,3322.0
truck-13_binary.npy,0,66,3543.0
truck-13_binary.npy,1,66,3543.0
truck-13_binary.npy,2,66,3543.0
truck-13_binary.npy,3,66,3543.0
truck-13_binary.npy,4,66,3543.0
truck-13_binary.npy,5,51,3693.0
truck-13_binary.npy,6,51,3693.0
truck-13_binary.npy,7,51,3693.0
truck-13_binary.npy,8,51,3693.0
truck-13_binary.npy,9,51,3693.0
truck-13_binary.npy,10,51,3693.0
truck-13_binary.npy,11,51,3693.0
truck-13_binary.npy,12,51,3693.0
truck-13_binary.npy,13,51,3693.0
truck-20_binary.npy,0,73,4000.0
truck-20_binary.npy,1,73,4000.0
truck-20_binary.npy,2,73,4000.0
truck-20_binary.npy,3,73,4000.0
truck-20_binary.npy,4,73,4000.0
truck-20_binary.npy,5,47,4260.0
truck-20_binary.npy,6,47,4260.0
truck-20_binary.npy,7,47,4260.0
truck-20_binary.npy,8,47,4260.0
truck-20_binary.npy,9,47,4260.0
truck-20_binary.npy,10,47,4260.0
truck-20_binary.npy,11,47,4260.0
truck-20_binary.npy,12,47,4260.0
truck-20_binary.npy,13,47,4260.0
turtle-11_binary.npy,0,294,28777.0
turtle-11_binary.npy,1,294,28777.0
turtle-11_binary.npy,2,294,28777.0
turtle-11_binary.npy,3,294,28777.0
turtle-11_binary.npy,4,294,28777.0
turtle-11_binary.npy,5,235,29367.0
turtle-11_binary.npy,6,235,29367.0
turtle-11_binary.npy,7,235,29367.0
turtle-11_binary.npy,8,235,29367.0
turtle-11_binary.npy,9,235,29367.0
turtle-11_binary.npy,10,235,29367.0
turtle-11_binary.npy,11,235,29367.0
turtle-11_binary.npy,12,235,29367.0
turtle-11_binary.npy,13,235,29367.0
turtle-13_binary.npy,0,343,43997.0
turtle-13_binary.npy,1,343,43997.0
turtle-13_binary.npy,2,343,43997.0
turtle-13_binary.npy,3,343,43997.0
turtle-13_binary.npy,4,343,43997.0
turtle-13_binary.npy,5,284,44587.0
turtle-13_binary.npy,6,284,44587.0
turtle-13_binary.npy,7,284,44587.0
turtle-13_binary.npy,8,284,44587.0
turtle-13_binary.npy,9,284,44587.0
turtle-13_binary.npy,10,284,44587.0
turtle-13_binary.npy,11,284,44587.0
turtle-13_binary.npy,12,284,44587.0
turtle-13_binary.npy,13,284,44587.0
turtle-17_binary.npy,0,290,27500.0
turtle-17_binary.npy,1,290,27500.0
turtle-17_binary.npy,2,290,27500.0
turtle-17_binary.npy,3,290,27500.0
turtle-17_binary.npy,4,290,27500.0
turtle-17_binary.npy,5,240,28000.0
turtle-17_binary.npy,6,240,28000.0
turtle-17_binary.npy,7,240,28000.0
turtle-17_binary.npy,8,240,28000.0
turtle-17_binary.npy,9,240,28000.0
turtle-17_binary.npy,10,240,28000.0
turtle-17_binary.npy,11,240,28000.0
turtle-17_binary.npy,12,240,28000.0
turtle-17_binary.npy,13,240,28000.0
turtle-8_binary.npy,0,320,45136.0
turtle-8_binary.npy,1,320,45136.0
turtle-8_binary.npy,2,320,45136.0
turtle-8_binary.npy,3,320,45136.0
turtle-8_binary.npy,4,320,45136.0
turtle-8_binary.npy,5,260,45736.0
turtle-8_binary.npy,6,260,45736.0
turtle-8_binary.npy,7,260,45736.0
turtle-8_binary.npy,8,260,45736.0
turtle-8_binary.npy,9,260,45736.0
turtle-8_binary.npy,10,260,45736.0
turtle-8_binary.npy,11,260,45736.0
turtle-8_binary.npy,12,260,45736.0
turtle-8_binary.npy,13,260,45736.0
watch-12_binary.npy,0,115,20375.0
watch-12_binary.npy,1,115,20375.0
watch-12_binary.npy,2,115,20375.0
watch-12_binary.npy,3,115,20375.0
watch-12_binary.npy,4,115,20375.0
watch-12_binary.npy,5,85,20675.0
watch-12_binary.npy,6,85,20675.0
watch-12_binary.npy,7,85,20675.0
watch-12_binary.npy,8,85,20675.0
watch-12_binary.npy,9,85,20675.0
watch-12_binary.npy,10,85,20675.0
watch-12_binary.npy,11,85,20675.0
watch-12_binary.npy,12,85,20675.0
watch-12_binary.npy,13,85,20675.0
watch-3_binary.npy,0,94,21508.0
watch-3_binary.npy,1,94,21508.0
watch-3_binary.npy,2,94,21508.0
watch-3_binary.npy,3,94,21508.0
watch-3_binary.npy,4,94,21508.0
watch-3_binary.npy,5,65,21798.0
watch-3_binary.npy,6,65,21798.0
watch-3_binary.npy,7,65,21798.0
watch-3_binary.npy,8,65,21798.0
watch-3_binary.npy,9,65,21798.0
watch-3_binary.npy,10,65,21798.0
watch-3_binary.npy,11,65,21798.0
watch-3_binary.npy,12,65,21798.0
watch-3_binary.npy,13,65,21798.0
watch-6_binary.npy,0,118,29854.0
watch-6_binary.npy,1,118,29854.0
watch-6_binary.npy,2,118,29854.0
watch-6_binary.npy,3,118,29854.0
watch-6_binary.npy,4,118,29854.0
watch-6_binary.npy,5,82,30214.0
watch-6_binary.npy,6,82,30214.0
watch-6_binary.npy,7,82,30214.0
watch-6_binary.npy,8,82,30214.0
watch-6_binary.npy,9,82,30214.0
watch-6_binary.npy,10,82,30214.0
watch-6_binary.npy,11,82,30214.0
watch-6_binary.npy,12,82,30214.0
watch-6_binary.npy,13,82,30214.0
watch-9_binary.npy,0,97,16060.0
watch-9_binary.npy,1,97,16060.0
watch-9_binary.npy,2,97,16060.0
watch-9_binary.npy,3,97,16060.0
watch-9_binary.npy,4,97,16060.0
watch-9_binary.npy,5,72,16310.0
watch-9_binary.npy,6,72,16310.0
watch-9_binary.npy,7,72,16310.0
watch-9_binary.npy,8,72,16310.0
watch-9_binary.npy,9,72,16310.0
watch-9_binary.npy,10,72,16310.0
watch-9_binary.npy,11,72,16310.0
watch-9_binary.npy,12,72,16310.0
watch-9_binary.npy,13,72,16310.0
