image_name,generation,best_rectangle_count,fitness
Bone-10_binary.npy,0,381,27570.0
Bone-10_binary.npy,1,381,27570.0
Bone-10_binary.npy,2,381,27570.0
Bone-10_binary.npy,3,381,27570.0
Bone-10_binary.npy,4,381,27570.0
Bone-10_binary.npy,5,381,27570.0
Bone-10_binary.npy,6,381,27570.0
Bone-10_binary.npy,7,381,27570.0
Bone-10_binary.npy,8,381,27570.0
Bone-10_binary.npy,9,381,27570.0
Bone-10_binary.npy,10,381,27570.0
Bone-10_binary.npy,11,381,27570.0
Bone-10_binary.npy,12,381,27570.0
Bone-13_binary.npy,0,298,17960.0
Bone-13_binary.npy,1,298,17960.0
Bone-13_binary.npy,2,298,17960.0
Bone-13_binary.npy,3,298,17960.0
Bone-13_binary.npy,4,298,17960.0
Bone-13_binary.npy,5,298,17960.0
Bone-13_binary.npy,6,298,17960.0
Bone-13_binary.npy,7,298,17960.0
Bone-13_binary.npy,8,298,17960.0
Bone-13_binary.npy,9,298,17960.0
Bone-13_binary.npy,10,298,17960.0
Bone-13_binary.npy,11,298,17960.0
Bone-13_binary.npy,12,298,17960.0
Bone-17_binary.npy,0,250,26376.0
Bone-17_binary.npy,1,250,26376.0
Bone-17_binary.npy,2,250,26376.0
Bone-17_binary.npy,3,250,26376.0
Bone-17_binary.npy,4,250,26376.0
Bone-17_binary.npy,5,250,26376.0
Bone-17_binary.npy,6,250,26376.0
Bone-17_binary.npy,7,250,26376.0
Bone-17_binary.npy,8,250,26376.0
Bone-17_binary.npy,9,250,26376.0
Bone-17_binary.npy,10,250,26376.0
Bone-17_binary.npy,11,250,26376.0
Bone-17_binary.npy,12,250,26376.0
Bone-18_binary.npy,0,291,18814.0
Bone-18_binary.npy,1,291,18814.0
Bone-18_binary.npy,2,291,18814.0
Bone-18_binary.npy,3,291,18814.0
Bone-18_binary.npy,4,291,18814.0
Bone-18_binary.npy,5,291,18814.0
Bone-18_binary.npy,6,291,18814.0
Bone-18_binary.npy,7,291,18814.0
Bone-18_binary.npy,8,291,18814.0
Bone-18_binary.npy,9,291,18814.0
Bone-18_binary.npy,10,291,18814.0
Bone-18_binary.npy,11,291,18814.0
Bone-18_binary.npy,12,291,18814.0
Comma-12_binary.npy,0,157,66108.0
Comma-12_binary.npy,1,157,66108.0
Comma-12_binary.npy,2,157,66108.0
Comma-12_binary.npy,3,157,66108.0
Comma-12_binary.npy,4,157,66108.0
Comma-12_binary.npy,5,157,66108.0
Comma-12_binary.npy,6,157,66108.0
Comma-12_binary.npy,7,157,66108.0
Comma-12_binary.npy,8,157,66108.0
Comma-12_binary.npy,9,157,66108.0
Comma-12_binary.npy,10,157,66108.0
Comma-12_binary.npy,11,157,66108.0
Comma-12_binary.npy,12,157,66108.0
Comma-13_binary.npy,0,202,64046.0
Comma-13_binary.npy,1,202,64046.0
Comma-13_binary.npy,2,202,64046.0
Comma-13_binary.npy,3,202,64046.0
Comma-13_binary.npy,4,202,64046.0
Comma-13_binary.npy,5,202,64046.0
Comma-13_binary.npy,6,202,64046.0
Comma-13_binary.npy,7,202,64046.0
Comma-13_binary.npy,8,202,64046.0
Comma-13_binary.npy,9,202,64046.0
Comma-13_binary.npy,10,202,64046.0
Comma-13_binary.npy,11,202,64046.0
Comma-13_binary.npy,12,202,64046.0
Comma-14_binary.npy,0,162,72108.0
Comma-14_binary.npy,1,162,72108.0
Comma-14_binary.npy,2,162,72108.0
Comma-14_binary.npy,3,162,72108.0
Comma-14_binary.npy,4,162,72108.0
Comma-14_binary.npy,5,162,72108.0
Comma-14_binary.npy,6,162,72108.0
Comma-14_binary.npy,7,162,72108.0
Comma-14_binary.npy,8,162,72108.0
Comma-14_binary.npy,9,162,72108.0
Comma-14_binary.npy,10,162,72108.0
Comma-14_binary.npy,11,162,72108.0
Comma-14_binary.npy,12,162,72108.0
Comma-17_binary.npy,0,191,69681.0
Comma-17_binary.npy,1,191,69681.0
Comma-17_binary.npy,2,191,69681.0
Comma-17_binary.npy,3,191,69681.0
Comma-17_binary.npy,4,191,69681.0
Comma-17_binary.npy,5,191,69681.0
Comma-17_binary.npy,6,191,69681.0
Comma-17_binary.npy,7,191,69681.0
Comma-17_binary.npy,8,191,69681.0
Comma-17_binary.npy,9,191,69681.0
Comma-17_binary.npy,10,191,69681.0
Comma-17_binary.npy,11,191,69681.0
Comma-17_binary.npy,12,191,69681.0
Glas-10_binary.npy,0,185,49845.0
Glas-10_binary.npy,1,185,49845.0
Glas-10_binary.npy,2,185,49845.0
Glas-10_binary.npy,3,185,49845.0
Glas-10_binary.npy,4,185,49845.0
Glas-10_binary.npy,5,185,49845.0
Glas-10_binary.npy,6,185,49845.0
Glas-10_binary.npy,7,185,49845.0
Glas-10_binary.npy,8,185,49845.0
Glas-10_binary.npy,9,185,49845.0
Glas-10_binary.npy,10,185,49845.0
Glas-10_binary.npy,11,185,49845.0
Glas-10_binary.npy,12,185,49845.0
Glas-11_binary.npy,0,121,44642.0
Glas-11_binary.npy,1,121,44642.0
Glas-11_binary.npy,2,121,44642.0
Glas-11_binary.npy,3,121,44642.0
Glas-11_binary.npy,4,121,44642.0
Glas-11_binary.npy,5,121,44642.0
Glas-11_binary.npy,6,121,44642.0
Glas-11_binary.npy,7,121,44642.0
Glas-11_binary.npy,8,121,44642.0
Glas-11_binary.npy,9,121,44642.0
Glas-11_binary.npy,10,121,44642.0
Glas-11_binary.npy,11,121,44642.0
Glas-11_binary.npy,12,121,44642.0
Glas-3_binary.npy,0,159,54156.0
Glas-3_binary.npy,1,159,54156.0
Glas-3_binary.npy,2,159,54156.0
Glas-3_binary.npy,3,159,54156.0
Glas-3_binary.npy,4,159,54156.0
Glas-3_binary.npy,5,159,54156.0
Glas-3_binary.npy,6,159,54156.0
Glas-3_binary.npy,7,159,54156.0
Glas-3_binary.npy,8,159,54156.0
Glas-3_binary.npy,9,159,54156.0
Glas-3_binary.npy,10,159,54156.0
Glas-3_binary.npy,11,159,54156.0
Glas-3_binary.npy,12,159,54156.0
Glas-8_binary.npy,0,201,61611.0
Glas-8_binary.npy,1,201,61611.0
Glas-8_binary.npy,2,201,61611.0
Glas-8_binary.npy,3,201,61611.0
Glas-8_binary.npy,4,201,61611.0
Glas-8_binary.npy,5,201,61611.0
Glas-8_binary.npy,6,201,61611.0
Glas-8_binary.npy,7,201,61611.0
Glas-8_binary.npy,8,201,61611.0
Glas-8_binary.npy,9,201,61611.0
Glas-8_binary.npy,10,201,61611.0
Glas-8_binary.npy,11,201,61611.0
Glas-8_binary.npy,12,201,61611.0
HCircle-12_binary.npy,0,142,45525.0
HCircle-12_binary.npy,1,142,45525.0
HCircle-12_binary.npy,2,142,45525.0
HCircle-12_binary.npy,3,142,45525.0
HCircle-12_binary.npy,4,142,45525.0
HCircle-12_binary.npy,5,142,45525.0
HCircle-12_binary.npy,6,142,45525.0
HCircle-12_binary.npy,7,142,45525.0
HCircle-12_binary.npy,8,142,45525.0
HCircle-12_binary.npy,9,142,45525.0
HCircle-12_binary.npy,10,142,45525.0
HCircle-12_binary.npy,11,142,45525.0
HCircle-12_binary.npy,12,142,45525.0
HCircle-16_binary.npy,0,165,47314.0
HCircle-16_binary.npy,1,165,47314.0
HCircle-16_binary.npy,2,165,47314.0
HCircle-16_binary.npy,3,165,47314.0
HCircle-16_binary.npy,4,165,47314.0
HCircle-16_binary.npy,5,165,47314.0
HCircle-16_binary.npy,6,165,47314.0
HCircle-16_binary.npy,7,165,47314.0
HCircle-16_binary.npy,8,165,47314.0
HCircle-16_binary.npy,9,165,47314.0
HCircle-16_binary.npy,10,165,47314.0
HCircle-16_binary.npy,11,165,47314.0
HCircle-16_binary.npy,12,165,47314.0
HCircle-17_binary.npy,0,170,47042.0
HCircle-17_binary.npy,1,170,47042.0
HCircle-17_binary.npy,2,170,47042.0
HCircle-17_binary.npy,3,170,47042.0
HCircle-17_binary.npy,4,170,47042.0
HCircle-17_binary.npy,5,170,47042.0
HCircle-17_binary.npy,6,170,47042.0
HCircle-17_binary.npy,7,170,47042.0
HCircle-17_binary.npy,8,170,47042.0
HCircle-17_binary.npy,9,170,47042.0
HCircle-17_binary.npy,10,170,47042.0
HCircle-17_binary.npy,11,170,47042.0
HCircle-17_binary.npy,12,170,47042.0
HCircle-6_binary.npy,0,162,41143.0
HCircle-6_binary.npy,1,162,41143.0
HCircle-6_binary.npy,2,162,41143.0
HCircle-6_binary.npy,3,162,41143.0
HCircle-6_binary.npy,4,162,41143.0
HCircle-6_binary.npy,5,162,41143.0
HCircle-6_binary.npy,6,162,41143.0
HCircle-6_binary.npy,7,162,41143.0
HCircle-6_binary.npy,8,162,41143.0
HCircle-6_binary.npy,9,162,41143.0
HCircle-6_binary.npy,10,162,41143.0
HCircle-6_binary.npy,11,162,41143.0
HCircle-6_binary.npy,12,162,41143.0
Heart-10_binary.npy,0,412,99829.0
Heart-10_binary.npy,1,412,99829.0
Heart-10_binary.npy,2,412,99829.0
Heart-10_binary.npy,3,412,99829.0
Heart-10_binary.npy,4,412,99829.0
Heart-10_binary.npy,5,412,99829.0
Heart-10_binary.npy,6,412,99829.0
Heart-10_binary.npy,7,412,99829.0
Heart-10_binary.npy,8,412,99829.0
Heart-10_binary.npy,9,412,99829.0
Heart-10_binary.npy,10,412,99829.0
Heart-10_binary.npy,11,412,99829.0
Heart-10_binary.npy,12,412,99829.0
Heart-16_binary.npy,0,329,99876.0
Heart-16_binary.npy,1,329,99876.0
Heart-16_binary.npy,2,329,99876.0
Heart-16_binary.npy,3,329,99876.0
Heart-16_binary.npy,4,329,99876.0
Heart-16_binary.npy,5,329,99876.0
Heart-16_binary.npy,6,329,99876.0
Heart-16_binary.npy,7,329,99876.0
Heart-16_binary.npy,8,329,99876.0
Heart-16_binary.npy,9,329,99876.0
Heart-16_binary.npy,10,329,99876.0
Heart-16_binary.npy,11,329,99876.0
Heart-16_binary.npy,12,329,99876.0
Heart-7_binary.npy,0,397,113170.0
Heart-7_binary.npy,1,397,113170.0
Heart-7_binary.npy,2,397,113170.0
Heart-7_binary.npy,3,397,113170.0
Heart-7_binary.npy,4,397,113170.0
Heart-7_binary.npy,5,397,113170.0
Heart-7_binary.npy,6,397,113170.0
Heart-7_binary.npy,7,397,113170.0
Heart-7_binary.npy,8,397,113170.0
Heart-7_binary.npy,9,397,113170.0
Heart-7_binary.npy,10,397,113170.0
Heart-7_binary.npy,11,397,113170.0
Heart-7_binary.npy,12,397,113170.0
Heart-9_binary.npy,0,401,97849.0
Heart-9_binary.npy,1,401,97849.0
Heart-9_binary.npy,2,401,97849.0
Heart-9_binary.npy,3,401,97849.0
Heart-9_binary.npy,4,401,97849.0
Heart-9_binary.npy,5,401,97849.0
Heart-9_binary.npy,6,401,97849.0
Heart-9_binary.npy,7,401,97849.0
Heart-9_binary.npy,8,401,97849.0
Heart-9_binary.npy,9,401,97849.0
Heart-9_binary.npy,10,401,97849.0
Heart-9_binary.npy,11,401,97849.0
Heart-9_binary.npy,12,401,97849.0
Misk-17_binary.npy,0,371,77937.0
Misk-17_binary.npy,1,371,77937.0
Misk-17_binary.npy,2,371,77937.0
Misk-17_binary.npy,3,371,77937.0
Misk-17_binary.npy,4,371,77937.0
Misk-17_binary.npy,5,371,77937.0
Misk-17_binary.npy,6,371,77937.0
Misk-17_binary.npy,7,371,77937.0
Misk-17_binary.npy,8,371,77937.0
Misk-17_binary.npy,9,371,77937.0
Misk-17_binary.npy,10,371,77937.0
Misk-17_binary.npy,11,371,77937.0
Misk-17_binary.npy,12,371,77937.0
Misk-3_binary.npy,0,353,93854.0
Misk-3_binary.npy,1,353,93854.0
Misk-3_binary.npy,2,353,93854.0
Misk-3_binary.npy,3,353,93854.0
Misk-3_binary.npy,4,353,93854.0
Misk-3_binary.npy,5,353,93854.0
Misk-3_binary.npy,6,353,93854.0
Misk-3_binary.npy,7,353,93854.0
Misk-3_binary.npy,8,353,93854.0
Misk-3_binary.npy,9,353,93854.0
Misk-3_binary.npy,10,353,93854.0
Misk-3_binary.npy,11,353,93854.0
Misk-3_binary.npy,12,353,93854.0
Misk-4_binary.npy,0,321,83238.0
Misk-4_binary.npy,1,321,83238.0
Misk-4_binary.npy,2,321,83238.0
Misk-4_binary.npy,3,321,83238.0
Misk-4_binary.npy,4,321,83238.0
Misk-4_binary.npy,5,321,83238.0
Misk-4_binary.npy,6,321,83238.0
Misk-4_binary.npy,7,321,83238.0
Misk-4_binary.npy,8,321,83238.0
Misk-4_binary.npy,9,321,83238.0
Misk-4_binary.npy,10,321,83238.0
Misk-4_binary.npy,11,321,83238.0
Misk-4_binary.npy,12,321,83238.0
Misk-7_binary.npy,0,370,85696.0
Misk-7_binary.npy,1,370,85696.0
Misk-7_binary.npy,2,370,85696.0
Misk-7_binary.npy,3,370,85696.0
Misk-7_binary.npy,4,370,85696.0
Misk-7_binary.npy,5,370,85696.0
Misk-7_binary.npy,6,370,85696.0
Misk-7_binary.npy,7,370,85696.0
Misk-7_binary.npy,8,370,85696.0
Misk-7_binary.npy,9,370,85696.0
Misk-7_binary.npy,10,370,85696.0
Misk-7_binary.npy,11,370,85696.0
Misk-7_binary.npy,12,370,85696.0
apple-10_binary.npy,0,131,26707.0
apple-10_binary.npy,1,131,26707.0
apple-10_binary.npy,2,131,26707.0
apple-10_binary.npy,3,131,26707.0
apple-10_binary.npy,4,131,26707.0
apple-10_binary.npy,5,131,26707.0
apple-10_binary.npy,6,131,26707.0
apple-10_binary.npy,7,131,26707.0
apple-10_binary.npy,8,131,26707.0
apple-10_binary.npy,9,131,26707.0
apple-10_binary.npy,10,131,26707.0
apple-10_binary.npy,11,131,26707.0
apple-10_binary.npy,12,131,26707.0
apple-15_binary.npy,0,162,35974.0
apple-15_binary.npy,1,162,35974.0
apple-15_binary.npy,2,162,35974.0
apple-15_binary.npy,3,162,35974.0
apple-15_binary.npy,4,162,35974.0
apple-15_binary.npy,5,162,35974.0
apple-15_binary.npy,6,162,35974.0
apple-15_binary.npy,7,162,35974.0
apple-15_binary.npy,8,162,35974.0
apple-15_binary.npy,9,162,35974.0
apple-15_binary.npy,10,162,35974.0
apple-15_binary.npy,11,162,35974.0
apple-15_binary.npy,12,162,35974.0
apple-18_binary.npy,0,146,33352.0
apple-18_binary.npy,1,146,33352.0
apple-18_binary.npy,2,146,33352.0
apple-18_binary.npy,3,146,33352.0
apple-18_binary.npy,4,146,33352.0
apple-18_binary.npy,5,146,33352.0
apple-18_binary.npy,6,146,33352.0
apple-18_binary.npy,7,146,33352.0
apple-18_binary.npy,8,146,33352.0
apple-18_binary.npy,9,146,33352.0
apple-18_binary.npy,10,146,33352.0
apple-18_binary.npy,11,146,33352.0
apple-18_binary.npy,12,146,33352.0
apple-8_binary.npy,0,131,29767.0
apple-8_binary.npy,1,131,29767.0
apple-8_binary.npy,2,131,29767.0
apple-8_binary.npy,3,131,29767.0
apple-8_binary.npy,4,131,29767.0
apple-8_binary.npy,5,131,29767.0
apple-8_binary.npy,6,131,29767.0
apple-8_binary.npy,7,131,29767.0
apple-8_binary.npy,8,131,29767.0
apple-8_binary.npy,9,131,29767.0
apple-8_binary.npy,10,131,29767.0
apple-8_binary.npy,11,131,29767.0
apple-8_binary.npy,12,131,29767.0
bat-14_binary.npy,0,595,99446.0
bat-14_binary.npy,1,595,99446.0
bat-14_binary.npy,2,595,99446.0
bat-14_binary.npy,3,595,99446.0
bat-14_binary.npy,4,595,99446.0
bat-14_binary.npy,5,595,99446.0
bat-14_binary.npy,6,595,99446.0
bat-14_binary.npy,7,595,99446.0
bat-14_binary.npy,8,595,99446.0
bat-14_binary.npy,9,595,99446.0
bat-14_binary.npy,10,595,99446.0
bat-14_binary.npy,11,595,99446.0
bat-14_binary.npy,12,595,99446.0
bat-18_binary.npy,0,464,84689.0
bat-18_binary.npy,1,464,84689.0
bat-18_binary.npy,2,464,84689.0
bat-18_binary.npy,3,464,84689.0
bat-18_binary.npy,4,464,84689.0
bat-18_binary.npy,5,464,84689.0
bat-18_binary.npy,6,464,84689.0
bat-18_binary.npy,7,464,84689.0
bat-18_binary.npy,8,464,84689.0
bat-18_binary.npy,9,464,84689.0
bat-18_binary.npy,10,464,84689.0
bat-18_binary.npy,11,464,84689.0
bat-18_binary.npy,12,464,84689.0
bat-1_binary.npy,0,435,85594.0
bat-1_binary.npy,1,435,85594.0
bat-1_binary.npy,2,435,85594.0
bat-1_binary.npy,3,435,85594.0
bat-1_binary.npy,4,435,85594.0
bat-1_binary.npy,5,435,85594.0
bat-1_binary.npy,6,435,85594.0
bat-1_binary.npy,7,435,85594.0
bat-1_binary.npy,8,435,85594.0
bat-1_binary.npy,9,435,85594.0
bat-1_binary.npy,10,435,85594.0
bat-1_binary.npy,11,435,85594.0
bat-1_binary.npy,12,435,85594.0
bat-3_binary.npy,0,459,73763.0
bat-3_binary.npy,1,459,73763.0
bat-3_binary.npy,2,459,73763.0
bat-3_binary.npy,3,459,73763.0
bat-3_binary.npy,4,459,73763.0
bat-3_binary.npy,5,459,73763.0
bat-3_binary.npy,6,459,73763.0
bat-3_binary.npy,7,458,73773.0
bat-3_binary.npy,8,458,73773.0
bat-3_binary.npy,9,458,73773.0
bat-3_binary.npy,10,458,73773.0
bat-3_binary.npy,11,458,73773.0
bat-3_binary.npy,12,458,73773.0
bat-3_binary.npy,13,458,73773.0
bat-3_binary.npy,14,458,73773.0
bat-3_binary.npy,15,458,73773.0
bat-3_binary.npy,16,458,73773.0
bat-3_binary.npy,17,458,73773.0
bat-3_binary.npy,18,458,73773.0
bat-3_binary.npy,19,458,73773.0
beetle-12_binary.npy,0,252,9231.0
beetle-12_binary.npy,1,252,9231.0
beetle-12_binary.npy,2,252,9231.0
beetle-12_binary.npy,3,252,9231.0
beetle-12_binary.npy,4,252,9231.0
beetle-12_binary.npy,5,252,9231.0
beetle-12_binary.npy,6,252,9231.0
beetle-12_binary.npy,7,252,9231.0
beetle-12_binary.npy,8,252,9231.0
beetle-12_binary.npy,9,252,9231.0
beetle-12_binary.npy,10,252,9231.0
beetle-12_binary.npy,11,252,9231.0
beetle-12_binary.npy,12,252,9231.0
beetle-13_binary.npy,0,375,10180.0
beetle-13_binary.npy,1,375,10180.0
beetle-13_binary.npy,2,375,10180.0
beetle-13_binary.npy,3,375,10180.0
beetle-13_binary.npy,4,374,10190.0
beetle-13_binary.npy,5,374,10190.0
beetle-13_binary.npy,6,374,10190.0
beetle-13_binary.npy,7,374,10190.0
beetle-13_binary.npy,8,374,10190.0
beetle-13_binary.npy,9,374,10190.0
beetle-13_binary.npy,10,374,10190.0
beetle-13_binary.npy,11,374,10190.0
beetle-13_binary.npy,12,374,10190.0
beetle-13_binary.npy,13,374,10190.0
beetle-13_binary.npy,14,374,10190.0
beetle-13_binary.npy,15,374,10190.0
beetle-13_binary.npy,16,374,10190.0
beetle-16_binary.npy,0,300,10359.0
beetle-16_binary.npy,1,300,10359.0
beetle-16_binary.npy,2,300,10359.0
beetle-16_binary.npy,3,300,10359.0
beetle-16_binary.npy,4,300,10359.0
beetle-16_binary.npy,5,300,10359.0
beetle-16_binary.npy,6,300,10359.0
beetle-16_binary.npy,7,300,10359.0
beetle-16_binary.npy,8,300,10359.0
beetle-16_binary.npy,9,300,10359.0
beetle-16_binary.npy,10,300,10359.0
beetle-16_binary.npy,11,300,10359.0
beetle-16_binary.npy,12,300,10359.0
beetle-1_binary.npy,0,595,54869.0
beetle-1_binary.npy,1,595,54869.0
beetle-1_binary.npy,2,594,54879.0
beetle-1_binary.npy,3,594,54879.0
beetle-1_binary.npy,4,594,54879.0
beetle-1_binary.npy,5,594,54879.0
beetle-1_binary.npy,6,594,54879.0
beetle-1_binary.npy,7,594,54879.0
beetle-1_binary.npy,8,594,54879.0
beetle-1_binary.npy,9,594,54879.0
beetle-1_binary.npy,10,594,54879.0
beetle-1_binary.npy,11,594,54879.0
beetle-1_binary.npy,12,594,54879.0
beetle-1_binary.npy,13,594,54879.0
beetle-1_binary.npy,14,594,54879.0
bell-13_binary.npy,0,136,24906.0
bell-13_binary.npy,1,136,24906.0
bell-13_binary.npy,2,136,24906.0
bell-13_binary.npy,3,136,24906.0
bell-13_binary.npy,4,136,24906.0
bell-13_binary.npy,5,136,24906.0
bell-13_binary.npy,6,136,24906.0
bell-13_binary.npy,7,136,24906.0
bell-13_binary.npy,8,136,24906.0
bell-13_binary.npy,9,136,24906.0
bell-13_binary.npy,10,136,24906.0
bell-13_binary.npy,11,136,24906.0
bell-13_binary.npy,12,136,24906.0
bell-20_binary.npy,0,147,24000.0
bell-20_binary.npy,1,147,24000.0
bell-20_binary.npy,2,147,24000.0
bell-20_binary.npy,3,147,24000.0
bell-20_binary.npy,4,147,24000.0
bell-20_binary.npy,5,147,24000.0
bell-20_binary.npy,6,147,24000.0
bell-20_binary.npy,7,147,24000.0
bell-20_binary.npy,8,147,24000.0
bell-20_binary.npy,9,147,24000.0
bell-20_binary.npy,10,147,24000.0
bell-20_binary.npy,11,147,24000.0
bell-20_binary.npy,12,147,24000.0
bell-2_binary.npy,0,33,1953.0
bell-2_binary.npy,1,33,1953.0
bell-2_binary.npy,2,33,1953.0
bell-2_binary.npy,3,33,1953.0
bell-2_binary.npy,4,33,1953.0
bell-2_binary.npy,5,33,1953.0
bell-2_binary.npy,6,33,1953.0
bell-2_binary.npy,7,33,1953.0
bell-2_binary.npy,8,33,1953.0
bell-2_binary.npy,9,33,1953.0
bell-2_binary.npy,10,33,1953.0
bell-2_binary.npy,11,33,1953.0
bell-2_binary.npy,12,33,1953.0
bell-7_binary.npy,0,79,8720.0
bell-7_binary.npy,1,79,8720.0
bell-7_binary.npy,2,79,8720.0
bell-7_binary.npy,3,79,8720.0
bell-7_binary.npy,4,79,8720.0
bell-7_binary.npy,5,79,8720.0
bell-7_binary.npy,6,79,8720.0
bell-7_binary.npy,7,79,8720.0
bell-7_binary.npy,8,79,8720.0
bell-7_binary.npy,9,79,8720.0
bell-7_binary.npy,10,79,8720.0
bell-7_binary.npy,11,79,8720.0
bell-7_binary.npy,12,79,8720.0
bird-11_binary.npy,0,272,23698.0
bird-11_binary.npy,1,272,23698.0
bird-11_binary.npy,2,272,23698.0
bird-11_binary.npy,3,272,23698.0
bird-11_binary.npy,4,272,23698.0
bird-11_binary.npy,5,272,23698.0
bird-11_binary.npy,6,272,23698.0
bird-11_binary.npy,7,272,23698.0
bird-11_binary.npy,8,272,23698.0
bird-11_binary.npy,9,272,23698.0
bird-11_binary.npy,10,272,23698.0
bird-11_binary.npy,11,272,23698.0
bird-11_binary.npy,12,272,23698.0
bird-18_binary.npy,0,181,16121.0
bird-18_binary.npy,1,181,16121.0
bird-18_binary.npy,2,181,16121.0
bird-18_binary.npy,3,181,16121.0
bird-18_binary.npy,4,181,16121.0
bird-18_binary.npy,5,181,16121.0
bird-18_binary.npy,6,181,16121.0
bird-18_binary.npy,7,181,16121.0
bird-18_binary.npy,8,181,16121.0
bird-18_binary.npy,9,181,16121.0
bird-18_binary.npy,10,181,16121.0
bird-18_binary.npy,11,181,16121.0
bird-18_binary.npy,12,181,16121.0
bird-4_binary.npy,0,399,86001.0
bird-4_binary.npy,1,399,86001.0
bird-4_binary.npy,2,399,86001.0
bird-4_binary.npy,3,399,86001.0
bird-4_binary.npy,4,399,86001.0
bird-4_binary.npy,5,399,86001.0
bird-4_binary.npy,6,399,86001.0
bird-4_binary.npy,7,399,86001.0
bird-4_binary.npy,8,399,86001.0
bird-4_binary.npy,9,399,86001.0
bird-4_binary.npy,10,399,86001.0
bird-4_binary.npy,11,399,86001.0
bird-4_binary.npy,12,399,86001.0
bird-9_binary.npy,0,256,24017.0
bird-9_binary.npy,1,256,24017.0
bird-9_binary.npy,2,256,24017.0
bird-9_binary.npy,3,256,24017.0
bird-9_binary.npy,4,256,24017.0
bird-9_binary.npy,5,256,24017.0
bird-9_binary.npy,6,256,24017.0
bird-9_binary.npy,7,256,24017.0
bird-9_binary.npy,8,256,24017.0
bird-9_binary.npy,9,256,24017.0
bird-9_binary.npy,10,256,24017.0
bird-9_binary.npy,11,256,24017.0
bird-9_binary.npy,12,256,24017.0
bottle-03_binary.npy,0,44,5147.0
bottle-03_binary.npy,1,44,5147.0
bottle-03_binary.npy,2,44,5147.0
bottle-03_binary.npy,3,44,5147.0
bottle-03_binary.npy,4,44,5147.0
bottle-03_binary.npy,5,44,5147.0
bottle-03_binary.npy,6,44,5147.0
bottle-03_binary.npy,7,44,5147.0
bottle-03_binary.npy,8,44,5147.0
bottle-03_binary.npy,9,44,5147.0
bottle-03_binary.npy,10,44,5147.0
bottle-03_binary.npy,11,44,5147.0
bottle-03_binary.npy,12,44,5147.0
bottle-04_binary.npy,0,48,5376.0
bottle-04_binary.npy,1,48,5376.0
bottle-04_binary.npy,2,48,5376.0
bottle-04_binary.npy,3,48,5376.0
bottle-04_binary.npy,4,48,5376.0
bottle-04_binary.npy,5,48,5376.0
bottle-04_binary.npy,6,48,5376.0
bottle-04_binary.npy,7,48,5376.0
bottle-04_binary.npy,8,48,5376.0
bottle-04_binary.npy,9,48,5376.0
bottle-04_binary.npy,10,48,5376.0
bottle-04_binary.npy,11,48,5376.0
bottle-04_binary.npy,12,48,5376.0
bottle-13_binary.npy,0,41,4046.0
bottle-13_binary.npy,1,41,4046.0
bottle-13_binary.npy,2,41,4046.0
bottle-13_binary.npy,3,41,4046.0
bottle-13_binary.npy,4,41,4046.0
bottle-13_binary.npy,5,41,4046.0
bottle-13_binary.npy,6,41,4046.0
bottle-13_binary.npy,7,41,4046.0
bottle-13_binary.npy,8,41,4046.0
bottle-13_binary.npy,9,41,4046.0
bottle-13_binary.npy,10,41,4046.0
bottle-13_binary.npy,11,41,4046.0
bottle-13_binary.npy,12,41,4046.0
bottle-18_binary.npy,0,55,5171.0
bottle-18_binary.npy,1,55,5171.0
bottle-18_binary.npy,2,55,5171.0
bottle-18_binary.npy,3,55,5171.0
bottle-18_binary.npy,4,55,5171.0
bottle-18_binary.npy,5,55,5171.0
bottle-18_binary.npy,6,55,5171.0
bottle-18_binary.npy,7,55,5171.0
bottle-18_binary.npy,8,55,5171.0
bottle-18_binary.npy,9,55,5171.0
bottle-18_binary.npy,10,55,5171.0
bottle-18_binary.npy,11,55,5171.0
bottle-18_binary.npy,12,55,5171.0
brick-07_binary.npy,0,125,14271.0
brick-07_binary.npy,1,125,14271.0
brick-07_binary.npy,2,125,14271.0
brick-07_binary.npy,3,125,14271.0
brick-07_binary.npy,4,125,14271.0
brick-07_binary.npy,5,125,14271.0
brick-07_binary.npy,6,125,14271.0
brick-07_binary.npy,7,125,14271.0
brick-07_binary.npy,8,125,14271.0
brick-07_binary.npy,9,125,14271.0
brick-07_binary.npy,10,125,14271.0
brick-07_binary.npy,11,125,14271.0
brick-07_binary.npy,12,125,14271.0
brick-10_binary.npy,0,102,9121.0
brick-10_binary.npy,1,102,9121.0
brick-10_binary.npy,2,102,9121.0
brick-10_binary.npy,3,102,9121.0
brick-10_binary.npy,4,102,9121.0
brick-10_binary.npy,5,102,9121.0
brick-10_binary.npy,6,102,9121.0
brick-10_binary.npy,7,102,9121.0
brick-10_binary.npy,8,102,9121.0
brick-10_binary.npy,9,102,9121.0
brick-10_binary.npy,10,102,9121.0
brick-10_binary.npy,11,102,9121.0
brick-10_binary.npy,12,102,9121.0
brick-12_binary.npy,0,103,10567.0
brick-12_binary.npy,1,103,10567.0
brick-12_binary.npy,2,103,10567.0
brick-12_binary.npy,3,103,10567.0
brick-12_binary.npy,4,103,10567.0
brick-12_binary.npy,5,103,10567.0
brick-12_binary.npy,6,103,10567.0
brick-12_binary.npy,7,103,10567.0
brick-12_binary.npy,8,103,10567.0
brick-12_binary.npy,9,103,10567.0
brick-12_binary.npy,10,103,10567.0
brick-12_binary.npy,11,103,10567.0
brick-12_binary.npy,12,103,10567.0
brick-18_binary.npy,0,94,10486.0
brick-18_binary.npy,1,94,10486.0
brick-18_binary.npy,2,94,10486.0
brick-18_binary.npy,3,94,10486.0
brick-18_binary.npy,4,94,10486.0
brick-18_binary.npy,5,94,10486.0
brick-18_binary.npy,6,94,10486.0
brick-18_binary.npy,7,94,10486.0
brick-18_binary.npy,8,94,10486.0
brick-18_binary.npy,9,94,10486.0
brick-18_binary.npy,10,94,10486.0
brick-18_binary.npy,11,94,10486.0
brick-18_binary.npy,12,94,10486.0
butterfly-11_binary.npy,0,571,44507.0
butterfly-11_binary.npy,1,571,44507.0
butterfly-11_binary.npy,2,571,44507.0
butterfly-11_binary.npy,3,571,44507.0
butterfly-11_binary.npy,4,571,44507.0
butterfly-11_binary.npy,5,571,44507.0
butterfly-11_binary.npy,6,571,44507.0
butterfly-11_binary.npy,7,571,44507.0
butterfly-11_binary.npy,8,571,44507.0
butterfly-11_binary.npy,9,571,44507.0
butterfly-11_binary.npy,10,571,44507.0
butterfly-11_binary.npy,11,571,44507.0
butterfly-11_binary.npy,12,571,44507.0
butterfly-12_binary.npy,0,388,67164.0
butterfly-12_binary.npy,1,388,67164.0
butterfly-12_binary.npy,2,388,67164.0
butterfly-12_binary.npy,3,388,67164.0
butterfly-12_binary.npy,4,388,67164.0
butterfly-12_binary.npy,5,388,67164.0
butterfly-12_binary.npy,6,388,67164.0
butterfly-12_binary.npy,7,388,67164.0
butterfly-12_binary.npy,8,388,67164.0
butterfly-12_binary.npy,9,388,67164.0
butterfly-12_binary.npy,10,388,67164.0
butterfly-12_binary.npy,11,388,67164.0
butterfly-12_binary.npy,12,388,67164.0
butterfly-17_binary.npy,0,578,78214.0
butterfly-17_binary.npy,1,578,78214.0
butterfly-17_binary.npy,2,578,78214.0
butterfly-17_binary.npy,3,578,78214.0
butterfly-17_binary.npy,4,578,78214.0
butterfly-17_binary.npy,5,578,78214.0
butterfly-17_binary.npy,6,578,78214.0
butterfly-17_binary.npy,7,578,78214.0
butterfly-17_binary.npy,8,578,78214.0
butterfly-17_binary.npy,9,578,78214.0
butterfly-17_binary.npy,10,578,78214.0
butterfly-17_binary.npy,11,578,78214.0
butterfly-17_binary.npy,12,578,78214.0
butterfly-19_binary.npy,0,263,50062.0
butterfly-19_binary.npy,1,263,50062.0
butterfly-19_binary.npy,2,263,50062.0
butterfly-19_binary.npy,3,263,50062.0
butterfly-19_binary.npy,4,263,50062.0
butterfly-19_binary.npy,5,263,50062.0
butterfly-19_binary.npy,6,263,50062.0
butterfly-19_binary.npy,7,263,50062.0
butterfly-19_binary.npy,8,263,50062.0
butterfly-19_binary.npy,9,263,50062.0
butterfly-19_binary.npy,10,263,50062.0
butterfly-19_binary.npy,11,263,50062.0
butterfly-19_binary.npy,12,263,50062.0
camel-12_binary.npy,0,255,28287.0
camel-12_binary.npy,1,255,28287.0
camel-12_binary.npy,2,255,28287.0
camel-12_binary.npy,3,255,28287.0
camel-12_binary.npy,4,255,28287.0
camel-12_binary.npy,5,255,28287.0
camel-12_binary.npy,6,255,28287.0
camel-12_binary.npy,7,255,28287.0
camel-12_binary.npy,8,255,28287.0
camel-12_binary.npy,9,255,28287.0
camel-12_binary.npy,10,255,28287.0
camel-12_binary.npy,11,255,28287.0
camel-12_binary.npy,12,255,28287.0
camel-13_binary.npy,0,280,42266.0
camel-13_binary.npy,1,280,42266.0
camel-13_binary.npy,2,280,42266.0
camel-13_binary.npy,3,280,42266.0
camel-13_binary.npy,4,280,42266.0
camel-13_binary.npy,5,280,42266.0
camel-13_binary.npy,6,280,42266.0
camel-13_binary.npy,7,280,42266.0
camel-13_binary.npy,8,280,42266.0
camel-13_binary.npy,9,280,42266.0
camel-13_binary.npy,10,280,42266.0
camel-13_binary.npy,11,280,42266.0
camel-13_binary.npy,12,280,42266.0
camel-17_binary.npy,0,341,30330.0
camel-17_binary.npy,1,341,30330.0
camel-17_binary.npy,2,341,30330.0
camel-17_binary.npy,3,341,30330.0
camel-17_binary.npy,4,341,30330.0
camel-17_binary.npy,5,341,30330.0
camel-17_binary.npy,6,341,30330.0
camel-17_binary.npy,7,341,30330.0
camel-17_binary.npy,8,341,30330.0
camel-17_binary.npy,9,341,30330.0
camel-17_binary.npy,10,341,30330.0
camel-17_binary.npy,11,341,30330.0
camel-17_binary.npy,12,341,30330.0
camel-2_binary.npy,0,329,32016.0
camel-2_binary.npy,1,329,32016.0
camel-2_binary.npy,2,329,32016.0
camel-2_binary.npy,3,329,32016.0
camel-2_binary.npy,4,329,32016.0
camel-2_binary.npy,5,329,32016.0
camel-2_binary.npy,6,329,32016.0
camel-2_binary.npy,7,329,32016.0
camel-2_binary.npy,8,329,32016.0
camel-2_binary.npy,9,329,32016.0
camel-2_binary.npy,10,329,32016.0
camel-2_binary.npy,11,329,32016.0
camel-2_binary.npy,12,329,32016.0
car-06_binary.npy,0,78,8651.0
car-06_binary.npy,1,78,8651.0
car-06_binary.npy,2,78,8651.0
car-06_binary.npy,3,78,8651.0
car-06_binary.npy,4,78,8651.0
car-06_binary.npy,5,78,8651.0
car-06_binary.npy,6,78,8651.0
car-06_binary.npy,7,78,8651.0
car-06_binary.npy,8,78,8651.0
car-06_binary.npy,9,78,8651.0
car-06_binary.npy,10,78,8651.0
car-06_binary.npy,11,78,8651.0
car-06_binary.npy,12,78,8651.0
car-09_binary.npy,0,76,9703.0
car-09_binary.npy,1,76,9703.0
car-09_binary.npy,2,76,9703.0
car-09_binary.npy,3,76,9703.0
car-09_binary.npy,4,76,9703.0
car-09_binary.npy,5,76,9703.0
car-09_binary.npy,6,76,9703.0
car-09_binary.npy,7,76,9703.0
car-09_binary.npy,8,76,9703.0
car-09_binary.npy,9,76,9703.0
car-09_binary.npy,10,76,9703.0
car-09_binary.npy,11,76,9703.0
car-09_binary.npy,12,76,9703.0
car-12_binary.npy,0,89,10834.0
car-12_binary.npy,1,89,10834.0
car-12_binary.npy,2,89,10834.0
car-12_binary.npy,3,89,10834.0
car-12_binary.npy,4,89,10834.0
car-12_binary.npy,5,89,10834.0
car-12_binary.npy,6,89,10834.0
car-12_binary.npy,7,89,10834.0
car-12_binary.npy,8,89,10834.0
car-12_binary.npy,9,89,10834.0
car-12_binary.npy,10,89,10834.0
car-12_binary.npy,11,89,10834.0
car-12_binary.npy,12,89,10834.0
car-15_binary.npy,0,79,11409.0
car-15_binary.npy,1,79,11409.0
car-15_binary.npy,2,79,11409.0
car-15_binary.npy,3,79,11409.0
car-15_binary.npy,4,79,11409.0
car-15_binary.npy,5,79,11409.0
car-15_binary.npy,6,79,11409.0
car-15_binary.npy,7,79,11409.0
car-15_binary.npy,8,79,11409.0
car-15_binary.npy,9,79,11409.0
car-15_binary.npy,10,79,11409.0
car-15_binary.npy,11,79,11409.0
car-15_binary.npy,12,79,11409.0
carriage-07_binary.npy,0,141,7813.0
carriage-07_binary.npy,1,141,7813.0
carriage-07_binary.npy,2,141,7813.0
carriage-07_binary.npy,3,141,7813.0
carriage-07_binary.npy,4,141,7813.0
carriage-07_binary.npy,5,141,7813.0
carriage-07_binary.npy,6,141,7813.0
carriage-07_binary.npy,7,140,7823.0
carriage-07_binary.npy,8,140,7823.0
carriage-07_binary.npy,9,140,7823.0
carriage-07_binary.npy,10,140,7823.0
carriage-07_binary.npy,11,140,7823.0
carriage-07_binary.npy,12,140,7823.0
carriage-07_binary.npy,13,140,7823.0
carriage-07_binary.npy,14,140,7823.0
carriage-07_binary.npy,15,140,7823.0
carriage-07_binary.npy,16,140,7823.0
carriage-07_binary.npy,17,140,7823.0
carriage-07_binary.npy,18,140,7823.0
carriage-07_binary.npy,19,140,7823.0
carriage-09_binary.npy,0,145,6872.0
carriage-09_binary.npy,1,145,6872.0
carriage-09_binary.npy,2,145,6872.0
carriage-09_binary.npy,3,145,6872.0
carriage-09_binary.npy,4,145,6872.0
carriage-09_binary.npy,5,145,6872.0
carriage-09_binary.npy,6,145,6872.0
carriage-09_binary.npy,7,145,6872.0
carriage-09_binary.npy,8,145,6872.0
carriage-09_binary.npy,9,145,6872.0
carriage-09_binary.npy,10,145,6872.0
carriage-09_binary.npy,11,145,6872.0
carriage-09_binary.npy,12,145,6872.0
carriage-12_binary.npy,0,146,6643.0
carriage-12_binary.npy,1,146,6643.0
carriage-12_binary.npy,2,146,6643.0
carriage-12_binary.npy,3,146,6643.0
carriage-12_binary.npy,4,146,6643.0
carriage-12_binary.npy,5,146,6643.0
carriage-12_binary.npy,6,146,6643.0
carriage-12_binary.npy,7,146,6643.0
carriage-12_binary.npy,8,146,6643.0
carriage-12_binary.npy,9,146,6643.0
carriage-12_binary.npy,10,146,6643.0
carriage-12_binary.npy,11,146,6643.0
carriage-12_binary.npy,12,146,6643.0
carriage-20_binary.npy,0,157,6895.0
carriage-20_binary.npy,1,157,6895.0
carriage-20_binary.npy,2,157,6895.0
carriage-20_binary.npy,3,157,6895.0
carriage-20_binary.npy,4,157,6895.0
carriage-20_binary.npy,5,157,6895.0
carriage-20_binary.npy,6,157,6895.0
carriage-20_binary.npy,7,157,6895.0
carriage-20_binary.npy,8,157,6895.0
carriage-20_binary.npy,9,157,6895.0
carriage-20_binary.npy,10,157,6895.0
carriage-20_binary.npy,11,157,6895.0
carriage-20_binary.npy,12,157,6895.0
cattle-12_binary.npy,0,362,61534.0
cattle-12_binary.npy,1,362,61534.0
cattle-12_binary.npy,2,362,61534.0
cattle-12_binary.npy,3,362,61534.0
cattle-12_binary.npy,4,362,61534.0
cattle-12_binary.npy,5,362,61534.0
cattle-12_binary.npy,6,361,61544.0
cattle-12_binary.npy,7,361,61544.0
cattle-12_binary.npy,8,361,61544.0
cattle-12_binary.npy,9,361,61544.0
cattle-12_binary.npy,10,361,61544.0
cattle-12_binary.npy,11,361,61544.0
cattle-12_binary.npy,12,361,61544.0
cattle-12_binary.npy,13,361,61544.0
cattle-12_binary.npy,14,361,61544.0
cattle-12_binary.npy,15,361,61544.0
cattle-12_binary.npy,16,361,61544.0
cattle-12_binary.npy,17,361,61544.0
cattle-12_binary.npy,18,361,61544.0
cattle-15_binary.npy,0,725,57342.0
cattle-15_binary.npy,1,725,57342.0
cattle-15_binary.npy,2,725,57342.0
cattle-15_binary.npy,3,725,57342.0
cattle-15_binary.npy,4,725,57342.0
cattle-15_binary.npy,5,725,57342.0
cattle-15_binary.npy,6,725,57342.0
cattle-15_binary.npy,7,725,57342.0
cattle-15_binary.npy,8,725,57342.0
cattle-15_binary.npy,9,725,57342.0
cattle-15_binary.npy,10,725,57342.0
cattle-15_binary.npy,11,725,57342.0
cattle-15_binary.npy,12,725,57342.0
cattle-17_binary.npy,0,671,114630.0
cattle-17_binary.npy,1,671,114630.0
cattle-17_binary.npy,2,671,114630.0
cattle-17_binary.npy,3,671,114630.0
cattle-17_binary.npy,4,671,114630.0
cattle-17_binary.npy,5,671,114630.0
cattle-17_binary.npy,6,671,114630.0
cattle-17_binary.npy,7,671,114630.0
cattle-17_binary.npy,8,671,114630.0
cattle-17_binary.npy,9,671,114630.0
cattle-17_binary.npy,10,671,114630.0
cattle-17_binary.npy,11,671,114630.0
cattle-17_binary.npy,12,671,114630.0
cattle-7_binary.npy,0,601,51988.0
cattle-7_binary.npy,1,601,51988.0
cattle-7_binary.npy,2,601,51988.0
cattle-7_binary.npy,3,601,51988.0
cattle-7_binary.npy,4,601,51988.0
cattle-7_binary.npy,5,601,51988.0
cattle-7_binary.npy,6,601,51988.0
cattle-7_binary.npy,7,601,51988.0
cattle-7_binary.npy,8,601,51988.0
cattle-7_binary.npy,9,601,51988.0
cattle-7_binary.npy,10,601,51988.0
cattle-7_binary.npy,11,601,51988.0
cattle-7_binary.npy,12,601,51988.0
cellular_phone-15_binary.npy,0,43,27138.0
cellular_phone-15_binary.npy,1,43,27138.0
cellular_phone-15_binary.npy,2,43,27138.0
cellular_phone-15_binary.npy,3,43,27138.0
cellular_phone-15_binary.npy,4,43,27138.0
cellular_phone-15_binary.npy,5,43,27138.0
cellular_phone-15_binary.npy,6,43,27138.0
cellular_phone-15_binary.npy,7,43,27138.0
cellular_phone-15_binary.npy,8,43,27138.0
cellular_phone-15_binary.npy,9,43,27138.0
cellular_phone-15_binary.npy,10,43,27138.0
cellular_phone-15_binary.npy,11,43,27138.0
cellular_phone-15_binary.npy,12,43,27138.0
cellular_phone-18_binary.npy,0,43,36410.0
cellular_phone-18_binary.npy,1,43,36410.0
cellular_phone-18_binary.npy,2,43,36410.0
cellular_phone-18_binary.npy,3,43,36410.0
cellular_phone-18_binary.npy,4,43,36410.0
cellular_phone-18_binary.npy,5,43,36410.0
cellular_phone-18_binary.npy,6,43,36410.0
cellular_phone-18_binary.npy,7,43,36410.0
cellular_phone-18_binary.npy,8,43,36410.0
cellular_phone-18_binary.npy,9,43,36410.0
cellular_phone-18_binary.npy,10,43,36410.0
cellular_phone-18_binary.npy,11,43,36410.0
cellular_phone-18_binary.npy,12,43,36410.0
cellular_phone-2_binary.npy,0,44,27996.0
cellular_phone-2_binary.npy,1,44,27996.0
cellular_phone-2_binary.npy,2,44,27996.0
cellular_phone-2_binary.npy,3,44,27996.0
cellular_phone-2_binary.npy,4,44,27996.0
cellular_phone-2_binary.npy,5,44,27996.0
cellular_phone-2_binary.npy,6,44,27996.0
cellular_phone-2_binary.npy,7,44,27996.0
cellular_phone-2_binary.npy,8,44,27996.0
cellular_phone-2_binary.npy,9,44,27996.0
cellular_phone-2_binary.npy,10,44,27996.0
cellular_phone-2_binary.npy,11,44,27996.0
cellular_phone-2_binary.npy,12,44,27996.0
cellular_phone-4_binary.npy,0,49,43859.0
cellular_phone-4_binary.npy,1,49,43859.0
cellular_phone-4_binary.npy,2,49,43859.0
cellular_phone-4_binary.npy,3,49,43859.0
cellular_phone-4_binary.npy,4,49,43859.0
cellular_phone-4_binary.npy,5,49,43859.0
cellular_phone-4_binary.npy,6,49,43859.0
cellular_phone-4_binary.npy,7,49,43859.0
cellular_phone-4_binary.npy,8,49,43859.0
cellular_phone-4_binary.npy,9,49,43859.0
cellular_phone-4_binary.npy,10,49,43859.0
cellular_phone-4_binary.npy,11,49,43859.0
cellular_phone-4_binary.npy,12,49,43859.0
chicken-11_binary.npy,0,101,6515.0
chicken-11_binary.npy,1,101,6515.0
chicken-11_binary.npy,2,101,6515.0
chicken-11_binary.npy,3,101,6515.0
chicken-11_binary.npy,4,101,6515.0
chicken-11_binary.npy,5,101,6515.0
chicken-11_binary.npy,6,101,6515.0
chicken-11_binary.npy,7,101,6515.0
chicken-11_binary.npy,8,101,6515.0
chicken-11_binary.npy,9,101,6515.0
chicken-11_binary.npy,10,101,6515.0
chicken-11_binary.npy,11,101,6515.0
chicken-11_binary.npy,12,101,6515.0
chicken-17_binary.npy,0,264,30406.0
chicken-17_binary.npy,1,264,30406.0
chicken-17_binary.npy,2,264,30406.0
chicken-17_binary.npy,3,264,30406.0
chicken-17_binary.npy,4,264,30406.0
chicken-17_binary.npy,5,264,30406.0
chicken-17_binary.npy,6,264,30406.0
chicken-17_binary.npy,7,264,30406.0
chicken-17_binary.npy,8,264,30406.0
chicken-17_binary.npy,9,264,30406.0
chicken-17_binary.npy,10,264,30406.0
chicken-17_binary.npy,11,264,30406.0
chicken-17_binary.npy,12,264,30406.0
chicken-1_binary.npy,0,394,65573.0
chicken-1_binary.npy,1,394,65573.0
chicken-1_binary.npy,2,394,65573.0
chicken-1_binary.npy,3,394,65573.0
chicken-1_binary.npy,4,394,65573.0
chicken-1_binary.npy,5,394,65573.0
chicken-1_binary.npy,6,394,65573.0
chicken-1_binary.npy,7,394,65573.0
chicken-1_binary.npy,8,394,65573.0
chicken-1_binary.npy,9,394,65573.0
chicken-1_binary.npy,10,394,65573.0
chicken-1_binary.npy,11,394,65573.0
chicken-1_binary.npy,12,394,65573.0
chicken-7_binary.npy,0,77,4600.0
chicken-7_binary.npy,1,77,4600.0
chicken-7_binary.npy,2,77,4600.0
chicken-7_binary.npy,3,77,4600.0
chicken-7_binary.npy,4,77,4600.0
chicken-7_binary.npy,5,77,4600.0
chicken-7_binary.npy,6,77,4600.0
chicken-7_binary.npy,7,77,4600.0
chicken-7_binary.npy,8,77,4600.0
chicken-7_binary.npy,9,77,4600.0
chicken-7_binary.npy,10,77,4600.0
chicken-7_binary.npy,11,77,4600.0
chicken-7_binary.npy,12,77,4600.0
children-11_binary.npy,0,70,5788.0
children-11_binary.npy,1,70,5788.0
children-11_binary.npy,2,70,5788.0
children-11_binary.npy,3,70,5788.0
children-11_binary.npy,4,70,5788.0
children-11_binary.npy,5,70,5788.0
children-11_binary.npy,6,70,5788.0
children-11_binary.npy,7,70,5788.0
children-11_binary.npy,8,70,5788.0
children-11_binary.npy,9,70,5788.0
children-11_binary.npy,10,70,5788.0
children-11_binary.npy,11,70,5788.0
children-11_binary.npy,12,70,5788.0
children-17_binary.npy,0,79,5558.0
children-17_binary.npy,1,79,5558.0
children-17_binary.npy,2,79,5558.0
children-17_binary.npy,3,79,5558.0
children-17_binary.npy,4,79,5558.0
children-17_binary.npy,5,79,5558.0
children-17_binary.npy,6,79,5558.0
children-17_binary.npy,7,79,5558.0
children-17_binary.npy,8,79,5558.0
children-17_binary.npy,9,79,5558.0
children-17_binary.npy,10,79,5558.0
children-17_binary.npy,11,79,5558.0
children-17_binary.npy,12,79,5558.0
children-1_binary.npy,0,69,5730.0
children-1_binary.npy,1,69,5730.0
children-1_binary.npy,2,69,5730.0
children-1_binary.npy,3,69,5730.0
children-1_binary.npy,4,69,5730.0
children-1_binary.npy,5,69,5730.0
children-1_binary.npy,6,69,5730.0
children-1_binary.npy,7,69,5730.0
children-1_binary.npy,8,69,5730.0
children-1_binary.npy,9,69,5730.0
children-1_binary.npy,10,69,5730.0
children-1_binary.npy,11,69,5730.0
children-1_binary.npy,12,69,5730.0
children-2_binary.npy,0,69,5768.0
children-2_binary.npy,1,69,5768.0
children-2_binary.npy,2,69,5768.0
children-2_binary.npy,3,69,5768.0
children-2_binary.npy,4,69,5768.0
children-2_binary.npy,5,69,5768.0
children-2_binary.npy,6,69,5768.0
children-2_binary.npy,7,69,5768.0
children-2_binary.npy,8,69,5768.0
children-2_binary.npy,9,69,5768.0
children-2_binary.npy,10,69,5768.0
children-2_binary.npy,11,69,5768.0
children-2_binary.npy,12,69,5768.0
chopper-03_binary.npy,0,125,11452.0
chopper-03_binary.npy,1,125,11452.0
chopper-03_binary.npy,2,125,11452.0
chopper-03_binary.npy,3,125,11452.0
chopper-03_binary.npy,4,125,11452.0
chopper-03_binary.npy,5,125,11452.0
chopper-03_binary.npy,6,125,11452.0
chopper-03_binary.npy,7,125,11452.0
chopper-03_binary.npy,8,125,11452.0
chopper-03_binary.npy,9,125,11452.0
chopper-03_binary.npy,10,125,11452.0
chopper-03_binary.npy,11,125,11452.0
chopper-03_binary.npy,12,125,11452.0
chopper-07_binary.npy,0,111,11076.0
chopper-07_binary.npy,1,111,11076.0
chopper-07_binary.npy,2,111,11076.0
chopper-07_binary.npy,3,111,11076.0
chopper-07_binary.npy,4,111,11076.0
chopper-07_binary.npy,5,111,11076.0
chopper-07_binary.npy,6,111,11076.0
chopper-07_binary.npy,7,111,11076.0
chopper-07_binary.npy,8,111,11076.0
chopper-07_binary.npy,9,111,11076.0
chopper-07_binary.npy,10,111,11076.0
chopper-07_binary.npy,11,111,11076.0
chopper-07_binary.npy,12,111,11076.0
chopper-09_binary.npy,0,118,11486.0
chopper-09_binary.npy,1,118,11486.0
chopper-09_binary.npy,2,117,11496.0
chopper-09_binary.npy,3,117,11496.0
chopper-09_binary.npy,4,117,11496.0
chopper-09_binary.npy,5,117,11496.0
chopper-09_binary.npy,6,117,11496.0
chopper-09_binary.npy,7,117,11496.0
chopper-09_binary.npy,8,117,11496.0
chopper-09_binary.npy,9,117,11496.0
chopper-09_binary.npy,10,117,11496.0
chopper-09_binary.npy,11,117,11496.0
chopper-09_binary.npy,12,117,11496.0
chopper-09_binary.npy,13,117,11496.0
chopper-09_binary.npy,14,117,11496.0
chopper-11_binary.npy,0,121,11800.0
chopper-11_binary.npy,1,121,11800.0
chopper-11_binary.npy,2,121,11800.0
chopper-11_binary.npy,3,121,11800.0
chopper-11_binary.npy,4,121,11800.0
chopper-11_binary.npy,5,121,11800.0
chopper-11_binary.npy,6,121,11800.0
chopper-11_binary.npy,7,121,11800.0
chopper-11_binary.npy,8,121,11800.0
chopper-11_binary.npy,9,121,11800.0
chopper-11_binary.npy,10,121,11800.0
chopper-11_binary.npy,11,121,11800.0
chopper-11_binary.npy,12,121,11800.0
classic-16_binary.npy,0,141,34287.0
classic-16_binary.npy,1,141,34287.0
classic-16_binary.npy,2,141,34287.0
classic-16_binary.npy,3,141,34287.0
classic-16_binary.npy,4,141,34287.0
classic-16_binary.npy,5,141,34287.0
classic-16_binary.npy,6,141,34287.0
classic-16_binary.npy,7,141,34287.0
classic-16_binary.npy,8,141,34287.0
classic-16_binary.npy,9,141,34287.0
classic-16_binary.npy,10,141,34287.0
classic-16_binary.npy,11,141,34287.0
classic-16_binary.npy,12,141,34287.0
classic-2_binary.npy,0,143,34288.0
classic-2_binary.npy,1,143,34288.0
classic-2_binary.npy,2,143,34288.0
classic-2_binary.npy,3,143,34288.0
classic-2_binary.npy,4,143,34288.0
classic-2_binary.npy,5,143,34288.0
classic-2_binary.npy,6,143,34288.0
classic-2_binary.npy,7,143,34288.0
classic-2_binary.npy,8,143,34288.0
classic-2_binary.npy,9,143,34288.0
classic-2_binary.npy,10,143,34288.0
classic-2_binary.npy,11,143,34288.0
classic-2_binary.npy,12,143,34288.0
classic-4_binary.npy,0,302,172860.0
classic-4_binary.npy,1,302,172860.0
classic-4_binary.npy,2,302,172860.0
classic-4_binary.npy,3,302,172860.0
classic-4_binary.npy,4,302,172860.0
classic-4_binary.npy,5,302,172860.0
classic-4_binary.npy,6,302,172860.0
classic-4_binary.npy,7,302,172860.0
classic-4_binary.npy,8,302,172860.0
classic-4_binary.npy,9,302,172860.0
classic-4_binary.npy,10,302,172860.0
classic-4_binary.npy,11,302,172860.0
classic-4_binary.npy,12,302,172860.0
classic-5_binary.npy,0,302,172860.0
classic-5_binary.npy,1,302,172860.0
classic-5_binary.npy,2,302,172860.0
classic-5_binary.npy,3,302,172860.0
classic-5_binary.npy,4,302,172860.0
classic-5_binary.npy,5,302,172860.0
classic-5_binary.npy,6,302,172860.0
classic-5_binary.npy,7,302,172860.0
classic-5_binary.npy,8,302,172860.0
classic-5_binary.npy,9,302,172860.0
classic-5_binary.npy,10,302,172860.0
classic-5_binary.npy,11,302,172860.0
classic-5_binary.npy,12,302,172860.0
confusions_binary.npy,0,516,109076.0
confusions_binary.npy,1,516,109076.0
confusions_binary.npy,2,516,109076.0
confusions_binary.npy,3,516,109076.0
confusions_binary.npy,4,516,109076.0
confusions_binary.npy,5,515,109086.0
confusions_binary.npy,6,515,109086.0
confusions_binary.npy,7,515,109086.0
confusions_binary.npy,8,513,109106.0
confusions_binary.npy,9,513,109106.0
confusions_binary.npy,10,513,109106.0
confusions_binary.npy,11,511,109126.0
confusions_binary.npy,12,511,109126.0
confusions_binary.npy,13,511,109126.0
confusions_binary.npy,14,511,109126.0
confusions_binary.npy,15,511,109126.0
confusions_binary.npy,16,511,109126.0
confusions_binary.npy,17,511,109126.0
confusions_binary.npy,18,511,109126.0
confusions_binary.npy,19,511,109126.0
confusions_binary.npy,20,511,109126.0
confusions_binary.npy,21,511,109126.0
confusions_binary.npy,22,511,109126.0
confusions_binary.npy,23,511,109126.0
crown-14_binary.npy,0,85,5421.0
crown-14_binary.npy,1,84,5431.0
crown-14_binary.npy,2,84,5431.0
crown-14_binary.npy,3,84,5431.0
crown-14_binary.npy,4,84,5431.0
crown-14_binary.npy,5,84,5431.0
crown-14_binary.npy,6,84,5431.0
crown-14_binary.npy,7,84,5431.0
crown-14_binary.npy,8,84,5431.0
crown-14_binary.npy,9,84,5431.0
crown-14_binary.npy,10,84,5431.0
crown-14_binary.npy,11,84,5431.0
crown-14_binary.npy,12,84,5431.0
crown-14_binary.npy,13,84,5431.0
crown-17_binary.npy,0,130,8274.0
crown-17_binary.npy,1,130,8274.0
crown-17_binary.npy,2,130,8274.0
crown-17_binary.npy,3,130,8274.0
crown-17_binary.npy,4,130,8274.0
crown-17_binary.npy,5,130,8274.0
crown-17_binary.npy,6,130,8274.0
crown-17_binary.npy,7,130,8274.0
crown-17_binary.npy,8,130,8274.0
crown-17_binary.npy,9,130,8274.0
crown-17_binary.npy,10,130,8274.0
crown-17_binary.npy,11,130,8274.0
crown-17_binary.npy,12,130,8274.0
crown-18_binary.npy,0,248,16069.0
crown-18_binary.npy,1,248,16069.0
crown-18_binary.npy,2,248,16069.0
crown-18_binary.npy,3,248,16069.0
crown-18_binary.npy,4,248,16069.0
crown-18_binary.npy,5,248,16069.0
crown-18_binary.npy,6,248,16069.0
crown-18_binary.npy,7,248,16069.0
crown-18_binary.npy,8,248,16069.0
crown-18_binary.npy,9,248,16069.0
crown-18_binary.npy,10,248,16069.0
crown-18_binary.npy,11,248,16069.0
crown-18_binary.npy,12,248,16069.0
crown-9_binary.npy,0,25,1828.0
crown-9_binary.npy,1,25,1828.0
crown-9_binary.npy,2,25,1828.0
crown-9_binary.npy,3,25,1828.0
crown-9_binary.npy,4,25,1828.0
crown-9_binary.npy,5,25,1828.0
crown-9_binary.npy,6,25,1828.0
crown-9_binary.npy,7,25,1828.0
crown-9_binary.npy,8,25,1828.0
crown-9_binary.npy,9,25,1828.0
crown-9_binary.npy,10,25,1828.0
crown-9_binary.npy,11,25,1828.0
crown-9_binary.npy,12,25,1828.0
cup-20_binary.npy,0,213,61705.0
cup-20_binary.npy,1,213,61705.0
cup-20_binary.npy,2,213,61705.0
cup-20_binary.npy,3,213,61705.0
cup-20_binary.npy,4,213,61705.0
cup-20_binary.npy,5,213,61705.0
cup-20_binary.npy,6,213,61705.0
cup-20_binary.npy,7,213,61705.0
cup-20_binary.npy,8,213,61705.0
cup-20_binary.npy,9,213,61705.0
cup-20_binary.npy,10,213,61705.0
cup-20_binary.npy,11,213,61705.0
cup-20_binary.npy,12,213,61705.0
cup-2_binary.npy,0,228,63989.0
cup-2_binary.npy,1,228,63989.0
cup-2_binary.npy,2,228,63989.0
cup-2_binary.npy,3,228,63989.0
cup-2_binary.npy,4,228,63989.0
cup-2_binary.npy,5,228,63989.0
cup-2_binary.npy,6,228,63989.0
cup-2_binary.npy,7,228,63989.0
cup-2_binary.npy,8,228,63989.0
cup-2_binary.npy,9,228,63989.0
cup-2_binary.npy,10,228,63989.0
cup-2_binary.npy,11,228,63989.0
cup-2_binary.npy,12,228,63989.0
cup-3_binary.npy,0,190,36776.0
cup-3_binary.npy,1,190,36776.0
cup-3_binary.npy,2,190,36776.0
cup-3_binary.npy,3,190,36776.0
cup-3_binary.npy,4,190,36776.0
cup-3_binary.npy,5,190,36776.0
cup-3_binary.npy,6,190,36776.0
cup-3_binary.npy,7,190,36776.0
cup-3_binary.npy,8,190,36776.0
cup-3_binary.npy,9,190,36776.0
cup-3_binary.npy,10,190,36776.0
cup-3_binary.npy,11,190,36776.0
cup-3_binary.npy,12,190,36776.0
cup-8_binary.npy,0,211,42973.0
cup-8_binary.npy,1,211,42973.0
cup-8_binary.npy,2,211,42973.0
cup-8_binary.npy,3,211,42973.0
cup-8_binary.npy,4,211,42973.0
cup-8_binary.npy,5,211,42973.0
cup-8_binary.npy,6,211,42973.0
cup-8_binary.npy,7,211,42973.0
cup-8_binary.npy,8,211,42973.0
cup-8_binary.npy,9,211,42973.0
cup-8_binary.npy,10,211,42973.0
cup-8_binary.npy,11,211,42973.0
cup-8_binary.npy,12,211,42973.0
deer-14_binary.npy,0,372,22191.0
deer-14_binary.npy,1,372,22191.0
deer-14_binary.npy,2,372,22191.0
deer-14_binary.npy,3,372,22191.0
deer-14_binary.npy,4,372,22191.0
deer-14_binary.npy,5,372,22191.0
deer-14_binary.npy,6,372,22191.0
deer-14_binary.npy,7,372,22191.0
deer-14_binary.npy,8,372,22191.0
deer-14_binary.npy,9,372,22191.0
deer-14_binary.npy,10,372,22191.0
deer-14_binary.npy,11,372,22191.0
deer-14_binary.npy,12,372,22191.0
deer-17_binary.npy,0,979,91005.0
deer-17_binary.npy,1,979,91005.0
deer-17_binary.npy,2,979,91005.0
deer-17_binary.npy,3,979,91005.0
deer-17_binary.npy,4,979,91005.0
deer-17_binary.npy,5,979,91005.0
deer-17_binary.npy,6,979,91005.0
deer-17_binary.npy,7,979,91005.0
deer-17_binary.npy,8,979,91005.0
deer-17_binary.npy,9,979,91005.0
deer-17_binary.npy,10,979,91005.0
deer-17_binary.npy,11,979,91005.0
deer-17_binary.npy,12,979,91005.0
deer-5_binary.npy,0,1218,142271.0
deer-5_binary.npy,1,1218,142271.0
deer-5_binary.npy,2,1218,142271.0
deer-5_binary.npy,3,1218,142271.0
deer-5_binary.npy,4,1218,142271.0
deer-5_binary.npy,5,1218,142271.0
deer-5_binary.npy,6,1218,142271.0
deer-5_binary.npy,7,1218,142271.0
deer-5_binary.npy,8,1218,142271.0
deer-5_binary.npy,9,1218,142271.0
deer-5_binary.npy,10,1218,142271.0
deer-5_binary.npy,11,1218,142271.0
deer-5_binary.npy,12,1218,142271.0
deer-6_binary.npy,0,813,88743.0
deer-6_binary.npy,1,813,88743.0
deer-6_binary.npy,2,813,88743.0
deer-6_binary.npy,3,813,88743.0
deer-6_binary.npy,4,813,88743.0
deer-6_binary.npy,5,810,88773.0
deer-6_binary.npy,6,810,88773.0
deer-6_binary.npy,7,806,88813.0
deer-6_binary.npy,8,806,88813.0
deer-6_binary.npy,9,806,88813.0
deer-6_binary.npy,10,806,88813.0
deer-6_binary.npy,11,806,88813.0
deer-6_binary.npy,12,806,88813.0
deer-6_binary.npy,13,806,88813.0
deer-6_binary.npy,14,806,88813.0
deer-6_binary.npy,15,806,88813.0
deer-6_binary.npy,16,806,88813.0
deer-6_binary.npy,17,806,88813.0
deer-6_binary.npy,18,806,88813.0
deer-6_binary.npy,19,806,88813.0
device0-11_binary.npy,0,420,45402.0
device0-11_binary.npy,1,420,45402.0
device0-11_binary.npy,2,420,45402.0
device0-11_binary.npy,3,420,45402.0
device0-11_binary.npy,4,420,45402.0
device0-11_binary.npy,5,420,45402.0
device0-11_binary.npy,6,420,45402.0
device0-11_binary.npy,7,420,45402.0
device0-11_binary.npy,8,420,45402.0
device0-11_binary.npy,9,420,45402.0
device0-11_binary.npy,10,420,45402.0
device0-11_binary.npy,11,420,45402.0
device0-11_binary.npy,12,420,45402.0
device0-12_binary.npy,0,411,46820.0
device0-12_binary.npy,1,411,46820.0
device0-12_binary.npy,2,411,46820.0
device0-12_binary.npy,3,411,46820.0
device0-12_binary.npy,4,411,46820.0
device0-12_binary.npy,5,411,46820.0
device0-12_binary.npy,6,411,46820.0
device0-12_binary.npy,7,411,46820.0
device0-12_binary.npy,8,411,46820.0
device0-12_binary.npy,9,409,46840.0
device0-12_binary.npy,10,409,46840.0
device0-12_binary.npy,11,409,46840.0
device0-12_binary.npy,12,409,46840.0
device0-12_binary.npy,13,409,46840.0
device0-12_binary.npy,14,409,46840.0
device0-12_binary.npy,15,409,46840.0
device0-12_binary.npy,16,409,46840.0
device0-12_binary.npy,17,409,46840.0
device0-12_binary.npy,18,409,46840.0
device0-12_binary.npy,19,409,46840.0
device0-12_binary.npy,20,409,46840.0
device0-12_binary.npy,21,409,46840.0
device0-13_binary.npy,0,491,46905.0
device0-13_binary.npy,1,491,46905.0
device0-13_binary.npy,2,491,46905.0
device0-13_binary.npy,3,491,46905.0
device0-13_binary.npy,4,490,46915.0
device0-13_binary.npy,5,490,46915.0
device0-13_binary.npy,6,490,46915.0
device0-13_binary.npy,7,490,46915.0
device0-13_binary.npy,8,490,46915.0
device0-13_binary.npy,9,490,46915.0
device0-13_binary.npy,10,490,46915.0
device0-13_binary.npy,11,490,46915.0
device0-13_binary.npy,12,490,46915.0
device0-13_binary.npy,13,490,46915.0
device0-13_binary.npy,14,490,46915.0
device0-13_binary.npy,15,490,46915.0
device0-13_binary.npy,16,490,46915.0
device0-14_binary.npy,0,377,55263.0
device0-14_binary.npy,1,377,55263.0
device0-14_binary.npy,2,377,55263.0
device0-14_binary.npy,3,377,55263.0
device0-14_binary.npy,4,377,55263.0
device0-14_binary.npy,5,377,55263.0
device0-14_binary.npy,6,377,55263.0
device0-14_binary.npy,7,377,55263.0
device0-14_binary.npy,8,377,55263.0
device0-14_binary.npy,9,377,55263.0
device0-14_binary.npy,10,377,55263.0
device0-14_binary.npy,11,377,55263.0
device0-14_binary.npy,12,377,55263.0
device1-12_binary.npy,0,340,49881.0
device1-12_binary.npy,1,340,49881.0
device1-12_binary.npy,2,340,49881.0
device1-12_binary.npy,3,340,49881.0
device1-12_binary.npy,4,340,49881.0
device1-12_binary.npy,5,340,49881.0
device1-12_binary.npy,6,340,49881.0
device1-12_binary.npy,7,340,49881.0
device1-12_binary.npy,8,340,49881.0
device1-12_binary.npy,9,340,49881.0
device1-12_binary.npy,10,340,49881.0
device1-12_binary.npy,11,340,49881.0
device1-12_binary.npy,12,340,49881.0
device1-15_binary.npy,0,383,96294.0
device1-15_binary.npy,1,383,96294.0
device1-15_binary.npy,2,383,96294.0
device1-15_binary.npy,3,383,96294.0
device1-15_binary.npy,4,383,96294.0
device1-15_binary.npy,5,383,96294.0
device1-15_binary.npy,6,383,96294.0
device1-15_binary.npy,7,383,96294.0
device1-15_binary.npy,8,383,96294.0
device1-15_binary.npy,9,383,96294.0
device1-15_binary.npy,10,383,96294.0
device1-15_binary.npy,11,383,96294.0
device1-15_binary.npy,12,383,96294.0
device1-2_binary.npy,0,222,102340.0
device1-2_binary.npy,1,222,102340.0
device1-2_binary.npy,2,222,102340.0
device1-2_binary.npy,3,222,102340.0
device1-2_binary.npy,4,222,102340.0
device1-2_binary.npy,5,222,102340.0
device1-2_binary.npy,6,222,102340.0
device1-2_binary.npy,7,222,102340.0
device1-2_binary.npy,8,222,102340.0
device1-2_binary.npy,9,222,102340.0
device1-2_binary.npy,10,222,102340.0
device1-2_binary.npy,11,222,102340.0
device1-2_binary.npy,12,222,102340.0
device1-3_binary.npy,0,350,114871.0
device1-3_binary.npy,1,350,114871.0
device1-3_binary.npy,2,350,114871.0
device1-3_binary.npy,3,350,114871.0
device1-3_binary.npy,4,350,114871.0
device1-3_binary.npy,5,350,114871.0
device1-3_binary.npy,6,350,114871.0
device1-3_binary.npy,7,350,114871.0
device1-3_binary.npy,8,350,114871.0
device1-3_binary.npy,9,350,114871.0
device1-3_binary.npy,10,350,114871.0
device1-3_binary.npy,11,350,114871.0
device1-3_binary.npy,12,350,114871.0
device2-18_binary.npy,0,541,91179.0
device2-18_binary.npy,1,541,91179.0
device2-18_binary.npy,2,541,91179.0
device2-18_binary.npy,3,541,91179.0
device2-18_binary.npy,4,541,91179.0
device2-18_binary.npy,5,541,91179.0
device2-18_binary.npy,6,541,91179.0
device2-18_binary.npy,7,541,91179.0
device2-18_binary.npy,8,541,91179.0
device2-18_binary.npy,9,541,91179.0
device2-18_binary.npy,10,541,91179.0
device2-18_binary.npy,11,541,91179.0
device2-18_binary.npy,12,541,91179.0
device2-2_binary.npy,0,355,54009.0
device2-2_binary.npy,1,355,54009.0
device2-2_binary.npy,2,355,54009.0
device2-2_binary.npy,3,355,54009.0
device2-2_binary.npy,4,355,54009.0
device2-2_binary.npy,5,355,54009.0
device2-2_binary.npy,6,355,54009.0
device2-2_binary.npy,7,355,54009.0
device2-2_binary.npy,8,355,54009.0
device2-2_binary.npy,9,355,54009.0
device2-2_binary.npy,10,355,54009.0
device2-2_binary.npy,11,355,54009.0
device2-2_binary.npy,12,355,54009.0
device2-4_binary.npy,0,553,39990.0
device2-4_binary.npy,1,553,39990.0
device2-4_binary.npy,2,553,39990.0
device2-4_binary.npy,3,553,39990.0
device2-4_binary.npy,4,553,39990.0
device2-4_binary.npy,5,553,39990.0
device2-4_binary.npy,6,553,39990.0
device2-4_binary.npy,7,553,39990.0
device2-4_binary.npy,8,553,39990.0
device2-4_binary.npy,9,553,39990.0
device2-4_binary.npy,10,553,39990.0
device2-4_binary.npy,11,553,39990.0
device2-4_binary.npy,12,553,39990.0
device2-6_binary.npy,0,653,68290.0
device2-6_binary.npy,1,653,68290.0
device2-6_binary.npy,2,653,68290.0
device2-6_binary.npy,3,653,68290.0
device2-6_binary.npy,4,653,68290.0
device2-6_binary.npy,5,653,68290.0
device2-6_binary.npy,6,653,68290.0
device2-6_binary.npy,7,653,68290.0
device2-6_binary.npy,8,653,68290.0
device2-6_binary.npy,9,653,68290.0
device2-6_binary.npy,10,653,68290.0
device2-6_binary.npy,11,653,68290.0
device2-6_binary.npy,12,653,68290.0
device3-10_binary.npy,0,136,134242.0
device3-10_binary.npy,1,136,134242.0
device3-10_binary.npy,2,136,134242.0
device3-10_binary.npy,3,136,134242.0
device3-10_binary.npy,4,136,134242.0
device3-10_binary.npy,5,136,134242.0
device3-10_binary.npy,6,136,134242.0
device3-10_binary.npy,7,136,134242.0
device3-10_binary.npy,8,136,134242.0
device3-10_binary.npy,9,136,134242.0
device3-10_binary.npy,10,136,134242.0
device3-10_binary.npy,11,136,134242.0
device3-10_binary.npy,12,136,134242.0
device3-13_binary.npy,0,543,116523.0
device3-13_binary.npy,1,543,116523.0
device3-13_binary.npy,2,543,116523.0
device3-13_binary.npy,3,543,116523.0
device3-13_binary.npy,4,543,116523.0
device3-13_binary.npy,5,543,116523.0
device3-13_binary.npy,6,543,116523.0
device3-13_binary.npy,7,543,116523.0
device3-13_binary.npy,8,543,116523.0
device3-13_binary.npy,9,543,116523.0
device3-13_binary.npy,10,543,116523.0
device3-13_binary.npy,11,543,116523.0
device3-13_binary.npy,12,543,116523.0
device3-18_binary.npy,0,654,115141.0
device3-18_binary.npy,1,654,115141.0
device3-18_binary.npy,2,654,115141.0
device3-18_binary.npy,3,654,115141.0
device3-18_binary.npy,4,654,115141.0
device3-18_binary.npy,5,654,115141.0
device3-18_binary.npy,6,654,115141.0
device3-18_binary.npy,7,654,115141.0
device3-18_binary.npy,8,654,115141.0
device3-18_binary.npy,9,654,115141.0
device3-18_binary.npy,10,654,115141.0
device3-18_binary.npy,11,654,115141.0
device3-18_binary.npy,12,654,115141.0
device3-7_binary.npy,0,100,169336.0
device3-7_binary.npy,1,100,169336.0
device3-7_binary.npy,2,100,169336.0
device3-7_binary.npy,3,100,169336.0
device3-7_binary.npy,4,100,169336.0
device3-7_binary.npy,5,100,169336.0
device3-7_binary.npy,6,100,169336.0
device3-7_binary.npy,7,100,169336.0
device3-7_binary.npy,8,100,169336.0
device3-7_binary.npy,9,100,169336.0
device3-7_binary.npy,10,100,169336.0
device3-7_binary.npy,11,100,169336.0
device3-7_binary.npy,12,100,169336.0
device4-13_binary.npy,0,332,68247.0
device4-13_binary.npy,1,332,68247.0
device4-13_binary.npy,2,332,68247.0
device4-13_binary.npy,3,332,68247.0
device4-13_binary.npy,4,332,68247.0
device4-13_binary.npy,5,332,68247.0
device4-13_binary.npy,6,332,68247.0
device4-13_binary.npy,7,332,68247.0
device4-13_binary.npy,8,332,68247.0
device4-13_binary.npy,9,332,68247.0
device4-13_binary.npy,10,332,68247.0
device4-13_binary.npy,11,331,68257.0
device4-13_binary.npy,12,331,68257.0
device4-13_binary.npy,13,331,68257.0
device4-13_binary.npy,14,331,68257.0
device4-13_binary.npy,15,331,68257.0
device4-13_binary.npy,16,331,68257.0
device4-13_binary.npy,17,331,68257.0
device4-13_binary.npy,18,331,68257.0
device4-13_binary.npy,19,331,68257.0
device4-13_binary.npy,20,331,68257.0
device4-13_binary.npy,21,331,68257.0
device4-13_binary.npy,22,331,68257.0
device4-13_binary.npy,23,331,68257.0
device4-19_binary.npy,0,463,70656.0
device4-19_binary.npy,1,463,70656.0
device4-19_binary.npy,2,463,70656.0
device4-19_binary.npy,3,463,70656.0
device4-19_binary.npy,4,463,70656.0
device4-19_binary.npy,5,463,70656.0
device4-19_binary.npy,6,463,70656.0
device4-19_binary.npy,7,463,70656.0
device4-19_binary.npy,8,463,70656.0
device4-19_binary.npy,9,463,70656.0
device4-19_binary.npy,10,463,70656.0
device4-19_binary.npy,11,463,70656.0
device4-19_binary.npy,12,463,70656.0
device4-1_binary.npy,0,275,82216.0
device4-1_binary.npy,1,275,82216.0
device4-1_binary.npy,2,275,82216.0
device4-1_binary.npy,3,275,82216.0
device4-1_binary.npy,4,275,82216.0
device4-1_binary.npy,5,275,82216.0
device4-1_binary.npy,6,275,82216.0
device4-1_binary.npy,7,275,82216.0
device4-1_binary.npy,8,275,82216.0
device4-1_binary.npy,9,275,82216.0
device4-1_binary.npy,10,275,82216.0
device4-1_binary.npy,11,275,82216.0
device4-1_binary.npy,12,275,82216.0
device4-3_binary.npy,0,294,82098.0
device4-3_binary.npy,1,294,82098.0
device4-3_binary.npy,2,294,82098.0
device4-3_binary.npy,3,294,82098.0
device4-3_binary.npy,4,294,82098.0
device4-3_binary.npy,5,294,82098.0
device4-3_binary.npy,6,294,82098.0
device4-3_binary.npy,7,294,82098.0
device4-3_binary.npy,8,294,82098.0
device4-3_binary.npy,9,294,82098.0
device4-3_binary.npy,10,294,82098.0
device4-3_binary.npy,11,294,82098.0
device4-3_binary.npy,12,294,82098.0
device5-10_binary.npy,0,216,91221.0
device5-10_binary.npy,1,216,91221.0
device5-10_binary.npy,2,216,91221.0
device5-10_binary.npy,3,216,91221.0
device5-10_binary.npy,4,216,91221.0
device5-10_binary.npy,5,216,91221.0
device5-10_binary.npy,6,216,91221.0
device5-10_binary.npy,7,216,91221.0
device5-10_binary.npy,8,216,91221.0
device5-10_binary.npy,9,216,91221.0
device5-10_binary.npy,10,216,91221.0
device5-10_binary.npy,11,216,91221.0
device5-10_binary.npy,12,216,91221.0
device5-15_binary.npy,0,258,68815.0
device5-15_binary.npy,1,258,68815.0
device5-15_binary.npy,2,258,68815.0
device5-15_binary.npy,3,258,68815.0
device5-15_binary.npy,4,258,68815.0
device5-15_binary.npy,5,258,68815.0
device5-15_binary.npy,6,258,68815.0
device5-15_binary.npy,7,258,68815.0
device5-15_binary.npy,8,258,68815.0
device5-15_binary.npy,9,258,68815.0
device5-15_binary.npy,10,258,68815.0
device5-15_binary.npy,11,258,68815.0
device5-15_binary.npy,12,258,68815.0
device5-18_binary.npy,0,363,35868.0
device5-18_binary.npy,1,363,35868.0
device5-18_binary.npy,2,363,35868.0
device5-18_binary.npy,3,363,35868.0
device5-18_binary.npy,4,363,35868.0
device5-18_binary.npy,5,363,35868.0
device5-18_binary.npy,6,363,35868.0
device5-18_binary.npy,7,363,35868.0
device5-18_binary.npy,8,363,35868.0
device5-18_binary.npy,9,363,35868.0
device5-18_binary.npy,10,363,35868.0
device5-18_binary.npy,11,363,35868.0
device5-18_binary.npy,12,363,35868.0
device5-4_binary.npy,0,311,50514.0
device5-4_binary.npy,1,311,50514.0
device5-4_binary.npy,2,311,50514.0
device5-4_binary.npy,3,311,50514.0
device5-4_binary.npy,4,311,50514.0
device5-4_binary.npy,5,310,50524.0
device5-4_binary.npy,6,310,50524.0
device5-4_binary.npy,7,310,50524.0
device5-4_binary.npy,8,310,50524.0
device5-4_binary.npy,9,310,50524.0
device5-4_binary.npy,10,310,50524.0
device5-4_binary.npy,11,310,50524.0
device5-4_binary.npy,12,310,50524.0
device5-4_binary.npy,13,310,50524.0
device5-4_binary.npy,14,310,50524.0
device5-4_binary.npy,15,310,50524.0
device5-4_binary.npy,16,310,50524.0
device5-4_binary.npy,17,310,50524.0
device6-13_binary.npy,0,717,74940.0
device6-13_binary.npy,1,716,74950.0
device6-13_binary.npy,2,716,74950.0
device6-13_binary.npy,3,716,74950.0
device6-13_binary.npy,4,716,74950.0
device6-13_binary.npy,5,716,74950.0
device6-13_binary.npy,6,716,74950.0
device6-13_binary.npy,7,716,74950.0
device6-13_binary.npy,8,716,74950.0
device6-13_binary.npy,9,716,74950.0
device6-13_binary.npy,10,716,74950.0
device6-13_binary.npy,11,716,74950.0
device6-13_binary.npy,12,716,74950.0
device6-13_binary.npy,13,716,74950.0
device6-15_binary.npy,0,300,98019.0
device6-15_binary.npy,1,300,98019.0
device6-15_binary.npy,2,300,98019.0
device6-15_binary.npy,3,300,98019.0
device6-15_binary.npy,4,300,98019.0
device6-15_binary.npy,5,300,98019.0
device6-15_binary.npy,6,300,98019.0
device6-15_binary.npy,7,300,98019.0
device6-15_binary.npy,8,300,98019.0
device6-15_binary.npy,9,300,98019.0
device6-15_binary.npy,10,300,98019.0
device6-15_binary.npy,11,300,98019.0
device6-15_binary.npy,12,300,98019.0
device6-6_binary.npy,0,275,98360.0
device6-6_binary.npy,1,275,98360.0
device6-6_binary.npy,2,275,98360.0
device6-6_binary.npy,3,275,98360.0
device6-6_binary.npy,4,275,98360.0
device6-6_binary.npy,5,275,98360.0
device6-6_binary.npy,6,275,98360.0
device6-6_binary.npy,7,275,98360.0
device6-6_binary.npy,8,275,98360.0
device6-6_binary.npy,9,275,98360.0
device6-6_binary.npy,10,275,98360.0
device6-6_binary.npy,11,275,98360.0
device6-6_binary.npy,12,275,98360.0
device6-9_binary.npy,0,568,49916.0
device6-9_binary.npy,1,568,49916.0
device6-9_binary.npy,2,568,49916.0
device6-9_binary.npy,3,568,49916.0
device6-9_binary.npy,4,568,49916.0
device6-9_binary.npy,5,568,49916.0
device6-9_binary.npy,6,568,49916.0
device6-9_binary.npy,7,568,49916.0
device6-9_binary.npy,8,568,49916.0
device6-9_binary.npy,9,568,49916.0
device6-9_binary.npy,10,568,49916.0
device6-9_binary.npy,11,568,49916.0
device6-9_binary.npy,12,568,49916.0
device7-14_binary.npy,0,889,56877.0
device7-14_binary.npy,1,880,56967.0
device7-14_binary.npy,2,880,56967.0
device7-14_binary.npy,3,880,56967.0
device7-14_binary.npy,4,880,56967.0
device7-14_binary.npy,5,880,56967.0
device7-14_binary.npy,6,880,56967.0
device7-14_binary.npy,7,880,56967.0
device7-14_binary.npy,8,880,56967.0
device7-14_binary.npy,9,880,56967.0
device7-14_binary.npy,10,879,56977.0
device7-14_binary.npy,11,877,56997.0
device7-14_binary.npy,12,877,56997.0
device7-14_binary.npy,13,877,56997.0
device7-14_binary.npy,14,877,56997.0
device7-14_binary.npy,15,877,56997.0
device7-14_binary.npy,16,873,57037.0
device7-14_binary.npy,17,873,57037.0
device7-14_binary.npy,18,873,57037.0
device7-14_binary.npy,19,873,57037.0
device7-14_binary.npy,20,873,57037.0
device7-14_binary.npy,21,873,57037.0
device7-14_binary.npy,22,873,57037.0
device7-14_binary.npy,23,873,57037.0
device7-14_binary.npy,24,873,57037.0
device7-14_binary.npy,25,873,57037.0
device7-14_binary.npy,26,873,57037.0
device7-14_binary.npy,27,873,57037.0
device7-14_binary.npy,28,873,57037.0
device7-16_binary.npy,0,686,94042.0
device7-16_binary.npy,1,686,94042.0
device7-16_binary.npy,2,686,94042.0
device7-16_binary.npy,3,686,94042.0
device7-16_binary.npy,4,686,94042.0
device7-16_binary.npy,5,686,94042.0
device7-16_binary.npy,6,686,94042.0
device7-16_binary.npy,7,686,94042.0
device7-16_binary.npy,8,686,94042.0
device7-16_binary.npy,9,686,94042.0
device7-16_binary.npy,10,686,94042.0
device7-16_binary.npy,11,686,94042.0
device7-16_binary.npy,12,686,94042.0
device7-19_binary.npy,0,688,108136.0
device7-19_binary.npy,1,688,108136.0
device7-19_binary.npy,2,688,108136.0
device7-19_binary.npy,3,688,108136.0
device7-19_binary.npy,4,688,108136.0
device7-19_binary.npy,5,688,108136.0
device7-19_binary.npy,6,688,108136.0
device7-19_binary.npy,7,688,108136.0
device7-19_binary.npy,8,688,108136.0
device7-19_binary.npy,9,688,108136.0
device7-19_binary.npy,10,688,108136.0
device7-19_binary.npy,11,688,108136.0
device7-19_binary.npy,12,688,108136.0
device7-6_binary.npy,0,726,108322.0
device7-6_binary.npy,1,726,108322.0
device7-6_binary.npy,2,726,108322.0
device7-6_binary.npy,3,726,108322.0
device7-6_binary.npy,4,726,108322.0
device7-6_binary.npy,5,726,108322.0
device7-6_binary.npy,6,726,108322.0
device7-6_binary.npy,7,726,108322.0
device7-6_binary.npy,8,726,108322.0
device7-6_binary.npy,9,726,108322.0
device7-6_binary.npy,10,726,108322.0
device7-6_binary.npy,11,726,108322.0
device7-6_binary.npy,12,726,108322.0
device8-15_binary.npy,0,272,81330.0
device8-15_binary.npy,1,272,81330.0
device8-15_binary.npy,2,272,81330.0
device8-15_binary.npy,3,272,81330.0
device8-15_binary.npy,4,272,81330.0
device8-15_binary.npy,5,272,81330.0
device8-15_binary.npy,6,272,81330.0
device8-15_binary.npy,7,272,81330.0
device8-15_binary.npy,8,272,81330.0
device8-15_binary.npy,9,272,81330.0
device8-15_binary.npy,10,272,81330.0
device8-15_binary.npy,11,272,81330.0
device8-15_binary.npy,12,272,81330.0
device8-20_binary.npy,0,5,83797.0
device8-20_binary.npy,1,5,83797.0
device8-20_binary.npy,2,5,83797.0
device8-20_binary.npy,3,5,83797.0
device8-20_binary.npy,4,5,83797.0
device8-20_binary.npy,5,5,83797.0
device8-20_binary.npy,6,5,83797.0
device8-20_binary.npy,7,5,83797.0
device8-20_binary.npy,8,5,83797.0
device8-20_binary.npy,9,5,83797.0
device8-20_binary.npy,10,5,83797.0
device8-20_binary.npy,11,5,83797.0
device8-20_binary.npy,12,5,83797.0
device8-6_binary.npy,0,268,76290.0
device8-6_binary.npy,1,268,76290.0
device8-6_binary.npy,2,268,76290.0
device8-6_binary.npy,3,268,76290.0
device8-6_binary.npy,4,268,76290.0
device8-6_binary.npy,5,268,76290.0
device8-6_binary.npy,6,268,76290.0
device8-6_binary.npy,7,268,76290.0
device8-6_binary.npy,8,268,76290.0
device8-6_binary.npy,9,268,76290.0
device8-6_binary.npy,10,268,76290.0
device8-6_binary.npy,11,268,76290.0
device8-6_binary.npy,12,268,76290.0
device8-7_binary.npy,0,207,53155.0
device8-7_binary.npy,1,207,53155.0
device8-7_binary.npy,2,207,53155.0
device8-7_binary.npy,3,207,53155.0
device8-7_binary.npy,4,207,53155.0
device8-7_binary.npy,5,207,53155.0
device8-7_binary.npy,6,207,53155.0
device8-7_binary.npy,7,207,53155.0
device8-7_binary.npy,8,207,53155.0
device8-7_binary.npy,9,207,53155.0
device8-7_binary.npy,10,207,53155.0
device8-7_binary.npy,11,207,53155.0
device8-7_binary.npy,12,207,53155.0
device9-10_binary.npy,0,274,115125.0
device9-10_binary.npy,1,274,115125.0
device9-10_binary.npy,2,274,115125.0
device9-10_binary.npy,3,274,115125.0
device9-10_binary.npy,4,274,115125.0
device9-10_binary.npy,5,274,115125.0
device9-10_binary.npy,6,274,115125.0
device9-10_binary.npy,7,274,115125.0
device9-10_binary.npy,8,274,115125.0
device9-10_binary.npy,9,274,115125.0
device9-10_binary.npy,10,274,115125.0
device9-10_binary.npy,11,274,115125.0
device9-10_binary.npy,12,274,115125.0
device9-1_binary.npy,0,265,120631.0
device9-1_binary.npy,1,265,120631.0
device9-1_binary.npy,2,265,120631.0
device9-1_binary.npy,3,265,120631.0
device9-1_binary.npy,4,265,120631.0
device9-1_binary.npy,5,265,120631.0
device9-1_binary.npy,6,265,120631.0
device9-1_binary.npy,7,265,120631.0
device9-1_binary.npy,8,265,120631.0
device9-1_binary.npy,9,265,120631.0
device9-1_binary.npy,10,265,120631.0
device9-1_binary.npy,11,265,120631.0
device9-1_binary.npy,12,265,120631.0
device9-5_binary.npy,0,431,111468.0
device9-5_binary.npy,1,431,111468.0
device9-5_binary.npy,2,431,111468.0
device9-5_binary.npy,3,431,111468.0
device9-5_binary.npy,4,431,111468.0
device9-5_binary.npy,5,431,111468.0
device9-5_binary.npy,6,431,111468.0
device9-5_binary.npy,7,431,111468.0
device9-5_binary.npy,8,431,111468.0
device9-5_binary.npy,9,431,111468.0
device9-5_binary.npy,10,431,111468.0
device9-5_binary.npy,11,431,111468.0
device9-5_binary.npy,12,431,111468.0
device9-9_binary.npy,0,452,111686.0
device9-9_binary.npy,1,452,111686.0
device9-9_binary.npy,2,452,111686.0
device9-9_binary.npy,3,452,111686.0
device9-9_binary.npy,4,452,111686.0
device9-9_binary.npy,5,452,111686.0
device9-9_binary.npy,6,452,111686.0
device9-9_binary.npy,7,452,111686.0
device9-9_binary.npy,8,452,111686.0
device9-9_binary.npy,9,452,111686.0
device9-9_binary.npy,10,452,111686.0
device9-9_binary.npy,11,452,111686.0
device9-9_binary.npy,12,452,111686.0
dog-13_binary.npy,0,137,6242.0
dog-13_binary.npy,1,137,6242.0
dog-13_binary.npy,2,137,6242.0
dog-13_binary.npy,3,137,6242.0
dog-13_binary.npy,4,137,6242.0
dog-13_binary.npy,5,137,6242.0
dog-13_binary.npy,6,137,6242.0
dog-13_binary.npy,7,137,6242.0
dog-13_binary.npy,8,137,6242.0
dog-13_binary.npy,9,137,6242.0
dog-13_binary.npy,10,137,6242.0
dog-13_binary.npy,11,137,6242.0
dog-13_binary.npy,12,137,6242.0
dog-17_binary.npy,0,127,3022.0
dog-17_binary.npy,1,127,3022.0
dog-17_binary.npy,2,127,3022.0
dog-17_binary.npy,3,127,3022.0
dog-17_binary.npy,4,127,3022.0
dog-17_binary.npy,5,127,3022.0
dog-17_binary.npy,6,127,3022.0
dog-17_binary.npy,7,127,3022.0
dog-17_binary.npy,8,127,3022.0
dog-17_binary.npy,9,127,3022.0
dog-17_binary.npy,10,127,3022.0
dog-17_binary.npy,11,127,3022.0
dog-17_binary.npy,12,127,3022.0
dog-19_binary.npy,0,1004,40184.0
dog-19_binary.npy,1,1004,40184.0
dog-19_binary.npy,2,1004,40184.0
dog-19_binary.npy,3,1004,40184.0
dog-19_binary.npy,4,1004,40184.0
dog-19_binary.npy,5,1004,40184.0
dog-19_binary.npy,6,1004,40184.0
dog-19_binary.npy,7,1004,40184.0
dog-19_binary.npy,8,1004,40184.0
dog-19_binary.npy,9,1004,40184.0
dog-19_binary.npy,10,1004,40184.0
dog-19_binary.npy,11,1004,40184.0
dog-19_binary.npy,12,1004,40184.0
dog-20_binary.npy,0,201,18437.0
dog-20_binary.npy,1,201,18437.0
dog-20_binary.npy,2,201,18437.0
dog-20_binary.npy,3,201,18437.0
dog-20_binary.npy,4,201,18437.0
dog-20_binary.npy,5,201,18437.0
dog-20_binary.npy,6,201,18437.0
dog-20_binary.npy,7,201,18437.0
dog-20_binary.npy,8,201,18437.0
dog-20_binary.npy,9,201,18437.0
dog-20_binary.npy,10,201,18437.0
dog-20_binary.npy,11,201,18437.0
dog-20_binary.npy,12,201,18437.0
elephant-11_binary.npy,0,289,48798.0
elephant-11_binary.npy,1,289,48798.0
elephant-11_binary.npy,2,289,48798.0
elephant-11_binary.npy,3,289,48798.0
elephant-11_binary.npy,4,289,48798.0
elephant-11_binary.npy,5,289,48798.0
elephant-11_binary.npy,6,289,48798.0
elephant-11_binary.npy,7,289,48798.0
elephant-11_binary.npy,8,289,48798.0
elephant-11_binary.npy,9,289,48798.0
elephant-11_binary.npy,10,289,48798.0
elephant-11_binary.npy,11,289,48798.0
elephant-11_binary.npy,12,289,48798.0
elephant-12_binary.npy,0,753,211262.0
elephant-12_binary.npy,1,750,211292.0
elephant-12_binary.npy,2,750,211292.0
elephant-12_binary.npy,3,750,211292.0
elephant-12_binary.npy,4,750,211292.0
elephant-12_binary.npy,5,750,211292.0
elephant-12_binary.npy,6,750,211292.0
elephant-12_binary.npy,7,750,211292.0
elephant-12_binary.npy,8,750,211292.0
elephant-12_binary.npy,9,750,211292.0
elephant-12_binary.npy,10,750,211292.0
elephant-12_binary.npy,11,750,211292.0
elephant-12_binary.npy,12,750,211292.0
elephant-12_binary.npy,13,750,211292.0
elephant-17_binary.npy,0,194,22407.0
elephant-17_binary.npy,1,194,22407.0
elephant-17_binary.npy,2,194,22407.0
elephant-17_binary.npy,3,194,22407.0
elephant-17_binary.npy,4,194,22407.0
elephant-17_binary.npy,5,194,22407.0
elephant-17_binary.npy,6,193,22417.0
elephant-17_binary.npy,7,193,22417.0
elephant-17_binary.npy,8,193,22417.0
elephant-17_binary.npy,9,193,22417.0
elephant-17_binary.npy,10,193,22417.0
elephant-17_binary.npy,11,193,22417.0
elephant-17_binary.npy,12,193,22417.0
elephant-17_binary.npy,13,193,22417.0
elephant-17_binary.npy,14,193,22417.0
elephant-17_binary.npy,15,193,22417.0
elephant-17_binary.npy,16,193,22417.0
elephant-17_binary.npy,17,193,22417.0
elephant-17_binary.npy,18,193,22417.0
elephant-7_binary.npy,0,656,120275.0
elephant-7_binary.npy,1,656,120275.0
elephant-7_binary.npy,2,656,120275.0
elephant-7_binary.npy,3,656,120275.0
elephant-7_binary.npy,4,656,120275.0
elephant-7_binary.npy,5,656,120275.0
elephant-7_binary.npy,6,656,120275.0
elephant-7_binary.npy,7,656,120275.0
elephant-7_binary.npy,8,656,120275.0
elephant-7_binary.npy,9,656,120275.0
elephant-7_binary.npy,10,656,120275.0
elephant-7_binary.npy,11,656,120275.0
elephant-7_binary.npy,12,656,120275.0
face-12_binary.npy,0,167,38227.0
face-12_binary.npy,1,167,38227.0
face-12_binary.npy,2,167,38227.0
face-12_binary.npy,3,167,38227.0
face-12_binary.npy,4,167,38227.0
face-12_binary.npy,5,167,38227.0
face-12_binary.npy,6,167,38227.0
face-12_binary.npy,7,167,38227.0
face-12_binary.npy,8,167,38227.0
face-12_binary.npy,9,167,38227.0
face-12_binary.npy,10,167,38227.0
face-12_binary.npy,11,167,38227.0
face-12_binary.npy,12,167,38227.0
face-14_binary.npy,0,164,37366.0
face-14_binary.npy,1,164,37366.0
face-14_binary.npy,2,164,37366.0
face-14_binary.npy,3,164,37366.0
face-14_binary.npy,4,164,37366.0
face-14_binary.npy,5,164,37366.0
face-14_binary.npy,6,164,37366.0
face-14_binary.npy,7,164,37366.0
face-14_binary.npy,8,164,37366.0
face-14_binary.npy,9,164,37366.0
face-14_binary.npy,10,164,37366.0
face-14_binary.npy,11,164,37366.0
face-14_binary.npy,12,164,37366.0
face-5_binary.npy,0,171,37061.0
face-5_binary.npy,1,171,37061.0
face-5_binary.npy,2,171,37061.0
face-5_binary.npy,3,171,37061.0
face-5_binary.npy,4,171,37061.0
face-5_binary.npy,5,171,37061.0
face-5_binary.npy,6,171,37061.0
face-5_binary.npy,7,171,37061.0
face-5_binary.npy,8,171,37061.0
face-5_binary.npy,9,171,37061.0
face-5_binary.npy,10,171,37061.0
face-5_binary.npy,11,171,37061.0
face-5_binary.npy,12,171,37061.0
face-7_binary.npy,0,168,37757.0
face-7_binary.npy,1,168,37757.0
face-7_binary.npy,2,168,37757.0
face-7_binary.npy,3,168,37757.0
face-7_binary.npy,4,168,37757.0
face-7_binary.npy,5,168,37757.0
face-7_binary.npy,6,168,37757.0
face-7_binary.npy,7,168,37757.0
face-7_binary.npy,8,168,37757.0
face-7_binary.npy,9,168,37757.0
face-7_binary.npy,10,168,37757.0
face-7_binary.npy,11,168,37757.0
face-7_binary.npy,12,168,37757.0
fish-14_binary.npy,0,101,18062.0
fish-14_binary.npy,1,101,18062.0
fish-14_binary.npy,2,101,18062.0
fish-14_binary.npy,3,101,18062.0
fish-14_binary.npy,4,101,18062.0
fish-14_binary.npy,5,101,18062.0
fish-14_binary.npy,6,101,18062.0
fish-14_binary.npy,7,101,18062.0
fish-14_binary.npy,8,101,18062.0
fish-14_binary.npy,9,101,18062.0
fish-14_binary.npy,10,101,18062.0
fish-14_binary.npy,11,101,18062.0
fish-14_binary.npy,12,101,18062.0
fish-15_binary.npy,0,66,6859.0
fish-15_binary.npy,1,66,6859.0
fish-15_binary.npy,2,66,6859.0
fish-15_binary.npy,3,66,6859.0
fish-15_binary.npy,4,66,6859.0
fish-15_binary.npy,5,66,6859.0
fish-15_binary.npy,6,66,6859.0
fish-15_binary.npy,7,66,6859.0
fish-15_binary.npy,8,66,6859.0
fish-15_binary.npy,9,66,6859.0
fish-15_binary.npy,10,66,6859.0
fish-15_binary.npy,11,66,6859.0
fish-15_binary.npy,12,66,6859.0
fish-5_binary.npy,0,115,13711.0
fish-5_binary.npy,1,115,13711.0
fish-5_binary.npy,2,115,13711.0
fish-5_binary.npy,3,115,13711.0
fish-5_binary.npy,4,115,13711.0
fish-5_binary.npy,5,115,13711.0
fish-5_binary.npy,6,115,13711.0
fish-5_binary.npy,7,115,13711.0
fish-5_binary.npy,8,115,13711.0
fish-5_binary.npy,9,115,13711.0
fish-5_binary.npy,10,115,13711.0
fish-5_binary.npy,11,115,13711.0
fish-5_binary.npy,12,115,13711.0
fish-7_binary.npy,0,153,19213.0
fish-7_binary.npy,1,153,19213.0
fish-7_binary.npy,2,153,19213.0
fish-7_binary.npy,3,153,19213.0
fish-7_binary.npy,4,153,19213.0
fish-7_binary.npy,5,153,19213.0
fish-7_binary.npy,6,153,19213.0
fish-7_binary.npy,7,153,19213.0
fish-7_binary.npy,8,153,19213.0
fish-7_binary.npy,9,153,19213.0
fish-7_binary.npy,10,153,19213.0
fish-7_binary.npy,11,153,19213.0
fish-7_binary.npy,12,153,19213.0
flatfish-16_binary.npy,0,200,41796.0
flatfish-16_binary.npy,1,200,41796.0
flatfish-16_binary.npy,2,200,41796.0
flatfish-16_binary.npy,3,200,41796.0
flatfish-16_binary.npy,4,200,41796.0
flatfish-16_binary.npy,5,200,41796.0
flatfish-16_binary.npy,6,200,41796.0
flatfish-16_binary.npy,7,200,41796.0
flatfish-16_binary.npy,8,200,41796.0
flatfish-16_binary.npy,9,200,41796.0
flatfish-16_binary.npy,10,200,41796.0
flatfish-16_binary.npy,11,200,41796.0
flatfish-16_binary.npy,12,200,41796.0
flatfish-18_binary.npy,0,211,43987.0
flatfish-18_binary.npy,1,211,43987.0
flatfish-18_binary.npy,2,211,43987.0
flatfish-18_binary.npy,3,211,43987.0
flatfish-18_binary.npy,4,211,43987.0
flatfish-18_binary.npy,5,211,43987.0
flatfish-18_binary.npy,6,211,43987.0
flatfish-18_binary.npy,7,211,43987.0
flatfish-18_binary.npy,8,211,43987.0
flatfish-18_binary.npy,9,211,43987.0
flatfish-18_binary.npy,10,211,43987.0
flatfish-18_binary.npy,11,211,43987.0
flatfish-18_binary.npy,12,211,43987.0
flatfish-3_binary.npy,0,271,56123.0
flatfish-3_binary.npy,1,271,56123.0
flatfish-3_binary.npy,2,271,56123.0
flatfish-3_binary.npy,3,271,56123.0
flatfish-3_binary.npy,4,271,56123.0
flatfish-3_binary.npy,5,271,56123.0
flatfish-3_binary.npy,6,271,56123.0
flatfish-3_binary.npy,7,271,56123.0
flatfish-3_binary.npy,8,271,56123.0
flatfish-3_binary.npy,9,271,56123.0
flatfish-3_binary.npy,10,271,56123.0
flatfish-3_binary.npy,11,271,56123.0
flatfish-3_binary.npy,12,271,56123.0
flatfish-6_binary.npy,0,198,45082.0
flatfish-6_binary.npy,1,198,45082.0
flatfish-6_binary.npy,2,198,45082.0
flatfish-6_binary.npy,3,198,45082.0
flatfish-6_binary.npy,4,198,45082.0
flatfish-6_binary.npy,5,198,45082.0
flatfish-6_binary.npy,6,198,45082.0
flatfish-6_binary.npy,7,198,45082.0
flatfish-6_binary.npy,8,198,45082.0
flatfish-6_binary.npy,9,198,45082.0
flatfish-6_binary.npy,10,198,45082.0
flatfish-6_binary.npy,11,198,45082.0
flatfish-6_binary.npy,12,198,45082.0
fly-16_binary.npy,0,426,16848.0
fly-16_binary.npy,1,426,16848.0
fly-16_binary.npy,2,426,16848.0
fly-16_binary.npy,3,426,16848.0
fly-16_binary.npy,4,426,16848.0
fly-16_binary.npy,5,426,16848.0
fly-16_binary.npy,6,426,16848.0
fly-16_binary.npy,7,426,16848.0
fly-16_binary.npy,8,426,16848.0
fly-16_binary.npy,9,426,16848.0
fly-16_binary.npy,10,426,16848.0
fly-16_binary.npy,11,425,16858.0
fly-16_binary.npy,12,425,16858.0
fly-16_binary.npy,13,425,16858.0
fly-16_binary.npy,14,425,16858.0
fly-16_binary.npy,15,425,16858.0
fly-16_binary.npy,16,425,16858.0
fly-16_binary.npy,17,425,16858.0
fly-16_binary.npy,18,425,16858.0
fly-16_binary.npy,19,425,16858.0
fly-16_binary.npy,20,425,16858.0
fly-16_binary.npy,21,425,16858.0
fly-16_binary.npy,22,425,16858.0
fly-16_binary.npy,23,425,16858.0
fly-19_binary.npy,0,275,11722.0
fly-19_binary.npy,1,275,11722.0
fly-19_binary.npy,2,275,11722.0
fly-19_binary.npy,3,275,11722.0
fly-19_binary.npy,4,275,11722.0
fly-19_binary.npy,5,275,11722.0
fly-19_binary.npy,6,275,11722.0
fly-19_binary.npy,7,275,11722.0
fly-19_binary.npy,8,275,11722.0
fly-19_binary.npy,9,275,11722.0
fly-19_binary.npy,10,275,11722.0
fly-19_binary.npy,11,275,11722.0
fly-19_binary.npy,12,275,11722.0
fly-2_binary.npy,0,242,15649.0
fly-2_binary.npy,1,242,15649.0
fly-2_binary.npy,2,242,15649.0
fly-2_binary.npy,3,242,15649.0
fly-2_binary.npy,4,242,15649.0
fly-2_binary.npy,5,242,15649.0
fly-2_binary.npy,6,242,15649.0
fly-2_binary.npy,7,242,15649.0
fly-2_binary.npy,8,242,15649.0
fly-2_binary.npy,9,242,15649.0
fly-2_binary.npy,10,242,15649.0
fly-2_binary.npy,11,242,15649.0
fly-2_binary.npy,12,242,15649.0
fly-7_binary.npy,0,399,16236.0
fly-7_binary.npy,1,399,16236.0
fly-7_binary.npy,2,399,16236.0
fly-7_binary.npy,3,399,16236.0
fly-7_binary.npy,4,399,16236.0
fly-7_binary.npy,5,399,16236.0
fly-7_binary.npy,6,399,16236.0
fly-7_binary.npy,7,399,16236.0
fly-7_binary.npy,8,399,16236.0
fly-7_binary.npy,9,399,16236.0
fly-7_binary.npy,10,399,16236.0
fly-7_binary.npy,11,399,16236.0
fly-7_binary.npy,12,399,16236.0
fork-20_binary.npy,0,154,11153.0
fork-20_binary.npy,1,154,11153.0
fork-20_binary.npy,2,154,11153.0
fork-20_binary.npy,3,154,11153.0
fork-20_binary.npy,4,154,11153.0
fork-20_binary.npy,5,154,11153.0
fork-20_binary.npy,6,154,11153.0
fork-20_binary.npy,7,154,11153.0
fork-20_binary.npy,8,154,11153.0
fork-20_binary.npy,9,154,11153.0
fork-20_binary.npy,10,154,11153.0
fork-20_binary.npy,11,154,11153.0
fork-20_binary.npy,12,154,11153.0
fork-4_binary.npy,0,236,24477.0
fork-4_binary.npy,1,236,24477.0
fork-4_binary.npy,2,236,24477.0
fork-4_binary.npy,3,236,24477.0
fork-4_binary.npy,4,236,24477.0
fork-4_binary.npy,5,236,24477.0
fork-4_binary.npy,6,236,24477.0
fork-4_binary.npy,7,236,24477.0
fork-4_binary.npy,8,236,24477.0
fork-4_binary.npy,9,236,24477.0
fork-4_binary.npy,10,236,24477.0
fork-4_binary.npy,11,236,24477.0
fork-4_binary.npy,12,236,24477.0
fork-6_binary.npy,0,203,22365.0
fork-6_binary.npy,1,203,22365.0
fork-6_binary.npy,2,203,22365.0
fork-6_binary.npy,3,203,22365.0
fork-6_binary.npy,4,203,22365.0
fork-6_binary.npy,5,203,22365.0
fork-6_binary.npy,6,203,22365.0
fork-6_binary.npy,7,203,22365.0
fork-6_binary.npy,8,203,22365.0
fork-6_binary.npy,9,203,22365.0
fork-6_binary.npy,10,203,22365.0
fork-6_binary.npy,11,203,22365.0
fork-6_binary.npy,12,203,22365.0
fork-8_binary.npy,0,134,12807.0
fork-8_binary.npy,1,134,12807.0
fork-8_binary.npy,2,134,12807.0
fork-8_binary.npy,3,134,12807.0
fork-8_binary.npy,4,134,12807.0
fork-8_binary.npy,5,134,12807.0
fork-8_binary.npy,6,134,12807.0
fork-8_binary.npy,7,134,12807.0
fork-8_binary.npy,8,134,12807.0
fork-8_binary.npy,9,134,12807.0
fork-8_binary.npy,10,134,12807.0
fork-8_binary.npy,11,134,12807.0
fork-8_binary.npy,12,134,12807.0
fountain-03_binary.npy,0,101,13344.0
fountain-03_binary.npy,1,101,13344.0
fountain-03_binary.npy,2,101,13344.0
fountain-03_binary.npy,3,101,13344.0
fountain-03_binary.npy,4,101,13344.0
fountain-03_binary.npy,5,101,13344.0
fountain-03_binary.npy,6,101,13344.0
fountain-03_binary.npy,7,101,13344.0
fountain-03_binary.npy,8,101,13344.0
fountain-03_binary.npy,9,101,13344.0
fountain-03_binary.npy,10,101,13344.0
fountain-03_binary.npy,11,101,13344.0
fountain-03_binary.npy,12,101,13344.0
fountain-04_binary.npy,0,101,14093.0
fountain-04_binary.npy,1,101,14093.0
fountain-04_binary.npy,2,101,14093.0
fountain-04_binary.npy,3,101,14093.0
fountain-04_binary.npy,4,101,14093.0
fountain-04_binary.npy,5,101,14093.0
fountain-04_binary.npy,6,101,14093.0
fountain-04_binary.npy,7,101,14093.0
fountain-04_binary.npy,8,101,14093.0
fountain-04_binary.npy,9,101,14093.0
fountain-04_binary.npy,10,101,14093.0
fountain-04_binary.npy,11,101,14093.0
fountain-04_binary.npy,12,101,14093.0
fountain-08_binary.npy,0,110,14331.0
fountain-08_binary.npy,1,110,14331.0
fountain-08_binary.npy,2,110,14331.0
fountain-08_binary.npy,3,110,14331.0
fountain-08_binary.npy,4,110,14331.0
fountain-08_binary.npy,5,110,14331.0
fountain-08_binary.npy,6,110,14331.0
fountain-08_binary.npy,7,110,14331.0
fountain-08_binary.npy,8,110,14331.0
fountain-08_binary.npy,9,110,14331.0
fountain-08_binary.npy,10,110,14331.0
fountain-08_binary.npy,11,110,14331.0
fountain-08_binary.npy,12,110,14331.0
fountain-19_binary.npy,0,95,12879.0
fountain-19_binary.npy,1,95,12879.0
fountain-19_binary.npy,2,95,12879.0
fountain-19_binary.npy,3,95,12879.0
fountain-19_binary.npy,4,95,12879.0
fountain-19_binary.npy,5,95,12879.0
fountain-19_binary.npy,6,95,12879.0
fountain-19_binary.npy,7,95,12879.0
fountain-19_binary.npy,8,95,12879.0
fountain-19_binary.npy,9,95,12879.0
fountain-19_binary.npy,10,95,12879.0
fountain-19_binary.npy,11,95,12879.0
fountain-19_binary.npy,12,95,12879.0
frog-10_binary.npy,0,244,38166.0
frog-10_binary.npy,1,244,38166.0
frog-10_binary.npy,2,244,38166.0
frog-10_binary.npy,3,244,38166.0
frog-10_binary.npy,4,244,38166.0
frog-10_binary.npy,5,244,38166.0
frog-10_binary.npy,6,244,38166.0
frog-10_binary.npy,7,244,38166.0
frog-10_binary.npy,8,244,38166.0
frog-10_binary.npy,9,244,38166.0
frog-10_binary.npy,10,244,38166.0
frog-10_binary.npy,11,244,38166.0
frog-10_binary.npy,12,244,38166.0
frog-17_binary.npy,0,217,21641.0
frog-17_binary.npy,1,217,21641.0
frog-17_binary.npy,2,217,21641.0
frog-17_binary.npy,3,217,21641.0
frog-17_binary.npy,4,217,21641.0
frog-17_binary.npy,5,217,21641.0
frog-17_binary.npy,6,217,21641.0
frog-17_binary.npy,7,217,21641.0
frog-17_binary.npy,8,217,21641.0
frog-17_binary.npy,9,217,21641.0
frog-17_binary.npy,10,217,21641.0
frog-17_binary.npy,11,217,21641.0
frog-17_binary.npy,12,217,21641.0
frog-1_binary.npy,0,252,39418.0
frog-1_binary.npy,1,252,39418.0
frog-1_binary.npy,2,252,39418.0
frog-1_binary.npy,3,252,39418.0
frog-1_binary.npy,4,252,39418.0
frog-1_binary.npy,5,252,39418.0
frog-1_binary.npy,6,252,39418.0
frog-1_binary.npy,7,252,39418.0
frog-1_binary.npy,8,252,39418.0
frog-1_binary.npy,9,252,39418.0
frog-1_binary.npy,10,252,39418.0
frog-1_binary.npy,11,252,39418.0
frog-1_binary.npy,12,252,39418.0
frog-7_binary.npy,0,334,54126.0
frog-7_binary.npy,1,334,54126.0
frog-7_binary.npy,2,334,54126.0
frog-7_binary.npy,3,334,54126.0
frog-7_binary.npy,4,334,54126.0
frog-7_binary.npy,5,334,54126.0
frog-7_binary.npy,6,334,54126.0
frog-7_binary.npy,7,334,54126.0
frog-7_binary.npy,8,334,54126.0
frog-7_binary.npy,9,334,54126.0
frog-7_binary.npy,10,334,54126.0
frog-7_binary.npy,11,334,54126.0
frog-7_binary.npy,12,334,54126.0
guitar-10_binary.npy,0,354,79779.0
guitar-10_binary.npy,1,354,79779.0
guitar-10_binary.npy,2,354,79779.0
guitar-10_binary.npy,3,354,79779.0
guitar-10_binary.npy,4,354,79779.0
guitar-10_binary.npy,5,354,79779.0
guitar-10_binary.npy,6,354,79779.0
guitar-10_binary.npy,7,354,79779.0
guitar-10_binary.npy,8,354,79779.0
guitar-10_binary.npy,9,354,79779.0
guitar-10_binary.npy,10,354,79779.0
guitar-10_binary.npy,11,354,79779.0
guitar-10_binary.npy,12,354,79779.0
guitar-12_binary.npy,0,192,14969.0
guitar-12_binary.npy,1,192,14969.0
guitar-12_binary.npy,2,192,14969.0
guitar-12_binary.npy,3,192,14969.0
guitar-12_binary.npy,4,192,14969.0
guitar-12_binary.npy,5,192,14969.0
guitar-12_binary.npy,6,192,14969.0
guitar-12_binary.npy,7,192,14969.0
guitar-12_binary.npy,8,192,14969.0
guitar-12_binary.npy,9,192,14969.0
guitar-12_binary.npy,10,192,14969.0
guitar-12_binary.npy,11,192,14969.0
guitar-12_binary.npy,12,192,14969.0
guitar-17_binary.npy,0,309,42238.0
guitar-17_binary.npy,1,309,42238.0
guitar-17_binary.npy,2,309,42238.0
guitar-17_binary.npy,3,309,42238.0
guitar-17_binary.npy,4,309,42238.0
guitar-17_binary.npy,5,309,42238.0
guitar-17_binary.npy,6,309,42238.0
guitar-17_binary.npy,7,309,42238.0
guitar-17_binary.npy,8,309,42238.0
guitar-17_binary.npy,9,309,42238.0
guitar-17_binary.npy,10,309,42238.0
guitar-17_binary.npy,11,307,42258.0
guitar-17_binary.npy,12,307,42258.0
guitar-17_binary.npy,13,307,42258.0
guitar-17_binary.npy,14,307,42258.0
guitar-17_binary.npy,15,307,42258.0
guitar-17_binary.npy,16,307,42258.0
guitar-17_binary.npy,17,307,42258.0
guitar-17_binary.npy,18,307,42258.0
guitar-17_binary.npy,19,307,42258.0
guitar-17_binary.npy,20,307,42258.0
guitar-17_binary.npy,21,307,42258.0
guitar-17_binary.npy,22,307,42258.0
guitar-17_binary.npy,23,307,42258.0
guitar-8_binary.npy,0,204,24398.0
guitar-8_binary.npy,1,204,24398.0
guitar-8_binary.npy,2,204,24398.0
guitar-8_binary.npy,3,204,24398.0
guitar-8_binary.npy,4,204,24398.0
guitar-8_binary.npy,5,204,24398.0
guitar-8_binary.npy,6,204,24398.0
guitar-8_binary.npy,7,204,24398.0
guitar-8_binary.npy,8,204,24398.0
guitar-8_binary.npy,9,204,24398.0
guitar-8_binary.npy,10,204,24398.0
guitar-8_binary.npy,11,204,24398.0
guitar-8_binary.npy,12,204,24398.0
hammer-11_binary.npy,0,36,6360.0
hammer-11_binary.npy,1,36,6360.0
hammer-11_binary.npy,2,36,6360.0
hammer-11_binary.npy,3,36,6360.0
hammer-11_binary.npy,4,36,6360.0
hammer-11_binary.npy,5,36,6360.0
hammer-11_binary.npy,6,36,6360.0
hammer-11_binary.npy,7,36,6360.0
hammer-11_binary.npy,8,36,6360.0
hammer-11_binary.npy,9,36,6360.0
hammer-11_binary.npy,10,36,6360.0
hammer-11_binary.npy,11,36,6360.0
hammer-11_binary.npy,12,36,6360.0
hammer-12_binary.npy,0,36,5736.0
hammer-12_binary.npy,1,36,5736.0
hammer-12_binary.npy,2,36,5736.0
hammer-12_binary.npy,3,36,5736.0
hammer-12_binary.npy,4,36,5736.0
hammer-12_binary.npy,5,36,5736.0
hammer-12_binary.npy,6,36,5736.0
hammer-12_binary.npy,7,36,5736.0
hammer-12_binary.npy,8,36,5736.0
hammer-12_binary.npy,9,36,5736.0
hammer-12_binary.npy,10,36,5736.0
hammer-12_binary.npy,11,36,5736.0
hammer-12_binary.npy,12,36,5736.0
hammer-17_binary.npy,0,41,6392.0
hammer-17_binary.npy,1,41,6392.0
hammer-17_binary.npy,2,41,6392.0
hammer-17_binary.npy,3,41,6392.0
hammer-17_binary.npy,4,41,6392.0
hammer-17_binary.npy,5,41,6392.0
hammer-17_binary.npy,6,41,6392.0
hammer-17_binary.npy,7,41,6392.0
hammer-17_binary.npy,8,41,6392.0
hammer-17_binary.npy,9,41,6392.0
hammer-17_binary.npy,10,41,6392.0
hammer-17_binary.npy,11,41,6392.0
hammer-17_binary.npy,12,41,6392.0
hammer-9_binary.npy,0,36,6360.0
hammer-9_binary.npy,1,36,6360.0
hammer-9_binary.npy,2,36,6360.0
hammer-9_binary.npy,3,36,6360.0
hammer-9_binary.npy,4,36,6360.0
hammer-9_binary.npy,5,36,6360.0
hammer-9_binary.npy,6,36,6360.0
hammer-9_binary.npy,7,36,6360.0
hammer-9_binary.npy,8,36,6360.0
hammer-9_binary.npy,9,36,6360.0
hammer-9_binary.npy,10,36,6360.0
hammer-9_binary.npy,11,36,6360.0
hammer-9_binary.npy,12,36,6360.0
hat-12_binary.npy,0,45,10932.0
hat-12_binary.npy,1,45,10932.0
hat-12_binary.npy,2,45,10932.0
hat-12_binary.npy,3,45,10932.0
hat-12_binary.npy,4,45,10932.0
hat-12_binary.npy,5,45,10932.0
hat-12_binary.npy,6,45,10932.0
hat-12_binary.npy,7,45,10932.0
hat-12_binary.npy,8,45,10932.0
hat-12_binary.npy,9,45,10932.0
hat-12_binary.npy,10,45,10932.0
hat-12_binary.npy,11,45,10932.0
hat-12_binary.npy,12,45,10932.0
hat-17_binary.npy,0,74,22236.0
hat-17_binary.npy,1,74,22236.0
hat-17_binary.npy,2,74,22236.0
hat-17_binary.npy,3,74,22236.0
hat-17_binary.npy,4,74,22236.0
hat-17_binary.npy,5,74,22236.0
hat-17_binary.npy,6,74,22236.0
hat-17_binary.npy,7,74,22236.0
hat-17_binary.npy,8,74,22236.0
hat-17_binary.npy,9,74,22236.0
hat-17_binary.npy,10,74,22236.0
hat-17_binary.npy,11,74,22236.0
hat-17_binary.npy,12,74,22236.0
hat-1_binary.npy,0,80,28793.0
hat-1_binary.npy,1,80,28793.0
hat-1_binary.npy,2,80,28793.0
hat-1_binary.npy,3,80,28793.0
hat-1_binary.npy,4,80,28793.0
hat-1_binary.npy,5,80,28793.0
hat-1_binary.npy,6,80,28793.0
hat-1_binary.npy,7,80,28793.0
hat-1_binary.npy,8,80,28793.0
hat-1_binary.npy,9,80,28793.0
hat-1_binary.npy,10,80,28793.0
hat-1_binary.npy,11,80,28793.0
hat-1_binary.npy,12,80,28793.0
hat-6_binary.npy,0,33,3588.0
hat-6_binary.npy,1,33,3588.0
hat-6_binary.npy,2,33,3588.0
hat-6_binary.npy,3,33,3588.0
hat-6_binary.npy,4,33,3588.0
hat-6_binary.npy,5,33,3588.0
hat-6_binary.npy,6,33,3588.0
hat-6_binary.npy,7,33,3588.0
hat-6_binary.npy,8,33,3588.0
hat-6_binary.npy,9,33,3588.0
hat-6_binary.npy,10,33,3588.0
hat-6_binary.npy,11,33,3588.0
hat-6_binary.npy,12,33,3588.0
horse-14_binary.npy,0,1019,138429.0
horse-14_binary.npy,1,1019,138429.0
horse-14_binary.npy,2,1019,138429.0
horse-14_binary.npy,3,1019,138429.0
horse-14_binary.npy,4,1019,138429.0
horse-14_binary.npy,5,1019,138429.0
horse-14_binary.npy,6,1019,138429.0
horse-14_binary.npy,7,1016,138459.0
horse-14_binary.npy,8,1016,138459.0
horse-14_binary.npy,9,1016,138459.0
horse-14_binary.npy,10,1016,138459.0
horse-14_binary.npy,11,1016,138459.0
horse-14_binary.npy,12,1016,138459.0
horse-14_binary.npy,13,1016,138459.0
horse-14_binary.npy,14,1016,138459.0
horse-14_binary.npy,15,1016,138459.0
horse-14_binary.npy,16,1016,138459.0
horse-14_binary.npy,17,1016,138459.0
horse-14_binary.npy,18,1016,138459.0
horse-14_binary.npy,19,1016,138459.0
horse-16_binary.npy,0,860,109242.0
horse-16_binary.npy,1,860,109242.0
horse-16_binary.npy,2,860,109242.0
horse-16_binary.npy,3,860,109242.0
horse-16_binary.npy,4,860,109242.0
horse-16_binary.npy,5,860,109242.0
horse-16_binary.npy,6,860,109242.0
horse-16_binary.npy,7,860,109242.0
horse-16_binary.npy,8,860,109242.0
horse-16_binary.npy,9,860,109242.0
horse-16_binary.npy,10,860,109242.0
horse-16_binary.npy,11,860,109242.0
horse-16_binary.npy,12,860,109242.0
horse-18_binary.npy,0,377,28739.0
horse-18_binary.npy,1,377,28739.0
horse-18_binary.npy,2,377,28739.0
horse-18_binary.npy,3,377,28739.0
horse-18_binary.npy,4,377,28739.0
horse-18_binary.npy,5,377,28739.0
horse-18_binary.npy,6,377,28739.0
horse-18_binary.npy,7,377,28739.0
horse-18_binary.npy,8,377,28739.0
horse-18_binary.npy,9,377,28739.0
horse-18_binary.npy,10,377,28739.0
horse-18_binary.npy,11,377,28739.0
horse-18_binary.npy,12,377,28739.0
horse-5_binary.npy,0,366,27631.0
horse-5_binary.npy,1,366,27631.0
horse-5_binary.npy,2,366,27631.0
horse-5_binary.npy,3,366,27631.0
horse-5_binary.npy,4,366,27631.0
horse-5_binary.npy,5,366,27631.0
horse-5_binary.npy,6,366,27631.0
horse-5_binary.npy,7,366,27631.0
horse-5_binary.npy,8,366,27631.0
horse-5_binary.npy,9,366,27631.0
horse-5_binary.npy,10,366,27631.0
horse-5_binary.npy,11,366,27631.0
horse-5_binary.npy,12,366,27631.0
horseshoe-17_binary.npy,0,91,3854.0
horseshoe-17_binary.npy,1,91,3854.0
horseshoe-17_binary.npy,2,91,3854.0
horseshoe-17_binary.npy,3,91,3854.0
horseshoe-17_binary.npy,4,91,3854.0
horseshoe-17_binary.npy,5,91,3854.0
horseshoe-17_binary.npy,6,91,3854.0
horseshoe-17_binary.npy,7,91,3854.0
horseshoe-17_binary.npy,8,91,3854.0
horseshoe-17_binary.npy,9,91,3854.0
horseshoe-17_binary.npy,10,91,3854.0
horseshoe-17_binary.npy,11,91,3854.0
horseshoe-17_binary.npy,12,91,3854.0
horseshoe-5_binary.npy,0,113,2363.0
horseshoe-5_binary.npy,1,113,2363.0
horseshoe-5_binary.npy,2,113,2363.0
horseshoe-5_binary.npy,3,111,2383.0
horseshoe-5_binary.npy,4,111,2383.0
horseshoe-5_binary.npy,5,111,2383.0
horseshoe-5_binary.npy,6,111,2383.0
horseshoe-5_binary.npy,7,111,2383.0
horseshoe-5_binary.npy,8,111,2383.0
horseshoe-5_binary.npy,9,111,2383.0
horseshoe-5_binary.npy,10,111,2383.0
horseshoe-5_binary.npy,11,111,2383.0
horseshoe-5_binary.npy,12,111,2383.0
horseshoe-5_binary.npy,13,111,2383.0
horseshoe-5_binary.npy,14,111,2383.0
horseshoe-5_binary.npy,15,111,2383.0
horseshoe-8_binary.npy,0,49,1236.0
horseshoe-8_binary.npy,1,49,1236.0
horseshoe-8_binary.npy,2,49,1236.0
horseshoe-8_binary.npy,3,49,1236.0
horseshoe-8_binary.npy,4,49,1236.0
horseshoe-8_binary.npy,5,49,1236.0
horseshoe-8_binary.npy,6,49,1236.0
horseshoe-8_binary.npy,7,49,1236.0
horseshoe-8_binary.npy,8,49,1236.0
horseshoe-8_binary.npy,9,49,1236.0
horseshoe-8_binary.npy,10,49,1236.0
horseshoe-8_binary.npy,11,49,1236.0
horseshoe-8_binary.npy,12,49,1236.0
horseshoe-9_binary.npy,0,91,3854.0
horseshoe-9_binary.npy,1,91,3854.0
horseshoe-9_binary.npy,2,91,3854.0
horseshoe-9_binary.npy,3,91,3854.0
horseshoe-9_binary.npy,4,91,3854.0
horseshoe-9_binary.npy,5,91,3854.0
horseshoe-9_binary.npy,6,91,3854.0
horseshoe-9_binary.npy,7,91,3854.0
horseshoe-9_binary.npy,8,91,3854.0
horseshoe-9_binary.npy,9,91,3854.0
horseshoe-9_binary.npy,10,91,3854.0
horseshoe-9_binary.npy,11,91,3854.0
horseshoe-9_binary.npy,12,91,3854.0
jar-13_binary.npy,0,254,80231.0
jar-13_binary.npy,1,254,80231.0
jar-13_binary.npy,2,254,80231.0
jar-13_binary.npy,3,254,80231.0
jar-13_binary.npy,4,254,80231.0
jar-13_binary.npy,5,254,80231.0
jar-13_binary.npy,6,254,80231.0
jar-13_binary.npy,7,254,80231.0
jar-13_binary.npy,8,254,80231.0
jar-13_binary.npy,9,254,80231.0
jar-13_binary.npy,10,254,80231.0
jar-13_binary.npy,11,254,80231.0
jar-13_binary.npy,12,254,80231.0
jar-16_binary.npy,0,331,120260.0
jar-16_binary.npy,1,331,120260.0
jar-16_binary.npy,2,331,120260.0
jar-16_binary.npy,3,331,120260.0
jar-16_binary.npy,4,331,120260.0
jar-16_binary.npy,5,331,120260.0
jar-16_binary.npy,6,331,120260.0
jar-16_binary.npy,7,331,120260.0
jar-16_binary.npy,8,331,120260.0
jar-16_binary.npy,9,331,120260.0
jar-16_binary.npy,10,331,120260.0
jar-16_binary.npy,11,331,120260.0
jar-16_binary.npy,12,331,120260.0
jar-3_binary.npy,0,241,67083.0
jar-3_binary.npy,1,241,67083.0
jar-3_binary.npy,2,241,67083.0
jar-3_binary.npy,3,241,67083.0
jar-3_binary.npy,4,241,67083.0
jar-3_binary.npy,5,241,67083.0
jar-3_binary.npy,6,241,67083.0
jar-3_binary.npy,7,241,67083.0
jar-3_binary.npy,8,241,67083.0
jar-3_binary.npy,9,241,67083.0
jar-3_binary.npy,10,241,67083.0
jar-3_binary.npy,11,241,67083.0
jar-3_binary.npy,12,241,67083.0
jar-5_binary.npy,0,138,45898.0
jar-5_binary.npy,1,138,45898.0
jar-5_binary.npy,2,138,45898.0
jar-5_binary.npy,3,138,45898.0
jar-5_binary.npy,4,138,45898.0
jar-5_binary.npy,5,138,45898.0
jar-5_binary.npy,6,138,45898.0
jar-5_binary.npy,7,138,45898.0
jar-5_binary.npy,8,138,45898.0
jar-5_binary.npy,9,138,45898.0
jar-5_binary.npy,10,138,45898.0
jar-5_binary.npy,11,138,45898.0
jar-5_binary.npy,12,138,45898.0
key-13_binary.npy,0,203,27538.0
key-13_binary.npy,1,203,27538.0
key-13_binary.npy,2,203,27538.0
key-13_binary.npy,3,203,27538.0
key-13_binary.npy,4,203,27538.0
key-13_binary.npy,5,203,27538.0
key-13_binary.npy,6,203,27538.0
key-13_binary.npy,7,203,27538.0
key-13_binary.npy,8,203,27538.0
key-13_binary.npy,9,203,27538.0
key-13_binary.npy,10,203,27538.0
key-13_binary.npy,11,203,27538.0
key-13_binary.npy,12,203,27538.0
key-20_binary.npy,0,159,21081.0
key-20_binary.npy,1,159,21081.0
key-20_binary.npy,2,159,21081.0
key-20_binary.npy,3,159,21081.0
key-20_binary.npy,4,159,21081.0
key-20_binary.npy,5,159,21081.0
key-20_binary.npy,6,159,21081.0
key-20_binary.npy,7,159,21081.0
key-20_binary.npy,8,159,21081.0
key-20_binary.npy,9,159,21081.0
key-20_binary.npy,10,159,21081.0
key-20_binary.npy,11,159,21081.0
key-20_binary.npy,12,159,21081.0
key-3_binary.npy,0,128,22845.0
key-3_binary.npy,1,128,22845.0
key-3_binary.npy,2,128,22845.0
key-3_binary.npy,3,128,22845.0
key-3_binary.npy,4,128,22845.0
key-3_binary.npy,5,128,22845.0
key-3_binary.npy,6,128,22845.0
key-3_binary.npy,7,128,22845.0
key-3_binary.npy,8,128,22845.0
key-3_binary.npy,9,128,22845.0
key-3_binary.npy,10,128,22845.0
key-3_binary.npy,11,128,22845.0
key-3_binary.npy,12,128,22845.0
key-8_binary.npy,0,151,21001.0
key-8_binary.npy,1,151,21001.0
key-8_binary.npy,2,151,21001.0
key-8_binary.npy,3,151,21001.0
key-8_binary.npy,4,151,21001.0
key-8_binary.npy,5,151,21001.0
key-8_binary.npy,6,151,21001.0
key-8_binary.npy,7,151,21001.0
key-8_binary.npy,8,151,21001.0
key-8_binary.npy,9,151,21001.0
key-8_binary.npy,10,151,21001.0
key-8_binary.npy,11,151,21001.0
key-8_binary.npy,12,151,21001.0
lizzard-11_binary.npy,0,425,22371.0
lizzard-11_binary.npy,1,425,22371.0
lizzard-11_binary.npy,2,425,22371.0
lizzard-11_binary.npy,3,425,22371.0
lizzard-11_binary.npy,4,425,22371.0
lizzard-11_binary.npy,5,425,22371.0
lizzard-11_binary.npy,6,425,22371.0
lizzard-11_binary.npy,7,425,22371.0
lizzard-11_binary.npy,8,425,22371.0
lizzard-11_binary.npy,9,425,22371.0
lizzard-11_binary.npy,10,425,22371.0
lizzard-11_binary.npy,11,425,22371.0
lizzard-11_binary.npy,12,425,22371.0
lizzard-13_binary.npy,0,367,23120.0
lizzard-13_binary.npy,1,364,23150.0
lizzard-13_binary.npy,2,364,23150.0
lizzard-13_binary.npy,3,364,23150.0
lizzard-13_binary.npy,4,364,23150.0
lizzard-13_binary.npy,5,364,23150.0
lizzard-13_binary.npy,6,364,23150.0
lizzard-13_binary.npy,7,364,23150.0
lizzard-13_binary.npy,8,364,23150.0
lizzard-13_binary.npy,9,364,23150.0
lizzard-13_binary.npy,10,364,23150.0
lizzard-13_binary.npy,11,364,23150.0
lizzard-13_binary.npy,12,364,23150.0
lizzard-13_binary.npy,13,364,23150.0
lizzard-3_binary.npy,0,340,28296.0
lizzard-3_binary.npy,1,340,28296.0
lizzard-3_binary.npy,2,340,28296.0
lizzard-3_binary.npy,3,340,28296.0
lizzard-3_binary.npy,4,340,28296.0
lizzard-3_binary.npy,5,340,28296.0
lizzard-3_binary.npy,6,340,28296.0
lizzard-3_binary.npy,7,340,28296.0
lizzard-3_binary.npy,8,340,28296.0
lizzard-3_binary.npy,9,340,28296.0
lizzard-3_binary.npy,10,340,28296.0
lizzard-3_binary.npy,11,340,28296.0
lizzard-3_binary.npy,12,340,28296.0
lizzard-4_binary.npy,0,340,28296.0
lizzard-4_binary.npy,1,340,28296.0
lizzard-4_binary.npy,2,340,28296.0
lizzard-4_binary.npy,3,340,28296.0
lizzard-4_binary.npy,4,340,28296.0
lizzard-4_binary.npy,5,340,28296.0
lizzard-4_binary.npy,6,340,28296.0
lizzard-4_binary.npy,7,340,28296.0
lizzard-4_binary.npy,8,340,28296.0
lizzard-4_binary.npy,9,340,28296.0
lizzard-4_binary.npy,10,340,28296.0
lizzard-4_binary.npy,11,340,28296.0
lizzard-4_binary.npy,12,340,28296.0
lmfish-11_binary.npy,0,352,24066.0
lmfish-11_binary.npy,1,352,24066.0
lmfish-11_binary.npy,2,352,24066.0
lmfish-11_binary.npy,3,352,24066.0
lmfish-11_binary.npy,4,352,24066.0
lmfish-11_binary.npy,5,352,24066.0
lmfish-11_binary.npy,6,352,24066.0
lmfish-11_binary.npy,7,352,24066.0
lmfish-11_binary.npy,8,352,24066.0
lmfish-11_binary.npy,9,352,24066.0
lmfish-11_binary.npy,10,352,24066.0
lmfish-11_binary.npy,11,352,24066.0
lmfish-11_binary.npy,12,352,24066.0
lmfish-13_binary.npy,0,141,16020.0
lmfish-13_binary.npy,1,141,16020.0
lmfish-13_binary.npy,2,141,16020.0
lmfish-13_binary.npy,3,141,16020.0
lmfish-13_binary.npy,4,141,16020.0
lmfish-13_binary.npy,5,141,16020.0
lmfish-13_binary.npy,6,141,16020.0
lmfish-13_binary.npy,7,141,16020.0
lmfish-13_binary.npy,8,141,16020.0
lmfish-13_binary.npy,9,141,16020.0
lmfish-13_binary.npy,10,141,16020.0
lmfish-13_binary.npy,11,141,16020.0
lmfish-13_binary.npy,12,141,16020.0
lmfish-1_binary.npy,0,451,86950.0
lmfish-1_binary.npy,1,451,86950.0
lmfish-1_binary.npy,2,451,86950.0
lmfish-1_binary.npy,3,451,86950.0
lmfish-1_binary.npy,4,451,86950.0
lmfish-1_binary.npy,5,451,86950.0
lmfish-1_binary.npy,6,451,86950.0
lmfish-1_binary.npy,7,451,86950.0
lmfish-1_binary.npy,8,451,86950.0
lmfish-1_binary.npy,9,451,86950.0
lmfish-1_binary.npy,10,451,86950.0
lmfish-1_binary.npy,11,451,86950.0
lmfish-1_binary.npy,12,451,86950.0
lmfish-2_binary.npy,0,441,92477.0
lmfish-2_binary.npy,1,441,92477.0
lmfish-2_binary.npy,2,441,92477.0
lmfish-2_binary.npy,3,441,92477.0
lmfish-2_binary.npy,4,441,92477.0
lmfish-2_binary.npy,5,441,92477.0
lmfish-2_binary.npy,6,441,92477.0
lmfish-2_binary.npy,7,441,92477.0
lmfish-2_binary.npy,8,441,92477.0
lmfish-2_binary.npy,9,441,92477.0
lmfish-2_binary.npy,10,441,92477.0
lmfish-2_binary.npy,11,441,92477.0
lmfish-2_binary.npy,12,441,92477.0
octopus-16_binary.npy,0,432,15043.0
octopus-16_binary.npy,1,432,15043.0
octopus-16_binary.npy,2,432,15043.0
octopus-16_binary.npy,3,432,15043.0
octopus-16_binary.npy,4,432,15043.0
octopus-16_binary.npy,5,432,15043.0
octopus-16_binary.npy,6,432,15043.0
octopus-16_binary.npy,7,432,15043.0
octopus-16_binary.npy,8,432,15043.0
octopus-16_binary.npy,9,432,15043.0
octopus-16_binary.npy,10,432,15043.0
octopus-16_binary.npy,11,432,15043.0
octopus-16_binary.npy,12,432,15043.0
octopus-17_binary.npy,0,339,13355.0
octopus-17_binary.npy,1,339,13355.0
octopus-17_binary.npy,2,339,13355.0
octopus-17_binary.npy,3,339,13355.0
octopus-17_binary.npy,4,339,13355.0
octopus-17_binary.npy,5,339,13355.0
octopus-17_binary.npy,6,338,13365.0
octopus-17_binary.npy,7,338,13365.0
octopus-17_binary.npy,8,338,13365.0
octopus-17_binary.npy,9,338,13365.0
octopus-17_binary.npy,10,337,13375.0
octopus-17_binary.npy,11,337,13375.0
octopus-17_binary.npy,12,337,13375.0
octopus-17_binary.npy,13,337,13375.0
octopus-17_binary.npy,14,337,13375.0
octopus-17_binary.npy,15,337,13375.0
octopus-17_binary.npy,16,337,13375.0
octopus-17_binary.npy,17,337,13375.0
octopus-17_binary.npy,18,337,13375.0
octopus-17_binary.npy,19,337,13375.0
octopus-17_binary.npy,20,337,13375.0
octopus-17_binary.npy,21,337,13375.0
octopus-17_binary.npy,22,337,13375.0
octopus-4_binary.npy,0,301,21524.0
octopus-4_binary.npy,1,301,21524.0
octopus-4_binary.npy,2,301,21524.0
octopus-4_binary.npy,3,301,21524.0
octopus-4_binary.npy,4,301,21524.0
octopus-4_binary.npy,5,301,21524.0
octopus-4_binary.npy,6,301,21524.0
octopus-4_binary.npy,7,301,21524.0
octopus-4_binary.npy,8,301,21524.0
octopus-4_binary.npy,9,301,21524.0
octopus-4_binary.npy,10,301,21524.0
octopus-4_binary.npy,11,301,21524.0
octopus-4_binary.npy,12,301,21524.0
octopus-8_binary.npy,0,273,28536.0
octopus-8_binary.npy,1,273,28536.0
octopus-8_binary.npy,2,273,28536.0
octopus-8_binary.npy,3,273,28536.0
octopus-8_binary.npy,4,273,28536.0
octopus-8_binary.npy,5,273,28536.0
octopus-8_binary.npy,6,273,28536.0
octopus-8_binary.npy,7,273,28536.0
octopus-8_binary.npy,8,273,28536.0
octopus-8_binary.npy,9,273,28536.0
octopus-8_binary.npy,10,273,28536.0
octopus-8_binary.npy,11,273,28536.0
octopus-8_binary.npy,12,273,28536.0
pencil-14_binary.npy,0,46,9925.0
pencil-14_binary.npy,1,46,9925.0
pencil-14_binary.npy,2,46,9925.0
pencil-14_binary.npy,3,46,9925.0
pencil-14_binary.npy,4,46,9925.0
pencil-14_binary.npy,5,46,9925.0
pencil-14_binary.npy,6,46,9925.0
pencil-14_binary.npy,7,46,9925.0
pencil-14_binary.npy,8,46,9925.0
pencil-14_binary.npy,9,46,9925.0
pencil-14_binary.npy,10,46,9925.0
pencil-14_binary.npy,11,46,9925.0
pencil-14_binary.npy,12,46,9925.0
pencil-15_binary.npy,0,100,6861.0
pencil-15_binary.npy,1,100,6861.0
pencil-15_binary.npy,2,100,6861.0
pencil-15_binary.npy,3,100,6861.0
pencil-15_binary.npy,4,100,6861.0
pencil-15_binary.npy,5,100,6861.0
pencil-15_binary.npy,6,100,6861.0
pencil-15_binary.npy,7,100,6861.0
pencil-15_binary.npy,8,100,6861.0
pencil-15_binary.npy,9,100,6861.0
pencil-15_binary.npy,10,100,6861.0
pencil-15_binary.npy,11,100,6861.0
pencil-15_binary.npy,12,100,6861.0
pencil-18_binary.npy,0,139,9137.0
pencil-18_binary.npy,1,139,9137.0
pencil-18_binary.npy,2,139,9137.0
pencil-18_binary.npy,3,139,9137.0
pencil-18_binary.npy,4,139,9137.0
pencil-18_binary.npy,5,139,9137.0
pencil-18_binary.npy,6,139,9137.0
pencil-18_binary.npy,7,139,9137.0
pencil-18_binary.npy,8,139,9137.0
pencil-18_binary.npy,9,139,9137.0
pencil-18_binary.npy,10,139,9137.0
pencil-18_binary.npy,11,139,9137.0
pencil-18_binary.npy,12,139,9137.0
pencil-3_binary.npy,0,69,13065.0
pencil-3_binary.npy,1,69,13065.0
pencil-3_binary.npy,2,69,13065.0
pencil-3_binary.npy,3,69,13065.0
pencil-3_binary.npy,4,69,13065.0
pencil-3_binary.npy,5,69,13065.0
pencil-3_binary.npy,6,69,13065.0
pencil-3_binary.npy,7,69,13065.0
pencil-3_binary.npy,8,69,13065.0
pencil-3_binary.npy,9,69,13065.0
pencil-3_binary.npy,10,69,13065.0
pencil-3_binary.npy,11,69,13065.0
pencil-3_binary.npy,12,69,13065.0
personal_car-12_binary.npy,0,155,35827.0
personal_car-12_binary.npy,1,155,35827.0
personal_car-12_binary.npy,2,155,35827.0
personal_car-12_binary.npy,3,155,35827.0
personal_car-12_binary.npy,4,155,35827.0
personal_car-12_binary.npy,5,155,35827.0
personal_car-12_binary.npy,6,155,35827.0
personal_car-12_binary.npy,7,155,35827.0
personal_car-12_binary.npy,8,155,35827.0
personal_car-12_binary.npy,9,155,35827.0
personal_car-12_binary.npy,10,155,35827.0
personal_car-12_binary.npy,11,155,35827.0
personal_car-12_binary.npy,12,155,35827.0
personal_car-17_binary.npy,0,201,52033.0
personal_car-17_binary.npy,1,201,52033.0
personal_car-17_binary.npy,2,201,52033.0
personal_car-17_binary.npy,3,201,52033.0
personal_car-17_binary.npy,4,201,52033.0
personal_car-17_binary.npy,5,201,52033.0
personal_car-17_binary.npy,6,201,52033.0
personal_car-17_binary.npy,7,201,52033.0
personal_car-17_binary.npy,8,201,52033.0
personal_car-17_binary.npy,9,201,52033.0
personal_car-17_binary.npy,10,201,52033.0
personal_car-17_binary.npy,11,201,52033.0
personal_car-17_binary.npy,12,201,52033.0
personal_car-4_binary.npy,0,112,21069.0
personal_car-4_binary.npy,1,112,21069.0
personal_car-4_binary.npy,2,112,21069.0
personal_car-4_binary.npy,3,112,21069.0
personal_car-4_binary.npy,4,112,21069.0
personal_car-4_binary.npy,5,112,21069.0
personal_car-4_binary.npy,6,112,21069.0
personal_car-4_binary.npy,7,112,21069.0
personal_car-4_binary.npy,8,112,21069.0
personal_car-4_binary.npy,9,112,21069.0
personal_car-4_binary.npy,10,112,21069.0
personal_car-4_binary.npy,11,112,21069.0
personal_car-4_binary.npy,12,112,21069.0
personal_car-9_binary.npy,0,165,37377.0
personal_car-9_binary.npy,1,165,37377.0
personal_car-9_binary.npy,2,165,37377.0
personal_car-9_binary.npy,3,165,37377.0
personal_car-9_binary.npy,4,165,37377.0
personal_car-9_binary.npy,5,165,37377.0
personal_car-9_binary.npy,6,165,37377.0
personal_car-9_binary.npy,7,165,37377.0
personal_car-9_binary.npy,8,165,37377.0
personal_car-9_binary.npy,9,165,37377.0
personal_car-9_binary.npy,10,165,37377.0
personal_car-9_binary.npy,11,165,37377.0
personal_car-9_binary.npy,12,165,37377.0
pocket-10_binary.npy,0,114,4539.0
pocket-10_binary.npy,1,114,4539.0
pocket-10_binary.npy,2,114,4539.0
pocket-10_binary.npy,3,114,4539.0
pocket-10_binary.npy,4,114,4539.0
pocket-10_binary.npy,5,114,4539.0
pocket-10_binary.npy,6,114,4539.0
pocket-10_binary.npy,7,114,4539.0
pocket-10_binary.npy,8,114,4539.0
pocket-10_binary.npy,9,114,4539.0
pocket-10_binary.npy,10,114,4539.0
pocket-10_binary.npy,11,114,4539.0
pocket-10_binary.npy,12,114,4539.0
pocket-11_binary.npy,0,1170,80098.0
pocket-11_binary.npy,1,1170,80098.0
pocket-11_binary.npy,2,1170,80098.0
pocket-11_binary.npy,3,1170,80098.0
pocket-11_binary.npy,4,1170,80098.0
pocket-11_binary.npy,5,1170,80098.0
pocket-11_binary.npy,6,1168,80118.0
pocket-11_binary.npy,7,1168,80118.0
pocket-11_binary.npy,8,1168,80118.0
pocket-11_binary.npy,9,1168,80118.0
pocket-11_binary.npy,10,1168,80118.0
pocket-11_binary.npy,11,1168,80118.0
pocket-11_binary.npy,12,1168,80118.0
pocket-11_binary.npy,13,1168,80118.0
pocket-11_binary.npy,14,1168,80118.0
pocket-11_binary.npy,15,1168,80118.0
pocket-11_binary.npy,16,1168,80118.0
pocket-11_binary.npy,17,1168,80118.0
pocket-11_binary.npy,18,1168,80118.0
pocket-13_binary.npy,0,200,26298.0
pocket-13_binary.npy,1,200,26298.0
pocket-13_binary.npy,2,200,26298.0
pocket-13_binary.npy,3,200,26298.0
pocket-13_binary.npy,4,200,26298.0
pocket-13_binary.npy,5,200,26298.0
pocket-13_binary.npy,6,200,26298.0
pocket-13_binary.npy,7,200,26298.0
pocket-13_binary.npy,8,200,26298.0
pocket-13_binary.npy,9,200,26298.0
pocket-13_binary.npy,10,200,26298.0
pocket-13_binary.npy,11,200,26298.0
pocket-13_binary.npy,12,200,26298.0
pocket-7_binary.npy,0,157,7169.0
pocket-7_binary.npy,1,157,7169.0
pocket-7_binary.npy,2,157,7169.0
pocket-7_binary.npy,3,157,7169.0
pocket-7_binary.npy,4,157,7169.0
pocket-7_binary.npy,5,157,7169.0
pocket-7_binary.npy,6,157,7169.0
pocket-7_binary.npy,7,157,7169.0
pocket-7_binary.npy,8,157,7169.0
pocket-7_binary.npy,9,157,7169.0
pocket-7_binary.npy,10,157,7169.0
pocket-7_binary.npy,11,157,7169.0
pocket-7_binary.npy,12,157,7169.0
rat-03_binary.npy,0,215,11350.0
rat-03_binary.npy,1,215,11350.0
rat-03_binary.npy,2,215,11350.0
rat-03_binary.npy,3,215,11350.0
rat-03_binary.npy,4,215,11350.0
rat-03_binary.npy,5,215,11350.0
rat-03_binary.npy,6,215,11350.0
rat-03_binary.npy,7,215,11350.0
rat-03_binary.npy,8,215,11350.0
rat-03_binary.npy,9,215,11350.0
rat-03_binary.npy,10,215,11350.0
rat-03_binary.npy,11,215,11350.0
rat-03_binary.npy,12,215,11350.0
rat-06_binary.npy,0,197,11828.0
rat-06_binary.npy,1,197,11828.0
rat-06_binary.npy,2,197,11828.0
rat-06_binary.npy,3,197,11828.0
rat-06_binary.npy,4,197,11828.0
rat-06_binary.npy,5,197,11828.0
rat-06_binary.npy,6,197,11828.0
rat-06_binary.npy,7,197,11828.0
rat-06_binary.npy,8,197,11828.0
rat-06_binary.npy,9,197,11828.0
rat-06_binary.npy,10,197,11828.0
rat-06_binary.npy,11,197,11828.0
rat-06_binary.npy,12,197,11828.0
rat-08_binary.npy,0,198,11471.0
rat-08_binary.npy,1,197,11481.0
rat-08_binary.npy,2,197,11481.0
rat-08_binary.npy,3,197,11481.0
rat-08_binary.npy,4,197,11481.0
rat-08_binary.npy,5,196,11491.0
rat-08_binary.npy,6,196,11491.0
rat-08_binary.npy,7,196,11491.0
rat-08_binary.npy,8,196,11491.0
rat-08_binary.npy,9,196,11491.0
rat-08_binary.npy,10,196,11491.0
rat-08_binary.npy,11,196,11491.0
rat-08_binary.npy,12,196,11491.0
rat-08_binary.npy,13,196,11491.0
rat-08_binary.npy,14,196,11491.0
rat-08_binary.npy,15,196,11491.0
rat-08_binary.npy,16,196,11491.0
rat-08_binary.npy,17,196,11491.0
rat-14_binary.npy,0,205,10247.0
rat-14_binary.npy,1,205,10247.0
rat-14_binary.npy,2,205,10247.0
rat-14_binary.npy,3,205,10247.0
rat-14_binary.npy,4,203,10267.0
rat-14_binary.npy,5,203,10267.0
rat-14_binary.npy,6,203,10267.0
rat-14_binary.npy,7,203,10267.0
rat-14_binary.npy,8,203,10267.0
rat-14_binary.npy,9,203,10267.0
rat-14_binary.npy,10,203,10267.0
rat-14_binary.npy,11,203,10267.0
rat-14_binary.npy,12,203,10267.0
rat-14_binary.npy,13,203,10267.0
rat-14_binary.npy,14,203,10267.0
rat-14_binary.npy,15,203,10267.0
rat-14_binary.npy,16,203,10267.0
ray-16_binary.npy,0,365,62829.0
ray-16_binary.npy,1,365,62829.0
ray-16_binary.npy,2,365,62829.0
ray-16_binary.npy,3,365,62829.0
ray-16_binary.npy,4,365,62829.0
ray-16_binary.npy,5,365,62829.0
ray-16_binary.npy,6,365,62829.0
ray-16_binary.npy,7,365,62829.0
ray-16_binary.npy,8,365,62829.0
ray-16_binary.npy,9,365,62829.0
ray-16_binary.npy,10,365,62829.0
ray-16_binary.npy,11,365,62829.0
ray-16_binary.npy,12,365,62829.0
ray-2_binary.npy,0,330,68755.0
ray-2_binary.npy,1,330,68755.0
ray-2_binary.npy,2,330,68755.0
ray-2_binary.npy,3,330,68755.0
ray-2_binary.npy,4,330,68755.0
ray-2_binary.npy,5,330,68755.0
ray-2_binary.npy,6,330,68755.0
ray-2_binary.npy,7,330,68755.0
ray-2_binary.npy,8,330,68755.0
ray-2_binary.npy,9,330,68755.0
ray-2_binary.npy,10,330,68755.0
ray-2_binary.npy,11,330,68755.0
ray-2_binary.npy,12,330,68755.0
ray-5_binary.npy,0,157,26942.0
ray-5_binary.npy,1,157,26942.0
ray-5_binary.npy,2,157,26942.0
ray-5_binary.npy,3,157,26942.0
ray-5_binary.npy,4,157,26942.0
ray-5_binary.npy,5,157,26942.0
ray-5_binary.npy,6,157,26942.0
ray-5_binary.npy,7,157,26942.0
ray-5_binary.npy,8,157,26942.0
ray-5_binary.npy,9,157,26942.0
ray-5_binary.npy,10,157,26942.0
ray-5_binary.npy,11,157,26942.0
ray-5_binary.npy,12,157,26942.0
ray-9_binary.npy,0,426,84039.0
ray-9_binary.npy,1,426,84039.0
ray-9_binary.npy,2,426,84039.0
ray-9_binary.npy,3,426,84039.0
ray-9_binary.npy,4,426,84039.0
ray-9_binary.npy,5,426,84039.0
ray-9_binary.npy,6,426,84039.0
ray-9_binary.npy,7,426,84039.0
ray-9_binary.npy,8,426,84039.0
ray-9_binary.npy,9,426,84039.0
ray-9_binary.npy,10,426,84039.0
ray-9_binary.npy,11,426,84039.0
ray-9_binary.npy,12,426,84039.0
sea_snake-10_binary.npy,0,122,1995.0
sea_snake-10_binary.npy,1,122,1995.0
sea_snake-10_binary.npy,2,122,1995.0
sea_snake-10_binary.npy,3,122,1995.0
sea_snake-10_binary.npy,4,122,1995.0
sea_snake-10_binary.npy,5,122,1995.0
sea_snake-10_binary.npy,6,122,1995.0
sea_snake-10_binary.npy,7,122,1995.0
sea_snake-10_binary.npy,8,121,2005.0
sea_snake-10_binary.npy,9,121,2005.0
sea_snake-10_binary.npy,10,121,2005.0
sea_snake-10_binary.npy,11,121,2005.0
sea_snake-10_binary.npy,12,121,2005.0
sea_snake-10_binary.npy,13,121,2005.0
sea_snake-10_binary.npy,14,121,2005.0
sea_snake-10_binary.npy,15,121,2005.0
sea_snake-10_binary.npy,16,121,2005.0
sea_snake-10_binary.npy,17,121,2005.0
sea_snake-10_binary.npy,18,121,2005.0
sea_snake-10_binary.npy,19,121,2005.0
sea_snake-10_binary.npy,20,121,2005.0
sea_snake-11_binary.npy,0,316,19707.0
sea_snake-11_binary.npy,1,316,19707.0
sea_snake-11_binary.npy,2,316,19707.0
sea_snake-11_binary.npy,3,316,19707.0
sea_snake-11_binary.npy,4,316,19707.0
sea_snake-11_binary.npy,5,316,19707.0
sea_snake-11_binary.npy,6,316,19707.0
sea_snake-11_binary.npy,7,316,19707.0
sea_snake-11_binary.npy,8,316,19707.0
sea_snake-11_binary.npy,9,316,19707.0
sea_snake-11_binary.npy,10,316,19707.0
sea_snake-11_binary.npy,11,316,19707.0
sea_snake-11_binary.npy,12,316,19707.0
sea_snake-15_binary.npy,0,249,21002.0
sea_snake-15_binary.npy,1,249,21002.0
sea_snake-15_binary.npy,2,249,21002.0
sea_snake-15_binary.npy,3,249,21002.0
sea_snake-15_binary.npy,4,249,21002.0
sea_snake-15_binary.npy,5,249,21002.0
sea_snake-15_binary.npy,6,249,21002.0
sea_snake-15_binary.npy,7,249,21002.0
sea_snake-15_binary.npy,8,249,21002.0
sea_snake-15_binary.npy,9,249,21002.0
sea_snake-15_binary.npy,10,249,21002.0
sea_snake-15_binary.npy,11,249,21002.0
sea_snake-15_binary.npy,12,249,21002.0
sea_snake-2_binary.npy,0,255,5970.0
sea_snake-2_binary.npy,1,255,5970.0
sea_snake-2_binary.npy,2,255,5970.0
sea_snake-2_binary.npy,3,255,5970.0
sea_snake-2_binary.npy,4,255,5970.0
sea_snake-2_binary.npy,5,255,5970.0
sea_snake-2_binary.npy,6,255,5970.0
sea_snake-2_binary.npy,7,255,5970.0
sea_snake-2_binary.npy,8,255,5970.0
sea_snake-2_binary.npy,9,255,5970.0
sea_snake-2_binary.npy,10,255,5970.0
sea_snake-2_binary.npy,11,255,5970.0
sea_snake-2_binary.npy,12,255,5970.0
shapedata_binary.npy,0,713,117167.0
shapedata_binary.npy,1,713,117167.0
shapedata_binary.npy,2,713,117167.0
shapedata_binary.npy,3,712,117177.0
shapedata_binary.npy,4,712,117177.0
shapedata_binary.npy,5,712,117177.0
shapedata_binary.npy,6,712,117177.0
shapedata_binary.npy,7,712,117177.0
shapedata_binary.npy,8,712,117177.0
shapedata_binary.npy,9,712,117177.0
shapedata_binary.npy,10,712,117177.0
shapedata_binary.npy,11,712,117177.0
shapedata_binary.npy,12,712,117177.0
shapedata_binary.npy,13,712,117177.0
shapedata_binary.npy,14,712,117177.0
shapedata_binary.npy,15,712,117177.0
shoe-18_binary.npy,0,172,46331.0
shoe-18_binary.npy,1,172,46331.0
shoe-18_binary.npy,2,172,46331.0
shoe-18_binary.npy,3,172,46331.0
shoe-18_binary.npy,4,172,46331.0
shoe-18_binary.npy,5,172,46331.0
shoe-18_binary.npy,6,172,46331.0
shoe-18_binary.npy,7,172,46331.0
shoe-18_binary.npy,8,172,46331.0
shoe-18_binary.npy,9,172,46331.0
shoe-18_binary.npy,10,172,46331.0
shoe-18_binary.npy,11,172,46331.0
shoe-18_binary.npy,12,172,46331.0
shoe-19_binary.npy,0,192,62394.0
shoe-19_binary.npy,1,192,62394.0
shoe-19_binary.npy,2,192,62394.0
shoe-19_binary.npy,3,192,62394.0
shoe-19_binary.npy,4,192,62394.0
shoe-19_binary.npy,5,192,62394.0
shoe-19_binary.npy,6,192,62394.0
shoe-19_binary.npy,7,192,62394.0
shoe-19_binary.npy,8,192,62394.0
shoe-19_binary.npy,9,192,62394.0
shoe-19_binary.npy,10,192,62394.0
shoe-19_binary.npy,11,192,62394.0
shoe-19_binary.npy,12,192,62394.0
shoe-3_binary.npy,0,205,61312.0
shoe-3_binary.npy,1,205,61312.0
shoe-3_binary.npy,2,205,61312.0
shoe-3_binary.npy,3,205,61312.0
shoe-3_binary.npy,4,205,61312.0
shoe-3_binary.npy,5,205,61312.0
shoe-3_binary.npy,6,205,61312.0
shoe-3_binary.npy,7,205,61312.0
shoe-3_binary.npy,8,205,61312.0
shoe-3_binary.npy,9,205,61312.0
shoe-3_binary.npy,10,205,61312.0
shoe-3_binary.npy,11,205,61312.0
shoe-3_binary.npy,12,205,61312.0
shoe-4_binary.npy,0,147,48164.0
shoe-4_binary.npy,1,147,48164.0
shoe-4_binary.npy,2,147,48164.0
shoe-4_binary.npy,3,147,48164.0
shoe-4_binary.npy,4,147,48164.0
shoe-4_binary.npy,5,147,48164.0
shoe-4_binary.npy,6,147,48164.0
shoe-4_binary.npy,7,147,48164.0
shoe-4_binary.npy,8,147,48164.0
shoe-4_binary.npy,9,147,48164.0
shoe-4_binary.npy,10,147,48164.0
shoe-4_binary.npy,11,147,48164.0
shoe-4_binary.npy,12,147,48164.0
spoon-14_binary.npy,0,85,10253.0
spoon-14_binary.npy,1,85,10253.0
spoon-14_binary.npy,2,85,10253.0
spoon-14_binary.npy,3,85,10253.0
spoon-14_binary.npy,4,85,10253.0
spoon-14_binary.npy,5,85,10253.0
spoon-14_binary.npy,6,85,10253.0
spoon-14_binary.npy,7,85,10253.0
spoon-14_binary.npy,8,85,10253.0
spoon-14_binary.npy,9,85,10253.0
spoon-14_binary.npy,10,85,10253.0
spoon-14_binary.npy,11,85,10253.0
spoon-14_binary.npy,12,85,10253.0
spoon-16_binary.npy,0,213,11107.0
spoon-16_binary.npy,1,213,11107.0
spoon-16_binary.npy,2,213,11107.0
spoon-16_binary.npy,3,213,11107.0
spoon-16_binary.npy,4,213,11107.0
spoon-16_binary.npy,5,213,11107.0
spoon-16_binary.npy,6,213,11107.0
spoon-16_binary.npy,7,213,11107.0
spoon-16_binary.npy,8,213,11107.0
spoon-16_binary.npy,9,213,11107.0
spoon-16_binary.npy,10,213,11107.0
spoon-16_binary.npy,11,213,11107.0
spoon-16_binary.npy,12,213,11107.0
spoon-5_binary.npy,0,168,8858.0
spoon-5_binary.npy,1,168,8858.0
spoon-5_binary.npy,2,168,8858.0
spoon-5_binary.npy,3,168,8858.0
spoon-5_binary.npy,4,168,8858.0
spoon-5_binary.npy,5,168,8858.0
spoon-5_binary.npy,6,168,8858.0
spoon-5_binary.npy,7,168,8858.0
spoon-5_binary.npy,8,168,8858.0
spoon-5_binary.npy,9,168,8858.0
spoon-5_binary.npy,10,168,8858.0
spoon-5_binary.npy,11,168,8858.0
spoon-5_binary.npy,12,168,8858.0
spoon-7_binary.npy,0,168,8858.0
spoon-7_binary.npy,1,168,8858.0
spoon-7_binary.npy,2,168,8858.0
spoon-7_binary.npy,3,168,8858.0
spoon-7_binary.npy,4,168,8858.0
spoon-7_binary.npy,5,168,8858.0
spoon-7_binary.npy,6,168,8858.0
spoon-7_binary.npy,7,168,8858.0
spoon-7_binary.npy,8,168,8858.0
spoon-7_binary.npy,9,168,8858.0
spoon-7_binary.npy,10,168,8858.0
spoon-7_binary.npy,11,168,8858.0
spoon-7_binary.npy,12,168,8858.0
spring-11_binary.npy,0,234,3706.0
spring-11_binary.npy,1,233,3716.0
spring-11_binary.npy,2,233,3716.0
spring-11_binary.npy,3,233,3716.0
spring-11_binary.npy,4,233,3716.0
spring-11_binary.npy,5,233,3716.0
spring-11_binary.npy,6,233,3716.0
spring-11_binary.npy,7,233,3716.0
spring-11_binary.npy,8,233,3716.0
spring-11_binary.npy,9,233,3716.0
spring-11_binary.npy,10,233,3716.0
spring-11_binary.npy,11,233,3716.0
spring-11_binary.npy,12,233,3716.0
spring-11_binary.npy,13,233,3716.0
spring-16_binary.npy,0,261,4820.0
spring-16_binary.npy,1,261,4820.0
spring-16_binary.npy,2,261,4820.0
spring-16_binary.npy,3,261,4820.0
spring-16_binary.npy,4,261,4820.0
spring-16_binary.npy,5,261,4820.0
spring-16_binary.npy,6,261,4820.0
spring-16_binary.npy,7,261,4820.0
spring-16_binary.npy,8,261,4820.0
spring-16_binary.npy,9,260,4830.0
spring-16_binary.npy,10,260,4830.0
spring-16_binary.npy,11,260,4830.0
spring-16_binary.npy,12,260,4830.0
spring-16_binary.npy,13,260,4830.0
spring-16_binary.npy,14,260,4830.0
spring-16_binary.npy,15,260,4830.0
spring-16_binary.npy,16,260,4830.0
spring-16_binary.npy,17,260,4830.0
spring-16_binary.npy,18,260,4830.0
spring-16_binary.npy,19,260,4830.0
spring-16_binary.npy,20,260,4830.0
spring-16_binary.npy,21,260,4830.0
spring-19_binary.npy,0,398,9206.0
spring-19_binary.npy,1,398,9206.0
spring-19_binary.npy,2,398,9206.0
spring-19_binary.npy,3,398,9206.0
spring-19_binary.npy,4,398,9206.0
spring-19_binary.npy,5,398,9206.0
spring-19_binary.npy,6,398,9206.0
spring-19_binary.npy,7,398,9206.0
spring-19_binary.npy,8,398,9206.0
spring-19_binary.npy,9,398,9206.0
spring-19_binary.npy,10,398,9206.0
spring-19_binary.npy,11,398,9206.0
spring-19_binary.npy,12,398,9206.0
spring-7_binary.npy,0,428,12124.0
spring-7_binary.npy,1,428,12124.0
spring-7_binary.npy,2,428,12124.0
spring-7_binary.npy,3,428,12124.0
spring-7_binary.npy,4,428,12124.0
spring-7_binary.npy,5,428,12124.0
spring-7_binary.npy,6,428,12124.0
spring-7_binary.npy,7,428,12124.0
spring-7_binary.npy,8,428,12124.0
spring-7_binary.npy,9,428,12124.0
spring-7_binary.npy,10,428,12124.0
spring-7_binary.npy,11,428,12124.0
spring-7_binary.npy,12,428,12124.0
stef-02_binary.npy,0,133,1921.0
stef-02_binary.npy,1,133,1921.0
stef-02_binary.npy,2,133,1921.0
stef-02_binary.npy,3,133,1921.0
stef-02_binary.npy,4,133,1921.0
stef-02_binary.npy,5,133,1921.0
stef-02_binary.npy,6,133,1921.0
stef-02_binary.npy,7,133,1921.0
stef-02_binary.npy,8,133,1921.0
stef-02_binary.npy,9,133,1921.0
stef-02_binary.npy,10,133,1921.0
stef-02_binary.npy,11,133,1921.0
stef-02_binary.npy,12,133,1921.0
stef-11_binary.npy,0,87,1258.0
stef-11_binary.npy,1,87,1258.0
stef-11_binary.npy,2,87,1258.0
stef-11_binary.npy,3,87,1258.0
stef-11_binary.npy,4,87,1258.0
stef-11_binary.npy,5,87,1258.0
stef-11_binary.npy,6,87,1258.0
stef-11_binary.npy,7,87,1258.0
stef-11_binary.npy,8,87,1258.0
stef-11_binary.npy,9,87,1258.0
stef-11_binary.npy,10,87,1258.0
stef-11_binary.npy,11,87,1258.0
stef-11_binary.npy,12,87,1258.0
stef-16_binary.npy,0,62,1151.0
stef-16_binary.npy,1,62,1151.0
stef-16_binary.npy,2,62,1151.0
stef-16_binary.npy,3,62,1151.0
stef-16_binary.npy,4,62,1151.0
stef-16_binary.npy,5,62,1151.0
stef-16_binary.npy,6,62,1151.0
stef-16_binary.npy,7,62,1151.0
stef-16_binary.npy,8,62,1151.0
stef-16_binary.npy,9,62,1151.0
stef-16_binary.npy,10,62,1151.0
stef-16_binary.npy,11,62,1151.0
stef-16_binary.npy,12,62,1151.0
stef-19_binary.npy,0,86,1157.0
stef-19_binary.npy,1,86,1157.0
stef-19_binary.npy,2,86,1157.0
stef-19_binary.npy,3,86,1157.0
stef-19_binary.npy,4,86,1157.0
stef-19_binary.npy,5,86,1157.0
stef-19_binary.npy,6,86,1157.0
stef-19_binary.npy,7,86,1157.0
stef-19_binary.npy,8,86,1157.0
stef-19_binary.npy,9,84,1177.0
stef-19_binary.npy,10,84,1177.0
stef-19_binary.npy,11,84,1177.0
stef-19_binary.npy,12,84,1177.0
stef-19_binary.npy,13,84,1177.0
stef-19_binary.npy,14,84,1177.0
stef-19_binary.npy,15,84,1177.0
stef-19_binary.npy,16,84,1177.0
stef-19_binary.npy,17,84,1177.0
stef-19_binary.npy,18,84,1177.0
stef-19_binary.npy,19,84,1177.0
stef-19_binary.npy,20,84,1177.0
stef-19_binary.npy,21,84,1177.0
teddy-02_binary.npy,0,204,25828.0
teddy-02_binary.npy,1,204,25828.0
teddy-02_binary.npy,2,204,25828.0
teddy-02_binary.npy,3,204,25828.0
teddy-02_binary.npy,4,204,25828.0
teddy-02_binary.npy,5,204,25828.0
teddy-02_binary.npy,6,204,25828.0
teddy-02_binary.npy,7,204,25828.0
teddy-02_binary.npy,8,204,25828.0
teddy-02_binary.npy,9,204,25828.0
teddy-02_binary.npy,10,204,25828.0
teddy-02_binary.npy,11,204,25828.0
teddy-02_binary.npy,12,204,25828.0
teddy-06_binary.npy,0,204,25408.0
teddy-06_binary.npy,1,204,25408.0
teddy-06_binary.npy,2,204,25408.0
teddy-06_binary.npy,3,204,25408.0
teddy-06_binary.npy,4,204,25408.0
teddy-06_binary.npy,5,204,25408.0
teddy-06_binary.npy,6,204,25408.0
teddy-06_binary.npy,7,204,25408.0
teddy-06_binary.npy,8,204,25408.0
teddy-06_binary.npy,9,204,25408.0
teddy-06_binary.npy,10,204,25408.0
teddy-06_binary.npy,11,204,25408.0
teddy-06_binary.npy,12,204,25408.0
teddy-17_binary.npy,0,204,25796.0
teddy-17_binary.npy,1,204,25796.0
teddy-17_binary.npy,2,204,25796.0
teddy-17_binary.npy,3,204,25796.0
teddy-17_binary.npy,4,204,25796.0
teddy-17_binary.npy,5,204,25796.0
teddy-17_binary.npy,6,204,25796.0
teddy-17_binary.npy,7,204,25796.0
teddy-17_binary.npy,8,204,25796.0
teddy-17_binary.npy,9,204,25796.0
teddy-17_binary.npy,10,204,25796.0
teddy-17_binary.npy,11,204,25796.0
teddy-17_binary.npy,12,204,25796.0
teddy-20_binary.npy,0,219,25618.0
teddy-20_binary.npy,1,219,25618.0
teddy-20_binary.npy,2,219,25618.0
teddy-20_binary.npy,3,219,25618.0
teddy-20_binary.npy,4,219,25618.0
teddy-20_binary.npy,5,219,25618.0
teddy-20_binary.npy,6,219,25618.0
teddy-20_binary.npy,7,219,25618.0
teddy-20_binary.npy,8,219,25618.0
teddy-20_binary.npy,9,219,25618.0
teddy-20_binary.npy,10,219,25618.0
teddy-20_binary.npy,11,219,25618.0
teddy-20_binary.npy,12,219,25618.0
tree-12_binary.npy,0,96,9457.0
tree-12_binary.npy,1,96,9457.0
tree-12_binary.npy,2,96,9457.0
tree-12_binary.npy,3,96,9457.0
tree-12_binary.npy,4,96,9457.0
tree-12_binary.npy,5,96,9457.0
tree-12_binary.npy,6,96,9457.0
tree-12_binary.npy,7,96,9457.0
tree-12_binary.npy,8,96,9457.0
tree-12_binary.npy,9,96,9457.0
tree-12_binary.npy,10,96,9457.0
tree-12_binary.npy,11,96,9457.0
tree-12_binary.npy,12,96,9457.0
tree-15_binary.npy,0,150,12079.0
tree-15_binary.npy,1,150,12079.0
tree-15_binary.npy,2,150,12079.0
tree-15_binary.npy,3,150,12079.0
tree-15_binary.npy,4,150,12079.0
tree-15_binary.npy,5,150,12079.0
tree-15_binary.npy,6,149,12089.0
tree-15_binary.npy,7,149,12089.0
tree-15_binary.npy,8,149,12089.0
tree-15_binary.npy,9,149,12089.0
tree-15_binary.npy,10,149,12089.0
tree-15_binary.npy,11,149,12089.0
tree-15_binary.npy,12,149,12089.0
tree-15_binary.npy,13,149,12089.0
tree-15_binary.npy,14,149,12089.0
tree-15_binary.npy,15,149,12089.0
tree-15_binary.npy,16,149,12089.0
tree-15_binary.npy,17,149,12089.0
tree-15_binary.npy,18,149,12089.0
tree-6_binary.npy,0,223,18005.0
tree-6_binary.npy,1,223,18005.0
tree-6_binary.npy,2,223,18005.0
tree-6_binary.npy,3,223,18005.0
tree-6_binary.npy,4,223,18005.0
tree-6_binary.npy,5,223,18005.0
tree-6_binary.npy,6,223,18005.0
tree-6_binary.npy,7,223,18005.0
tree-6_binary.npy,8,223,18005.0
tree-6_binary.npy,9,223,18005.0
tree-6_binary.npy,10,223,18005.0
tree-6_binary.npy,11,223,18005.0
tree-6_binary.npy,12,223,18005.0
tree-8_binary.npy,0,241,29678.0
tree-8_binary.npy,1,241,29678.0
tree-8_binary.npy,2,241,29678.0
tree-8_binary.npy,3,241,29678.0
tree-8_binary.npy,4,241,29678.0
tree-8_binary.npy,5,241,29678.0
tree-8_binary.npy,6,241,29678.0
tree-8_binary.npy,7,241,29678.0
tree-8_binary.npy,8,241,29678.0
tree-8_binary.npy,9,241,29678.0
tree-8_binary.npy,10,241,29678.0
tree-8_binary.npy,11,241,29678.0
tree-8_binary.npy,12,241,29678.0
truck-03_binary.npy,0,45,2964.0
truck-03_binary.npy,1,45,2964.0
truck-03_binary.npy,2,45,2964.0
truck-03_binary.npy,3,45,2964.0
truck-03_binary.npy,4,45,2964.0
truck-03_binary.npy,5,45,2964.0
truck-03_binary.npy,6,45,2964.0
truck-03_binary.npy,7,45,2964.0
truck-03_binary.npy,8,45,2964.0
truck-03_binary.npy,9,45,2964.0
truck-03_binary.npy,10,45,2964.0
truck-03_binary.npy,11,45,2964.0
truck-03_binary.npy,12,45,2964.0
truck-08_binary.npy,0,41,3322.0
truck-08_binary.npy,1,41,3322.0
truck-08_binary.npy,2,41,3322.0
truck-08_binary.npy,3,41,3322.0
truck-08_binary.npy,4,41,3322.0
truck-08_binary.npy,5,41,3322.0
truck-08_binary.npy,6,41,3322.0
truck-08_binary.npy,7,41,3322.0
truck-08_binary.npy,8,41,3322.0
truck-08_binary.npy,9,41,3322.0
truck-08_binary.npy,10,41,3322.0
truck-08_binary.npy,11,41,3322.0
truck-08_binary.npy,12,41,3322.0
truck-13_binary.npy,0,51,3693.0
truck-13_binary.npy,1,51,3693.0
truck-13_binary.npy,2,51,3693.0
truck-13_binary.npy,3,51,3693.0
truck-13_binary.npy,4,51,3693.0
truck-13_binary.npy,5,51,3693.0
truck-13_binary.npy,6,51,3693.0
truck-13_binary.npy,7,51,3693.0
truck-13_binary.npy,8,51,3693.0
truck-13_binary.npy,9,51,3693.0
truck-13_binary.npy,10,51,3693.0
truck-13_binary.npy,11,51,3693.0
truck-13_binary.npy,12,51,3693.0
truck-20_binary.npy,0,47,4260.0
truck-20_binary.npy,1,47,4260.0
truck-20_binary.npy,2,47,4260.0
truck-20_binary.npy,3,47,4260.0
truck-20_binary.npy,4,47,4260.0
truck-20_binary.npy,5,47,4260.0
truck-20_binary.npy,6,47,4260.0
truck-20_binary.npy,7,47,4260.0
truck-20_binary.npy,8,47,4260.0
truck-20_binary.npy,9,47,4260.0
truck-20_binary.npy,10,47,4260.0
truck-20_binary.npy,11,47,4260.0
truck-20_binary.npy,12,47,4260.0
turtle-11_binary.npy,0,235,29367.0
turtle-11_binary.npy,1,235,29367.0
turtle-11_binary.npy,2,235,29367.0
turtle-11_binary.npy,3,235,29367.0
turtle-11_binary.npy,4,235,29367.0
turtle-11_binary.npy,5,235,29367.0
turtle-11_binary.npy,6,235,29367.0
turtle-11_binary.npy,7,235,29367.0
turtle-11_binary.npy,8,235,29367.0
turtle-11_binary.npy,9,235,29367.0
turtle-11_binary.npy,10,235,29367.0
turtle-11_binary.npy,11,235,29367.0
turtle-11_binary.npy,12,235,29367.0
turtle-13_binary.npy,0,284,44587.0
turtle-13_binary.npy,1,284,44587.0
turtle-13_binary.npy,2,284,44587.0
turtle-13_binary.npy,3,284,44587.0
turtle-13_binary.npy,4,284,44587.0
turtle-13_binary.npy,5,284,44587.0
turtle-13_binary.npy,6,284,44587.0
turtle-13_binary.npy,7,284,44587.0
turtle-13_binary.npy,8,284,44587.0
turtle-13_binary.npy,9,284,44587.0
turtle-13_binary.npy,10,284,44587.0
turtle-13_binary.npy,11,284,44587.0
turtle-13_binary.npy,12,284,44587.0
turtle-17_binary.npy,0,240,28000.0
turtle-17_binary.npy,1,240,28000.0
turtle-17_binary.npy,2,240,28000.0
turtle-17_binary.npy,3,240,28000.0
turtle-17_binary.npy,4,240,28000.0
turtle-17_binary.npy,5,240,28000.0
turtle-17_binary.npy,6,240,28000.0
turtle-17_binary.npy,7,240,28000.0
turtle-17_binary.npy,8,240,28000.0
turtle-17_binary.npy,9,240,28000.0
turtle-17_binary.npy,10,240,28000.0
turtle-17_binary.npy,11,240,28000.0
turtle-17_binary.npy,12,240,28000.0
turtle-8_binary.npy,0,260,45736.0
turtle-8_binary.npy,1,260,45736.0
turtle-8_binary.npy,2,260,45736.0
turtle-8_binary.npy,3,260,45736.0
turtle-8_binary.npy,4,260,45736.0
turtle-8_binary.npy,5,260,45736.0
turtle-8_binary.npy,6,260,45736.0
turtle-8_binary.npy,7,260,45736.0
turtle-8_binary.npy,8,260,45736.0
turtle-8_binary.npy,9,260,45736.0
turtle-8_binary.npy,10,260,45736.0
turtle-8_binary.npy,11,260,45736.0
turtle-8_binary.npy,12,260,45736.0
watch-12_binary.npy,0,85,20675.0
watch-12_binary.npy,1,85,20675.0
watch-12_binary.npy,2,85,20675.0
watch-12_binary.npy,3,85,20675.0
watch-12_binary.npy,4,85,20675.0
watch-12_binary.npy,5,85,20675.0
watch-12_binary.npy,6,85,20675.0
watch-12_binary.npy,7,85,20675.0
watch-12_binary.npy,8,85,20675.0
watch-12_binary.npy,9,85,20675.0
watch-12_binary.npy,10,85,20675.0
watch-12_binary.npy,11,85,20675.0
watch-12_binary.npy,12,85,20675.0
watch-3_binary.npy,0,65,21798.0
watch-3_binary.npy,1,65,21798.0
watch-3_binary.npy,2,65,21798.0
watch-3_binary.npy,3,65,21798.0
watch-3_binary.npy,4,65,21798.0
watch-3_binary.npy,5,65,21798.0
watch-3_binary.npy,6,65,21798.0
watch-3_binary.npy,7,65,21798.0
watch-3_binary.npy,8,65,21798.0
watch-3_binary.npy,9,65,21798.0
watch-3_binary.npy,10,65,21798.0
watch-3_binary.npy,11,65,21798.0
watch-3_binary.npy,12,65,21798.0
watch-6_binary.npy,0,82,30214.0
watch-6_binary.npy,1,82,30214.0
watch-6_binary.npy,2,82,30214.0
watch-6_binary.npy,3,82,30214.0
watch-6_binary.npy,4,82,30214.0
watch-6_binary.npy,5,82,30214.0
watch-6_binary.npy,6,82,30214.0
watch-6_binary.npy,7,82,30214.0
watch-6_binary.npy,8,82,30214.0
watch-6_binary.npy,9,82,30214.0
watch-6_binary.npy,10,82,30214.0
watch-6_binary.npy,11,82,30214.0
watch-6_binary.npy,12,82,30214.0
watch-9_binary.npy,0,72,16310.0
watch-9_binary.npy,1,72,16310.0
watch-9_binary.npy,2,72,16310.0
watch-9_binary.npy,3,72,16310.0
watch-9_binary.npy,4,72,16310.0
watch-9_binary.npy,5,72,16310.0
watch-9_binary.npy,6,72,16310.0
watch-9_binary.npy,7,72,16310.0
watch-9_binary.npy,8,72,16310.0
watch-9_binary.npy,9,72,16310.0
watch-9_binary.npy,10,72,16310.0
watch-9_binary.npy,11,72,16310.0
watch-9_binary.npy,12,72,16310.0
