image_name,generation,best_rectangle_count,fitness
Acer_campestre.npy,0,1458,876044.0
Acer_campestre.npy,1,1458,876044.0
Acer_campestre.npy,2,1458,876044.0
Acer_campestre.npy,3,1458,876044.0
Acer_campestre.npy,4,1458,876044.0
Acer_campestre.npy,5,1457,876054.0
Acer_campestre.npy,6,1457,876054.0
Acer_campestre.npy,7,1442,876204.0
Acer_campestre.npy,8,1442,876204.0
Acer_campestre.npy,9,1442,876204.0
Acer_campestre.npy,10,1442,876204.0
Acer_campestre.npy,11,1442,876204.0
Acer_campestre.npy,12,1442,876204.0
Acer_campestre.npy,13,1442,876204.0
Acer_campestre.npy,14,1442,876204.0
Acer_campestre.npy,15,1442,876204.0
Acer_campestre.npy,16,1442,876204.0
Acer_campestre.npy,17,1442,876204.0
Acer_campestre.npy,18,1442,876204.0
Acer_campestre.npy,19,1442,876204.0
Acer_ginnala.npy,0,705,214632.0
Acer_ginnala.npy,1,705,214632.0
Acer_ginnala.npy,2,705,214632.0
Acer_ginnala.npy,3,705,214632.0
Acer_ginnala.npy,4,705,214632.0
Acer_ginnala.npy,5,705,214632.0
Acer_ginnala.npy,6,705,214632.0
Acer_ginnala.npy,7,705,214632.0
Acer_ginnala.npy,8,700,214682.0
Acer_ginnala.npy,9,698,214702.0
Acer_ginnala.npy,10,698,214702.0
Acer_ginnala.npy,11,698,214702.0
Acer_ginnala.npy,12,698,214702.0
Acer_ginnala.npy,13,698,214702.0
Acer_ginnala.npy,14,698,214702.0
Acer_ginnala.npy,15,698,214702.0
Acer_ginnala.npy,16,697,214712.0
Acer_ginnala.npy,17,697,214712.0
Acer_ginnala.npy,18,697,214712.0
Acer_ginnala.npy,19,697,214712.0
Acer_ginnala.npy,20,697,214712.0
Acer_ginnala.npy,21,697,214712.0
Acer_ginnala.npy,22,697,214712.0
Acer_ginnala.npy,23,697,214712.0
Acer_ginnala.npy,24,697,214712.0
Acer_ginnala.npy,25,697,214712.0
Acer_ginnala.npy,26,697,214712.0
Acer_ginnala.npy,27,697,214712.0
Acer_ginnala.npy,28,697,214712.0
Acer_monspessulanum.npy,0,355,90828.0
Acer_monspessulanum.npy,1,355,90828.0
Acer_monspessulanum.npy,2,355,90828.0
Acer_monspessulanum.npy,3,355,90828.0
Acer_monspessulanum.npy,4,355,90828.0
Acer_monspessulanum.npy,5,355,90828.0
Acer_monspessulanum.npy,6,355,90828.0
Acer_monspessulanum.npy,7,355,90828.0
Acer_monspessulanum.npy,8,355,90828.0
Acer_monspessulanum.npy,9,355,90828.0
Acer_monspessulanum.npy,10,355,90828.0
Acer_monspessulanum.npy,11,355,90828.0
Acer_monspessulanum.npy,12,355,90828.0
Acer_negundo.npy,0,607,346325.0
Acer_negundo.npy,1,607,346325.0
Acer_negundo.npy,2,607,346325.0
Acer_negundo.npy,3,607,346325.0
Acer_negundo.npy,4,607,346325.0
Acer_negundo.npy,5,607,346325.0
Acer_negundo.npy,6,607,346325.0
Acer_negundo.npy,7,607,346325.0
Acer_negundo.npy,8,607,346325.0
Acer_negundo.npy,9,607,346325.0
Acer_negundo.npy,10,607,346325.0
Acer_negundo.npy,11,607,346325.0
Acer_negundo.npy,12,607,346325.0
Acer_palmatum.npy,0,522,57445.0
Acer_palmatum.npy,1,522,57445.0
Acer_palmatum.npy,2,522,57445.0
Acer_palmatum.npy,3,522,57445.0
Acer_palmatum.npy,4,522,57445.0
Acer_palmatum.npy,5,522,57445.0
Acer_palmatum.npy,6,516,57505.0
Acer_palmatum.npy,7,516,57505.0
Acer_palmatum.npy,8,516,57505.0
Acer_palmatum.npy,9,516,57505.0
Acer_palmatum.npy,10,516,57505.0
Acer_palmatum.npy,11,516,57505.0
Acer_palmatum.npy,12,516,57505.0
Acer_palmatum.npy,13,516,57505.0
Acer_palmatum.npy,14,516,57505.0
Acer_palmatum.npy,15,516,57505.0
Acer_palmatum.npy,16,516,57505.0
Acer_palmatum.npy,17,516,57505.0
Acer_palmatum.npy,18,516,57505.0
Acer_platanoides.npy,0,1912,1044156.0
Acer_platanoides.npy,1,1912,1044156.0
Acer_platanoides.npy,2,1912,1044156.0
Acer_platanoides.npy,3,1912,1044156.0
Acer_platanoides.npy,4,1912,1044156.0
Acer_platanoides.npy,5,1912,1044156.0
Acer_platanoides.npy,6,1912,1044156.0
Acer_platanoides.npy,7,1912,1044156.0
Acer_platanoides.npy,8,1912,1044156.0
Acer_platanoides.npy,9,1912,1044156.0
Acer_platanoides.npy,10,1912,1044156.0
Acer_platanoides.npy,11,1912,1044156.0
Acer_platanoides.npy,12,1912,1044156.0
Acer_pseudoplatanus.npy,0,2185,1683005.0
Acer_pseudoplatanus.npy,1,2185,1683005.0
Acer_pseudoplatanus.npy,2,2130,1683555.0
Acer_pseudoplatanus.npy,3,2130,1683555.0
Acer_pseudoplatanus.npy,4,2130,1683555.0
Acer_pseudoplatanus.npy,5,2130,1683555.0
Acer_pseudoplatanus.npy,6,2130,1683555.0
Acer_pseudoplatanus.npy,7,2130,1683555.0
Acer_pseudoplatanus.npy,8,2130,1683555.0
Acer_pseudoplatanus.npy,9,2130,1683555.0
Acer_pseudoplatanus.npy,10,2130,1683555.0
Acer_pseudoplatanus.npy,11,2115,1683705.0
Acer_pseudoplatanus.npy,12,2068,1684175.0
Acer_pseudoplatanus.npy,13,2068,1684175.0
Acer_pseudoplatanus.npy,14,2068,1684175.0
Acer_pseudoplatanus.npy,15,2068,1684175.0
Acer_pseudoplatanus.npy,16,2068,1684175.0
Acer_pseudoplatanus.npy,17,2068,1684175.0
Acer_pseudoplatanus.npy,18,2068,1684175.0
Acer_pseudoplatanus.npy,19,2068,1684175.0
Acer_pseudoplatanus.npy,20,2068,1684175.0
Acer_pseudoplatanus.npy,21,2068,1684175.0
Acer_pseudoplatanus.npy,22,2068,1684175.0
Acer_pseudoplatanus.npy,23,2068,1684175.0
Acer_pseudoplatanus.npy,24,2068,1684175.0
Acer_saccharinum.npy,0,2340,697128.0
Acer_saccharinum.npy,1,2340,697128.0
Acer_saccharinum.npy,2,2340,697128.0
Acer_saccharinum.npy,3,2340,697128.0
Acer_saccharinum.npy,4,2340,697128.0
Acer_saccharinum.npy,5,2340,697128.0
Acer_saccharinum.npy,6,2340,697128.0
Acer_saccharinum.npy,7,2340,697128.0
Acer_saccharinum.npy,8,2340,697128.0
Acer_saccharinum.npy,9,2340,697128.0
Acer_saccharinum.npy,10,2340,697128.0
Acer_saccharinum.npy,11,2340,697128.0
Acer_saccharinum.npy,12,2340,697128.0
Acer_saccharum.npy,0,2048,1197058.0
Acer_saccharum.npy,1,2048,1197058.0
Acer_saccharum.npy,2,2048,1197058.0
Acer_saccharum.npy,3,2048,1197058.0
Acer_saccharum.npy,4,2048,1197058.0
Acer_saccharum.npy,5,2048,1197058.0
Acer_saccharum.npy,6,2048,1197058.0
Acer_saccharum.npy,7,2048,1197058.0
Acer_saccharum.npy,8,2048,1197058.0
Acer_saccharum.npy,9,2048,1197058.0
Acer_saccharum.npy,10,2048,1197058.0
Acer_saccharum.npy,11,2048,1197058.0
Acer_saccharum.npy,12,2048,1197058.0
Acer_tataricum.npy,0,571,259751.0
Acer_tataricum.npy,1,571,259751.0
Acer_tataricum.npy,2,571,259751.0
Acer_tataricum.npy,3,571,259751.0
Acer_tataricum.npy,4,571,259751.0
Acer_tataricum.npy,5,571,259751.0
Acer_tataricum.npy,6,571,259751.0
Acer_tataricum.npy,7,571,259751.0
Acer_tataricum.npy,8,571,259751.0
Acer_tataricum.npy,9,571,259751.0
Acer_tataricum.npy,10,571,259751.0
Acer_tataricum.npy,11,571,259751.0
Acer_tataricum.npy,12,571,259751.0
Actinidia_arguta.npy,0,694,434009.0
Actinidia_arguta.npy,1,694,434009.0
Actinidia_arguta.npy,2,694,434009.0
Actinidia_arguta.npy,3,694,434009.0
Actinidia_arguta.npy,4,694,434009.0
Actinidia_arguta.npy,5,694,434009.0
Actinidia_arguta.npy,6,694,434009.0
Actinidia_arguta.npy,7,694,434009.0
Actinidia_arguta.npy,8,694,434009.0
Actinidia_arguta.npy,9,694,434009.0
Actinidia_arguta.npy,10,694,434009.0
Actinidia_arguta.npy,11,694,434009.0
Actinidia_arguta.npy,12,694,434009.0
Aesculus_carnea.npy,0,1614,2027067.0
Aesculus_carnea.npy,1,1614,2027067.0
Aesculus_carnea.npy,2,1614,2027067.0
Aesculus_carnea.npy,3,1614,2027067.0
Aesculus_carnea.npy,4,1614,2027067.0
Aesculus_carnea.npy,5,1614,2027067.0
Aesculus_carnea.npy,6,1614,2027067.0
Aesculus_carnea.npy,7,1614,2027067.0
Aesculus_carnea.npy,8,1614,2027067.0
Aesculus_carnea.npy,9,1614,2027067.0
Aesculus_carnea.npy,10,1614,2027067.0
Aesculus_carnea.npy,11,1614,2027067.0
Aesculus_carnea.npy,12,1614,2027067.0
Aesculus_glabra.npy,0,556,430687.0
Aesculus_glabra.npy,1,556,430687.0
Aesculus_glabra.npy,2,556,430687.0
Aesculus_glabra.npy,3,556,430687.0
Aesculus_glabra.npy,4,556,430687.0
Aesculus_glabra.npy,5,556,430687.0
Aesculus_glabra.npy,6,556,430687.0
Aesculus_glabra.npy,7,556,430687.0
Aesculus_glabra.npy,8,556,430687.0
Aesculus_glabra.npy,9,556,430687.0
Aesculus_glabra.npy,10,556,430687.0
Aesculus_glabra.npy,11,556,430687.0
Aesculus_glabra.npy,12,556,430687.0
Aesculus_hippocastanum.npy,0,845,584834.0
Aesculus_hippocastanum.npy,1,845,584834.0
Aesculus_hippocastanum.npy,2,845,584834.0
Aesculus_hippocastanum.npy,3,845,584834.0
Aesculus_hippocastanum.npy,4,845,584834.0
Aesculus_hippocastanum.npy,5,845,584834.0
Aesculus_hippocastanum.npy,6,845,584834.0
Aesculus_hippocastanum.npy,7,845,584834.0
Aesculus_hippocastanum.npy,8,845,584834.0
Aesculus_hippocastanum.npy,9,845,584834.0
Aesculus_hippocastanum.npy,10,845,584834.0
Aesculus_hippocastanum.npy,11,845,584834.0
Aesculus_hippocastanum.npy,12,845,584834.0
Aesculus_octandra.npy,0,606,425471.0
Aesculus_octandra.npy,1,606,425471.0
Aesculus_octandra.npy,2,605,425481.0
Aesculus_octandra.npy,3,605,425481.0
Aesculus_octandra.npy,4,605,425481.0
Aesculus_octandra.npy,5,605,425481.0
Aesculus_octandra.npy,6,605,425481.0
Aesculus_octandra.npy,7,605,425481.0
Aesculus_octandra.npy,8,605,425481.0
Aesculus_octandra.npy,9,605,425481.0
Aesculus_octandra.npy,10,605,425481.0
Aesculus_octandra.npy,11,605,425481.0
Aesculus_octandra.npy,12,605,425481.0
Aesculus_octandra.npy,13,605,425481.0
Aesculus_octandra.npy,14,605,425481.0
Aesculus_pavia.npy,0,458,320770.0
Aesculus_pavia.npy,1,458,320770.0
Aesculus_pavia.npy,2,458,320770.0
Aesculus_pavia.npy,3,458,320770.0
Aesculus_pavia.npy,4,458,320770.0
Aesculus_pavia.npy,5,458,320770.0
Aesculus_pavia.npy,6,458,320770.0
Aesculus_pavia.npy,7,458,320770.0
Aesculus_pavia.npy,8,458,320770.0
Aesculus_pavia.npy,9,458,320770.0
Aesculus_pavia.npy,10,458,320770.0
Aesculus_pavia.npy,11,458,320770.0
Aesculus_pavia.npy,12,458,320770.0
Ailanthus_altissima.npy,0,994,1602094.0
Ailanthus_altissima.npy,1,994,1602094.0
Ailanthus_altissima.npy,2,994,1602094.0
Ailanthus_altissima.npy,3,994,1602094.0
Ailanthus_altissima.npy,4,994,1602094.0
Ailanthus_altissima.npy,5,994,1602094.0
Ailanthus_altissima.npy,6,994,1602094.0
Ailanthus_altissima.npy,7,994,1602094.0
Ailanthus_altissima.npy,8,994,1602094.0
Ailanthus_altissima.npy,9,994,1602094.0
Ailanthus_altissima.npy,10,994,1602094.0
Ailanthus_altissima.npy,11,994,1602094.0
Ailanthus_altissima.npy,12,994,1602094.0
Alnus_alnobetula.npy,0,504,269088.0
Alnus_alnobetula.npy,1,504,269088.0
Alnus_alnobetula.npy,2,504,269088.0
Alnus_alnobetula.npy,3,504,269088.0
Alnus_alnobetula.npy,4,504,269088.0
Alnus_alnobetula.npy,5,504,269088.0
Alnus_alnobetula.npy,6,504,269088.0
Alnus_alnobetula.npy,7,504,269088.0
Alnus_alnobetula.npy,8,504,269088.0
Alnus_alnobetula.npy,9,504,269088.0
Alnus_alnobetula.npy,10,504,269088.0
Alnus_alnobetula.npy,11,504,269088.0
Alnus_alnobetula.npy,12,504,269088.0
Alnus_glutinosa.npy,0,1006,617727.0
Alnus_glutinosa.npy,1,1006,617727.0
Alnus_glutinosa.npy,2,1006,617727.0
Alnus_glutinosa.npy,3,1006,617727.0
Alnus_glutinosa.npy,4,1006,617727.0
Alnus_glutinosa.npy,5,1006,617727.0
Alnus_glutinosa.npy,6,1006,617727.0
Alnus_glutinosa.npy,7,1006,617727.0
Alnus_glutinosa.npy,8,1006,617727.0
Alnus_glutinosa.npy,9,1006,617727.0
Alnus_glutinosa.npy,10,1006,617727.0
Alnus_glutinosa.npy,11,1006,617727.0
Alnus_glutinosa.npy,12,1006,617727.0
Alnus_incana.npy,0,942,817180.0
Alnus_incana.npy,1,942,817180.0
Alnus_incana.npy,2,942,817180.0
Alnus_incana.npy,3,942,817180.0
Alnus_incana.npy,4,942,817180.0
Alnus_incana.npy,5,942,817180.0
Alnus_incana.npy,6,942,817180.0
Alnus_incana.npy,7,942,817180.0
Alnus_incana.npy,8,942,817180.0
Alnus_incana.npy,9,942,817180.0
Alnus_incana.npy,10,942,817180.0
Alnus_incana.npy,11,942,817180.0
Alnus_incana.npy,12,942,817180.0
Alnus_orientalis.npy,0,595,301826.0
Alnus_orientalis.npy,1,595,301826.0
Alnus_orientalis.npy,2,595,301826.0
Alnus_orientalis.npy,3,595,301826.0
Alnus_orientalis.npy,4,595,301826.0
Alnus_orientalis.npy,5,595,301826.0
Alnus_orientalis.npy,6,595,301826.0
Alnus_orientalis.npy,7,595,301826.0
Alnus_orientalis.npy,8,595,301826.0
Alnus_orientalis.npy,9,595,301826.0
Alnus_orientalis.npy,10,595,301826.0
Alnus_orientalis.npy,11,595,301826.0
Alnus_orientalis.npy,12,595,301826.0
Amelanchier_ovalis.npy,0,469,235930.0
Amelanchier_ovalis.npy,1,469,235930.0
Amelanchier_ovalis.npy,2,469,235930.0
Amelanchier_ovalis.npy,3,469,235930.0
Amelanchier_ovalis.npy,4,469,235930.0
Amelanchier_ovalis.npy,5,469,235930.0
Amelanchier_ovalis.npy,6,469,235930.0
Amelanchier_ovalis.npy,7,469,235930.0
Amelanchier_ovalis.npy,8,469,235930.0
Amelanchier_ovalis.npy,9,469,235930.0
Amelanchier_ovalis.npy,10,469,235930.0
Amelanchier_ovalis.npy,11,469,235930.0
Amelanchier_ovalis.npy,12,469,235930.0
Amorpha_fruticosa.npy,0,217,89008.0
Amorpha_fruticosa.npy,1,217,89008.0
Amorpha_fruticosa.npy,2,217,89008.0
Amorpha_fruticosa.npy,3,217,89008.0
Amorpha_fruticosa.npy,4,217,89008.0
Amorpha_fruticosa.npy,5,217,89008.0
Amorpha_fruticosa.npy,6,217,89008.0
Amorpha_fruticosa.npy,7,217,89008.0
Amorpha_fruticosa.npy,8,217,89008.0
Amorpha_fruticosa.npy,9,217,89008.0
Amorpha_fruticosa.npy,10,217,89008.0
Amorpha_fruticosa.npy,11,217,89008.0
Amorpha_fruticosa.npy,12,217,89008.0
Amygdalus_communis.npy,0,285,116696.0
Amygdalus_communis.npy,1,285,116696.0
Amygdalus_communis.npy,2,285,116696.0
Amygdalus_communis.npy,3,285,116696.0
Amygdalus_communis.npy,4,285,116696.0
Amygdalus_communis.npy,5,285,116696.0
Amygdalus_communis.npy,6,285,116696.0
Amygdalus_communis.npy,7,285,116696.0
Amygdalus_communis.npy,8,285,116696.0
Amygdalus_communis.npy,9,285,116696.0
Amygdalus_communis.npy,10,285,116696.0
Amygdalus_communis.npy,11,285,116696.0
Amygdalus_communis.npy,12,285,116696.0
Arctostaphylos_uvaursi.npy,0,99,9176.0
Arctostaphylos_uvaursi.npy,1,99,9176.0
Arctostaphylos_uvaursi.npy,2,99,9176.0
Arctostaphylos_uvaursi.npy,3,99,9176.0
Arctostaphylos_uvaursi.npy,4,99,9176.0
Arctostaphylos_uvaursi.npy,5,99,9176.0
Arctostaphylos_uvaursi.npy,6,99,9176.0
Arctostaphylos_uvaursi.npy,7,99,9176.0
Arctostaphylos_uvaursi.npy,8,99,9176.0
Arctostaphylos_uvaursi.npy,9,99,9176.0
Arctostaphylos_uvaursi.npy,10,99,9176.0
Arctostaphylos_uvaursi.npy,11,99,9176.0
Arctostaphylos_uvaursi.npy,12,99,9176.0
Aronia_melanocarpa.npy,0,661,405485.0
Aronia_melanocarpa.npy,1,661,405485.0
Aronia_melanocarpa.npy,2,661,405485.0
Aronia_melanocarpa.npy,3,661,405485.0
Aronia_melanocarpa.npy,4,661,405485.0
Aronia_melanocarpa.npy,5,661,405485.0
Aronia_melanocarpa.npy,6,661,405485.0
Aronia_melanocarpa.npy,7,661,405485.0
Aronia_melanocarpa.npy,8,661,405485.0
Aronia_melanocarpa.npy,9,661,405485.0
Aronia_melanocarpa.npy,10,661,405485.0
Aronia_melanocarpa.npy,11,661,405485.0
Aronia_melanocarpa.npy,12,661,405485.0
Berberis_thunbergii.npy,0,91,12551.0
Berberis_thunbergii.npy,1,91,12551.0
Berberis_thunbergii.npy,2,91,12551.0
Berberis_thunbergii.npy,3,91,12551.0
Berberis_thunbergii.npy,4,91,12551.0
Berberis_thunbergii.npy,5,91,12551.0
Berberis_thunbergii.npy,6,91,12551.0
Berberis_thunbergii.npy,7,91,12551.0
Berberis_thunbergii.npy,8,91,12551.0
Berberis_thunbergii.npy,9,91,12551.0
Berberis_thunbergii.npy,10,91,12551.0
Berberis_thunbergii.npy,11,91,12551.0
Berberis_thunbergii.npy,12,91,12551.0
Berberis_vulgaris.npy,0,203,45323.0
Berberis_vulgaris.npy,1,203,45323.0
Berberis_vulgaris.npy,2,203,45323.0
Berberis_vulgaris.npy,3,203,45323.0
Berberis_vulgaris.npy,4,203,45323.0
Berberis_vulgaris.npy,5,203,45323.0
Berberis_vulgaris.npy,6,203,45323.0
Berberis_vulgaris.npy,7,203,45323.0
Berberis_vulgaris.npy,8,203,45323.0
Berberis_vulgaris.npy,9,203,45323.0
Berberis_vulgaris.npy,10,203,45323.0
Berberis_vulgaris.npy,11,203,45323.0
Berberis_vulgaris.npy,12,203,45323.0
Betula_nana.npy,0,114,10270.0
Betula_nana.npy,1,114,10270.0
Betula_nana.npy,2,114,10270.0
Betula_nana.npy,3,114,10270.0
Betula_nana.npy,4,114,10270.0
Betula_nana.npy,5,114,10270.0
Betula_nana.npy,6,114,10270.0
Betula_nana.npy,7,114,10270.0
Betula_nana.npy,8,114,10270.0
Betula_nana.npy,9,114,10270.0
Betula_nana.npy,10,114,10270.0
Betula_nana.npy,11,114,10270.0
Betula_nana.npy,12,114,10270.0
Betula_papyrifera.npy,0,1060,633156.0
Betula_papyrifera.npy,1,1060,633156.0
Betula_papyrifera.npy,2,1060,633156.0
Betula_papyrifera.npy,3,1060,633156.0
Betula_papyrifera.npy,4,1057,633186.0
Betula_papyrifera.npy,5,1057,633186.0
Betula_papyrifera.npy,6,1050,633256.0
Betula_papyrifera.npy,7,1050,633256.0
Betula_papyrifera.npy,8,1050,633256.0
Betula_papyrifera.npy,9,1050,633256.0
Betula_papyrifera.npy,10,1050,633256.0
Betula_papyrifera.npy,11,1050,633256.0
Betula_papyrifera.npy,12,1050,633256.0
Betula_papyrifera.npy,13,1050,633256.0
Betula_papyrifera.npy,14,1050,633256.0
Betula_papyrifera.npy,15,1050,633256.0
Betula_papyrifera.npy,16,1050,633256.0
Betula_papyrifera.npy,17,1050,633256.0
Betula_papyrifera.npy,18,1050,633256.0
Betula_pendula.npy,0,345,86704.0
Betula_pendula.npy,1,345,86704.0
Betula_pendula.npy,2,345,86704.0
Betula_pendula.npy,3,345,86704.0
Betula_pendula.npy,4,345,86704.0
Betula_pendula.npy,5,345,86704.0
Betula_pendula.npy,6,345,86704.0
Betula_pendula.npy,7,345,86704.0
Betula_pendula.npy,8,345,86704.0
Betula_pendula.npy,9,345,86704.0
Betula_pendula.npy,10,345,86704.0
Betula_pendula.npy,11,345,86704.0
Betula_pendula.npy,12,345,86704.0
Betula_pubescens.npy,0,362,121146.0
Betula_pubescens.npy,1,362,121146.0
Betula_pubescens.npy,2,362,121146.0
Betula_pubescens.npy,3,362,121146.0
Betula_pubescens.npy,4,362,121146.0
Betula_pubescens.npy,5,362,121146.0
Betula_pubescens.npy,6,362,121146.0
Betula_pubescens.npy,7,362,121146.0
Betula_pubescens.npy,8,362,121146.0
Betula_pubescens.npy,9,362,121146.0
Betula_pubescens.npy,10,362,121146.0
Betula_pubescens.npy,11,362,121146.0
Betula_pubescens.npy,12,362,121146.0
Buddleja_davidii.npy,0,560,487482.0
Buddleja_davidii.npy,1,560,487482.0
Buddleja_davidii.npy,2,560,487482.0
Buddleja_davidii.npy,3,560,487482.0
Buddleja_davidii.npy,4,560,487482.0
Buddleja_davidii.npy,5,560,487482.0
Buddleja_davidii.npy,6,560,487482.0
Buddleja_davidii.npy,7,560,487482.0
Buddleja_davidii.npy,8,560,487482.0
Buddleja_davidii.npy,9,560,487482.0
Buddleja_davidii.npy,10,560,487482.0
Buddleja_davidii.npy,11,560,487482.0
Buddleja_davidii.npy,12,560,487482.0
Buxus_sempervirens.npy,0,157,34097.0
Buxus_sempervirens.npy,1,157,34097.0
Buxus_sempervirens.npy,2,157,34097.0
Buxus_sempervirens.npy,3,157,34097.0
Buxus_sempervirens.npy,4,157,34097.0
Buxus_sempervirens.npy,5,157,34097.0
Buxus_sempervirens.npy,6,157,34097.0
Buxus_sempervirens.npy,7,157,34097.0
Buxus_sempervirens.npy,8,157,34097.0
Buxus_sempervirens.npy,9,157,34097.0
Buxus_sempervirens.npy,10,157,34097.0
Buxus_sempervirens.npy,11,157,34097.0
Buxus_sempervirens.npy,12,157,34097.0
Caragana_arborescens.npy,0,146,35159.0
Caragana_arborescens.npy,1,146,35159.0
Caragana_arborescens.npy,2,146,35159.0
Caragana_arborescens.npy,3,146,35159.0
Caragana_arborescens.npy,4,146,35159.0
Caragana_arborescens.npy,5,146,35159.0
Caragana_arborescens.npy,6,146,35159.0
Caragana_arborescens.npy,7,146,35159.0
Caragana_arborescens.npy,8,146,35159.0
Caragana_arborescens.npy,9,146,35159.0
Caragana_arborescens.npy,10,146,35159.0
Caragana_arborescens.npy,11,146,35159.0
Caragana_arborescens.npy,12,146,35159.0
Carpinus_betulus.npy,0,581,408329.0
Carpinus_betulus.npy,1,581,408329.0
Carpinus_betulus.npy,2,581,408329.0
Carpinus_betulus.npy,3,581,408329.0
Carpinus_betulus.npy,4,581,408329.0
Carpinus_betulus.npy,5,581,408329.0
Carpinus_betulus.npy,6,581,408329.0
Carpinus_betulus.npy,7,581,408329.0
Carpinus_betulus.npy,8,581,408329.0
Carpinus_betulus.npy,9,581,408329.0
Carpinus_betulus.npy,10,581,408329.0
Carpinus_betulus.npy,11,581,408329.0
Carpinus_betulus.npy,12,581,408329.0
Carya_ovata.npy,0,889,1141772.0
Carya_ovata.npy,1,889,1141772.0
Carya_ovata.npy,2,889,1141772.0
Carya_ovata.npy,3,889,1141772.0
Carya_ovata.npy,4,889,1141772.0
Carya_ovata.npy,5,889,1141772.0
Carya_ovata.npy,6,889,1141772.0
Carya_ovata.npy,7,889,1141772.0
Carya_ovata.npy,8,889,1141772.0
Carya_ovata.npy,9,889,1141772.0
Carya_ovata.npy,10,889,1141772.0
Carya_ovata.npy,11,889,1141772.0
Carya_ovata.npy,12,889,1141772.0
Castanea_sativa.npy,0,1,5727118.0
Castanea_sativa.npy,1,1,5727118.0
Castanea_sativa.npy,2,1,5727118.0
Castanea_sativa.npy,3,1,5727118.0
Castanea_sativa.npy,4,1,5727118.0
Castanea_sativa.npy,5,1,5727118.0
Castanea_sativa.npy,6,1,5727118.0
Castanea_sativa.npy,7,1,5727118.0
Castanea_sativa.npy,8,1,5727118.0
Castanea_sativa.npy,9,1,5727118.0
Castanea_sativa.npy,10,1,5727118.0
Castanea_sativa.npy,11,1,5727118.0
Castanea_sativa.npy,12,1,5727118.0
Catalpa_bignonioides.npy,0,1719,2479285.0
Catalpa_bignonioides.npy,1,1719,2479285.0
Catalpa_bignonioides.npy,2,1719,2479285.0
Catalpa_bignonioides.npy,3,1719,2479285.0
Catalpa_bignonioides.npy,4,1719,2479285.0
Catalpa_bignonioides.npy,5,1719,2479285.0
Catalpa_bignonioides.npy,6,1719,2479285.0
Catalpa_bignonioides.npy,7,1719,2479285.0
Catalpa_bignonioides.npy,8,1719,2479285.0
Catalpa_bignonioides.npy,9,1719,2479285.0
Catalpa_bignonioides.npy,10,1719,2479285.0
Catalpa_bignonioides.npy,11,1719,2479285.0
Catalpa_bignonioides.npy,12,1719,2479285.0
Celtis_occidentalis.npy,0,610,401397.0
Celtis_occidentalis.npy,1,610,401397.0
Celtis_occidentalis.npy,2,610,401397.0
Celtis_occidentalis.npy,3,610,401397.0
Celtis_occidentalis.npy,4,610,401397.0
Celtis_occidentalis.npy,5,610,401397.0
Celtis_occidentalis.npy,6,610,401397.0
Celtis_occidentalis.npy,7,610,401397.0
Celtis_occidentalis.npy,8,610,401397.0
Celtis_occidentalis.npy,9,610,401397.0
Celtis_occidentalis.npy,10,610,401397.0
Celtis_occidentalis.npy,11,610,401397.0
Celtis_occidentalis.npy,12,610,401397.0
Cercidiphyllum_japonicum.npy,0,861,466955.0
Cercidiphyllum_japonicum.npy,1,851,467055.0
Cercidiphyllum_japonicum.npy,2,843,467135.0
Cercidiphyllum_japonicum.npy,3,843,467135.0
Cercidiphyllum_japonicum.npy,4,843,467135.0
Cercidiphyllum_japonicum.npy,5,843,467135.0
Cercidiphyllum_japonicum.npy,6,843,467135.0
Cercidiphyllum_japonicum.npy,7,843,467135.0
Cercidiphyllum_japonicum.npy,8,843,467135.0
Cercidiphyllum_japonicum.npy,9,843,467135.0
Cercidiphyllum_japonicum.npy,10,843,467135.0
Cercidiphyllum_japonicum.npy,11,843,467135.0
Cercidiphyllum_japonicum.npy,12,826,467305.0
Cercidiphyllum_japonicum.npy,13,826,467305.0
Cercidiphyllum_japonicum.npy,14,826,467305.0
Cercidiphyllum_japonicum.npy,15,826,467305.0
Cercidiphyllum_japonicum.npy,16,826,467305.0
Cercidiphyllum_japonicum.npy,17,826,467305.0
Cercidiphyllum_japonicum.npy,18,826,467305.0
Cercidiphyllum_japonicum.npy,19,822,467345.0
Cercidiphyllum_japonicum.npy,20,822,467345.0
Cercidiphyllum_japonicum.npy,21,822,467345.0
Cercidiphyllum_japonicum.npy,22,822,467345.0
Cercidiphyllum_japonicum.npy,23,822,467345.0
Cercidiphyllum_japonicum.npy,24,822,467345.0
Cercidiphyllum_japonicum.npy,25,822,467345.0
Cercidiphyllum_japonicum.npy,26,814,467425.0
Cercidiphyllum_japonicum.npy,27,814,467425.0
Cercidiphyllum_japonicum.npy,28,814,467425.0
Cercidiphyllum_japonicum.npy,29,814,467425.0
Cercidiphyllum_japonicum.npy,30,814,467425.0
Cercidiphyllum_japonicum.npy,31,814,467425.0
Cercidiphyllum_japonicum.npy,32,814,467425.0
Cercidiphyllum_japonicum.npy,33,814,467425.0
Cercidiphyllum_japonicum.npy,34,814,467425.0
Cercidiphyllum_japonicum.npy,35,814,467425.0
Cercidiphyllum_japonicum.npy,36,814,467425.0
Cercidiphyllum_japonicum.npy,37,814,467425.0
Cercidiphyllum_japonicum.npy,38,814,467425.0
Cercis_siliquastrum.npy,0,1103,1028509.0
Cercis_siliquastrum.npy,1,1103,1028509.0
Cercis_siliquastrum.npy,2,1103,1028509.0
Cercis_siliquastrum.npy,3,1103,1028509.0
Cercis_siliquastrum.npy,4,1103,1028509.0
Cercis_siliquastrum.npy,5,1103,1028509.0
Cercis_siliquastrum.npy,6,1103,1028509.0
Cercis_siliquastrum.npy,7,1103,1028509.0
Cercis_siliquastrum.npy,8,1103,1028509.0
Cercis_siliquastrum.npy,9,1103,1028509.0
Cercis_siliquastrum.npy,10,1103,1028509.0
Cercis_siliquastrum.npy,11,1103,1028509.0
Cercis_siliquastrum.npy,12,1103,1028509.0
Chaenomeles_japonica.npy,0,93,703598.0
Chaenomeles_japonica.npy,1,93,703598.0
Chaenomeles_japonica.npy,2,93,703598.0
Chaenomeles_japonica.npy,3,93,703598.0
Chaenomeles_japonica.npy,4,93,703598.0
Chaenomeles_japonica.npy,5,93,703598.0
Chaenomeles_japonica.npy,6,93,703598.0
Chaenomeles_japonica.npy,7,93,703598.0
Chaenomeles_japonica.npy,8,93,703598.0
Chaenomeles_japonica.npy,9,93,703598.0
Chaenomeles_japonica.npy,10,93,703598.0
Chaenomeles_japonica.npy,11,93,703598.0
Chaenomeles_japonica.npy,12,93,703598.0
Clematis_vitalba.npy,0,1021,481318.0
Clematis_vitalba.npy,1,1021,481318.0
Clematis_vitalba.npy,2,1021,481318.0
Clematis_vitalba.npy,3,1021,481318.0
Clematis_vitalba.npy,4,1021,481318.0
Clematis_vitalba.npy,5,1021,481318.0
Clematis_vitalba.npy,6,1017,481358.0
Clematis_vitalba.npy,7,1017,481358.0
Clematis_vitalba.npy,8,1017,481358.0
Clematis_vitalba.npy,9,1017,481358.0
Clematis_vitalba.npy,10,1017,481358.0
Clematis_vitalba.npy,11,1017,481358.0
Clematis_vitalba.npy,12,1013,481398.0
Clematis_vitalba.npy,13,1013,481398.0
Clematis_vitalba.npy,14,1013,481398.0
Clematis_vitalba.npy,15,1011,481418.0
Clematis_vitalba.npy,16,1011,481418.0
Clematis_vitalba.npy,17,1011,481418.0
Clematis_vitalba.npy,18,1011,481418.0
Clematis_vitalba.npy,19,1011,481418.0
Clematis_vitalba.npy,20,1011,481418.0
Clematis_vitalba.npy,21,1011,481418.0
Clematis_vitalba.npy,22,1011,481418.0
Clematis_vitalba.npy,23,995,481578.0
Clematis_vitalba.npy,24,995,481578.0
Clematis_vitalba.npy,25,995,481578.0
Clematis_vitalba.npy,26,995,481578.0
Clematis_vitalba.npy,27,995,481578.0
Clematis_vitalba.npy,28,995,481578.0
Clematis_vitalba.npy,29,995,481578.0
Clematis_vitalba.npy,30,995,481578.0
Clematis_vitalba.npy,31,991,481618.0
Clematis_vitalba.npy,32,991,481618.0
Clematis_vitalba.npy,33,991,481618.0
Clematis_vitalba.npy,34,991,481618.0
Clematis_vitalba.npy,35,991,481618.0
Clematis_vitalba.npy,36,991,481618.0
Clematis_vitalba.npy,37,991,481618.0
Clematis_vitalba.npy,38,991,481618.0
Clematis_vitalba.npy,39,991,481618.0
Clematis_vitalba.npy,40,991,481618.0
Clematis_vitalba.npy,41,990,481628.0
Clematis_vitalba.npy,42,990,481628.0
Clematis_vitalba.npy,43,990,481628.0
Clematis_vitalba.npy,44,990,481628.0
Clematis_vitalba.npy,45,986,481668.0
Clematis_vitalba.npy,46,986,481668.0
Clematis_vitalba.npy,47,986,481668.0
Clematis_vitalba.npy,48,986,481668.0
Clematis_vitalba.npy,49,986,481668.0
Clematis_vitalba.npy,50,986,481668.0
Clematis_vitalba.npy,51,986,481668.0
Clematis_vitalba.npy,52,986,481668.0
Clematis_vitalba.npy,53,986,481668.0
Clematis_vitalba.npy,54,986,481668.0
Clematis_vitalba.npy,55,986,481668.0
Clematis_vitalba.npy,56,986,481668.0
Clematis_vitalba.npy,57,986,481668.0
Colutea_arborescens.npy,0,252,79291.0
Colutea_arborescens.npy,1,252,79291.0
Colutea_arborescens.npy,2,252,79291.0
Colutea_arborescens.npy,3,252,79291.0
Colutea_arborescens.npy,4,252,79291.0
Colutea_arborescens.npy,5,252,79291.0
Colutea_arborescens.npy,6,252,79291.0
Colutea_arborescens.npy,7,252,79291.0
Colutea_arborescens.npy,8,252,79291.0
Colutea_arborescens.npy,9,252,79291.0
Colutea_arborescens.npy,10,252,79291.0
Colutea_arborescens.npy,11,252,79291.0
Colutea_arborescens.npy,12,252,79291.0
Cornus_alba.npy,0,1023,1243056.0
Cornus_alba.npy,1,1023,1243056.0
Cornus_alba.npy,2,1023,1243056.0
Cornus_alba.npy,3,1023,1243056.0
Cornus_alba.npy,4,1023,1243056.0
Cornus_alba.npy,5,1023,1243056.0
Cornus_alba.npy,6,1023,1243056.0
Cornus_alba.npy,7,1023,1243056.0
Cornus_alba.npy,8,1023,1243056.0
Cornus_alba.npy,9,1023,1243056.0
Cornus_alba.npy,10,1023,1243056.0
Cornus_alba.npy,11,1023,1243056.0
Cornus_alba.npy,12,1023,1243056.0
Cornus_mas.npy,0,529,278848.0
Cornus_mas.npy,1,529,278848.0
Cornus_mas.npy,2,529,278848.0
Cornus_mas.npy,3,529,278848.0
Cornus_mas.npy,4,529,278848.0
Cornus_mas.npy,5,529,278848.0
Cornus_mas.npy,6,529,278848.0
Cornus_mas.npy,7,529,278848.0
Cornus_mas.npy,8,529,278848.0
Cornus_mas.npy,9,529,278848.0
Cornus_mas.npy,10,529,278848.0
Cornus_mas.npy,11,529,278848.0
Cornus_mas.npy,12,529,278848.0
Cornus_sanguinea.npy,0,296,103059.0
Cornus_sanguinea.npy,1,296,103059.0
Cornus_sanguinea.npy,2,296,103059.0
Cornus_sanguinea.npy,3,296,103059.0
Cornus_sanguinea.npy,4,296,103059.0
Cornus_sanguinea.npy,5,296,103059.0
Cornus_sanguinea.npy,6,296,103059.0
Cornus_sanguinea.npy,7,296,103059.0
Cornus_sanguinea.npy,8,296,103059.0
Cornus_sanguinea.npy,9,296,103059.0
Cornus_sanguinea.npy,10,296,103059.0
Cornus_sanguinea.npy,11,296,103059.0
Cornus_sanguinea.npy,12,296,103059.0
Corylus_avellana.npy,0,1365,1698882.0
Corylus_avellana.npy,1,1365,1698882.0
Corylus_avellana.npy,2,1365,1698882.0
Corylus_avellana.npy,3,1365,1698882.0
Corylus_avellana.npy,4,1365,1698882.0
Corylus_avellana.npy,5,1365,1698882.0
Corylus_avellana.npy,6,1365,1698882.0
Corylus_avellana.npy,7,1365,1698882.0
Corylus_avellana.npy,8,1365,1698882.0
Corylus_avellana.npy,9,1365,1698882.0
Corylus_avellana.npy,10,1365,1698882.0
Corylus_avellana.npy,11,1365,1698882.0
Corylus_avellana.npy,12,1365,1698882.0
Corylus_colurna.npy,0,1426,1425436.0
Corylus_colurna.npy,1,1426,1425436.0
Corylus_colurna.npy,2,1426,1425436.0
Corylus_colurna.npy,3,1426,1425436.0
Corylus_colurna.npy,4,1426,1425436.0
Corylus_colurna.npy,5,1426,1425436.0
Corylus_colurna.npy,6,1426,1425436.0
Corylus_colurna.npy,7,1426,1425436.0
Corylus_colurna.npy,8,1426,1425436.0
Corylus_colurna.npy,9,1426,1425436.0
Corylus_colurna.npy,10,1426,1425436.0
Corylus_colurna.npy,11,1426,1425436.0
Corylus_colurna.npy,12,1426,1425436.0
Corylus_maxima.npy,0,902,779684.0
Corylus_maxima.npy,1,902,779684.0
Corylus_maxima.npy,2,902,779684.0
Corylus_maxima.npy,3,902,779684.0
Corylus_maxima.npy,4,902,779684.0
Corylus_maxima.npy,5,902,779684.0
Corylus_maxima.npy,6,902,779684.0
Corylus_maxima.npy,7,902,779684.0
Corylus_maxima.npy,8,902,779684.0
Corylus_maxima.npy,9,902,779684.0
Corylus_maxima.npy,10,902,779684.0
Corylus_maxima.npy,11,902,779684.0
Corylus_maxima.npy,12,902,779684.0
Cotinus_coggygria.npy,0,781,628435.0
Cotinus_coggygria.npy,1,781,628435.0
Cotinus_coggygria.npy,2,781,628435.0
Cotinus_coggygria.npy,3,781,628435.0
Cotinus_coggygria.npy,4,781,628435.0
Cotinus_coggygria.npy,5,781,628435.0
Cotinus_coggygria.npy,6,781,628435.0
Cotinus_coggygria.npy,7,781,628435.0
Cotinus_coggygria.npy,8,781,628435.0
Cotinus_coggygria.npy,9,781,628435.0
Cotinus_coggygria.npy,10,781,628435.0
Cotinus_coggygria.npy,11,781,628435.0
Cotinus_coggygria.npy,12,781,628435.0
Cotoneaster_horizontalis.npy,0,117,20294.0
Cotoneaster_horizontalis.npy,1,117,20294.0
Cotoneaster_horizontalis.npy,2,117,20294.0
Cotoneaster_horizontalis.npy,3,117,20294.0
Cotoneaster_horizontalis.npy,4,117,20294.0
Cotoneaster_horizontalis.npy,5,117,20294.0
Cotoneaster_horizontalis.npy,6,117,20294.0
Cotoneaster_horizontalis.npy,7,117,20294.0
Cotoneaster_horizontalis.npy,8,117,20294.0
Cotoneaster_horizontalis.npy,9,117,20294.0
Cotoneaster_horizontalis.npy,10,117,20294.0
Cotoneaster_horizontalis.npy,11,117,20294.0
Cotoneaster_horizontalis.npy,12,117,20294.0
Cotoneaster_integerrimus.npy,0,188,36759.0
Cotoneaster_integerrimus.npy,1,188,36759.0
Cotoneaster_integerrimus.npy,2,188,36759.0
Cotoneaster_integerrimus.npy,3,188,36759.0
Cotoneaster_integerrimus.npy,4,188,36759.0
Cotoneaster_integerrimus.npy,5,188,36759.0
Cotoneaster_integerrimus.npy,6,188,36759.0
Cotoneaster_integerrimus.npy,7,188,36759.0
Cotoneaster_integerrimus.npy,8,188,36759.0
Cotoneaster_integerrimus.npy,9,188,36759.0
Cotoneaster_integerrimus.npy,10,188,36759.0
Cotoneaster_integerrimus.npy,11,188,36759.0
Cotoneaster_integerrimus.npy,12,188,36759.0
Crataegus_monogyna.npy,0,348,66291.0
Crataegus_monogyna.npy,1,348,66291.0
Crataegus_monogyna.npy,2,348,66291.0
Crataegus_monogyna.npy,3,348,66291.0
Crataegus_monogyna.npy,4,348,66291.0
Crataegus_monogyna.npy,5,348,66291.0
Crataegus_monogyna.npy,6,348,66291.0
Crataegus_monogyna.npy,7,348,66291.0
Crataegus_monogyna.npy,8,348,66291.0
Crataegus_monogyna.npy,9,348,66291.0
Crataegus_monogyna.npy,10,348,66291.0
Crataegus_monogyna.npy,11,348,66291.0
Crataegus_monogyna.npy,12,348,66291.0
Cydonia_oblonga.npy,0,682,509990.0
Cydonia_oblonga.npy,1,682,509990.0
Cydonia_oblonga.npy,2,682,509990.0
Cydonia_oblonga.npy,3,682,509990.0
Cydonia_oblonga.npy,4,682,509990.0
Cydonia_oblonga.npy,5,682,509990.0
Cydonia_oblonga.npy,6,682,509990.0
Cydonia_oblonga.npy,7,682,509990.0
Cydonia_oblonga.npy,8,682,509990.0
Cydonia_oblonga.npy,9,682,509990.0
Cydonia_oblonga.npy,10,682,509990.0
Cydonia_oblonga.npy,11,682,509990.0
Cydonia_oblonga.npy,12,682,509990.0
Daphne_mezereum.npy,0,268,151268.0
Daphne_mezereum.npy,1,268,151268.0
Daphne_mezereum.npy,2,268,151268.0
Daphne_mezereum.npy,3,268,151268.0
Daphne_mezereum.npy,4,268,151268.0
Daphne_mezereum.npy,5,268,151268.0
Daphne_mezereum.npy,6,268,151268.0
Daphne_mezereum.npy,7,268,151268.0
Daphne_mezereum.npy,8,268,151268.0
Daphne_mezereum.npy,9,268,151268.0
Daphne_mezereum.npy,10,268,151268.0
Daphne_mezereum.npy,11,268,151268.0
Daphne_mezereum.npy,12,268,151268.0
Deutzia_scabra.npy,0,302,123114.0
Deutzia_scabra.npy,1,302,123114.0
Deutzia_scabra.npy,2,302,123114.0
Deutzia_scabra.npy,3,302,123114.0
Deutzia_scabra.npy,4,302,123114.0
Deutzia_scabra.npy,5,302,123114.0
Deutzia_scabra.npy,6,302,123114.0
Deutzia_scabra.npy,7,302,123114.0
Deutzia_scabra.npy,8,302,123114.0
Deutzia_scabra.npy,9,302,123114.0
Deutzia_scabra.npy,10,302,123114.0
Deutzia_scabra.npy,11,302,123114.0
Deutzia_scabra.npy,12,302,123114.0
Elaeagnus_angustifolia.npy,0,235,126551.0
Elaeagnus_angustifolia.npy,1,235,126551.0
Elaeagnus_angustifolia.npy,2,235,126551.0
Elaeagnus_angustifolia.npy,3,235,126551.0
Elaeagnus_angustifolia.npy,4,235,126551.0
Elaeagnus_angustifolia.npy,5,235,126551.0
Elaeagnus_angustifolia.npy,6,235,126551.0
Elaeagnus_angustifolia.npy,7,235,126551.0
Elaeagnus_angustifolia.npy,8,235,126551.0
Elaeagnus_angustifolia.npy,9,235,126551.0
Elaeagnus_angustifolia.npy,10,235,126551.0
Elaeagnus_angustifolia.npy,11,235,126551.0
Elaeagnus_angustifolia.npy,12,235,126551.0
Euonymus_europaea.npy,0,535,358718.0
Euonymus_europaea.npy,1,535,358718.0
Euonymus_europaea.npy,2,535,358718.0
Euonymus_europaea.npy,3,535,358718.0
Euonymus_europaea.npy,4,535,358718.0
Euonymus_europaea.npy,5,535,358718.0
Euonymus_europaea.npy,6,535,358718.0
Euonymus_europaea.npy,7,535,358718.0
Euonymus_europaea.npy,8,535,358718.0
Euonymus_europaea.npy,9,535,358718.0
Euonymus_europaea.npy,10,535,358718.0
Euonymus_europaea.npy,11,535,358718.0
Euonymus_europaea.npy,12,535,358718.0
Euonymus_verrucosa.npy,0,383,174019.0
Euonymus_verrucosa.npy,1,383,174019.0
Euonymus_verrucosa.npy,2,383,174019.0
Euonymus_verrucosa.npy,3,383,174019.0
Euonymus_verrucosa.npy,4,383,174019.0
Euonymus_verrucosa.npy,5,383,174019.0
Euonymus_verrucosa.npy,6,383,174019.0
Euonymus_verrucosa.npy,7,383,174019.0
Euonymus_verrucosa.npy,8,383,174019.0
Euonymus_verrucosa.npy,9,383,174019.0
Euonymus_verrucosa.npy,10,383,174019.0
Euonymus_verrucosa.npy,11,383,174019.0
Euonymus_verrucosa.npy,12,383,174019.0
Fagus_sylvatica.npy,0,882,753619.0
Fagus_sylvatica.npy,1,882,753619.0
Fagus_sylvatica.npy,2,882,753619.0
Fagus_sylvatica.npy,3,882,753619.0
Fagus_sylvatica.npy,4,882,753619.0
Fagus_sylvatica.npy,5,882,753619.0
Fagus_sylvatica.npy,6,882,753619.0
Fagus_sylvatica.npy,7,882,753619.0
Fagus_sylvatica.npy,8,882,753619.0
Fagus_sylvatica.npy,9,882,753619.0
Fagus_sylvatica.npy,10,882,753619.0
Fagus_sylvatica.npy,11,882,753619.0
Fagus_sylvatica.npy,12,882,753619.0
Fallopia_aubertii.npy,0,343,117957.0
Fallopia_aubertii.npy,1,343,117957.0
Fallopia_aubertii.npy,2,343,117957.0
Fallopia_aubertii.npy,3,343,117957.0
Fallopia_aubertii.npy,4,343,117957.0
Fallopia_aubertii.npy,5,343,117957.0
Fallopia_aubertii.npy,6,343,117957.0
Fallopia_aubertii.npy,7,343,117957.0
Fallopia_aubertii.npy,8,343,117957.0
Fallopia_aubertii.npy,9,343,117957.0
Fallopia_aubertii.npy,10,343,117957.0
Fallopia_aubertii.npy,11,343,117957.0
Fallopia_aubertii.npy,12,343,117957.0
Ficus_carica.npy,0,1816,1398548.0
Ficus_carica.npy,1,1816,1398548.0
Ficus_carica.npy,2,1816,1398548.0
Ficus_carica.npy,3,1816,1398548.0
Ficus_carica.npy,4,1816,1398548.0
Ficus_carica.npy,5,1816,1398548.0
Ficus_carica.npy,6,1816,1398548.0
Ficus_carica.npy,7,1816,1398548.0
Ficus_carica.npy,8,1816,1398548.0
Ficus_carica.npy,9,1816,1398548.0
Ficus_carica.npy,10,1816,1398548.0
Ficus_carica.npy,11,1816,1398548.0
Ficus_carica.npy,12,1816,1398548.0
Forsythia_intermedia.npy,0,424,156269.0
Forsythia_intermedia.npy,1,424,156269.0
Forsythia_intermedia.npy,2,424,156269.0
Forsythia_intermedia.npy,3,424,156269.0
Forsythia_intermedia.npy,4,424,156269.0
Forsythia_intermedia.npy,5,424,156269.0
Forsythia_intermedia.npy,6,424,156269.0
Forsythia_intermedia.npy,7,424,156269.0
Forsythia_intermedia.npy,8,424,156269.0
Forsythia_intermedia.npy,9,424,156269.0
Forsythia_intermedia.npy,10,424,156269.0
Forsythia_intermedia.npy,11,424,156269.0
Forsythia_intermedia.npy,12,424,156269.0
Frangula_alnus.npy,0,426,172838.0
Frangula_alnus.npy,1,426,172838.0
Frangula_alnus.npy,2,426,172838.0
Frangula_alnus.npy,3,426,172838.0
Frangula_alnus.npy,4,426,172838.0
Frangula_alnus.npy,5,426,172838.0
Frangula_alnus.npy,6,426,172838.0
Frangula_alnus.npy,7,426,172838.0
Frangula_alnus.npy,8,426,172838.0
Frangula_alnus.npy,9,426,172838.0
Frangula_alnus.npy,10,426,172838.0
Frangula_alnus.npy,11,426,172838.0
Frangula_alnus.npy,12,426,172838.0
Fraxinus_excelsior.npy,0,737,611016.0
Fraxinus_excelsior.npy,1,737,611016.0
Fraxinus_excelsior.npy,2,737,611016.0
Fraxinus_excelsior.npy,3,737,611016.0
Fraxinus_excelsior.npy,4,737,611016.0
Fraxinus_excelsior.npy,5,737,611016.0
Fraxinus_excelsior.npy,6,737,611016.0
Fraxinus_excelsior.npy,7,737,611016.0
Fraxinus_excelsior.npy,8,737,611016.0
Fraxinus_excelsior.npy,9,737,611016.0
Fraxinus_excelsior.npy,10,737,611016.0
Fraxinus_excelsior.npy,11,737,611016.0
Fraxinus_excelsior.npy,12,737,611016.0
Fraxinus_ornus.npy,0,409,239787.0
Fraxinus_ornus.npy,1,409,239787.0
Fraxinus_ornus.npy,2,409,239787.0
Fraxinus_ornus.npy,3,409,239787.0
Fraxinus_ornus.npy,4,409,239787.0
Fraxinus_ornus.npy,5,409,239787.0
Fraxinus_ornus.npy,6,409,239787.0
Fraxinus_ornus.npy,7,409,239787.0
Fraxinus_ornus.npy,8,409,239787.0
Fraxinus_ornus.npy,9,409,239787.0
Fraxinus_ornus.npy,10,409,239787.0
Fraxinus_ornus.npy,11,409,239787.0
Fraxinus_ornus.npy,12,409,239787.0
Ginkgo_biloba.npy,0,962,388794.0
Ginkgo_biloba.npy,1,962,388794.0
Ginkgo_biloba.npy,2,953,388884.0
Ginkgo_biloba.npy,3,953,388884.0
Ginkgo_biloba.npy,4,953,388884.0
Ginkgo_biloba.npy,5,953,388884.0
Ginkgo_biloba.npy,6,934,389074.0
Ginkgo_biloba.npy,7,934,389074.0
Ginkgo_biloba.npy,8,934,389074.0
Ginkgo_biloba.npy,9,934,389074.0
Ginkgo_biloba.npy,10,934,389074.0
Ginkgo_biloba.npy,11,934,389074.0
Ginkgo_biloba.npy,12,934,389074.0
Ginkgo_biloba.npy,13,934,389074.0
Ginkgo_biloba.npy,14,934,389074.0
Ginkgo_biloba.npy,15,934,389074.0
Ginkgo_biloba.npy,16,934,389074.0
Ginkgo_biloba.npy,17,934,389074.0
Ginkgo_biloba.npy,18,934,389074.0
Gleditsia_triacanthos.npy,0,104,23250.0
Gleditsia_triacanthos.npy,1,104,23250.0
Gleditsia_triacanthos.npy,2,104,23250.0
Gleditsia_triacanthos.npy,3,104,23250.0
Gleditsia_triacanthos.npy,4,104,23250.0
Gleditsia_triacanthos.npy,5,104,23250.0
Gleditsia_triacanthos.npy,6,104,23250.0
Gleditsia_triacanthos.npy,7,104,23250.0
Gleditsia_triacanthos.npy,8,104,23250.0
Gleditsia_triacanthos.npy,9,104,23250.0
Gleditsia_triacanthos.npy,10,104,23250.0
Gleditsia_triacanthos.npy,11,104,23250.0
Gleditsia_triacanthos.npy,12,104,23250.0
Gymnocladus_dioicus.npy,0,537,349112.0
Gymnocladus_dioicus.npy,1,537,349112.0
Gymnocladus_dioicus.npy,2,537,349112.0
Gymnocladus_dioicus.npy,3,537,349112.0
Gymnocladus_dioicus.npy,4,537,349112.0
Gymnocladus_dioicus.npy,5,537,349112.0
Gymnocladus_dioicus.npy,6,537,349112.0
Gymnocladus_dioicus.npy,7,537,349112.0
Gymnocladus_dioicus.npy,8,537,349112.0
Gymnocladus_dioicus.npy,9,537,349112.0
Gymnocladus_dioicus.npy,10,537,349112.0
Gymnocladus_dioicus.npy,11,537,349112.0
Gymnocladus_dioicus.npy,12,537,349112.0
Hamamelis_japonica.npy,0,783,610148.0
Hamamelis_japonica.npy,1,783,610148.0
Hamamelis_japonica.npy,2,783,610148.0
Hamamelis_japonica.npy,3,783,610148.0
Hamamelis_japonica.npy,4,783,610148.0
Hamamelis_japonica.npy,5,783,610148.0
Hamamelis_japonica.npy,6,783,610148.0
Hamamelis_japonica.npy,7,783,610148.0
Hamamelis_japonica.npy,8,783,610148.0
Hamamelis_japonica.npy,9,783,610148.0
Hamamelis_japonica.npy,10,783,610148.0
Hamamelis_japonica.npy,11,783,610148.0
Hamamelis_japonica.npy,12,783,610148.0
Hamamelis_virginiana.npy,0,624,473807.0
Hamamelis_virginiana.npy,1,624,473807.0
Hamamelis_virginiana.npy,2,624,473807.0
Hamamelis_virginiana.npy,3,624,473807.0
Hamamelis_virginiana.npy,4,624,473807.0
Hamamelis_virginiana.npy,5,624,473807.0
Hamamelis_virginiana.npy,6,624,473807.0
Hamamelis_virginiana.npy,7,624,473807.0
Hamamelis_virginiana.npy,8,624,473807.0
Hamamelis_virginiana.npy,9,624,473807.0
Hamamelis_virginiana.npy,10,624,473807.0
Hamamelis_virginiana.npy,11,624,473807.0
Hamamelis_virginiana.npy,12,624,473807.0
Hedera_helixFERTILE.npy,0,1548,857507.0
Hedera_helixFERTILE.npy,1,1548,857507.0
Hedera_helixFERTILE.npy,2,1548,857507.0
Hedera_helixFERTILE.npy,3,1548,857507.0
Hedera_helixFERTILE.npy,4,1548,857507.0
Hedera_helixFERTILE.npy,5,1548,857507.0
Hedera_helixFERTILE.npy,6,1548,857507.0
Hedera_helixFERTILE.npy,7,1548,857507.0
Hedera_helixFERTILE.npy,8,1548,857507.0
Hedera_helixFERTILE.npy,9,1548,857507.0
Hedera_helixFERTILE.npy,10,1548,857507.0
Hedera_helixFERTILE.npy,11,1548,857507.0
Hedera_helixFERTILE.npy,12,1548,857507.0
Hedera_helixSTERILE.npy,0,1452,646838.0
Hedera_helixSTERILE.npy,1,1452,646838.0
Hedera_helixSTERILE.npy,2,1452,646838.0
Hedera_helixSTERILE.npy,3,1452,646838.0
Hedera_helixSTERILE.npy,4,1452,646838.0
Hedera_helixSTERILE.npy,5,1452,646838.0
Hedera_helixSTERILE.npy,6,1452,646838.0
Hedera_helixSTERILE.npy,7,1452,646838.0
Hedera_helixSTERILE.npy,8,1452,646838.0
Hedera_helixSTERILE.npy,9,1452,646838.0
Hedera_helixSTERILE.npy,10,1452,646838.0
Hedera_helixSTERILE.npy,11,1452,646838.0
Hedera_helixSTERILE.npy,12,1452,646838.0
Hibiscus_syriacus.npy,0,671,344752.0
Hibiscus_syriacus.npy,1,671,344752.0
Hibiscus_syriacus.npy,2,671,344752.0
Hibiscus_syriacus.npy,3,671,344752.0
Hibiscus_syriacus.npy,4,671,344752.0
Hibiscus_syriacus.npy,5,671,344752.0
Hibiscus_syriacus.npy,6,671,344752.0
Hibiscus_syriacus.npy,7,671,344752.0
Hibiscus_syriacus.npy,8,671,344752.0
Hibiscus_syriacus.npy,9,671,344752.0
Hibiscus_syriacus.npy,10,671,344752.0
Hibiscus_syriacus.npy,11,671,344752.0
Hibiscus_syriacus.npy,12,671,344752.0
Hippophae_rhamnoides.npy,0,99,26755.0
Hippophae_rhamnoides.npy,1,99,26755.0
Hippophae_rhamnoides.npy,2,99,26755.0
Hippophae_rhamnoides.npy,3,99,26755.0
Hippophae_rhamnoides.npy,4,99,26755.0
Hippophae_rhamnoides.npy,5,99,26755.0
Hippophae_rhamnoides.npy,6,99,26755.0
Hippophae_rhamnoides.npy,7,99,26755.0
Hippophae_rhamnoides.npy,8,99,26755.0
Hippophae_rhamnoides.npy,9,99,26755.0
Hippophae_rhamnoides.npy,10,99,26755.0
Hippophae_rhamnoides.npy,11,99,26755.0
Hippophae_rhamnoides.npy,12,99,26755.0
Humulus_lupulus.npy,0,2271,967122.0
Humulus_lupulus.npy,1,2271,967122.0
Humulus_lupulus.npy,2,2271,967122.0
Humulus_lupulus.npy,3,2271,967122.0
Humulus_lupulus.npy,4,2271,967122.0
Humulus_lupulus.npy,5,2271,967122.0
Humulus_lupulus.npy,6,2271,967122.0
Humulus_lupulus.npy,7,2271,967122.0
Humulus_lupulus.npy,8,2271,967122.0
Humulus_lupulus.npy,9,2271,967122.0
Humulus_lupulus.npy,10,2271,967122.0
Humulus_lupulus.npy,11,2271,967122.0
Humulus_lupulus.npy,12,2271,967122.0
Hydrangea_petiolaris.npy,0,1297,1081131.0
Hydrangea_petiolaris.npy,1,1281,1081291.0
Hydrangea_petiolaris.npy,2,1267,1081431.0
Hydrangea_petiolaris.npy,3,1267,1081431.0
Hydrangea_petiolaris.npy,4,1266,1081441.0
Hydrangea_petiolaris.npy,5,1266,1081441.0
Hydrangea_petiolaris.npy,6,1266,1081441.0
Hydrangea_petiolaris.npy,7,1266,1081441.0
Hydrangea_petiolaris.npy,8,1266,1081441.0
Hydrangea_petiolaris.npy,9,1266,1081441.0
Hydrangea_petiolaris.npy,10,1266,1081441.0
Hydrangea_petiolaris.npy,11,1252,1081581.0
Hydrangea_petiolaris.npy,12,1252,1081581.0
Hydrangea_petiolaris.npy,13,1252,1081581.0
Hydrangea_petiolaris.npy,14,1252,1081581.0
Hydrangea_petiolaris.npy,15,1252,1081581.0
Hydrangea_petiolaris.npy,16,1252,1081581.0
Hydrangea_petiolaris.npy,17,1252,1081581.0
Hydrangea_petiolaris.npy,18,1252,1081581.0
Hydrangea_petiolaris.npy,19,1252,1081581.0
Hydrangea_petiolaris.npy,20,1252,1081581.0
Hydrangea_petiolaris.npy,21,1252,1081581.0
Hydrangea_petiolaris.npy,22,1246,1081641.0
Hydrangea_petiolaris.npy,23,1245,1081651.0
Hydrangea_petiolaris.npy,24,1245,1081651.0
Hydrangea_petiolaris.npy,25,1245,1081651.0
Hydrangea_petiolaris.npy,26,1245,1081651.0
Hydrangea_petiolaris.npy,27,1245,1081651.0
Hydrangea_petiolaris.npy,28,1245,1081651.0
Hydrangea_petiolaris.npy,29,1244,1081661.0
Hydrangea_petiolaris.npy,30,1244,1081661.0
Hydrangea_petiolaris.npy,31,1243,1081671.0
Hydrangea_petiolaris.npy,32,1243,1081671.0
Hydrangea_petiolaris.npy,33,1242,1081681.0
Hydrangea_petiolaris.npy,34,1242,1081681.0
Hydrangea_petiolaris.npy,35,1242,1081681.0
Hydrangea_petiolaris.npy,36,1242,1081681.0
Hydrangea_petiolaris.npy,37,1242,1081681.0
Hydrangea_petiolaris.npy,38,1242,1081681.0
Hydrangea_petiolaris.npy,39,1242,1081681.0
Hydrangea_petiolaris.npy,40,1231,1081791.0
Hydrangea_petiolaris.npy,41,1231,1081791.0
Hydrangea_petiolaris.npy,42,1231,1081791.0
Hydrangea_petiolaris.npy,43,1231,1081791.0
Hydrangea_petiolaris.npy,44,1231,1081791.0
Hydrangea_petiolaris.npy,45,1230,1081801.0
Hydrangea_petiolaris.npy,46,1230,1081801.0
Hydrangea_petiolaris.npy,47,1230,1081801.0
Hydrangea_petiolaris.npy,48,1230,1081801.0
Hydrangea_petiolaris.npy,49,1230,1081801.0
Hydrangea_petiolaris.npy,50,1230,1081801.0
Hydrangea_petiolaris.npy,51,1226,1081841.0
Hydrangea_petiolaris.npy,52,1225,1081851.0
Hydrangea_petiolaris.npy,53,1225,1081851.0
Hydrangea_petiolaris.npy,54,1225,1081851.0
Hydrangea_petiolaris.npy,55,1225,1081851.0
Hydrangea_petiolaris.npy,56,1225,1081851.0
Hydrangea_petiolaris.npy,57,1225,1081851.0
Hydrangea_petiolaris.npy,58,1225,1081851.0
Hydrangea_petiolaris.npy,59,1225,1081851.0
Hydrangea_petiolaris.npy,60,1225,1081851.0
Hydrangea_petiolaris.npy,61,1225,1081851.0
Hydrangea_petiolaris.npy,62,1225,1081851.0
Hydrangea_petiolaris.npy,63,1225,1081851.0
Hydrangea_petiolaris.npy,64,1225,1081851.0
Ilex_aquifolium.npy,0,330,94061.0
Ilex_aquifolium.npy,1,330,94061.0
Ilex_aquifolium.npy,2,330,94061.0
Ilex_aquifolium.npy,3,330,94061.0
Ilex_aquifolium.npy,4,330,94061.0
Ilex_aquifolium.npy,5,330,94061.0
Ilex_aquifolium.npy,6,330,94061.0
Ilex_aquifolium.npy,7,330,94061.0
Ilex_aquifolium.npy,8,330,94061.0
Ilex_aquifolium.npy,9,330,94061.0
Ilex_aquifolium.npy,10,330,94061.0
Ilex_aquifolium.npy,11,330,94061.0
Ilex_aquifolium.npy,12,330,94061.0
Juglans_cinerea.npy,0,686,811863.0
Juglans_cinerea.npy,1,686,811863.0
Juglans_cinerea.npy,2,686,811863.0
Juglans_cinerea.npy,3,686,811863.0
Juglans_cinerea.npy,4,686,811863.0
Juglans_cinerea.npy,5,686,811863.0
Juglans_cinerea.npy,6,686,811863.0
Juglans_cinerea.npy,7,686,811863.0
Juglans_cinerea.npy,8,686,811863.0
Juglans_cinerea.npy,9,686,811863.0
Juglans_cinerea.npy,10,686,811863.0
Juglans_cinerea.npy,11,686,811863.0
Juglans_cinerea.npy,12,686,811863.0
Juglans_nigra.npy,0,547,472086.0
Juglans_nigra.npy,1,547,472086.0
Juglans_nigra.npy,2,547,472086.0
Juglans_nigra.npy,3,547,472086.0
Juglans_nigra.npy,4,547,472086.0
Juglans_nigra.npy,5,547,472086.0
Juglans_nigra.npy,6,547,472086.0
Juglans_nigra.npy,7,547,472086.0
Juglans_nigra.npy,8,547,472086.0
Juglans_nigra.npy,9,547,472086.0
Juglans_nigra.npy,10,547,472086.0
Juglans_nigra.npy,11,547,472086.0
Juglans_nigra.npy,12,547,472086.0
Juglans_regia.npy,0,742,756450.0
Juglans_regia.npy,1,742,756450.0
Juglans_regia.npy,2,742,756450.0
Juglans_regia.npy,3,742,756450.0
Juglans_regia.npy,4,742,756450.0
Juglans_regia.npy,5,742,756450.0
Juglans_regia.npy,6,742,756450.0
Juglans_regia.npy,7,742,756450.0
Juglans_regia.npy,8,742,756450.0
Juglans_regia.npy,9,742,756450.0
Juglans_regia.npy,10,742,756450.0
Juglans_regia.npy,11,742,756450.0
Juglans_regia.npy,12,742,756450.0
Kerria_japonica.npy,0,560,208455.0
Kerria_japonica.npy,1,560,208455.0
Kerria_japonica.npy,2,560,208455.0
Kerria_japonica.npy,3,560,208455.0
Kerria_japonica.npy,4,560,208455.0
Kerria_japonica.npy,5,560,208455.0
Kerria_japonica.npy,6,560,208455.0
Kerria_japonica.npy,7,560,208455.0
Kerria_japonica.npy,8,560,208455.0
Kerria_japonica.npy,9,560,208455.0
Kerria_japonica.npy,10,560,208455.0
Kerria_japonica.npy,11,560,208455.0
Kerria_japonica.npy,12,560,208455.0
Koelreuteria_paniculata.npy,0,752,380280.0
Koelreuteria_paniculata.npy,1,752,380280.0
Koelreuteria_paniculata.npy,2,752,380280.0
Koelreuteria_paniculata.npy,3,752,380280.0
Koelreuteria_paniculata.npy,4,752,380280.0
Koelreuteria_paniculata.npy,5,752,380280.0
Koelreuteria_paniculata.npy,6,752,380280.0
Koelreuteria_paniculata.npy,7,752,380280.0
Koelreuteria_paniculata.npy,8,752,380280.0
Koelreuteria_paniculata.npy,9,752,380280.0
Koelreuteria_paniculata.npy,10,752,380280.0
Koelreuteria_paniculata.npy,11,752,380280.0
Koelreuteria_paniculata.npy,12,752,380280.0
Kolkwitzia_amabilis.npy,0,326,138944.0
Kolkwitzia_amabilis.npy,1,326,138944.0
Kolkwitzia_amabilis.npy,2,326,138944.0
Kolkwitzia_amabilis.npy,3,326,138944.0
Kolkwitzia_amabilis.npy,4,326,138944.0
Kolkwitzia_amabilis.npy,5,326,138944.0
Kolkwitzia_amabilis.npy,6,326,138944.0
Kolkwitzia_amabilis.npy,7,326,138944.0
Kolkwitzia_amabilis.npy,8,326,138944.0
Kolkwitzia_amabilis.npy,9,326,138944.0
Kolkwitzia_amabilis.npy,10,326,138944.0
Kolkwitzia_amabilis.npy,11,326,138944.0
Kolkwitzia_amabilis.npy,12,326,138944.0
Laburnum_anagyroides.npy,0,262,87656.0
Laburnum_anagyroides.npy,1,262,87656.0
Laburnum_anagyroides.npy,2,262,87656.0
Laburnum_anagyroides.npy,3,262,87656.0
Laburnum_anagyroides.npy,4,262,87656.0
Laburnum_anagyroides.npy,5,262,87656.0
Laburnum_anagyroides.npy,6,262,87656.0
Laburnum_anagyroides.npy,7,262,87656.0
Laburnum_anagyroides.npy,8,262,87656.0
Laburnum_anagyroides.npy,9,262,87656.0
Laburnum_anagyroides.npy,10,262,87656.0
Laburnum_anagyroides.npy,11,262,87656.0
Laburnum_anagyroides.npy,12,262,87656.0
Laurus_nobilis.npy,0,440,273799.0
Laurus_nobilis.npy,1,440,273799.0
Laurus_nobilis.npy,2,440,273799.0
Laurus_nobilis.npy,3,440,273799.0
Laurus_nobilis.npy,4,440,273799.0
Laurus_nobilis.npy,5,440,273799.0
Laurus_nobilis.npy,6,440,273799.0
Laurus_nobilis.npy,7,440,273799.0
Laurus_nobilis.npy,8,440,273799.0
Laurus_nobilis.npy,9,440,273799.0
Laurus_nobilis.npy,10,440,273799.0
Laurus_nobilis.npy,11,440,273799.0
Laurus_nobilis.npy,12,440,273799.0
Lavandula_angustifolia.npy,0,64,11911.0
Lavandula_angustifolia.npy,1,64,11911.0
Lavandula_angustifolia.npy,2,64,11911.0
Lavandula_angustifolia.npy,3,64,11911.0
Lavandula_angustifolia.npy,4,64,11911.0
Lavandula_angustifolia.npy,5,64,11911.0
Lavandula_angustifolia.npy,6,64,11911.0
Lavandula_angustifolia.npy,7,64,11911.0
Lavandula_angustifolia.npy,8,64,11911.0
Lavandula_angustifolia.npy,9,64,11911.0
Lavandula_angustifolia.npy,10,64,11911.0
Lavandula_angustifolia.npy,11,64,11911.0
Lavandula_angustifolia.npy,12,64,11911.0
Ledum_palustre.npy,0,95,17920.0
Ledum_palustre.npy,1,95,17920.0
Ledum_palustre.npy,2,95,17920.0
Ledum_palustre.npy,3,95,17920.0
Ledum_palustre.npy,4,95,17920.0
Ledum_palustre.npy,5,95,17920.0
Ledum_palustre.npy,6,95,17920.0
Ledum_palustre.npy,7,95,17920.0
Ledum_palustre.npy,8,95,17920.0
Ledum_palustre.npy,9,95,17920.0
Ledum_palustre.npy,10,95,17920.0
Ledum_palustre.npy,11,95,17920.0
Ledum_palustre.npy,12,95,17920.0
Ligustrum_ovalifolium.npy,0,444,262229.0
Ligustrum_ovalifolium.npy,1,444,262229.0
Ligustrum_ovalifolium.npy,2,444,262229.0
Ligustrum_ovalifolium.npy,3,444,262229.0
Ligustrum_ovalifolium.npy,4,444,262229.0
Ligustrum_ovalifolium.npy,5,444,262229.0
Ligustrum_ovalifolium.npy,6,444,262229.0
Ligustrum_ovalifolium.npy,7,444,262229.0
Ligustrum_ovalifolium.npy,8,444,262229.0
Ligustrum_ovalifolium.npy,9,444,262229.0
Ligustrum_ovalifolium.npy,10,444,262229.0
Ligustrum_ovalifolium.npy,11,444,262229.0
Ligustrum_ovalifolium.npy,12,444,262229.0
Ligustrum_vulgare.npy,0,205,82902.0
Ligustrum_vulgare.npy,1,205,82902.0
Ligustrum_vulgare.npy,2,205,82902.0
Ligustrum_vulgare.npy,3,205,82902.0
Ligustrum_vulgare.npy,4,205,82902.0
Ligustrum_vulgare.npy,5,205,82902.0
Ligustrum_vulgare.npy,6,205,82902.0
Ligustrum_vulgare.npy,7,205,82902.0
Ligustrum_vulgare.npy,8,205,82902.0
Ligustrum_vulgare.npy,9,205,82902.0
Ligustrum_vulgare.npy,10,205,82902.0
Ligustrum_vulgare.npy,11,205,82902.0
Ligustrum_vulgare.npy,12,205,82902.0
Liquidambar_styraciflua.npy,0,2375,1447348.0
Liquidambar_styraciflua.npy,1,2375,1447348.0
Liquidambar_styraciflua.npy,2,2371,1447388.0
Liquidambar_styraciflua.npy,3,2360,1447498.0
Liquidambar_styraciflua.npy,4,2360,1447498.0
Liquidambar_styraciflua.npy,5,2350,1447598.0
Liquidambar_styraciflua.npy,6,2350,1447598.0
Liquidambar_styraciflua.npy,7,2350,1447598.0
Liquidambar_styraciflua.npy,8,2350,1447598.0
Liquidambar_styraciflua.npy,9,2350,1447598.0
Liquidambar_styraciflua.npy,10,2350,1447598.0
Liquidambar_styraciflua.npy,11,2350,1447598.0
Liquidambar_styraciflua.npy,12,2350,1447598.0
Liquidambar_styraciflua.npy,13,2350,1447598.0
Liquidambar_styraciflua.npy,14,2350,1447598.0
Liquidambar_styraciflua.npy,15,2350,1447598.0
Liquidambar_styraciflua.npy,16,2350,1447598.0
Liquidambar_styraciflua.npy,17,2350,1447598.0
Liriodendron_tulipifera.npy,0,1082,784778.0
Liriodendron_tulipifera.npy,1,1082,784778.0
Liriodendron_tulipifera.npy,2,1082,784778.0
Liriodendron_tulipifera.npy,3,1082,784778.0
Liriodendron_tulipifera.npy,4,1082,784778.0
Liriodendron_tulipifera.npy,5,1082,784778.0
Liriodendron_tulipifera.npy,6,1082,784778.0
Liriodendron_tulipifera.npy,7,1082,784778.0
Liriodendron_tulipifera.npy,8,1082,784778.0
Liriodendron_tulipifera.npy,9,1082,784778.0
Liriodendron_tulipifera.npy,10,1082,784778.0
Liriodendron_tulipifera.npy,11,1082,784778.0
Liriodendron_tulipifera.npy,12,1082,784778.0
Lonicera_henryi.npy,0,282,186737.0
Lonicera_henryi.npy,1,282,186737.0
Lonicera_henryi.npy,2,282,186737.0
Lonicera_henryi.npy,3,282,186737.0
Lonicera_henryi.npy,4,282,186737.0
Lonicera_henryi.npy,5,282,186737.0
Lonicera_henryi.npy,6,282,186737.0
Lonicera_henryi.npy,7,282,186737.0
Lonicera_henryi.npy,8,282,186737.0
Lonicera_henryi.npy,9,282,186737.0
Lonicera_henryi.npy,10,282,186737.0
Lonicera_henryi.npy,11,282,186737.0
Lonicera_henryi.npy,12,282,186737.0
Lonicera_involucrata.npy,0,680,582678.0
Lonicera_involucrata.npy,1,680,582678.0
Lonicera_involucrata.npy,2,680,582678.0
Lonicera_involucrata.npy,3,680,582678.0
Lonicera_involucrata.npy,4,680,582678.0
Lonicera_involucrata.npy,5,680,582678.0
Lonicera_involucrata.npy,6,680,582678.0
Lonicera_involucrata.npy,7,680,582678.0
Lonicera_involucrata.npy,8,680,582678.0
Lonicera_involucrata.npy,9,680,582678.0
Lonicera_involucrata.npy,10,680,582678.0
Lonicera_involucrata.npy,11,680,582678.0
Lonicera_involucrata.npy,12,680,582678.0
Lonicera_purpusii.npy,0,403,208206.0
Lonicera_purpusii.npy,1,403,208206.0
Lonicera_purpusii.npy,2,403,208206.0
Lonicera_purpusii.npy,3,403,208206.0
Lonicera_purpusii.npy,4,403,208206.0
Lonicera_purpusii.npy,5,403,208206.0
Lonicera_purpusii.npy,6,403,208206.0
Lonicera_purpusii.npy,7,403,208206.0
Lonicera_purpusii.npy,8,403,208206.0
Lonicera_purpusii.npy,9,403,208206.0
Lonicera_purpusii.npy,10,403,208206.0
Lonicera_purpusii.npy,11,403,208206.0
Lonicera_purpusii.npy,12,403,208206.0
Lonicera_tatarica.npy,0,256,92575.0
Lonicera_tatarica.npy,1,256,92575.0
Lonicera_tatarica.npy,2,256,92575.0
Lonicera_tatarica.npy,3,256,92575.0
Lonicera_tatarica.npy,4,256,92575.0
Lonicera_tatarica.npy,5,256,92575.0
Lonicera_tatarica.npy,6,256,92575.0
Lonicera_tatarica.npy,7,256,92575.0
Lonicera_tatarica.npy,8,256,92575.0
Lonicera_tatarica.npy,9,256,92575.0
Lonicera_tatarica.npy,10,256,92575.0
Lonicera_tatarica.npy,11,256,92575.0
Lonicera_tatarica.npy,12,256,92575.0
Lonicera_xylosteum.npy,0,321,138272.0
Lonicera_xylosteum.npy,1,321,138272.0
Lonicera_xylosteum.npy,2,321,138272.0
Lonicera_xylosteum.npy,3,321,138272.0
Lonicera_xylosteum.npy,4,321,138272.0
Lonicera_xylosteum.npy,5,321,138272.0
Lonicera_xylosteum.npy,6,321,138272.0
Lonicera_xylosteum.npy,7,321,138272.0
Lonicera_xylosteum.npy,8,321,138272.0
Lonicera_xylosteum.npy,9,321,138272.0
Lonicera_xylosteum.npy,10,321,138272.0
Lonicera_xylosteum.npy,11,321,138272.0
Lonicera_xylosteum.npy,12,321,138272.0
Loranthus_europaeus.npy,0,125,19198.0
Loranthus_europaeus.npy,1,125,19198.0
Loranthus_europaeus.npy,2,125,19198.0
Loranthus_europaeus.npy,3,125,19198.0
Loranthus_europaeus.npy,4,125,19198.0
Loranthus_europaeus.npy,5,125,19198.0
Loranthus_europaeus.npy,6,125,19198.0
Loranthus_europaeus.npy,7,125,19198.0
Loranthus_europaeus.npy,8,125,19198.0
Loranthus_europaeus.npy,9,125,19198.0
Loranthus_europaeus.npy,10,125,19198.0
Loranthus_europaeus.npy,11,125,19198.0
Loranthus_europaeus.npy,12,125,19198.0
Lycium_barbarum.npy,0,230,88555.0
Lycium_barbarum.npy,1,230,88555.0
Lycium_barbarum.npy,2,230,88555.0
Lycium_barbarum.npy,3,230,88555.0
Lycium_barbarum.npy,4,230,88555.0
Lycium_barbarum.npy,5,230,88555.0
Lycium_barbarum.npy,6,230,88555.0
Lycium_barbarum.npy,7,230,88555.0
Lycium_barbarum.npy,8,230,88555.0
Lycium_barbarum.npy,9,230,88555.0
Lycium_barbarum.npy,10,230,88555.0
Lycium_barbarum.npy,11,230,88555.0
Lycium_barbarum.npy,12,230,88555.0
Maclura_pomiferaFEMALE.npy,0,450,146590.0
Maclura_pomiferaFEMALE.npy,1,450,146590.0
Maclura_pomiferaFEMALE.npy,2,450,146590.0
Maclura_pomiferaFEMALE.npy,3,450,146590.0
Maclura_pomiferaFEMALE.npy,4,450,146590.0
Maclura_pomiferaFEMALE.npy,5,450,146590.0
Maclura_pomiferaFEMALE.npy,6,450,146590.0
Maclura_pomiferaFEMALE.npy,7,450,146590.0
Maclura_pomiferaFEMALE.npy,8,450,146590.0
Maclura_pomiferaFEMALE.npy,9,450,146590.0
Maclura_pomiferaFEMALE.npy,10,450,146590.0
Maclura_pomiferaFEMALE.npy,11,450,146590.0
Maclura_pomiferaFEMALE.npy,12,450,146590.0
Maclura_pomiferaMALE.npy,0,507,252192.0
Maclura_pomiferaMALE.npy,1,507,252192.0
Maclura_pomiferaMALE.npy,2,507,252192.0
Maclura_pomiferaMALE.npy,3,507,252192.0
Maclura_pomiferaMALE.npy,4,507,252192.0
Maclura_pomiferaMALE.npy,5,507,252192.0
Maclura_pomiferaMALE.npy,6,507,252192.0
Maclura_pomiferaMALE.npy,7,507,252192.0
Maclura_pomiferaMALE.npy,8,507,252192.0
Maclura_pomiferaMALE.npy,9,507,252192.0
Maclura_pomiferaMALE.npy,10,507,252192.0
Maclura_pomiferaMALE.npy,11,507,252192.0
Maclura_pomiferaMALE.npy,12,507,252192.0
Magnolia_hypoleuca.npy,0,1921,4748910.0
Magnolia_hypoleuca.npy,1,1921,4748910.0
Magnolia_hypoleuca.npy,2,1921,4748910.0
Magnolia_hypoleuca.npy,3,1921,4748910.0
Magnolia_hypoleuca.npy,4,1921,4748910.0
Magnolia_hypoleuca.npy,5,1921,4748910.0
Magnolia_hypoleuca.npy,6,1921,4748910.0
Magnolia_hypoleuca.npy,7,1921,4748910.0
Magnolia_hypoleuca.npy,8,1921,4748910.0
Magnolia_hypoleuca.npy,9,1921,4748910.0
Magnolia_hypoleuca.npy,10,1921,4748910.0
Magnolia_hypoleuca.npy,11,1921,4748910.0
Magnolia_hypoleuca.npy,12,1921,4748910.0
Magnolia_soulangeana.npy,0,1072,1205185.0
Magnolia_soulangeana.npy,1,1072,1205185.0
Magnolia_soulangeana.npy,2,1072,1205185.0
Magnolia_soulangeana.npy,3,1072,1205185.0
Magnolia_soulangeana.npy,4,1072,1205185.0
Magnolia_soulangeana.npy,5,1072,1205185.0
Magnolia_soulangeana.npy,6,1072,1205185.0
Magnolia_soulangeana.npy,7,1072,1205185.0
Magnolia_soulangeana.npy,8,1072,1205185.0
Magnolia_soulangeana.npy,9,1072,1205185.0
Magnolia_soulangeana.npy,10,1072,1205185.0
Magnolia_soulangeana.npy,11,1072,1205185.0
Magnolia_soulangeana.npy,12,1072,1205185.0
Magnolia_specPETRIN.npy,0,779,695597.0
Magnolia_specPETRIN.npy,1,779,695597.0
Magnolia_specPETRIN.npy,2,779,695597.0
Magnolia_specPETRIN.npy,3,779,695597.0
Magnolia_specPETRIN.npy,4,779,695597.0
Magnolia_specPETRIN.npy,5,779,695597.0
Magnolia_specPETRIN.npy,6,779,695597.0
Magnolia_specPETRIN.npy,7,779,695597.0
Magnolia_specPETRIN.npy,8,779,695597.0
Magnolia_specPETRIN.npy,9,779,695597.0
Magnolia_specPETRIN.npy,10,779,695597.0
Magnolia_specPETRIN.npy,11,779,695597.0
Magnolia_specPETRIN.npy,12,779,695597.0
Mahonia_aquifolium.npy,0,515,264477.0
Mahonia_aquifolium.npy,1,515,264477.0
Mahonia_aquifolium.npy,2,515,264477.0
Mahonia_aquifolium.npy,3,515,264477.0
Mahonia_aquifolium.npy,4,515,264477.0
Mahonia_aquifolium.npy,5,515,264477.0
Mahonia_aquifolium.npy,6,515,264477.0
Mahonia_aquifolium.npy,7,515,264477.0
Mahonia_aquifolium.npy,8,515,264477.0
Mahonia_aquifolium.npy,9,515,264477.0
Mahonia_aquifolium.npy,10,515,264477.0
Mahonia_aquifolium.npy,11,515,264477.0
Mahonia_aquifolium.npy,12,515,264477.0
Malus_domestica.npy,0,721,395717.0
Malus_domestica.npy,1,721,395717.0
Malus_domestica.npy,2,721,395717.0
Malus_domestica.npy,3,721,395717.0
Malus_domestica.npy,4,721,395717.0
Malus_domestica.npy,5,721,395717.0
Malus_domestica.npy,6,721,395717.0
Malus_domestica.npy,7,721,395717.0
Malus_domestica.npy,8,721,395717.0
Malus_domestica.npy,9,721,395717.0
Malus_domestica.npy,10,721,395717.0
Malus_domestica.npy,11,721,395717.0
Malus_domestica.npy,12,721,395717.0
Mespilus_germanica.npy,0,621,649635.0
Mespilus_germanica.npy,1,621,649635.0
Mespilus_germanica.npy,2,621,649635.0
Mespilus_germanica.npy,3,621,649635.0
Mespilus_germanica.npy,4,621,649635.0
Mespilus_germanica.npy,5,621,649635.0
Mespilus_germanica.npy,6,621,649635.0
Mespilus_germanica.npy,7,621,649635.0
Mespilus_germanica.npy,8,621,649635.0
Mespilus_germanica.npy,9,621,649635.0
Mespilus_germanica.npy,10,621,649635.0
Mespilus_germanica.npy,11,621,649635.0
Mespilus_germanica.npy,12,621,649635.0
Morus_alba.npy,0,1404,999705.0
Morus_alba.npy,1,1404,999705.0
Morus_alba.npy,2,1404,999705.0
Morus_alba.npy,3,1404,999705.0
Morus_alba.npy,4,1404,999705.0
Morus_alba.npy,5,1404,999705.0
Morus_alba.npy,6,1404,999705.0
Morus_alba.npy,7,1404,999705.0
Morus_alba.npy,8,1404,999705.0
Morus_alba.npy,9,1404,999705.0
Morus_alba.npy,10,1403,999715.0
Morus_alba.npy,11,1403,999715.0
Morus_alba.npy,12,1365,1000095.0
Morus_alba.npy,13,1365,1000095.0
Morus_alba.npy,14,1365,1000095.0
Morus_alba.npy,15,1365,1000095.0
Morus_alba.npy,16,1365,1000095.0
Morus_alba.npy,17,1365,1000095.0
Morus_alba.npy,18,1365,1000095.0
Morus_alba.npy,19,1365,1000095.0
Morus_alba.npy,20,1365,1000095.0
Morus_alba.npy,21,1365,1000095.0
Morus_alba.npy,22,1365,1000095.0
Morus_alba.npy,23,1365,1000095.0
Morus_alba.npy,24,1365,1000095.0
Myrtus_communis.npy,0,186,49932.0
Myrtus_communis.npy,1,186,49932.0
Myrtus_communis.npy,2,186,49932.0
Myrtus_communis.npy,3,186,49932.0
Myrtus_communis.npy,4,186,49932.0
Myrtus_communis.npy,5,186,49932.0
Myrtus_communis.npy,6,186,49932.0
Myrtus_communis.npy,7,186,49932.0
Myrtus_communis.npy,8,186,49932.0
Myrtus_communis.npy,9,186,49932.0
Myrtus_communis.npy,10,186,49932.0
Myrtus_communis.npy,11,186,49932.0
Myrtus_communis.npy,12,186,49932.0
Nerium_oleander.npy,0,219,159650.0
Nerium_oleander.npy,1,219,159650.0
Nerium_oleander.npy,2,219,159650.0
Nerium_oleander.npy,3,219,159650.0
Nerium_oleander.npy,4,219,159650.0
Nerium_oleander.npy,5,219,159650.0
Nerium_oleander.npy,6,219,159650.0
Nerium_oleander.npy,7,219,159650.0
Nerium_oleander.npy,8,219,159650.0
Nerium_oleander.npy,9,219,159650.0
Nerium_oleander.npy,10,219,159650.0
Nerium_oleander.npy,11,219,159650.0
Nerium_oleander.npy,12,219,159650.0
Olea_oleaster.npy,0,190,69158.0
Olea_oleaster.npy,1,190,69158.0
Olea_oleaster.npy,2,190,69158.0
Olea_oleaster.npy,3,190,69158.0
Olea_oleaster.npy,4,190,69158.0
Olea_oleaster.npy,5,190,69158.0
Olea_oleaster.npy,6,190,69158.0
Olea_oleaster.npy,7,190,69158.0
Olea_oleaster.npy,8,190,69158.0
Olea_oleaster.npy,9,190,69158.0
Olea_oleaster.npy,10,190,69158.0
Olea_oleaster.npy,11,190,69158.0
Olea_oleaster.npy,12,190,69158.0
Ostrya_carpinifolia.npy,0,712,532113.0
Ostrya_carpinifolia.npy,1,712,532113.0
Ostrya_carpinifolia.npy,2,712,532113.0
Ostrya_carpinifolia.npy,3,712,532113.0
Ostrya_carpinifolia.npy,4,712,532113.0
Ostrya_carpinifolia.npy,5,712,532113.0
Ostrya_carpinifolia.npy,6,712,532113.0
Ostrya_carpinifolia.npy,7,712,532113.0
Ostrya_carpinifolia.npy,8,712,532113.0
Ostrya_carpinifolia.npy,9,712,532113.0
Ostrya_carpinifolia.npy,10,712,532113.0
Ostrya_carpinifolia.npy,11,712,532113.0
Ostrya_carpinifolia.npy,12,712,532113.0
Paliurus_spinachristi.npy,0,255,69821.0
Paliurus_spinachristi.npy,1,255,69821.0
Paliurus_spinachristi.npy,2,255,69821.0
Paliurus_spinachristi.npy,3,255,69821.0
Paliurus_spinachristi.npy,4,255,69821.0
Paliurus_spinachristi.npy,5,255,69821.0
Paliurus_spinachristi.npy,6,255,69821.0
Paliurus_spinachristi.npy,7,255,69821.0
Paliurus_spinachristi.npy,8,255,69821.0
Paliurus_spinachristi.npy,9,255,69821.0
Paliurus_spinachristi.npy,10,255,69821.0
Paliurus_spinachristi.npy,11,255,69821.0
Paliurus_spinachristi.npy,12,255,69821.0
Parthenocissus_inserta.npy,0,590,324915.0
Parthenocissus_inserta.npy,1,590,324915.0
Parthenocissus_inserta.npy,2,590,324915.0
Parthenocissus_inserta.npy,3,590,324915.0
Parthenocissus_inserta.npy,4,590,324915.0
Parthenocissus_inserta.npy,5,590,324915.0
Parthenocissus_inserta.npy,6,590,324915.0
Parthenocissus_inserta.npy,7,590,324915.0
Parthenocissus_inserta.npy,8,590,324915.0
Parthenocissus_inserta.npy,9,590,324915.0
Parthenocissus_inserta.npy,10,590,324915.0
Parthenocissus_inserta.npy,11,590,324915.0
Parthenocissus_inserta.npy,12,590,324915.0
Parthenocissus_tricuspidata.npy,0,1094,1006256.0
Parthenocissus_tricuspidata.npy,1,1094,1006256.0
Parthenocissus_tricuspidata.npy,2,1094,1006256.0
Parthenocissus_tricuspidata.npy,3,1094,1006256.0
Parthenocissus_tricuspidata.npy,4,1094,1006256.0
Parthenocissus_tricuspidata.npy,5,1094,1006256.0
Parthenocissus_tricuspidata.npy,6,1094,1006256.0
Parthenocissus_tricuspidata.npy,7,1094,1006256.0
Parthenocissus_tricuspidata.npy,8,1094,1006256.0
Parthenocissus_tricuspidata.npy,9,1094,1006256.0
Parthenocissus_tricuspidata.npy,10,1094,1006256.0
Parthenocissus_tricuspidata.npy,11,1094,1006256.0
Parthenocissus_tricuspidata.npy,12,1094,1006256.0
Paulownia_tomentosa.npy,0,1973,2306604.0
Paulownia_tomentosa.npy,1,1973,2306604.0
Paulownia_tomentosa.npy,2,1973,2306604.0
Paulownia_tomentosa.npy,3,1973,2306604.0
Paulownia_tomentosa.npy,4,1973,2306604.0
Paulownia_tomentosa.npy,5,1973,2306604.0
Paulownia_tomentosa.npy,6,1973,2306604.0
Paulownia_tomentosa.npy,7,1973,2306604.0
Paulownia_tomentosa.npy,8,1973,2306604.0
Paulownia_tomentosa.npy,9,1973,2306604.0
Paulownia_tomentosa.npy,10,1973,2306604.0
Paulownia_tomentosa.npy,11,1973,2306604.0
Paulownia_tomentosa.npy,12,1973,2306604.0
Phellodendron_amurense.npy,0,622,596971.0
Phellodendron_amurense.npy,1,622,596971.0
Phellodendron_amurense.npy,2,622,596971.0
Phellodendron_amurense.npy,3,622,596971.0
Phellodendron_amurense.npy,4,622,596971.0
Phellodendron_amurense.npy,5,622,596971.0
Phellodendron_amurense.npy,6,622,596971.0
Phellodendron_amurense.npy,7,622,596971.0
Phellodendron_amurense.npy,8,622,596971.0
Phellodendron_amurense.npy,9,622,596971.0
Phellodendron_amurense.npy,10,622,596971.0
Phellodendron_amurense.npy,11,622,596971.0
Phellodendron_amurense.npy,12,622,596971.0
Philadelphus_coronarius.npy,0,572,247836.0
Philadelphus_coronarius.npy,1,572,247836.0
Philadelphus_coronarius.npy,2,572,247836.0
Philadelphus_coronarius.npy,3,572,247836.0
Philadelphus_coronarius.npy,4,572,247836.0
Philadelphus_coronarius.npy,5,572,247836.0
Philadelphus_coronarius.npy,6,572,247836.0
Philadelphus_coronarius.npy,7,572,247836.0
Philadelphus_coronarius.npy,8,572,247836.0
Philadelphus_coronarius.npy,9,572,247836.0
Philadelphus_coronarius.npy,10,572,247836.0
Philadelphus_coronarius.npy,11,572,247836.0
Philadelphus_coronarius.npy,12,572,247836.0
Physocarpus_opulifolius.npy,0,636,330853.0
Physocarpus_opulifolius.npy,1,636,330853.0
Physocarpus_opulifolius.npy,2,636,330853.0
Physocarpus_opulifolius.npy,3,636,330853.0
Physocarpus_opulifolius.npy,4,636,330853.0
Physocarpus_opulifolius.npy,5,636,330853.0
Physocarpus_opulifolius.npy,6,636,330853.0
Physocarpus_opulifolius.npy,7,636,330853.0
Physocarpus_opulifolius.npy,8,636,330853.0
Physocarpus_opulifolius.npy,9,636,330853.0
Physocarpus_opulifolius.npy,10,636,330853.0
Physocarpus_opulifolius.npy,11,636,330853.0
Physocarpus_opulifolius.npy,12,636,330853.0
Pistacia_lentiscus.npy,0,88,17389.0
Pistacia_lentiscus.npy,1,88,17389.0
Pistacia_lentiscus.npy,2,88,17389.0
Pistacia_lentiscus.npy,3,88,17389.0
Pistacia_lentiscus.npy,4,88,17389.0
Pistacia_lentiscus.npy,5,88,17389.0
Pistacia_lentiscus.npy,6,88,17389.0
Pistacia_lentiscus.npy,7,88,17389.0
Pistacia_lentiscus.npy,8,88,17389.0
Pistacia_lentiscus.npy,9,88,17389.0
Pistacia_lentiscus.npy,10,88,17389.0
Pistacia_lentiscus.npy,11,88,17389.0
Pistacia_lentiscus.npy,12,88,17389.0
Pittosporum_tobira.npy,0,578,376686.0
Pittosporum_tobira.npy,1,578,376686.0
Pittosporum_tobira.npy,2,578,376686.0
Pittosporum_tobira.npy,3,578,376686.0
Pittosporum_tobira.npy,4,578,376686.0
Pittosporum_tobira.npy,5,578,376686.0
Pittosporum_tobira.npy,6,578,376686.0
Pittosporum_tobira.npy,7,578,376686.0
Pittosporum_tobira.npy,8,578,376686.0
Pittosporum_tobira.npy,9,578,376686.0
Pittosporum_tobira.npy,10,578,376686.0
Pittosporum_tobira.npy,11,578,376686.0
Pittosporum_tobira.npy,12,578,376686.0
Platanus_hispanica.npy,0,3684,2178076.0
Platanus_hispanica.npy,1,3684,2178076.0
Platanus_hispanica.npy,2,3684,2178076.0
Platanus_hispanica.npy,3,3684,2178076.0
Platanus_hispanica.npy,4,3684,2178076.0
Platanus_hispanica.npy,5,3684,2178076.0
Platanus_hispanica.npy,6,3670,2178216.0
Platanus_hispanica.npy,7,3670,2178216.0
Platanus_hispanica.npy,8,3670,2178216.0
Platanus_hispanica.npy,9,3670,2178216.0
Platanus_hispanica.npy,10,3670,2178216.0
Platanus_hispanica.npy,11,3670,2178216.0
Platanus_hispanica.npy,12,3670,2178216.0
Platanus_hispanica.npy,13,3670,2178216.0
Platanus_hispanica.npy,14,3670,2178216.0
Platanus_hispanica.npy,15,3670,2178216.0
Platanus_hispanica.npy,16,3670,2178216.0
Platanus_hispanica.npy,17,3670,2178216.0
Platanus_hispanica.npy,18,3670,2178216.0
Populus_alba.npy,0,920,558038.0
Populus_alba.npy,1,920,558038.0
Populus_alba.npy,2,920,558038.0
Populus_alba.npy,3,920,558038.0
Populus_alba.npy,4,920,558038.0
Populus_alba.npy,5,920,558038.0
Populus_alba.npy,6,920,558038.0
Populus_alba.npy,7,920,558038.0
Populus_alba.npy,8,920,558038.0
Populus_alba.npy,9,920,558038.0
Populus_alba.npy,10,920,558038.0
Populus_alba.npy,11,920,558038.0
Populus_alba.npy,12,920,558038.0
Populus_canadensis.npy,0,939,727488.0
Populus_canadensis.npy,1,932,727558.0
Populus_canadensis.npy,2,932,727558.0
Populus_canadensis.npy,3,932,727558.0
Populus_canadensis.npy,4,932,727558.0
Populus_canadensis.npy,5,932,727558.0
Populus_canadensis.npy,6,932,727558.0
Populus_canadensis.npy,7,932,727558.0
Populus_canadensis.npy,8,932,727558.0
Populus_canadensis.npy,9,932,727558.0
Populus_canadensis.npy,10,932,727558.0
Populus_canadensis.npy,11,932,727558.0
Populus_canadensis.npy,12,932,727558.0
Populus_canadensis.npy,13,932,727558.0
Populus_canescens.npy,0,1229,792284.0
Populus_canescens.npy,1,1229,792284.0
Populus_canescens.npy,2,1229,792284.0
Populus_canescens.npy,3,1229,792284.0
Populus_canescens.npy,4,1229,792284.0
Populus_canescens.npy,5,1214,792434.0
Populus_canescens.npy,6,1214,792434.0
Populus_canescens.npy,7,1214,792434.0
Populus_canescens.npy,8,1214,792434.0
Populus_canescens.npy,9,1214,792434.0
Populus_canescens.npy,10,1214,792434.0
Populus_canescens.npy,11,1214,792434.0
Populus_canescens.npy,12,1214,792434.0
Populus_canescens.npy,13,1214,792434.0
Populus_canescens.npy,14,1214,792434.0
Populus_canescens.npy,15,1214,792434.0
Populus_canescens.npy,16,1214,792434.0
Populus_canescens.npy,17,1214,792434.0
Populus_nigra.npy,0,1077,490510.0
Populus_nigra.npy,1,1077,490510.0
Populus_nigra.npy,2,1077,490510.0
Populus_nigra.npy,3,1077,490510.0
Populus_nigra.npy,4,1077,490510.0
Populus_nigra.npy,5,1077,490510.0
Populus_nigra.npy,6,1077,490510.0
Populus_nigra.npy,7,1077,490510.0
Populus_nigra.npy,8,1077,490510.0
Populus_nigra.npy,9,1077,490510.0
Populus_nigra.npy,10,1077,490510.0
Populus_nigra.npy,11,1077,490510.0
Populus_nigra.npy,12,1077,490510.0
Populus_tremula.npy,0,927,549256.0
Populus_tremula.npy,1,927,549256.0
Populus_tremula.npy,2,927,549256.0
Populus_tremula.npy,3,927,549256.0
Populus_tremula.npy,4,927,549256.0
Populus_tremula.npy,5,927,549256.0
Populus_tremula.npy,6,927,549256.0
Populus_tremula.npy,7,927,549256.0
Populus_tremula.npy,8,927,549256.0
Populus_tremula.npy,9,927,549256.0
Populus_tremula.npy,10,927,549256.0
Populus_tremula.npy,11,927,549256.0
Populus_tremula.npy,12,927,549256.0
Prunus_armeniaca.npy,0,565,343074.0
Prunus_armeniaca.npy,1,565,343074.0
Prunus_armeniaca.npy,2,565,343074.0
Prunus_armeniaca.npy,3,565,343074.0
Prunus_armeniaca.npy,4,565,343074.0
Prunus_armeniaca.npy,5,565,343074.0
Prunus_armeniaca.npy,6,565,343074.0
Prunus_armeniaca.npy,7,565,343074.0
Prunus_armeniaca.npy,8,565,343074.0
Prunus_armeniaca.npy,9,565,343074.0
Prunus_armeniaca.npy,10,565,343074.0
Prunus_armeniaca.npy,11,565,343074.0
Prunus_armeniaca.npy,12,565,343074.0
Prunus_avium.npy,0,1,4814926.0
Prunus_avium.npy,1,1,4814926.0
Prunus_avium.npy,2,1,4814926.0
Prunus_avium.npy,3,1,4814926.0
Prunus_avium.npy,4,1,4814926.0
Prunus_avium.npy,5,1,4814926.0
Prunus_avium.npy,6,1,4814926.0
Prunus_avium.npy,7,1,4814926.0
Prunus_avium.npy,8,1,4814926.0
Prunus_avium.npy,9,1,4814926.0
Prunus_avium.npy,10,1,4814926.0
Prunus_avium.npy,11,1,4814926.0
Prunus_avium.npy,12,1,4814926.0
Prunus_cerasifera.npy,0,288,81484.0
Prunus_cerasifera.npy,1,288,81484.0
Prunus_cerasifera.npy,2,288,81484.0
Prunus_cerasifera.npy,3,288,81484.0
Prunus_cerasifera.npy,4,288,81484.0
Prunus_cerasifera.npy,5,288,81484.0
Prunus_cerasifera.npy,6,288,81484.0
Prunus_cerasifera.npy,7,288,81484.0
Prunus_cerasifera.npy,8,288,81484.0
Prunus_cerasifera.npy,9,288,81484.0
Prunus_cerasifera.npy,10,288,81484.0
Prunus_cerasifera.npy,11,288,81484.0
Prunus_cerasifera.npy,12,288,81484.0
Prunus_laurocerasus.npy,0,541,490959.0
Prunus_laurocerasus.npy,1,541,490959.0
Prunus_laurocerasus.npy,2,541,490959.0
Prunus_laurocerasus.npy,3,541,490959.0
Prunus_laurocerasus.npy,4,541,490959.0
Prunus_laurocerasus.npy,5,541,490959.0
Prunus_laurocerasus.npy,6,541,490959.0
Prunus_laurocerasus.npy,7,541,490959.0
Prunus_laurocerasus.npy,8,541,490959.0
Prunus_laurocerasus.npy,9,541,490959.0
Prunus_laurocerasus.npy,10,541,490959.0
Prunus_laurocerasus.npy,11,541,490959.0
Prunus_laurocerasus.npy,12,541,490959.0
Prunus_mahaleb.npy,0,487,242642.0
Prunus_mahaleb.npy,1,487,242642.0
Prunus_mahaleb.npy,2,487,242642.0
Prunus_mahaleb.npy,3,487,242642.0
Prunus_mahaleb.npy,4,487,242642.0
Prunus_mahaleb.npy,5,487,242642.0
Prunus_mahaleb.npy,6,487,242642.0
Prunus_mahaleb.npy,7,487,242642.0
Prunus_mahaleb.npy,8,487,242642.0
Prunus_mahaleb.npy,9,487,242642.0
Prunus_mahaleb.npy,10,487,242642.0
Prunus_mahaleb.npy,11,487,242642.0
Prunus_mahaleb.npy,12,487,242642.0
Prunus_padus.npy,0,560,346241.0
Prunus_padus.npy,1,560,346241.0
Prunus_padus.npy,2,560,346241.0
Prunus_padus.npy,3,560,346241.0
Prunus_padus.npy,4,560,346241.0
Prunus_padus.npy,5,560,346241.0
Prunus_padus.npy,6,560,346241.0
Prunus_padus.npy,7,560,346241.0
Prunus_padus.npy,8,560,346241.0
Prunus_padus.npy,9,560,346241.0
Prunus_padus.npy,10,560,346241.0
Prunus_padus.npy,11,560,346241.0
Prunus_padus.npy,12,560,346241.0
Prunus_persica.npy,0,678,643920.0
Prunus_persica.npy,1,678,643920.0
Prunus_persica.npy,2,677,643930.0
Prunus_persica.npy,3,677,643930.0
Prunus_persica.npy,4,677,643930.0
Prunus_persica.npy,5,677,643930.0
Prunus_persica.npy,6,677,643930.0
Prunus_persica.npy,7,677,643930.0
Prunus_persica.npy,8,677,643930.0
Prunus_persica.npy,9,677,643930.0
Prunus_persica.npy,10,677,643930.0
Prunus_persica.npy,11,677,643930.0
Prunus_persica.npy,12,677,643930.0
Prunus_persica.npy,13,677,643930.0
Prunus_persica.npy,14,677,643930.0
Prunus_spinosa.npy,0,404,160564.0
Prunus_spinosa.npy,1,404,160564.0
Prunus_spinosa.npy,2,404,160564.0
Prunus_spinosa.npy,3,404,160564.0
Prunus_spinosa.npy,4,404,160564.0
Prunus_spinosa.npy,5,404,160564.0
Prunus_spinosa.npy,6,404,160564.0
Prunus_spinosa.npy,7,404,160564.0
Prunus_spinosa.npy,8,404,160564.0
Prunus_spinosa.npy,9,404,160564.0
Prunus_spinosa.npy,10,404,160564.0
Prunus_spinosa.npy,11,404,160564.0
Prunus_spinosa.npy,12,404,160564.0
Pterocarya_pterocarpa.npy,0,704,712022.0
Pterocarya_pterocarpa.npy,1,704,712022.0
Pterocarya_pterocarpa.npy,2,704,712022.0
Pterocarya_pterocarpa.npy,3,704,712022.0
Pterocarya_pterocarpa.npy,4,704,712022.0
Pterocarya_pterocarpa.npy,5,704,712022.0
Pterocarya_pterocarpa.npy,6,704,712022.0
Pterocarya_pterocarpa.npy,7,704,712022.0
Pterocarya_pterocarpa.npy,8,704,712022.0
Pterocarya_pterocarpa.npy,9,704,712022.0
Pterocarya_pterocarpa.npy,10,704,712022.0
Pterocarya_pterocarpa.npy,11,704,712022.0
Pterocarya_pterocarpa.npy,12,704,712022.0
Punica_granatum.npy,0,234,67910.0
Punica_granatum.npy,1,234,67910.0
Punica_granatum.npy,2,234,67910.0
Punica_granatum.npy,3,234,67910.0
Punica_granatum.npy,4,234,67910.0
Punica_granatum.npy,5,234,67910.0
Punica_granatum.npy,6,234,67910.0
Punica_granatum.npy,7,234,67910.0
Punica_granatum.npy,8,234,67910.0
Punica_granatum.npy,9,234,67910.0
Punica_granatum.npy,10,234,67910.0
Punica_granatum.npy,11,234,67910.0
Punica_granatum.npy,12,234,67910.0
Pyracantha_coccinea.npy,0,253,102757.0
Pyracantha_coccinea.npy,1,253,102757.0
Pyracantha_coccinea.npy,2,253,102757.0
Pyracantha_coccinea.npy,3,253,102757.0
Pyracantha_coccinea.npy,4,253,102757.0
Pyracantha_coccinea.npy,5,253,102757.0
Pyracantha_coccinea.npy,6,253,102757.0
Pyracantha_coccinea.npy,7,253,102757.0
Pyracantha_coccinea.npy,8,253,102757.0
Pyracantha_coccinea.npy,9,253,102757.0
Pyracantha_coccinea.npy,10,253,102757.0
Pyracantha_coccinea.npy,11,253,102757.0
Pyracantha_coccinea.npy,12,253,102757.0
Pyrus_amygdaliformis.npy,0,147,27618.0
Pyrus_amygdaliformis.npy,1,147,27618.0
Pyrus_amygdaliformis.npy,2,147,27618.0
Pyrus_amygdaliformis.npy,3,147,27618.0
Pyrus_amygdaliformis.npy,4,147,27618.0
Pyrus_amygdaliformis.npy,5,147,27618.0
Pyrus_amygdaliformis.npy,6,147,27618.0
Pyrus_amygdaliformis.npy,7,147,27618.0
Pyrus_amygdaliformis.npy,8,147,27618.0
Pyrus_amygdaliformis.npy,9,147,27618.0
Pyrus_amygdaliformis.npy,10,147,27618.0
Pyrus_amygdaliformis.npy,11,147,27618.0
Pyrus_amygdaliformis.npy,12,147,27618.0
Quercus_cerris.npy,0,1171,713439.0
Quercus_cerris.npy,1,1171,713439.0
Quercus_cerris.npy,2,1171,713439.0
Quercus_cerris.npy,3,1171,713439.0
Quercus_cerris.npy,4,1171,713439.0
Quercus_cerris.npy,5,1171,713439.0
Quercus_cerris.npy,6,1171,713439.0
Quercus_cerris.npy,7,1171,713439.0
Quercus_cerris.npy,8,1171,713439.0
Quercus_cerris.npy,9,1171,713439.0
Quercus_cerris.npy,10,1171,713439.0
Quercus_cerris.npy,11,1171,713439.0
Quercus_cerris.npy,12,1171,713439.0
Quercus_frainetto.npy,0,1990,741071.0
Quercus_frainetto.npy,1,1990,741071.0
Quercus_frainetto.npy,2,1990,741071.0
Quercus_frainetto.npy,3,1990,741071.0
Quercus_frainetto.npy,4,1990,741071.0
Quercus_frainetto.npy,5,1990,741071.0
Quercus_frainetto.npy,6,1990,741071.0
Quercus_frainetto.npy,7,1990,741071.0
Quercus_frainetto.npy,8,1990,741071.0
Quercus_frainetto.npy,9,1990,741071.0
Quercus_frainetto.npy,10,1990,741071.0
Quercus_frainetto.npy,11,1990,741071.0
Quercus_frainetto.npy,12,1990,741071.0
Quercus_macrocarpa.npy,0,1566,1072699.0
Quercus_macrocarpa.npy,1,1566,1072699.0
Quercus_macrocarpa.npy,2,1566,1072699.0
Quercus_macrocarpa.npy,3,1566,1072699.0
Quercus_macrocarpa.npy,4,1566,1072699.0
Quercus_macrocarpa.npy,5,1566,1072699.0
Quercus_macrocarpa.npy,6,1566,1072699.0
Quercus_macrocarpa.npy,7,1566,1072699.0
Quercus_macrocarpa.npy,8,1566,1072699.0
Quercus_macrocarpa.npy,9,1566,1072699.0
Quercus_macrocarpa.npy,10,1566,1072699.0
Quercus_macrocarpa.npy,11,1566,1072699.0
Quercus_macrocarpa.npy,12,1566,1072699.0
Quercus_palustris.npy,0,1809,310152.0
Quercus_palustris.npy,1,1809,310152.0
Quercus_palustris.npy,2,1809,310152.0
Quercus_palustris.npy,3,1792,310322.0
Quercus_palustris.npy,4,1792,310322.0
Quercus_palustris.npy,5,1792,310322.0
Quercus_palustris.npy,6,1792,310322.0
Quercus_palustris.npy,7,1792,310322.0
Quercus_palustris.npy,8,1792,310322.0
Quercus_palustris.npy,9,1792,310322.0
Quercus_palustris.npy,10,1792,310322.0
Quercus_palustris.npy,11,1792,310322.0
Quercus_palustris.npy,12,1792,310322.0
Quercus_palustris.npy,13,1792,310322.0
Quercus_palustris.npy,14,1792,310322.0
Quercus_palustris.npy,15,1792,310322.0
Quercus_petraea.npy,0,1260,885591.0
Quercus_petraea.npy,1,1260,885591.0
Quercus_petraea.npy,2,1260,885591.0
Quercus_petraea.npy,3,1260,885591.0
Quercus_petraea.npy,4,1260,885591.0
Quercus_petraea.npy,5,1260,885591.0
Quercus_petraea.npy,6,1260,885591.0
Quercus_petraea.npy,7,1260,885591.0
Quercus_petraea.npy,8,1260,885591.0
Quercus_petraea.npy,9,1260,885591.0
Quercus_petraea.npy,10,1260,885591.0
Quercus_petraea.npy,11,1260,885591.0
Quercus_petraea.npy,12,1260,885591.0
Quercus_pubescens.npy,0,1309,609576.0
Quercus_pubescens.npy,1,1294,609726.0
Quercus_pubescens.npy,2,1294,609726.0
Quercus_pubescens.npy,3,1294,609726.0
Quercus_pubescens.npy,4,1294,609726.0
Quercus_pubescens.npy,5,1294,609726.0
Quercus_pubescens.npy,6,1294,609726.0
Quercus_pubescens.npy,7,1294,609726.0
Quercus_pubescens.npy,8,1294,609726.0
Quercus_pubescens.npy,9,1294,609726.0
Quercus_pubescens.npy,10,1293,609736.0
Quercus_pubescens.npy,11,1293,609736.0
Quercus_pubescens.npy,12,1293,609736.0
Quercus_pubescens.npy,13,1293,609736.0
Quercus_pubescens.npy,14,1293,609736.0
Quercus_pubescens.npy,15,1293,609736.0
Quercus_pubescens.npy,16,1293,609736.0
Quercus_pubescens.npy,17,1293,609736.0
Quercus_pubescens.npy,18,1293,609736.0
Quercus_pubescens.npy,19,1293,609736.0
Quercus_pubescens.npy,20,1293,609736.0
Quercus_pubescens.npy,21,1293,609736.0
Quercus_pubescens.npy,22,1293,609736.0
Quercus_robur.npy,0,1319,816261.0
Quercus_robur.npy,1,1319,816261.0
Quercus_robur.npy,2,1319,816261.0
Quercus_robur.npy,3,1319,816261.0
Quercus_robur.npy,4,1319,816261.0
Quercus_robur.npy,5,1319,816261.0
Quercus_robur.npy,6,1319,816261.0
Quercus_robur.npy,7,1319,816261.0
Quercus_robur.npy,8,1319,816261.0
Quercus_robur.npy,9,1319,816261.0
Quercus_robur.npy,10,1319,816261.0
Quercus_robur.npy,11,1319,816261.0
Quercus_robur.npy,12,1319,816261.0
Quercus_rubra.npy,0,2145,1142319.0
Quercus_rubra.npy,1,2145,1142319.0
Quercus_rubra.npy,2,2142,1142349.0
Quercus_rubra.npy,3,2142,1142349.0
Quercus_rubra.npy,4,2142,1142349.0
Quercus_rubra.npy,5,2142,1142349.0
Quercus_rubra.npy,6,2136,1142409.0
Quercus_rubra.npy,7,2136,1142409.0
Quercus_rubra.npy,8,2136,1142409.0
Quercus_rubra.npy,9,2136,1142409.0
Quercus_rubra.npy,10,2136,1142409.0
Quercus_rubra.npy,11,2136,1142409.0
Quercus_rubra.npy,12,2136,1142409.0
Quercus_rubra.npy,13,2136,1142409.0
Quercus_rubra.npy,14,2136,1142409.0
Quercus_rubra.npy,15,2136,1142409.0
Quercus_rubra.npy,16,2136,1142409.0
Quercus_rubra.npy,17,2136,1142409.0
Quercus_rubra.npy,18,2136,1142409.0
Rhamnus_cathartica.npy,0,380,192499.0
Rhamnus_cathartica.npy,1,380,192499.0
Rhamnus_cathartica.npy,2,380,192499.0
Rhamnus_cathartica.npy,3,380,192499.0
Rhamnus_cathartica.npy,4,380,192499.0
Rhamnus_cathartica.npy,5,380,192499.0
Rhamnus_cathartica.npy,6,380,192499.0
Rhamnus_cathartica.npy,7,380,192499.0
Rhamnus_cathartica.npy,8,380,192499.0
Rhamnus_cathartica.npy,9,380,192499.0
Rhamnus_cathartica.npy,10,380,192499.0
Rhamnus_cathartica.npy,11,380,192499.0
Rhamnus_cathartica.npy,12,380,192499.0
Rhus_hirta.npy,0,317,212375.0
Rhus_hirta.npy,1,317,212375.0
Rhus_hirta.npy,2,317,212375.0
Rhus_hirta.npy,3,317,212375.0
Rhus_hirta.npy,4,317,212375.0
Rhus_hirta.npy,5,317,212375.0
Rhus_hirta.npy,6,317,212375.0
Rhus_hirta.npy,7,317,212375.0
Rhus_hirta.npy,8,317,212375.0
Rhus_hirta.npy,9,317,212375.0
Rhus_hirta.npy,10,317,212375.0
Rhus_hirta.npy,11,317,212375.0
Rhus_hirta.npy,12,317,212375.0
Ribes_alpinum.npy,0,531,150517.0
Ribes_alpinum.npy,1,531,150517.0
Ribes_alpinum.npy,2,531,150517.0
Ribes_alpinum.npy,3,529,150537.0
Ribes_alpinum.npy,4,529,150537.0
Ribes_alpinum.npy,5,529,150537.0
Ribes_alpinum.npy,6,529,150537.0
Ribes_alpinum.npy,7,520,150627.0
Ribes_alpinum.npy,8,520,150627.0
Ribes_alpinum.npy,9,520,150627.0
Ribes_alpinum.npy,10,520,150627.0
Ribes_alpinum.npy,11,520,150627.0
Ribes_alpinum.npy,12,520,150627.0
Ribes_alpinum.npy,13,516,150667.0
Ribes_alpinum.npy,14,516,150667.0
Ribes_alpinum.npy,15,516,150667.0
Ribes_alpinum.npy,16,516,150667.0
Ribes_alpinum.npy,17,516,150667.0
Ribes_alpinum.npy,18,516,150667.0
Ribes_alpinum.npy,19,516,150667.0
Ribes_alpinum.npy,20,516,150667.0
Ribes_alpinum.npy,21,516,150667.0
Ribes_alpinum.npy,22,516,150667.0
Ribes_alpinum.npy,23,516,150667.0
Ribes_alpinum.npy,24,516,150667.0
Ribes_alpinum.npy,25,516,150667.0
Ribes_rubra.npy,0,718,346057.0
Ribes_rubra.npy,1,718,346057.0
Ribes_rubra.npy,2,718,346057.0
Ribes_rubra.npy,3,718,346057.0
Ribes_rubra.npy,4,716,346077.0
Ribes_rubra.npy,5,716,346077.0
Ribes_rubra.npy,6,716,346077.0
Ribes_rubra.npy,7,716,346077.0
Ribes_rubra.npy,8,716,346077.0
Ribes_rubra.npy,9,716,346077.0
Ribes_rubra.npy,10,716,346077.0
Ribes_rubra.npy,11,716,346077.0
Ribes_rubra.npy,12,716,346077.0
Ribes_rubra.npy,13,716,346077.0
Ribes_rubra.npy,14,716,346077.0
Ribes_rubra.npy,15,716,346077.0
Ribes_rubra.npy,16,716,346077.0
Robinia_pseudacacia.npy,0,340,194104.0
Robinia_pseudacacia.npy,1,340,194104.0
Robinia_pseudacacia.npy,2,340,194104.0
Robinia_pseudacacia.npy,3,340,194104.0
Robinia_pseudacacia.npy,4,340,194104.0
Robinia_pseudacacia.npy,5,340,194104.0
Robinia_pseudacacia.npy,6,340,194104.0
Robinia_pseudacacia.npy,7,340,194104.0
Robinia_pseudacacia.npy,8,340,194104.0
Robinia_pseudacacia.npy,9,340,194104.0
Robinia_pseudacacia.npy,10,340,194104.0
Robinia_pseudacacia.npy,11,340,194104.0
Robinia_pseudacacia.npy,12,340,194104.0
Robinia_viscosa.npy,0,335,135949.0
Robinia_viscosa.npy,1,335,135949.0
Robinia_viscosa.npy,2,335,135949.0
Robinia_viscosa.npy,3,335,135949.0
Robinia_viscosa.npy,4,335,135949.0
Robinia_viscosa.npy,5,335,135949.0
Robinia_viscosa.npy,6,335,135949.0
Robinia_viscosa.npy,7,335,135949.0
Robinia_viscosa.npy,8,335,135949.0
Robinia_viscosa.npy,9,335,135949.0
Robinia_viscosa.npy,10,335,135949.0
Robinia_viscosa.npy,11,335,135949.0
Robinia_viscosa.npy,12,335,135949.0
Rosa_canina.npy,0,300,105371.0
Rosa_canina.npy,1,300,105371.0
Rosa_canina.npy,2,300,105371.0
Rosa_canina.npy,3,300,105371.0
Rosa_canina.npy,4,300,105371.0
Rosa_canina.npy,5,300,105371.0
Rosa_canina.npy,6,300,105371.0
Rosa_canina.npy,7,300,105371.0
Rosa_canina.npy,8,300,105371.0
Rosa_canina.npy,9,300,105371.0
Rosa_canina.npy,10,300,105371.0
Rosa_canina.npy,11,300,105371.0
Rosa_canina.npy,12,300,105371.0
Ruscus_aculeatus.npy,0,185,40135.0
Ruscus_aculeatus.npy,1,185,40135.0
Ruscus_aculeatus.npy,2,185,40135.0
Ruscus_aculeatus.npy,3,185,40135.0
Ruscus_aculeatus.npy,4,185,40135.0
Ruscus_aculeatus.npy,5,185,40135.0
Ruscus_aculeatus.npy,6,185,40135.0
Ruscus_aculeatus.npy,7,185,40135.0
Ruscus_aculeatus.npy,8,185,40135.0
Ruscus_aculeatus.npy,9,185,40135.0
Ruscus_aculeatus.npy,10,185,40135.0
Ruscus_aculeatus.npy,11,185,40135.0
Ruscus_aculeatus.npy,12,185,40135.0
Salix_alba.npy,0,107,35589.0
Salix_alba.npy,1,107,35589.0
Salix_alba.npy,2,107,35589.0
Salix_alba.npy,3,107,35589.0
Salix_alba.npy,4,107,35589.0
Salix_alba.npy,5,107,35589.0
Salix_alba.npy,6,107,35589.0
Salix_alba.npy,7,107,35589.0
Salix_alba.npy,8,107,35589.0
Salix_alba.npy,9,107,35589.0
Salix_alba.npy,10,107,35589.0
Salix_alba.npy,11,107,35589.0
Salix_alba.npy,12,107,35589.0
Salix_aurita.npy,0,434,172488.0
Salix_aurita.npy,1,434,172488.0
Salix_aurita.npy,2,434,172488.0
Salix_aurita.npy,3,434,172488.0
Salix_aurita.npy,4,434,172488.0
Salix_aurita.npy,5,434,172488.0
Salix_aurita.npy,6,434,172488.0
Salix_aurita.npy,7,434,172488.0
Salix_aurita.npy,8,434,172488.0
Salix_aurita.npy,9,434,172488.0
Salix_aurita.npy,10,434,172488.0
Salix_aurita.npy,11,434,172488.0
Salix_aurita.npy,12,434,172488.0
Salix_caprea.npy,0,647,398941.0
Salix_caprea.npy,1,647,398941.0
Salix_caprea.npy,2,647,398941.0
Salix_caprea.npy,3,647,398941.0
Salix_caprea.npy,4,647,398941.0
Salix_caprea.npy,5,647,398941.0
Salix_caprea.npy,6,647,398941.0
Salix_caprea.npy,7,647,398941.0
Salix_caprea.npy,8,647,398941.0
Salix_caprea.npy,9,647,398941.0
Salix_caprea.npy,10,647,398941.0
Salix_caprea.npy,11,647,398941.0
Salix_caprea.npy,12,647,398941.0
Salix_pentandra.npy,0,603,428151.0
Salix_pentandra.npy,1,603,428151.0
Salix_pentandra.npy,2,603,428151.0
Salix_pentandra.npy,3,603,428151.0
Salix_pentandra.npy,4,603,428151.0
Salix_pentandra.npy,5,603,428151.0
Salix_pentandra.npy,6,603,428151.0
Salix_pentandra.npy,7,603,428151.0
Salix_pentandra.npy,8,603,428151.0
Salix_pentandra.npy,9,603,428151.0
Salix_pentandra.npy,10,603,428151.0
Salix_pentandra.npy,11,603,428151.0
Salix_pentandra.npy,12,603,428151.0
Salix_purpurea.npy,0,287,266629.0
Salix_purpurea.npy,1,287,266629.0
Salix_purpurea.npy,2,287,266629.0
Salix_purpurea.npy,3,287,266629.0
Salix_purpurea.npy,4,287,266629.0
Salix_purpurea.npy,5,287,266629.0
Salix_purpurea.npy,6,287,266629.0
Salix_purpurea.npy,7,287,266629.0
Salix_purpurea.npy,8,287,266629.0
Salix_purpurea.npy,9,287,266629.0
Salix_purpurea.npy,10,287,266629.0
Salix_purpurea.npy,11,287,266629.0
Salix_purpurea.npy,12,287,266629.0
Sambucus_nigra.npy,0,618,417237.0
Sambucus_nigra.npy,1,618,417237.0
Sambucus_nigra.npy,2,618,417237.0
Sambucus_nigra.npy,3,618,417237.0
Sambucus_nigra.npy,4,618,417237.0
Sambucus_nigra.npy,5,618,417237.0
Sambucus_nigra.npy,6,618,417237.0
Sambucus_nigra.npy,7,618,417237.0
Sambucus_nigra.npy,8,618,417237.0
Sambucus_nigra.npy,9,618,417237.0
Sambucus_nigra.npy,10,618,417237.0
Sambucus_nigra.npy,11,618,417237.0
Sambucus_nigra.npy,12,618,417237.0
Sambucus_racemosa.npy,0,423,231194.0
Sambucus_racemosa.npy,1,423,231194.0
Sambucus_racemosa.npy,2,423,231194.0
Sambucus_racemosa.npy,3,423,231194.0
Sambucus_racemosa.npy,4,423,231194.0
Sambucus_racemosa.npy,5,423,231194.0
Sambucus_racemosa.npy,6,423,231194.0
Sambucus_racemosa.npy,7,423,231194.0
Sambucus_racemosa.npy,8,423,231194.0
Sambucus_racemosa.npy,9,423,231194.0
Sambucus_racemosa.npy,10,423,231194.0
Sambucus_racemosa.npy,11,423,231194.0
Sambucus_racemosa.npy,12,423,231194.0
Sophora_japonica.npy,0,304,156018.0
Sophora_japonica.npy,1,304,156018.0
Sophora_japonica.npy,2,304,156018.0
Sophora_japonica.npy,3,304,156018.0
Sophora_japonica.npy,4,304,156018.0
Sophora_japonica.npy,5,304,156018.0
Sophora_japonica.npy,6,304,156018.0
Sophora_japonica.npy,7,304,156018.0
Sophora_japonica.npy,8,304,156018.0
Sophora_japonica.npy,9,304,156018.0
Sophora_japonica.npy,10,304,156018.0
Sophora_japonica.npy,11,304,156018.0
Sophora_japonica.npy,12,304,156018.0
Sorbaria_sorbifolia.npy,0,293,114251.0
Sorbaria_sorbifolia.npy,1,293,114251.0
Sorbaria_sorbifolia.npy,2,293,114251.0
Sorbaria_sorbifolia.npy,3,293,114251.0
Sorbaria_sorbifolia.npy,4,293,114251.0
Sorbaria_sorbifolia.npy,5,293,114251.0
Sorbaria_sorbifolia.npy,6,293,114251.0
Sorbaria_sorbifolia.npy,7,293,114251.0
Sorbaria_sorbifolia.npy,8,293,114251.0
Sorbaria_sorbifolia.npy,9,293,114251.0
Sorbaria_sorbifolia.npy,10,293,114251.0
Sorbaria_sorbifolia.npy,11,293,114251.0
Sorbaria_sorbifolia.npy,12,293,114251.0
Sorbus_aria.npy,0,915,635932.0
Sorbus_aria.npy,1,915,635932.0
Sorbus_aria.npy,2,915,635932.0
Sorbus_aria.npy,3,915,635932.0
Sorbus_aria.npy,4,914,635942.0
Sorbus_aria.npy,5,914,635942.0
Sorbus_aria.npy,6,914,635942.0
Sorbus_aria.npy,7,914,635942.0
Sorbus_aria.npy,8,914,635942.0
Sorbus_aria.npy,9,911,635972.0
Sorbus_aria.npy,10,911,635972.0
Sorbus_aria.npy,11,911,635972.0
Sorbus_aria.npy,12,911,635972.0
Sorbus_aria.npy,13,911,635972.0
Sorbus_aria.npy,14,911,635972.0
Sorbus_aria.npy,15,911,635972.0
Sorbus_aria.npy,16,911,635972.0
Sorbus_aria.npy,17,911,635972.0
Sorbus_aria.npy,18,911,635972.0
Sorbus_aria.npy,19,911,635972.0
Sorbus_aria.npy,20,911,635972.0
Sorbus_aria.npy,21,911,635972.0
Sorbus_aucuparia.npy,0,301,116001.0
Sorbus_aucuparia.npy,1,301,116001.0
Sorbus_aucuparia.npy,2,301,116001.0
Sorbus_aucuparia.npy,3,301,116001.0
Sorbus_aucuparia.npy,4,301,116001.0
Sorbus_aucuparia.npy,5,301,116001.0
Sorbus_aucuparia.npy,6,301,116001.0
Sorbus_aucuparia.npy,7,301,116001.0
Sorbus_aucuparia.npy,8,301,116001.0
Sorbus_aucuparia.npy,9,301,116001.0
Sorbus_aucuparia.npy,10,301,116001.0
Sorbus_aucuparia.npy,11,301,116001.0
Sorbus_aucuparia.npy,12,301,116001.0
Sorbus_domestica.npy,0,274,136483.0
Sorbus_domestica.npy,1,274,136483.0
Sorbus_domestica.npy,2,274,136483.0
Sorbus_domestica.npy,3,274,136483.0
Sorbus_domestica.npy,4,274,136483.0
Sorbus_domestica.npy,5,274,136483.0
Sorbus_domestica.npy,6,274,136483.0
Sorbus_domestica.npy,7,274,136483.0
Sorbus_domestica.npy,8,274,136483.0
Sorbus_domestica.npy,9,274,136483.0
Sorbus_domestica.npy,10,274,136483.0
Sorbus_domestica.npy,11,274,136483.0
Sorbus_domestica.npy,12,274,136483.0
Sorbus_intermedia.npy,0,968,651286.0
Sorbus_intermedia.npy,1,968,651286.0
Sorbus_intermedia.npy,2,968,651286.0
Sorbus_intermedia.npy,3,968,651286.0
Sorbus_intermedia.npy,4,968,651286.0
Sorbus_intermedia.npy,5,968,651286.0
Sorbus_intermedia.npy,6,968,651286.0
Sorbus_intermedia.npy,7,968,651286.0
Sorbus_intermedia.npy,8,954,651426.0
Sorbus_intermedia.npy,9,954,651426.0
Sorbus_intermedia.npy,10,954,651426.0
Sorbus_intermedia.npy,11,954,651426.0
Sorbus_intermedia.npy,12,954,651426.0
Sorbus_intermedia.npy,13,954,651426.0
Sorbus_intermedia.npy,14,954,651426.0
Sorbus_intermedia.npy,15,954,651426.0
Sorbus_intermedia.npy,16,954,651426.0
Sorbus_intermedia.npy,17,954,651426.0
Sorbus_intermedia.npy,18,954,651426.0
Sorbus_intermedia.npy,19,951,651456.0
Sorbus_intermedia.npy,20,951,651456.0
Sorbus_intermedia.npy,21,951,651456.0
Sorbus_intermedia.npy,22,951,651456.0
Sorbus_intermedia.npy,23,951,651456.0
Sorbus_intermedia.npy,24,951,651456.0
Sorbus_intermedia.npy,25,951,651456.0
Sorbus_intermedia.npy,26,951,651456.0
Sorbus_intermedia.npy,27,951,651456.0
Sorbus_intermedia.npy,28,951,651456.0
Sorbus_intermedia.npy,29,951,651456.0
Sorbus_intermedia.npy,30,951,651456.0
Sorbus_intermedia.npy,31,951,651456.0
Sorbus_torminalis.npy,0,1237,611471.0
Sorbus_torminalis.npy,1,1237,611471.0
Sorbus_torminalis.npy,2,1237,611471.0
Sorbus_torminalis.npy,3,1237,611471.0
Sorbus_torminalis.npy,4,1237,611471.0
Sorbus_torminalis.npy,5,1237,611471.0
Sorbus_torminalis.npy,6,1237,611471.0
Sorbus_torminalis.npy,7,1237,611471.0
Sorbus_torminalis.npy,8,1237,611471.0
Sorbus_torminalis.npy,9,1237,611471.0
Sorbus_torminalis.npy,10,1237,611471.0
Sorbus_torminalis.npy,11,1237,611471.0
Sorbus_torminalis.npy,12,1237,611471.0
Spiraea_douglasii.npy,0,323,115778.0
Spiraea_douglasii.npy,1,323,115778.0
Spiraea_douglasii.npy,2,323,115778.0
Spiraea_douglasii.npy,3,323,115778.0
Spiraea_douglasii.npy,4,323,115778.0
Spiraea_douglasii.npy,5,323,115778.0
Spiraea_douglasii.npy,6,323,115778.0
Spiraea_douglasii.npy,7,323,115778.0
Spiraea_douglasii.npy,8,323,115778.0
Spiraea_douglasii.npy,9,323,115778.0
Spiraea_douglasii.npy,10,323,115778.0
Spiraea_douglasii.npy,11,323,115778.0
Spiraea_douglasii.npy,12,323,115778.0
Spiraea_japonica.npy,0,393,201359.0
Spiraea_japonica.npy,1,393,201359.0
Spiraea_japonica.npy,2,393,201359.0
Spiraea_japonica.npy,3,393,201359.0
Spiraea_japonica.npy,4,393,201359.0
Spiraea_japonica.npy,5,393,201359.0
Spiraea_japonica.npy,6,393,201359.0
Spiraea_japonica.npy,7,393,201359.0
Spiraea_japonica.npy,8,393,201359.0
Spiraea_japonica.npy,9,393,201359.0
Spiraea_japonica.npy,10,393,201359.0
Spiraea_japonica.npy,11,393,201359.0
Spiraea_japonica.npy,12,393,201359.0
Spiraea_salicifolia.npy,0,222,62506.0
Spiraea_salicifolia.npy,1,222,62506.0
Spiraea_salicifolia.npy,2,222,62506.0
Spiraea_salicifolia.npy,3,222,62506.0
Spiraea_salicifolia.npy,4,222,62506.0
Spiraea_salicifolia.npy,5,222,62506.0
Spiraea_salicifolia.npy,6,222,62506.0
Spiraea_salicifolia.npy,7,222,62506.0
Spiraea_salicifolia.npy,8,222,62506.0
Spiraea_salicifolia.npy,9,222,62506.0
Spiraea_salicifolia.npy,10,222,62506.0
Spiraea_salicifolia.npy,11,222,62506.0
Spiraea_salicifolia.npy,12,222,62506.0
Spiraea_vanhouttei.npy,0,269,56416.0
Spiraea_vanhouttei.npy,1,269,56416.0
Spiraea_vanhouttei.npy,2,269,56416.0
Spiraea_vanhouttei.npy,3,269,56416.0
Spiraea_vanhouttei.npy,4,269,56416.0
Spiraea_vanhouttei.npy,5,269,56416.0
Spiraea_vanhouttei.npy,6,269,56416.0
Spiraea_vanhouttei.npy,7,269,56416.0
Spiraea_vanhouttei.npy,8,269,56416.0
Spiraea_vanhouttei.npy,9,269,56416.0
Spiraea_vanhouttei.npy,10,269,56416.0
Spiraea_vanhouttei.npy,11,269,56416.0
Spiraea_vanhouttei.npy,12,268,56426.0
Spiraea_vanhouttei.npy,13,268,56426.0
Spiraea_vanhouttei.npy,14,268,56426.0
Spiraea_vanhouttei.npy,15,268,56426.0
Spiraea_vanhouttei.npy,16,268,56426.0
Spiraea_vanhouttei.npy,17,268,56426.0
Spiraea_vanhouttei.npy,18,268,56426.0
Spiraea_vanhouttei.npy,19,268,56426.0
Spiraea_vanhouttei.npy,20,268,56426.0
Spiraea_vanhouttei.npy,21,268,56426.0
Spiraea_vanhouttei.npy,22,268,56426.0
Spiraea_vanhouttei.npy,23,268,56426.0
Spiraea_vanhouttei.npy,24,268,56426.0
Staphylea_pinnata.npy,0,439,261528.0
Staphylea_pinnata.npy,1,439,261528.0
Staphylea_pinnata.npy,2,439,261528.0
Staphylea_pinnata.npy,3,439,261528.0
Staphylea_pinnata.npy,4,439,261528.0
Staphylea_pinnata.npy,5,439,261528.0
Staphylea_pinnata.npy,6,439,261528.0
Staphylea_pinnata.npy,7,439,261528.0
Staphylea_pinnata.npy,8,439,261528.0
Staphylea_pinnata.npy,9,439,261528.0
Staphylea_pinnata.npy,10,439,261528.0
Staphylea_pinnata.npy,11,439,261528.0
Staphylea_pinnata.npy,12,439,261528.0
Symphoricarpos_albus.npy,0,405,180488.0
Symphoricarpos_albus.npy,1,405,180488.0
Symphoricarpos_albus.npy,2,405,180488.0
Symphoricarpos_albus.npy,3,405,180488.0
Symphoricarpos_albus.npy,4,405,180488.0
Symphoricarpos_albus.npy,5,405,180488.0
Symphoricarpos_albus.npy,6,405,180488.0
Symphoricarpos_albus.npy,7,405,180488.0
Symphoricarpos_albus.npy,8,405,180488.0
Symphoricarpos_albus.npy,9,405,180488.0
Symphoricarpos_albus.npy,10,405,180488.0
Symphoricarpos_albus.npy,11,405,180488.0
Symphoricarpos_albus.npy,12,405,180488.0
Symphoricarpos_orbiculatus.npy,0,160,26641.0
Symphoricarpos_orbiculatus.npy,1,160,26641.0
Symphoricarpos_orbiculatus.npy,2,160,26641.0
Symphoricarpos_orbiculatus.npy,3,160,26641.0
Symphoricarpos_orbiculatus.npy,4,160,26641.0
Symphoricarpos_orbiculatus.npy,5,160,26641.0
Symphoricarpos_orbiculatus.npy,6,160,26641.0
Symphoricarpos_orbiculatus.npy,7,160,26641.0
Symphoricarpos_orbiculatus.npy,8,160,26641.0
Symphoricarpos_orbiculatus.npy,9,160,26641.0
Symphoricarpos_orbiculatus.npy,10,160,26641.0
Symphoricarpos_orbiculatus.npy,11,160,26641.0
Symphoricarpos_orbiculatus.npy,12,160,26641.0
Syringa_chinensis.npy,0,350,114776.0
Syringa_chinensis.npy,1,350,114776.0
Syringa_chinensis.npy,2,350,114776.0
Syringa_chinensis.npy,3,350,114776.0
Syringa_chinensis.npy,4,350,114776.0
Syringa_chinensis.npy,5,350,114776.0
Syringa_chinensis.npy,6,350,114776.0
Syringa_chinensis.npy,7,350,114776.0
Syringa_chinensis.npy,8,350,114776.0
Syringa_chinensis.npy,9,350,114776.0
Syringa_chinensis.npy,10,350,114776.0
Syringa_chinensis.npy,11,350,114776.0
Syringa_chinensis.npy,12,350,114776.0
Syringa_josikaea.npy,0,702,441317.0
Syringa_josikaea.npy,1,702,441317.0
Syringa_josikaea.npy,2,702,441317.0
Syringa_josikaea.npy,3,702,441317.0
Syringa_josikaea.npy,4,702,441317.0
Syringa_josikaea.npy,5,702,441317.0
Syringa_josikaea.npy,6,702,441317.0
Syringa_josikaea.npy,7,702,441317.0
Syringa_josikaea.npy,8,702,441317.0
Syringa_josikaea.npy,9,702,441317.0
Syringa_josikaea.npy,10,702,441317.0
Syringa_josikaea.npy,11,702,441317.0
Syringa_josikaea.npy,12,702,441317.0
Syringa_prestoniae.npy,0,882,963818.0
Syringa_prestoniae.npy,1,882,963818.0
Syringa_prestoniae.npy,2,882,963818.0
Syringa_prestoniae.npy,3,882,963818.0
Syringa_prestoniae.npy,4,882,963818.0
Syringa_prestoniae.npy,5,882,963818.0
Syringa_prestoniae.npy,6,882,963818.0
Syringa_prestoniae.npy,7,882,963818.0
Syringa_prestoniae.npy,8,882,963818.0
Syringa_prestoniae.npy,9,882,963818.0
Syringa_prestoniae.npy,10,882,963818.0
Syringa_prestoniae.npy,11,882,963818.0
Syringa_prestoniae.npy,12,882,963818.0
Syringa_vulgaris.npy,0,688,412009.0
Syringa_vulgaris.npy,1,688,412009.0
Syringa_vulgaris.npy,2,688,412009.0
Syringa_vulgaris.npy,3,688,412009.0
Syringa_vulgaris.npy,4,688,412009.0
Syringa_vulgaris.npy,5,688,412009.0
Syringa_vulgaris.npy,6,688,412009.0
Syringa_vulgaris.npy,7,688,412009.0
Syringa_vulgaris.npy,8,688,412009.0
Syringa_vulgaris.npy,9,688,412009.0
Syringa_vulgaris.npy,10,688,412009.0
Syringa_vulgaris.npy,11,688,412009.0
Syringa_vulgaris.npy,12,688,412009.0
Tilia_cordata.npy,0,446,209135.0
Tilia_cordata.npy,1,446,209135.0
Tilia_cordata.npy,2,446,209135.0
Tilia_cordata.npy,3,446,209135.0
Tilia_cordata.npy,4,446,209135.0
Tilia_cordata.npy,5,446,209135.0
Tilia_cordata.npy,6,446,209135.0
Tilia_cordata.npy,7,446,209135.0
Tilia_cordata.npy,8,446,209135.0
Tilia_cordata.npy,9,446,209135.0
Tilia_cordata.npy,10,446,209135.0
Tilia_cordata.npy,11,446,209135.0
Tilia_cordata.npy,12,446,209135.0
Tilia_platyphyllos.npy,0,1388,1461620.0
Tilia_platyphyllos.npy,1,1388,1461620.0
Tilia_platyphyllos.npy,2,1388,1461620.0
Tilia_platyphyllos.npy,3,1388,1461620.0
Tilia_platyphyllos.npy,4,1388,1461620.0
Tilia_platyphyllos.npy,5,1382,1461680.0
Tilia_platyphyllos.npy,6,1382,1461680.0
Tilia_platyphyllos.npy,7,1382,1461680.0
Tilia_platyphyllos.npy,8,1382,1461680.0
Tilia_platyphyllos.npy,9,1382,1461680.0
Tilia_platyphyllos.npy,10,1382,1461680.0
Tilia_platyphyllos.npy,11,1382,1461680.0
Tilia_platyphyllos.npy,12,1382,1461680.0
Tilia_platyphyllos.npy,13,1382,1461680.0
Tilia_platyphyllos.npy,14,1379,1461710.0
Tilia_platyphyllos.npy,15,1379,1461710.0
Tilia_platyphyllos.npy,16,1379,1461710.0
Tilia_platyphyllos.npy,17,1379,1461710.0
Tilia_platyphyllos.npy,18,1379,1461710.0
Tilia_platyphyllos.npy,19,1379,1461710.0
Tilia_platyphyllos.npy,20,1379,1461710.0
Tilia_platyphyllos.npy,21,1379,1461710.0
Tilia_platyphyllos.npy,22,1379,1461710.0
Tilia_platyphyllos.npy,23,1379,1461710.0
Tilia_platyphyllos.npy,24,1379,1461710.0
Tilia_platyphyllos.npy,25,1379,1461710.0
Tilia_platyphyllos.npy,26,1379,1461710.0
Tilia_tomentosa.npy,0,1038,793778.0
Tilia_tomentosa.npy,1,1038,793778.0
Tilia_tomentosa.npy,2,1038,793778.0
Tilia_tomentosa.npy,3,1038,793778.0
Tilia_tomentosa.npy,4,1038,793778.0
Tilia_tomentosa.npy,5,1038,793778.0
Tilia_tomentosa.npy,6,1038,793778.0
Tilia_tomentosa.npy,7,1038,793778.0
Tilia_tomentosa.npy,8,1038,793778.0
Tilia_tomentosa.npy,9,1038,793778.0
Tilia_tomentosa.npy,10,1038,793778.0
Tilia_tomentosa.npy,11,1038,793778.0
Tilia_tomentosa.npy,12,1038,793778.0
Ulmus_glabra.npy,0,781,348555.0
Ulmus_glabra.npy,1,781,348555.0
Ulmus_glabra.npy,2,781,348555.0
Ulmus_glabra.npy,3,781,348555.0
Ulmus_glabra.npy,4,781,348555.0
Ulmus_glabra.npy,5,781,348555.0
Ulmus_glabra.npy,6,781,348555.0
Ulmus_glabra.npy,7,781,348555.0
Ulmus_glabra.npy,8,781,348555.0
Ulmus_glabra.npy,9,781,348555.0
Ulmus_glabra.npy,10,781,348555.0
Ulmus_glabra.npy,11,781,348555.0
Ulmus_glabra.npy,12,781,348555.0
Ulmus_laevis.npy,0,1271,1209560.0
Ulmus_laevis.npy,1,1271,1209560.0
Ulmus_laevis.npy,2,1271,1209560.0
Ulmus_laevis.npy,3,1271,1209560.0
Ulmus_laevis.npy,4,1271,1209560.0
Ulmus_laevis.npy,5,1271,1209560.0
Ulmus_laevis.npy,6,1271,1209560.0
Ulmus_laevis.npy,7,1271,1209560.0
Ulmus_laevis.npy,8,1271,1209560.0
Ulmus_laevis.npy,9,1271,1209560.0
Ulmus_laevis.npy,10,1271,1209560.0
Ulmus_laevis.npy,11,1271,1209560.0
Ulmus_laevis.npy,12,1271,1209560.0
Ulmus_minor.npy,0,542,300219.0
Ulmus_minor.npy,1,542,300219.0
Ulmus_minor.npy,2,542,300219.0
Ulmus_minor.npy,3,542,300219.0
Ulmus_minor.npy,4,542,300219.0
Ulmus_minor.npy,5,542,300219.0
Ulmus_minor.npy,6,542,300219.0
Ulmus_minor.npy,7,542,300219.0
Ulmus_minor.npy,8,542,300219.0
Ulmus_minor.npy,9,542,300219.0
Ulmus_minor.npy,10,542,300219.0
Ulmus_minor.npy,11,542,300219.0
Ulmus_minor.npy,12,542,300219.0
Ulmus_pumila.npy,0,447,144162.0
Ulmus_pumila.npy,1,447,144162.0
Ulmus_pumila.npy,2,447,144162.0
Ulmus_pumila.npy,3,447,144162.0
Ulmus_pumila.npy,4,447,144162.0
Ulmus_pumila.npy,5,447,144162.0
Ulmus_pumila.npy,6,447,144162.0
Ulmus_pumila.npy,7,447,144162.0
Ulmus_pumila.npy,8,447,144162.0
Ulmus_pumila.npy,9,447,144162.0
Ulmus_pumila.npy,10,447,144162.0
Ulmus_pumila.npy,11,447,144162.0
Ulmus_pumila.npy,12,447,144162.0
Vaccinium_myrtillus.npy,0,153,34743.0
Vaccinium_myrtillus.npy,1,153,34743.0
Vaccinium_myrtillus.npy,2,153,34743.0
Vaccinium_myrtillus.npy,3,153,34743.0
Vaccinium_myrtillus.npy,4,153,34743.0
Vaccinium_myrtillus.npy,5,153,34743.0
Vaccinium_myrtillus.npy,6,153,34743.0
Vaccinium_myrtillus.npy,7,153,34743.0
Vaccinium_myrtillus.npy,8,153,34743.0
Vaccinium_myrtillus.npy,9,153,34743.0
Vaccinium_myrtillus.npy,10,153,34743.0
Vaccinium_myrtillus.npy,11,153,34743.0
Vaccinium_myrtillus.npy,12,153,34743.0
Vaccinium_uliginosum.npy,0,144,22234.0
Vaccinium_uliginosum.npy,1,144,22234.0
Vaccinium_uliginosum.npy,2,144,22234.0
Vaccinium_uliginosum.npy,3,144,22234.0
Vaccinium_uliginosum.npy,4,144,22234.0
Vaccinium_uliginosum.npy,5,144,22234.0
Vaccinium_uliginosum.npy,6,144,22234.0
Vaccinium_uliginosum.npy,7,144,22234.0
Vaccinium_uliginosum.npy,8,144,22234.0
Vaccinium_uliginosum.npy,9,144,22234.0
Vaccinium_uliginosum.npy,10,144,22234.0
Vaccinium_uliginosum.npy,11,144,22234.0
Vaccinium_uliginosum.npy,12,144,22234.0
Vaccinium_vitisidaea.npy,0,95,10840.0
Vaccinium_vitisidaea.npy,1,95,10840.0
Vaccinium_vitisidaea.npy,2,95,10840.0
Vaccinium_vitisidaea.npy,3,95,10840.0
Vaccinium_vitisidaea.npy,4,95,10840.0
Vaccinium_vitisidaea.npy,5,95,10840.0
Vaccinium_vitisidaea.npy,6,95,10840.0
Vaccinium_vitisidaea.npy,7,95,10840.0
Vaccinium_vitisidaea.npy,8,95,10840.0
Vaccinium_vitisidaea.npy,9,95,10840.0
Vaccinium_vitisidaea.npy,10,95,10840.0
Vaccinium_vitisidaea.npy,11,95,10840.0
Vaccinium_vitisidaea.npy,12,95,10840.0
Viburnum_farreri.npy,0,539,271343.0
Viburnum_farreri.npy,1,539,271343.0
Viburnum_farreri.npy,2,539,271343.0
Viburnum_farreri.npy,3,539,271343.0
Viburnum_farreri.npy,4,539,271343.0
Viburnum_farreri.npy,5,539,271343.0
Viburnum_farreri.npy,6,539,271343.0
Viburnum_farreri.npy,7,539,271343.0
Viburnum_farreri.npy,8,539,271343.0
Viburnum_farreri.npy,9,539,271343.0
Viburnum_farreri.npy,10,539,271343.0
Viburnum_farreri.npy,11,539,271343.0
Viburnum_farreri.npy,12,539,271343.0
Viburnum_lantana.npy,0,1139,1321197.0
Viburnum_lantana.npy,1,1138,1321207.0
Viburnum_lantana.npy,2,1138,1321207.0
Viburnum_lantana.npy,3,1138,1321207.0
Viburnum_lantana.npy,4,1138,1321207.0
Viburnum_lantana.npy,5,1138,1321207.0
Viburnum_lantana.npy,6,1138,1321207.0
Viburnum_lantana.npy,7,1138,1321207.0
Viburnum_lantana.npy,8,1138,1321207.0
Viburnum_lantana.npy,9,1138,1321207.0
Viburnum_lantana.npy,10,1138,1321207.0
Viburnum_lantana.npy,11,1138,1321207.0
Viburnum_lantana.npy,12,1138,1321207.0
Viburnum_lantana.npy,13,1138,1321207.0
Viburnum_opulus.npy,0,602,204429.0
Viburnum_opulus.npy,1,597,204479.0
Viburnum_opulus.npy,2,597,204479.0
Viburnum_opulus.npy,3,597,204479.0
Viburnum_opulus.npy,4,597,204479.0
Viburnum_opulus.npy,5,597,204479.0
Viburnum_opulus.npy,6,597,204479.0
Viburnum_opulus.npy,7,597,204479.0
Viburnum_opulus.npy,8,597,204479.0
Viburnum_opulus.npy,9,591,204539.0
Viburnum_opulus.npy,10,591,204539.0
Viburnum_opulus.npy,11,591,204539.0
Viburnum_opulus.npy,12,591,204539.0
Viburnum_opulus.npy,13,591,204539.0
Viburnum_opulus.npy,14,591,204539.0
Viburnum_opulus.npy,15,591,204539.0
Viburnum_opulus.npy,16,591,204539.0
Viburnum_opulus.npy,17,591,204539.0
Viburnum_opulus.npy,18,589,204559.0
Viburnum_opulus.npy,19,589,204559.0
Viburnum_opulus.npy,20,589,204559.0
Viburnum_opulus.npy,21,589,204559.0
Viburnum_opulus.npy,22,588,204569.0
Viburnum_opulus.npy,23,587,204579.0
Viburnum_opulus.npy,24,587,204579.0
Viburnum_opulus.npy,25,587,204579.0
Viburnum_opulus.npy,26,587,204579.0
Viburnum_opulus.npy,27,587,204579.0
Viburnum_opulus.npy,28,587,204579.0
Viburnum_opulus.npy,29,587,204579.0
Viburnum_opulus.npy,30,587,204579.0
Viburnum_opulus.npy,31,587,204579.0
Viburnum_opulus.npy,32,587,204579.0
Viburnum_opulus.npy,33,587,204579.0
Viburnum_opulus.npy,34,587,204579.0
Viburnum_opulus.npy,35,587,204579.0
Viburnum_pragense.npy,0,234,113825.0
Viburnum_pragense.npy,1,234,113825.0
Viburnum_pragense.npy,2,234,113825.0
Viburnum_pragense.npy,3,234,113825.0
Viburnum_pragense.npy,4,234,113825.0
Viburnum_pragense.npy,5,234,113825.0
Viburnum_pragense.npy,6,234,113825.0
Viburnum_pragense.npy,7,234,113825.0
Viburnum_pragense.npy,8,234,113825.0
Viburnum_pragense.npy,9,234,113825.0
Viburnum_pragense.npy,10,234,113825.0
Viburnum_pragense.npy,11,234,113825.0
Viburnum_pragense.npy,12,234,113825.0
Viburnum_rhytidophyllum.npy,0,584,612567.0
Viburnum_rhytidophyllum.npy,1,584,612567.0
Viburnum_rhytidophyllum.npy,2,584,612567.0
Viburnum_rhytidophyllum.npy,3,584,612567.0
Viburnum_rhytidophyllum.npy,4,584,612567.0
Viburnum_rhytidophyllum.npy,5,584,612567.0
Viburnum_rhytidophyllum.npy,6,584,612567.0
Viburnum_rhytidophyllum.npy,7,584,612567.0
Viburnum_rhytidophyllum.npy,8,584,612567.0
Viburnum_rhytidophyllum.npy,9,584,612567.0
Viburnum_rhytidophyllum.npy,10,584,612567.0
Viburnum_rhytidophyllum.npy,11,584,612567.0
Viburnum_rhytidophyllum.npy,12,584,612567.0
Vinca_major.npy,0,335,134499.0
Vinca_major.npy,1,335,134499.0
Vinca_major.npy,2,335,134499.0
Vinca_major.npy,3,335,134499.0
Vinca_major.npy,4,335,134499.0
Vinca_major.npy,5,335,134499.0
Vinca_major.npy,6,335,134499.0
Vinca_major.npy,7,335,134499.0
Vinca_major.npy,8,335,134499.0
Vinca_major.npy,9,335,134499.0
Vinca_major.npy,10,335,134499.0
Vinca_major.npy,11,335,134499.0
Vinca_major.npy,12,335,134499.0
Vinca_minor.npy,0,245,97908.0
Vinca_minor.npy,1,245,97908.0
Vinca_minor.npy,2,245,97908.0
Vinca_minor.npy,3,245,97908.0
Vinca_minor.npy,4,245,97908.0
Vinca_minor.npy,5,245,97908.0
Vinca_minor.npy,6,245,97908.0
Vinca_minor.npy,7,245,97908.0
Vinca_minor.npy,8,245,97908.0
Vinca_minor.npy,9,245,97908.0
Vinca_minor.npy,10,245,97908.0
Vinca_minor.npy,11,245,97908.0
Vinca_minor.npy,12,245,97908.0
Vitis_riparia.npy,0,1492,1042803.0
Vitis_riparia.npy,1,1492,1042803.0
Vitis_riparia.npy,2,1492,1042803.0
Vitis_riparia.npy,3,1492,1042803.0
Vitis_riparia.npy,4,1492,1042803.0
Vitis_riparia.npy,5,1492,1042803.0
Vitis_riparia.npy,6,1492,1042803.0
Vitis_riparia.npy,7,1492,1042803.0
Vitis_riparia.npy,8,1492,1042803.0
Vitis_riparia.npy,9,1489,1042833.0
Vitis_riparia.npy,10,1489,1042833.0
Vitis_riparia.npy,11,1489,1042833.0
Vitis_riparia.npy,12,1489,1042833.0
Vitis_riparia.npy,13,1489,1042833.0
Vitis_riparia.npy,14,1489,1042833.0
Vitis_riparia.npy,15,1489,1042833.0
Vitis_riparia.npy,16,1489,1042833.0
Vitis_riparia.npy,17,1489,1042833.0
Vitis_riparia.npy,18,1489,1042833.0
Vitis_riparia.npy,19,1489,1042833.0
Vitis_riparia.npy,20,1489,1042833.0
Vitis_riparia.npy,21,1489,1042833.0
Vitis_vinifera.npy,0,2329,2789553.0
Vitis_vinifera.npy,1,2329,2789553.0
Vitis_vinifera.npy,2,2329,2789553.0
Vitis_vinifera.npy,3,2329,2789553.0
Vitis_vinifera.npy,4,2329,2789553.0
Vitis_vinifera.npy,5,2329,2789553.0
Vitis_vinifera.npy,6,2329,2789553.0
Vitis_vinifera.npy,7,2329,2789553.0
Vitis_vinifera.npy,8,2329,2789553.0
Vitis_vinifera.npy,9,2329,2789553.0
Vitis_vinifera.npy,10,2329,2789553.0
Vitis_vinifera.npy,11,2329,2789553.0
Vitis_vinifera.npy,12,2329,2789553.0
Weigela_florida.npy,0,190,49470.0
Weigela_florida.npy,1,190,49470.0
Weigela_florida.npy,2,190,49470.0
Weigela_florida.npy,3,190,49470.0
Weigela_florida.npy,4,190,49470.0
Weigela_florida.npy,5,190,49470.0
Weigela_florida.npy,6,190,49470.0
Weigela_florida.npy,7,190,49470.0
Weigela_florida.npy,8,190,49470.0
Weigela_florida.npy,9,190,49470.0
Weigela_florida.npy,10,190,49470.0
Weigela_florida.npy,11,190,49470.0
Weigela_florida.npy,12,190,49470.0
Wisteria_sinensis.npy,0,489,348535.0
Wisteria_sinensis.npy,1,489,348535.0
Wisteria_sinensis.npy,2,489,348535.0
Wisteria_sinensis.npy,3,489,348535.0
Wisteria_sinensis.npy,4,489,348535.0
Wisteria_sinensis.npy,5,489,348535.0
Wisteria_sinensis.npy,6,489,348535.0
Wisteria_sinensis.npy,7,489,348535.0
Wisteria_sinensis.npy,8,489,348535.0
Wisteria_sinensis.npy,9,489,348535.0
Wisteria_sinensis.npy,10,489,348535.0
Wisteria_sinensis.npy,11,489,348535.0
Wisteria_sinensis.npy,12,489,348535.0
Zelkova_serrata.npy,0,916,756506.0
Zelkova_serrata.npy,1,916,756506.0
Zelkova_serrata.npy,2,916,756506.0
Zelkova_serrata.npy,3,916,756506.0
Zelkova_serrata.npy,4,916,756506.0
Zelkova_serrata.npy,5,916,756506.0
Zelkova_serrata.npy,6,916,756506.0
Zelkova_serrata.npy,7,916,756506.0
Zelkova_serrata.npy,8,916,756506.0
Zelkova_serrata.npy,9,916,756506.0
Zelkova_serrata.npy,10,916,756506.0
Zelkova_serrata.npy,11,916,756506.0
Zelkova_serrata.npy,12,916,756506.0
