image_name,generation,best_rectangle_count,fitness
Acer_campestre.npy,0,2067,869954.0
Acer_campestre.npy,1,2067,869954.0
Acer_campestre.npy,2,1789,872734.0
Acer_campestre.npy,3,1789,872734.0
Acer_campestre.npy,4,1789,872734.0
Acer_campestre.npy,5,1709,873534.0
Acer_campestre.npy,6,1657,874054.0
Acer_campestre.npy,7,1657,874054.0
Acer_campestre.npy,8,1657,874054.0
Acer_campestre.npy,9,1626,874364.0
Acer_campestre.npy,10,1626,874364.0
Acer_campestre.npy,11,1626,874364.0
Acer_campestre.npy,12,1626,874364.0
Acer_campestre.npy,13,1626,874364.0
Acer_campestre.npy,14,1626,874364.0
Acer_campestre.npy,15,1626,874364.0
Acer_ginnala.npy,0,849,213192.0
Acer_ginnala.npy,1,816,213522.0
Acer_ginnala.npy,2,816,213522.0
Acer_ginnala.npy,3,781,213872.0
Acer_ginnala.npy,4,781,213872.0
Acer_ginnala.npy,5,773,213952.0
Acer_ginnala.npy,6,755,214132.0
Acer_ginnala.npy,7,755,214132.0
Acer_ginnala.npy,8,755,214132.0
Acer_ginnala.npy,9,755,214132.0
Acer_ginnala.npy,10,744,214242.0
Acer_ginnala.npy,11,743,214252.0
Acer_ginnala.npy,12,728,214402.0
Acer_ginnala.npy,13,728,214402.0
Acer_ginnala.npy,14,728,214402.0
Acer_ginnala.npy,15,728,214402.0
Acer_ginnala.npy,16,715,214532.0
Acer_ginnala.npy,17,715,214532.0
Acer_ginnala.npy,18,714,214542.0
Acer_ginnala.npy,19,714,214542.0
Acer_ginnala.npy,20,714,214542.0
Acer_ginnala.npy,21,713,214552.0
Acer_ginnala.npy,22,711,214572.0
Acer_ginnala.npy,23,702,214662.0
Acer_ginnala.npy,24,702,214662.0
Acer_ginnala.npy,25,702,214662.0
Acer_ginnala.npy,26,702,214662.0
Acer_ginnala.npy,27,702,214662.0
Acer_ginnala.npy,28,702,214662.0
Acer_ginnala.npy,29,702,214662.0
Acer_monspessulanum.npy,0,499,89388.0
Acer_monspessulanum.npy,1,436,90018.0
Acer_monspessulanum.npy,2,411,90268.0
Acer_monspessulanum.npy,3,406,90318.0
Acer_monspessulanum.npy,4,406,90318.0
Acer_monspessulanum.npy,5,395,90428.0
Acer_monspessulanum.npy,6,395,90428.0
Acer_monspessulanum.npy,7,395,90428.0
Acer_monspessulanum.npy,8,382,90558.0
Acer_monspessulanum.npy,9,365,90728.0
Acer_monspessulanum.npy,10,365,90728.0
Acer_monspessulanum.npy,11,365,90728.0
Acer_monspessulanum.npy,12,364,90738.0
Acer_monspessulanum.npy,13,363,90748.0
Acer_monspessulanum.npy,14,363,90748.0
Acer_monspessulanum.npy,15,363,90748.0
Acer_monspessulanum.npy,16,363,90748.0
Acer_monspessulanum.npy,17,363,90748.0
Acer_monspessulanum.npy,18,361,90768.0
Acer_monspessulanum.npy,19,361,90768.0
Acer_monspessulanum.npy,20,361,90768.0
Acer_monspessulanum.npy,21,361,90768.0
Acer_monspessulanum.npy,22,360,90778.0
Acer_monspessulanum.npy,23,360,90778.0
Acer_monspessulanum.npy,24,358,90798.0
Acer_monspessulanum.npy,25,358,90798.0
Acer_monspessulanum.npy,26,356,90818.0
Acer_monspessulanum.npy,27,356,90818.0
Acer_monspessulanum.npy,28,356,90818.0
Acer_monspessulanum.npy,29,356,90818.0
Acer_monspessulanum.npy,30,356,90818.0
Acer_monspessulanum.npy,31,355,90828.0
Acer_monspessulanum.npy,32,355,90828.0
Acer_monspessulanum.npy,33,355,90828.0
Acer_monspessulanum.npy,34,355,90828.0
Acer_monspessulanum.npy,35,355,90828.0
Acer_monspessulanum.npy,36,355,90828.0
Acer_monspessulanum.npy,37,355,90828.0
Acer_negundo.npy,0,618,346215.0
Acer_negundo.npy,1,616,346235.0
Acer_negundo.npy,2,612,346275.0
Acer_negundo.npy,3,610,346295.0
Acer_negundo.npy,4,610,346295.0
Acer_negundo.npy,5,609,346305.0
Acer_negundo.npy,6,608,346315.0
Acer_negundo.npy,7,608,346315.0
Acer_negundo.npy,8,608,346315.0
Acer_negundo.npy,9,608,346315.0
Acer_negundo.npy,10,607,346325.0
Acer_negundo.npy,11,607,346325.0
Acer_negundo.npy,12,607,346325.0
Acer_negundo.npy,13,607,346325.0
Acer_negundo.npy,14,607,346325.0
Acer_negundo.npy,15,607,346325.0
Acer_negundo.npy,16,607,346325.0
Acer_palmatum.npy,0,813,54535.0
Acer_palmatum.npy,1,647,56195.0
Acer_palmatum.npy,2,647,56195.0
Acer_palmatum.npy,3,647,56195.0
Acer_palmatum.npy,4,647,56195.0
Acer_palmatum.npy,5,635,56315.0
Acer_palmatum.npy,6,635,56315.0
Acer_palmatum.npy,7,635,56315.0
Acer_palmatum.npy,8,635,56315.0
Acer_palmatum.npy,9,635,56315.0
Acer_palmatum.npy,10,601,56655.0
Acer_palmatum.npy,11,601,56655.0
Acer_palmatum.npy,12,601,56655.0
Acer_palmatum.npy,13,586,56805.0
Acer_palmatum.npy,14,586,56805.0
Acer_palmatum.npy,15,586,56805.0
Acer_palmatum.npy,16,564,57025.0
Acer_palmatum.npy,17,564,57025.0
Acer_palmatum.npy,18,564,57025.0
Acer_palmatum.npy,19,562,57045.0
Acer_palmatum.npy,20,562,57045.0
Acer_palmatum.npy,21,545,57215.0
Acer_palmatum.npy,22,545,57215.0
Acer_palmatum.npy,23,529,57375.0
Acer_palmatum.npy,24,529,57375.0
Acer_palmatum.npy,25,529,57375.0
Acer_palmatum.npy,26,529,57375.0
Acer_palmatum.npy,27,524,57425.0
Acer_palmatum.npy,28,524,57425.0
Acer_palmatum.npy,29,524,57425.0
Acer_palmatum.npy,30,523,57435.0
Acer_palmatum.npy,31,523,57435.0
Acer_palmatum.npy,32,523,57435.0
Acer_palmatum.npy,33,523,57435.0
Acer_palmatum.npy,34,523,57435.0
Acer_palmatum.npy,35,522,57445.0
Acer_palmatum.npy,36,522,57445.0
Acer_palmatum.npy,37,522,57445.0
Acer_palmatum.npy,38,522,57445.0
Acer_palmatum.npy,39,522,57445.0
Acer_palmatum.npy,40,522,57445.0
Acer_palmatum.npy,41,522,57445.0
Acer_platanoides.npy,0,2375,1039526.0
Acer_platanoides.npy,1,2096,1042316.0
Acer_platanoides.npy,2,2096,1042316.0
Acer_platanoides.npy,3,2096,1042316.0
Acer_platanoides.npy,4,2096,1042316.0
Acer_platanoides.npy,5,2023,1043046.0
Acer_platanoides.npy,6,2023,1043046.0
Acer_platanoides.npy,7,2023,1043046.0
Acer_platanoides.npy,8,2011,1043166.0
Acer_platanoides.npy,9,2011,1043166.0
Acer_platanoides.npy,10,2011,1043166.0
Acer_platanoides.npy,11,2011,1043166.0
Acer_platanoides.npy,12,2011,1043166.0
Acer_platanoides.npy,13,2011,1043166.0
Acer_platanoides.npy,14,2011,1043166.0
Acer_pseudoplatanus.npy,0,2698,1677875.0
Acer_pseudoplatanus.npy,1,2421,1680645.0
Acer_pseudoplatanus.npy,2,2342,1681435.0
Acer_pseudoplatanus.npy,3,2342,1681435.0
Acer_pseudoplatanus.npy,4,2333,1681525.0
Acer_pseudoplatanus.npy,5,2333,1681525.0
Acer_pseudoplatanus.npy,6,2333,1681525.0
Acer_pseudoplatanus.npy,7,2249,1682365.0
Acer_pseudoplatanus.npy,8,2225,1682605.0
Acer_pseudoplatanus.npy,9,2215,1682705.0
Acer_pseudoplatanus.npy,10,2215,1682705.0
Acer_pseudoplatanus.npy,11,2215,1682705.0
Acer_pseudoplatanus.npy,12,2160,1683255.0
Acer_pseudoplatanus.npy,13,2160,1683255.0
Acer_pseudoplatanus.npy,14,2160,1683255.0
Acer_pseudoplatanus.npy,15,2144,1683415.0
Acer_pseudoplatanus.npy,16,2144,1683415.0
Acer_pseudoplatanus.npy,17,2144,1683415.0
Acer_pseudoplatanus.npy,18,2143,1683425.0
Acer_pseudoplatanus.npy,19,2143,1683425.0
Acer_pseudoplatanus.npy,20,2130,1683555.0
Acer_pseudoplatanus.npy,21,2130,1683555.0
Acer_pseudoplatanus.npy,22,2130,1683555.0
Acer_pseudoplatanus.npy,23,2123,1683625.0
Acer_pseudoplatanus.npy,24,2123,1683625.0
Acer_pseudoplatanus.npy,25,2123,1683625.0
Acer_pseudoplatanus.npy,26,2123,1683625.0
Acer_pseudoplatanus.npy,27,2123,1683625.0
Acer_pseudoplatanus.npy,28,2119,1683665.0
Acer_pseudoplatanus.npy,29,2119,1683665.0
Acer_pseudoplatanus.npy,30,2114,1683715.0
Acer_pseudoplatanus.npy,31,2113,1683725.0
Acer_pseudoplatanus.npy,32,2109,1683765.0
Acer_pseudoplatanus.npy,33,2109,1683765.0
Acer_pseudoplatanus.npy,34,2109,1683765.0
Acer_pseudoplatanus.npy,35,2109,1683765.0
Acer_pseudoplatanus.npy,36,2109,1683765.0
Acer_pseudoplatanus.npy,37,2109,1683765.0
Acer_pseudoplatanus.npy,38,2108,1683775.0
Acer_pseudoplatanus.npy,39,2106,1683795.0
Acer_pseudoplatanus.npy,40,2106,1683795.0
Acer_pseudoplatanus.npy,41,2106,1683795.0
Acer_pseudoplatanus.npy,42,2106,1683795.0
Acer_pseudoplatanus.npy,43,2106,1683795.0
Acer_pseudoplatanus.npy,44,2106,1683795.0
Acer_pseudoplatanus.npy,45,2106,1683795.0
Acer_saccharinum.npy,0,3147,689058.0
Acer_saccharinum.npy,1,3014,690388.0
Acer_saccharinum.npy,2,2936,691168.0
Acer_saccharinum.npy,3,2936,691168.0
Acer_saccharinum.npy,4,2719,693338.0
Acer_saccharinum.npy,5,2707,693458.0
Acer_saccharinum.npy,6,2707,693458.0
Acer_saccharinum.npy,7,2707,693458.0
Acer_saccharinum.npy,8,2622,694308.0
Acer_saccharinum.npy,9,2622,694308.0
Acer_saccharinum.npy,10,2622,694308.0
Acer_saccharinum.npy,11,2622,694308.0
Acer_saccharinum.npy,12,2622,694308.0
Acer_saccharinum.npy,13,2559,694938.0
Acer_saccharinum.npy,14,2472,695808.0
Acer_saccharinum.npy,15,2472,695808.0
Acer_saccharinum.npy,16,2472,695808.0
Acer_saccharinum.npy,17,2418,696348.0
Acer_saccharinum.npy,18,2418,696348.0
Acer_saccharinum.npy,19,2418,696348.0
Acer_saccharinum.npy,20,2382,696708.0
Acer_saccharinum.npy,21,2382,696708.0
Acer_saccharinum.npy,22,2382,696708.0
Acer_saccharinum.npy,23,2382,696708.0
Acer_saccharinum.npy,24,2382,696708.0
Acer_saccharinum.npy,25,2381,696718.0
Acer_saccharinum.npy,26,2357,696958.0
Acer_saccharinum.npy,27,2348,697048.0
Acer_saccharinum.npy,28,2348,697048.0
Acer_saccharinum.npy,29,2348,697048.0
Acer_saccharinum.npy,30,2348,697048.0
Acer_saccharinum.npy,31,2347,697058.0
Acer_saccharinum.npy,32,2347,697058.0
Acer_saccharinum.npy,33,2347,697058.0
Acer_saccharinum.npy,34,2345,697078.0
Acer_saccharinum.npy,35,2345,697078.0
Acer_saccharinum.npy,36,2332,697208.0
Acer_saccharinum.npy,37,2332,697208.0
Acer_saccharinum.npy,38,2332,697208.0
Acer_saccharinum.npy,39,2332,697208.0
Acer_saccharinum.npy,40,2332,697208.0
Acer_saccharinum.npy,41,2332,697208.0
Acer_saccharinum.npy,42,2332,697208.0
Acer_saccharum.npy,0,2475,1192788.0
Acer_saccharum.npy,1,2364,1193898.0
Acer_saccharum.npy,2,2245,1195088.0
Acer_saccharum.npy,3,2230,1195238.0
Acer_saccharum.npy,4,2230,1195238.0
Acer_saccharum.npy,5,2177,1195768.0
Acer_saccharum.npy,6,2177,1195768.0
Acer_saccharum.npy,7,2177,1195768.0
Acer_saccharum.npy,8,2176,1195778.0
Acer_saccharum.npy,9,2098,1196558.0
Acer_saccharum.npy,10,2098,1196558.0
Acer_saccharum.npy,11,2098,1196558.0
Acer_saccharum.npy,12,2098,1196558.0
Acer_saccharum.npy,13,2098,1196558.0
Acer_saccharum.npy,14,2098,1196558.0
Acer_saccharum.npy,15,2098,1196558.0
Acer_tataricum.npy,0,692,258541.0
Acer_tataricum.npy,1,633,259131.0
Acer_tataricum.npy,2,630,259161.0
Acer_tataricum.npy,3,630,259161.0
Acer_tataricum.npy,4,615,259311.0
Acer_tataricum.npy,5,611,259351.0
Acer_tataricum.npy,6,600,259461.0
Acer_tataricum.npy,7,600,259461.0
Acer_tataricum.npy,8,596,259501.0
Acer_tataricum.npy,9,596,259501.0
Acer_tataricum.npy,10,596,259501.0
Acer_tataricum.npy,11,596,259501.0
Acer_tataricum.npy,12,596,259501.0
Acer_tataricum.npy,13,580,259661.0
Acer_tataricum.npy,14,580,259661.0
Acer_tataricum.npy,15,580,259661.0
Acer_tataricum.npy,16,580,259661.0
Acer_tataricum.npy,17,580,259661.0
Acer_tataricum.npy,18,580,259661.0
Acer_tataricum.npy,19,576,259701.0
Acer_tataricum.npy,20,576,259701.0
Acer_tataricum.npy,21,576,259701.0
Acer_tataricum.npy,22,576,259701.0
Acer_tataricum.npy,23,576,259701.0
Acer_tataricum.npy,24,575,259711.0
Acer_tataricum.npy,25,575,259711.0
Acer_tataricum.npy,26,575,259711.0
Acer_tataricum.npy,27,575,259711.0
Acer_tataricum.npy,28,574,259721.0
Acer_tataricum.npy,29,572,259741.0
Acer_tataricum.npy,30,572,259741.0
Acer_tataricum.npy,31,572,259741.0
Acer_tataricum.npy,32,572,259741.0
Acer_tataricum.npy,33,572,259741.0
Acer_tataricum.npy,34,572,259741.0
Acer_tataricum.npy,35,572,259741.0
Actinidia_arguta.npy,0,779,433159.0
Actinidia_arguta.npy,1,734,433609.0
Actinidia_arguta.npy,2,734,433609.0
Actinidia_arguta.npy,3,734,433609.0
Actinidia_arguta.npy,4,734,433609.0
Actinidia_arguta.npy,5,729,433659.0
Actinidia_arguta.npy,6,729,433659.0
Actinidia_arguta.npy,7,729,433659.0
Actinidia_arguta.npy,8,724,433709.0
Actinidia_arguta.npy,9,715,433799.0
Actinidia_arguta.npy,10,715,433799.0
Actinidia_arguta.npy,11,715,433799.0
Actinidia_arguta.npy,12,715,433799.0
Actinidia_arguta.npy,13,711,433839.0
Actinidia_arguta.npy,14,710,433849.0
Actinidia_arguta.npy,15,710,433849.0
Actinidia_arguta.npy,16,709,433859.0
Actinidia_arguta.npy,17,708,433869.0
Actinidia_arguta.npy,18,700,433949.0
Actinidia_arguta.npy,19,700,433949.0
Actinidia_arguta.npy,20,700,433949.0
Actinidia_arguta.npy,21,696,433989.0
Actinidia_arguta.npy,22,696,433989.0
Actinidia_arguta.npy,23,696,433989.0
Actinidia_arguta.npy,24,696,433989.0
Actinidia_arguta.npy,25,696,433989.0
Actinidia_arguta.npy,26,695,433999.0
Actinidia_arguta.npy,27,695,433999.0
Actinidia_arguta.npy,28,695,433999.0
Actinidia_arguta.npy,29,694,434009.0
Actinidia_arguta.npy,30,694,434009.0
Actinidia_arguta.npy,31,694,434009.0
Actinidia_arguta.npy,32,694,434009.0
Actinidia_arguta.npy,33,694,434009.0
Actinidia_arguta.npy,34,694,434009.0
Actinidia_arguta.npy,35,694,434009.0
Aesculus_carnea.npy,0,1866,2024547.0
Aesculus_carnea.npy,1,1780,2025407.0
Aesculus_carnea.npy,2,1719,2026017.0
Aesculus_carnea.npy,3,1719,2026017.0
Aesculus_carnea.npy,4,1719,2026017.0
Aesculus_carnea.npy,5,1719,2026017.0
Aesculus_carnea.npy,6,1719,2026017.0
Aesculus_carnea.npy,7,1719,2026017.0
Aesculus_carnea.npy,8,1719,2026017.0
Aesculus_glabra.npy,0,581,430437.0
Aesculus_glabra.npy,1,573,430517.0
Aesculus_glabra.npy,2,573,430517.0
Aesculus_glabra.npy,3,568,430567.0
Aesculus_glabra.npy,4,568,430567.0
Aesculus_glabra.npy,5,562,430627.0
Aesculus_glabra.npy,6,562,430627.0
Aesculus_glabra.npy,7,562,430627.0
Aesculus_glabra.npy,8,560,430647.0
Aesculus_glabra.npy,9,557,430677.0
Aesculus_glabra.npy,10,557,430677.0
Aesculus_glabra.npy,11,556,430687.0
Aesculus_glabra.npy,12,556,430687.0
Aesculus_glabra.npy,13,556,430687.0
Aesculus_glabra.npy,14,556,430687.0
Aesculus_glabra.npy,15,556,430687.0
Aesculus_glabra.npy,16,556,430687.0
Aesculus_glabra.npy,17,556,430687.0
Aesculus_hippocastanum.npy,0,908,584204.0
Aesculus_hippocastanum.npy,1,886,584424.0
Aesculus_hippocastanum.npy,2,874,584544.0
Aesculus_hippocastanum.npy,3,874,584544.0
Aesculus_hippocastanum.npy,4,874,584544.0
Aesculus_hippocastanum.npy,5,874,584544.0
Aesculus_hippocastanum.npy,6,874,584544.0
Aesculus_hippocastanum.npy,7,874,584544.0
Aesculus_hippocastanum.npy,8,868,584604.0
Aesculus_hippocastanum.npy,9,868,584604.0
Aesculus_hippocastanum.npy,10,868,584604.0
Aesculus_hippocastanum.npy,11,866,584624.0
Aesculus_hippocastanum.npy,12,861,584674.0
Aesculus_hippocastanum.npy,13,856,584724.0
Aesculus_hippocastanum.npy,14,853,584754.0
Aesculus_hippocastanum.npy,15,853,584754.0
Aesculus_hippocastanum.npy,16,847,584814.0
Aesculus_hippocastanum.npy,17,847,584814.0
Aesculus_hippocastanum.npy,18,847,584814.0
Aesculus_hippocastanum.npy,19,847,584814.0
Aesculus_hippocastanum.npy,20,846,584824.0
Aesculus_hippocastanum.npy,21,846,584824.0
Aesculus_hippocastanum.npy,22,846,584824.0
Aesculus_hippocastanum.npy,23,846,584824.0
Aesculus_hippocastanum.npy,24,846,584824.0
Aesculus_hippocastanum.npy,25,845,584834.0
Aesculus_hippocastanum.npy,26,845,584834.0
Aesculus_hippocastanum.npy,27,845,584834.0
Aesculus_hippocastanum.npy,28,845,584834.0
Aesculus_hippocastanum.npy,29,845,584834.0
Aesculus_hippocastanum.npy,30,845,584834.0
Aesculus_hippocastanum.npy,31,845,584834.0
Aesculus_octandra.npy,0,1437,417161.0
Aesculus_octandra.npy,1,1087,420661.0
Aesculus_octandra.npy,2,1087,420661.0
Aesculus_octandra.npy,3,1087,420661.0
Aesculus_octandra.npy,4,1087,420661.0
Aesculus_octandra.npy,5,1087,420661.0
Aesculus_octandra.npy,6,1087,420661.0
Aesculus_octandra.npy,7,1087,420661.0
Aesculus_pavia.npy,0,479,320560.0
Aesculus_pavia.npy,1,465,320700.0
Aesculus_pavia.npy,2,461,320740.0
Aesculus_pavia.npy,3,461,320740.0
Aesculus_pavia.npy,4,461,320740.0
Aesculus_pavia.npy,5,461,320740.0
Aesculus_pavia.npy,6,461,320740.0
Aesculus_pavia.npy,7,461,320740.0
Aesculus_pavia.npy,8,461,320740.0
Ailanthus_altissima.npy,0,996,1602074.0
Ailanthus_altissima.npy,1,996,1602074.0
Ailanthus_altissima.npy,2,996,1602074.0
Ailanthus_altissima.npy,3,995,1602084.0
Ailanthus_altissima.npy,4,995,1602084.0
Ailanthus_altissima.npy,5,995,1602084.0
Ailanthus_altissima.npy,6,995,1602084.0
Ailanthus_altissima.npy,7,995,1602084.0
Ailanthus_altissima.npy,8,994,1602094.0
Ailanthus_altissima.npy,9,994,1602094.0
Ailanthus_altissima.npy,10,994,1602094.0
Ailanthus_altissima.npy,11,994,1602094.0
Ailanthus_altissima.npy,12,994,1602094.0
Ailanthus_altissima.npy,13,994,1602094.0
Ailanthus_altissima.npy,14,994,1602094.0
Alnus_alnobetula.npy,0,649,267638.0
Alnus_alnobetula.npy,1,574,268388.0
Alnus_alnobetula.npy,2,574,268388.0
Alnus_alnobetula.npy,3,574,268388.0
Alnus_alnobetula.npy,4,549,268638.0
Alnus_alnobetula.npy,5,549,268638.0
Alnus_alnobetula.npy,6,549,268638.0
Alnus_alnobetula.npy,7,549,268638.0
Alnus_alnobetula.npy,8,549,268638.0
Alnus_alnobetula.npy,9,531,268818.0
Alnus_alnobetula.npy,10,531,268818.0
Alnus_alnobetula.npy,11,531,268818.0
Alnus_alnobetula.npy,12,529,268838.0
Alnus_alnobetula.npy,13,526,268868.0
Alnus_alnobetula.npy,14,521,268918.0
Alnus_alnobetula.npy,15,521,268918.0
Alnus_alnobetula.npy,16,516,268968.0
Alnus_alnobetula.npy,17,512,269008.0
Alnus_alnobetula.npy,18,512,269008.0
Alnus_alnobetula.npy,19,512,269008.0
Alnus_alnobetula.npy,20,512,269008.0
Alnus_alnobetula.npy,21,512,269008.0
Alnus_alnobetula.npy,22,510,269028.0
Alnus_alnobetula.npy,23,505,269078.0
Alnus_alnobetula.npy,24,505,269078.0
Alnus_alnobetula.npy,25,505,269078.0
Alnus_alnobetula.npy,26,505,269078.0
Alnus_alnobetula.npy,27,505,269078.0
Alnus_alnobetula.npy,28,505,269078.0
Alnus_alnobetula.npy,29,505,269078.0
Alnus_glutinosa.npy,0,1220,615587.0
Alnus_glutinosa.npy,1,1149,616297.0
Alnus_glutinosa.npy,2,1149,616297.0
Alnus_glutinosa.npy,3,1086,616927.0
Alnus_glutinosa.npy,4,1086,616927.0
Alnus_glutinosa.npy,5,1086,616927.0
Alnus_glutinosa.npy,6,1086,616927.0
Alnus_glutinosa.npy,7,1086,616927.0
Alnus_glutinosa.npy,8,1086,616927.0
Alnus_glutinosa.npy,9,1085,616937.0
Alnus_glutinosa.npy,10,1085,616937.0
Alnus_glutinosa.npy,11,1062,617167.0
Alnus_glutinosa.npy,12,1062,617167.0
Alnus_glutinosa.npy,13,1048,617307.0
Alnus_glutinosa.npy,14,1048,617307.0
Alnus_glutinosa.npy,15,1047,617317.0
Alnus_glutinosa.npy,16,1047,617317.0
Alnus_glutinosa.npy,17,1047,617317.0
Alnus_glutinosa.npy,18,1027,617517.0
Alnus_glutinosa.npy,19,1026,617527.0
Alnus_glutinosa.npy,20,1018,617607.0
Alnus_glutinosa.npy,21,1018,617607.0
Alnus_glutinosa.npy,22,1017,617617.0
Alnus_glutinosa.npy,23,1017,617617.0
Alnus_glutinosa.npy,24,1017,617617.0
Alnus_glutinosa.npy,25,1017,617617.0
Alnus_glutinosa.npy,26,1010,617687.0
Alnus_glutinosa.npy,27,1010,617687.0
Alnus_glutinosa.npy,28,1010,617687.0
Alnus_glutinosa.npy,29,1008,617707.0
Alnus_glutinosa.npy,30,1008,617707.0
Alnus_glutinosa.npy,31,1008,617707.0
Alnus_glutinosa.npy,32,1007,617717.0
Alnus_glutinosa.npy,33,1007,617717.0
Alnus_glutinosa.npy,34,1007,617717.0
Alnus_glutinosa.npy,35,1006,617727.0
Alnus_glutinosa.npy,36,1006,617727.0
Alnus_glutinosa.npy,37,1006,617727.0
Alnus_glutinosa.npy,38,1006,617727.0
Alnus_glutinosa.npy,39,1006,617727.0
Alnus_glutinosa.npy,40,1006,617727.0
Alnus_glutinosa.npy,41,1006,617727.0
Alnus_incana.npy,0,1129,815310.0
Alnus_incana.npy,1,1066,815940.0
Alnus_incana.npy,2,1066,815940.0
Alnus_incana.npy,3,997,816630.0
Alnus_incana.npy,4,997,816630.0
Alnus_incana.npy,5,997,816630.0
Alnus_incana.npy,6,997,816630.0
Alnus_incana.npy,7,997,816630.0
Alnus_incana.npy,8,997,816630.0
Alnus_incana.npy,9,997,816630.0
Alnus_orientalis.npy,0,673,301046.0
Alnus_orientalis.npy,1,646,301316.0
Alnus_orientalis.npy,2,646,301316.0
Alnus_orientalis.npy,3,633,301446.0
Alnus_orientalis.npy,4,633,301446.0
Alnus_orientalis.npy,5,633,301446.0
Alnus_orientalis.npy,6,625,301526.0
Alnus_orientalis.npy,7,611,301666.0
Alnus_orientalis.npy,8,611,301666.0
Alnus_orientalis.npy,9,611,301666.0
Alnus_orientalis.npy,10,611,301666.0
Alnus_orientalis.npy,11,611,301666.0
Alnus_orientalis.npy,12,604,301736.0
Alnus_orientalis.npy,13,604,301736.0
Alnus_orientalis.npy,14,603,301746.0
Alnus_orientalis.npy,15,601,301766.0
Alnus_orientalis.npy,16,601,301766.0
Alnus_orientalis.npy,17,599,301786.0
Alnus_orientalis.npy,18,599,301786.0
Alnus_orientalis.npy,19,599,301786.0
Alnus_orientalis.npy,20,599,301786.0
Alnus_orientalis.npy,21,599,301786.0
Alnus_orientalis.npy,22,599,301786.0
Alnus_orientalis.npy,23,598,301796.0
Alnus_orientalis.npy,24,597,301806.0
Alnus_orientalis.npy,25,597,301806.0
Alnus_orientalis.npy,26,597,301806.0
Alnus_orientalis.npy,27,597,301806.0
Alnus_orientalis.npy,28,597,301806.0
Alnus_orientalis.npy,29,596,301816.0
Alnus_orientalis.npy,30,596,301816.0
Alnus_orientalis.npy,31,596,301816.0
Alnus_orientalis.npy,32,596,301816.0
Alnus_orientalis.npy,33,596,301816.0
Alnus_orientalis.npy,34,595,301826.0
Alnus_orientalis.npy,35,595,301826.0
Alnus_orientalis.npy,36,595,301826.0
Alnus_orientalis.npy,37,595,301826.0
Alnus_orientalis.npy,38,595,301826.0
Alnus_orientalis.npy,39,595,301826.0
Alnus_orientalis.npy,40,595,301826.0
Amelanchier_ovalis.npy,0,584,234780.0
Amelanchier_ovalis.npy,1,544,235180.0
Amelanchier_ovalis.npy,2,544,235180.0
Amelanchier_ovalis.npy,3,521,235410.0
Amelanchier_ovalis.npy,4,521,235410.0
Amelanchier_ovalis.npy,5,520,235420.0
Amelanchier_ovalis.npy,6,507,235550.0
Amelanchier_ovalis.npy,7,491,235710.0
Amelanchier_ovalis.npy,8,491,235710.0
Amelanchier_ovalis.npy,9,491,235710.0
Amelanchier_ovalis.npy,10,488,235740.0
Amelanchier_ovalis.npy,11,488,235740.0
Amelanchier_ovalis.npy,12,488,235740.0
Amelanchier_ovalis.npy,13,488,235740.0
Amelanchier_ovalis.npy,14,487,235750.0
Amelanchier_ovalis.npy,15,479,235830.0
Amelanchier_ovalis.npy,16,479,235830.0
Amelanchier_ovalis.npy,17,479,235830.0
Amelanchier_ovalis.npy,18,479,235830.0
Amelanchier_ovalis.npy,19,479,235830.0
Amelanchier_ovalis.npy,20,479,235830.0
Amelanchier_ovalis.npy,21,479,235830.0
Amorpha_fruticosa.npy,0,217,89008.0
Amorpha_fruticosa.npy,1,217,89008.0
Amorpha_fruticosa.npy,2,217,89008.0
Amorpha_fruticosa.npy,3,217,89008.0
Amorpha_fruticosa.npy,4,217,89008.0
Amorpha_fruticosa.npy,5,217,89008.0
Amorpha_fruticosa.npy,6,217,89008.0
Amygdalus_communis.npy,0,285,116696.0
Amygdalus_communis.npy,1,285,116696.0
Amygdalus_communis.npy,2,285,116696.0
Amygdalus_communis.npy,3,285,116696.0
Amygdalus_communis.npy,4,285,116696.0
Amygdalus_communis.npy,5,285,116696.0
Amygdalus_communis.npy,6,285,116696.0
Arctostaphylos_uvaursi.npy,0,99,9176.0
Arctostaphylos_uvaursi.npy,1,99,9176.0
Arctostaphylos_uvaursi.npy,2,99,9176.0
Arctostaphylos_uvaursi.npy,3,99,9176.0
Arctostaphylos_uvaursi.npy,4,99,9176.0
Arctostaphylos_uvaursi.npy,5,99,9176.0
Arctostaphylos_uvaursi.npy,6,99,9176.0
Aronia_melanocarpa.npy,0,786,404235.0
Aronia_melanocarpa.npy,1,786,404235.0
Aronia_melanocarpa.npy,2,708,405015.0
Aronia_melanocarpa.npy,3,708,405015.0
Aronia_melanocarpa.npy,4,708,405015.0
Aronia_melanocarpa.npy,5,708,405015.0
Aronia_melanocarpa.npy,6,702,405075.0
Aronia_melanocarpa.npy,7,702,405075.0
Aronia_melanocarpa.npy,8,680,405295.0
Aronia_melanocarpa.npy,9,673,405365.0
Aronia_melanocarpa.npy,10,673,405365.0
Aronia_melanocarpa.npy,11,672,405375.0
Aronia_melanocarpa.npy,12,672,405375.0
Aronia_melanocarpa.npy,13,668,405415.0
Aronia_melanocarpa.npy,14,667,405425.0
Aronia_melanocarpa.npy,15,667,405425.0
Aronia_melanocarpa.npy,16,667,405425.0
Aronia_melanocarpa.npy,17,667,405425.0
Aronia_melanocarpa.npy,18,663,405465.0
Aronia_melanocarpa.npy,19,663,405465.0
Aronia_melanocarpa.npy,20,663,405465.0
Aronia_melanocarpa.npy,21,663,405465.0
Aronia_melanocarpa.npy,22,663,405465.0
Aronia_melanocarpa.npy,23,662,405475.0
Aronia_melanocarpa.npy,24,662,405475.0
Aronia_melanocarpa.npy,25,662,405475.0
Aronia_melanocarpa.npy,26,661,405485.0
Aronia_melanocarpa.npy,27,661,405485.0
Aronia_melanocarpa.npy,28,661,405485.0
Aronia_melanocarpa.npy,29,661,405485.0
Aronia_melanocarpa.npy,30,661,405485.0
Aronia_melanocarpa.npy,31,661,405485.0
Aronia_melanocarpa.npy,32,661,405485.0
Berberis_thunbergii.npy,0,93,12531.0
Berberis_thunbergii.npy,1,91,12551.0
Berberis_thunbergii.npy,2,91,12551.0
Berberis_thunbergii.npy,3,91,12551.0
Berberis_thunbergii.npy,4,91,12551.0
Berberis_thunbergii.npy,5,91,12551.0
Berberis_thunbergii.npy,6,91,12551.0
Berberis_thunbergii.npy,7,91,12551.0
Berberis_vulgaris.npy,0,219,45163.0
Berberis_vulgaris.npy,1,218,45173.0
Berberis_vulgaris.npy,2,216,45193.0
Berberis_vulgaris.npy,3,214,45213.0
Berberis_vulgaris.npy,4,213,45223.0
Berberis_vulgaris.npy,5,213,45223.0
Berberis_vulgaris.npy,6,213,45223.0
Berberis_vulgaris.npy,7,213,45223.0
Berberis_vulgaris.npy,8,208,45273.0
Berberis_vulgaris.npy,9,207,45283.0
Berberis_vulgaris.npy,10,207,45283.0
Berberis_vulgaris.npy,11,207,45283.0
Berberis_vulgaris.npy,12,206,45293.0
Berberis_vulgaris.npy,13,205,45303.0
Berberis_vulgaris.npy,14,205,45303.0
Berberis_vulgaris.npy,15,205,45303.0
Berberis_vulgaris.npy,16,205,45303.0
Berberis_vulgaris.npy,17,205,45303.0
Berberis_vulgaris.npy,18,205,45303.0
Berberis_vulgaris.npy,19,205,45303.0
Betula_nana.npy,0,150,9910.0
Betula_nana.npy,1,145,9960.0
Betula_nana.npy,2,139,10020.0
Betula_nana.npy,3,133,10080.0
Betula_nana.npy,4,133,10080.0
Betula_nana.npy,5,133,10080.0
Betula_nana.npy,6,133,10080.0
Betula_nana.npy,7,131,10100.0
Betula_nana.npy,8,125,10160.0
Betula_nana.npy,9,125,10160.0
Betula_nana.npy,10,118,10230.0
Betula_nana.npy,11,118,10230.0
Betula_nana.npy,12,118,10230.0
Betula_nana.npy,13,118,10230.0
Betula_nana.npy,14,118,10230.0
Betula_nana.npy,15,117,10240.0
Betula_nana.npy,16,117,10240.0
Betula_nana.npy,17,115,10260.0
Betula_nana.npy,18,115,10260.0
Betula_nana.npy,19,115,10260.0
Betula_nana.npy,20,115,10260.0
Betula_nana.npy,21,115,10260.0
Betula_nana.npy,22,114,10270.0
Betula_nana.npy,23,114,10270.0
Betula_nana.npy,24,114,10270.0
Betula_nana.npy,25,114,10270.0
Betula_nana.npy,26,114,10270.0
Betula_nana.npy,27,114,10270.0
Betula_nana.npy,28,114,10270.0
Betula_papyrifera.npy,0,1174,632016.0
Betula_papyrifera.npy,1,1145,632306.0
Betula_papyrifera.npy,2,1126,632496.0
Betula_papyrifera.npy,3,1126,632496.0
Betula_papyrifera.npy,4,1103,632726.0
Betula_papyrifera.npy,5,1103,632726.0
Betula_papyrifera.npy,6,1103,632726.0
Betula_papyrifera.npy,7,1103,632726.0
Betula_papyrifera.npy,8,1103,632726.0
Betula_papyrifera.npy,9,1103,632726.0
Betula_papyrifera.npy,10,1084,632916.0
Betula_papyrifera.npy,11,1084,632916.0
Betula_papyrifera.npy,12,1084,632916.0
Betula_papyrifera.npy,13,1084,632916.0
Betula_papyrifera.npy,14,1084,632916.0
Betula_papyrifera.npy,15,1067,633086.0
Betula_papyrifera.npy,16,1067,633086.0
Betula_papyrifera.npy,17,1067,633086.0
Betula_papyrifera.npy,18,1067,633086.0
Betula_papyrifera.npy,19,1063,633126.0
Betula_papyrifera.npy,20,1063,633126.0
Betula_papyrifera.npy,21,1063,633126.0
Betula_papyrifera.npy,22,1063,633126.0
Betula_papyrifera.npy,23,1063,633126.0
Betula_papyrifera.npy,24,1056,633196.0
Betula_papyrifera.npy,25,1056,633196.0
Betula_papyrifera.npy,26,1056,633196.0
Betula_papyrifera.npy,27,1056,633196.0
Betula_papyrifera.npy,28,1056,633196.0
Betula_papyrifera.npy,29,1056,633196.0
Betula_papyrifera.npy,30,1056,633196.0
Betula_pendula.npy,0,386,86294.0
Betula_pendula.npy,1,376,86394.0
Betula_pendula.npy,2,368,86474.0
Betula_pendula.npy,3,368,86474.0
Betula_pendula.npy,4,357,86584.0
Betula_pendula.npy,5,357,86584.0
Betula_pendula.npy,6,351,86644.0
Betula_pendula.npy,7,351,86644.0
Betula_pendula.npy,8,350,86654.0
Betula_pendula.npy,9,346,86694.0
Betula_pendula.npy,10,346,86694.0
Betula_pendula.npy,11,346,86694.0
Betula_pendula.npy,12,346,86694.0
Betula_pendula.npy,13,346,86694.0
Betula_pendula.npy,14,345,86704.0
Betula_pendula.npy,15,345,86704.0
Betula_pendula.npy,16,345,86704.0
Betula_pendula.npy,17,345,86704.0
Betula_pendula.npy,18,345,86704.0
Betula_pendula.npy,19,345,86704.0
Betula_pendula.npy,20,345,86704.0
Betula_pubescens.npy,0,393,120836.0
Betula_pubescens.npy,1,375,121016.0
Betula_pubescens.npy,2,375,121016.0
Betula_pubescens.npy,3,369,121076.0
Betula_pubescens.npy,4,369,121076.0
Betula_pubescens.npy,5,366,121106.0
Betula_pubescens.npy,6,365,121116.0
Betula_pubescens.npy,7,365,121116.0
Betula_pubescens.npy,8,365,121116.0
Betula_pubescens.npy,9,364,121126.0
Betula_pubescens.npy,10,364,121126.0
Betula_pubescens.npy,11,362,121146.0
Betula_pubescens.npy,12,362,121146.0
Betula_pubescens.npy,13,362,121146.0
Betula_pubescens.npy,14,362,121146.0
Betula_pubescens.npy,15,362,121146.0
Betula_pubescens.npy,16,362,121146.0
Betula_pubescens.npy,17,362,121146.0
Buddleja_davidii.npy,0,1271,480372.0
Buddleja_davidii.npy,1,988,483202.0
Buddleja_davidii.npy,2,988,483202.0
Buddleja_davidii.npy,3,988,483202.0
Buddleja_davidii.npy,4,988,483202.0
Buddleja_davidii.npy,5,903,484052.0
Buddleja_davidii.npy,6,903,484052.0
Buddleja_davidii.npy,7,903,484052.0
Buddleja_davidii.npy,8,903,484052.0
Buddleja_davidii.npy,9,903,484052.0
Buddleja_davidii.npy,10,903,484052.0
Buddleja_davidii.npy,11,903,484052.0
Buxus_sempervirens.npy,0,160,34067.0
Buxus_sempervirens.npy,1,158,34087.0
Buxus_sempervirens.npy,2,158,34087.0
Buxus_sempervirens.npy,3,158,34087.0
Buxus_sempervirens.npy,4,158,34087.0
Buxus_sempervirens.npy,5,158,34087.0
Buxus_sempervirens.npy,6,158,34087.0
Buxus_sempervirens.npy,7,157,34097.0
Buxus_sempervirens.npy,8,157,34097.0
Buxus_sempervirens.npy,9,157,34097.0
Buxus_sempervirens.npy,10,157,34097.0
Buxus_sempervirens.npy,11,157,34097.0
Buxus_sempervirens.npy,12,157,34097.0
Buxus_sempervirens.npy,13,157,34097.0
Caragana_arborescens.npy,0,150,35119.0
Caragana_arborescens.npy,1,148,35139.0
Caragana_arborescens.npy,2,148,35139.0
Caragana_arborescens.npy,3,147,35149.0
Caragana_arborescens.npy,4,147,35149.0
Caragana_arborescens.npy,5,146,35159.0
Caragana_arborescens.npy,6,146,35159.0
Caragana_arborescens.npy,7,146,35159.0
Caragana_arborescens.npy,8,146,35159.0
Caragana_arborescens.npy,9,146,35159.0
Caragana_arborescens.npy,10,146,35159.0
Caragana_arborescens.npy,11,146,35159.0
Carpinus_betulus.npy,0,722,406919.0
Carpinus_betulus.npy,1,722,406919.0
Carpinus_betulus.npy,2,722,406919.0
Carpinus_betulus.npy,3,714,406999.0
Carpinus_betulus.npy,4,706,407079.0
Carpinus_betulus.npy,5,647,407669.0
Carpinus_betulus.npy,6,647,407669.0
Carpinus_betulus.npy,7,647,407669.0
Carpinus_betulus.npy,8,647,407669.0
Carpinus_betulus.npy,9,647,407669.0
Carpinus_betulus.npy,10,644,407699.0
Carpinus_betulus.npy,11,622,407919.0
Carpinus_betulus.npy,12,622,407919.0
Carpinus_betulus.npy,13,597,408169.0
Carpinus_betulus.npy,14,597,408169.0
Carpinus_betulus.npy,15,597,408169.0
Carpinus_betulus.npy,16,595,408189.0
Carpinus_betulus.npy,17,595,408189.0
Carpinus_betulus.npy,18,595,408189.0
Carpinus_betulus.npy,19,587,408269.0
Carpinus_betulus.npy,20,587,408269.0
Carpinus_betulus.npy,21,582,408319.0
Carpinus_betulus.npy,22,582,408319.0
Carpinus_betulus.npy,23,582,408319.0
Carpinus_betulus.npy,24,582,408319.0
Carpinus_betulus.npy,25,582,408319.0
Carpinus_betulus.npy,26,581,408329.0
Carpinus_betulus.npy,27,581,408329.0
Carpinus_betulus.npy,28,581,408329.0
Carpinus_betulus.npy,29,581,408329.0
Carpinus_betulus.npy,30,581,408329.0
Carpinus_betulus.npy,31,581,408329.0
Carpinus_betulus.npy,32,581,408329.0
Carya_ovata.npy,0,924,1141422.0
Carya_ovata.npy,1,924,1141422.0
Carya_ovata.npy,2,922,1141442.0
Carya_ovata.npy,3,907,1141592.0
Carya_ovata.npy,4,907,1141592.0
Carya_ovata.npy,5,907,1141592.0
Carya_ovata.npy,6,902,1141642.0
Carya_ovata.npy,7,902,1141642.0
Carya_ovata.npy,8,892,1141742.0
Carya_ovata.npy,9,892,1141742.0
Carya_ovata.npy,10,892,1141742.0
Carya_ovata.npy,11,892,1141742.0
Carya_ovata.npy,12,891,1141752.0
Carya_ovata.npy,13,891,1141752.0
Carya_ovata.npy,14,891,1141752.0
Carya_ovata.npy,15,890,1141762.0
Carya_ovata.npy,16,890,1141762.0
Carya_ovata.npy,17,889,1141772.0
Carya_ovata.npy,18,889,1141772.0
Carya_ovata.npy,19,889,1141772.0
Carya_ovata.npy,20,889,1141772.0
Carya_ovata.npy,21,889,1141772.0
Carya_ovata.npy,22,889,1141772.0
Carya_ovata.npy,23,889,1141772.0
Castanea_sativa.npy,0,1661,5710518.0
Castanea_sativa.npy,1,991,5717218.0
Castanea_sativa.npy,2,991,5717218.0
Castanea_sativa.npy,3,991,5717218.0
Castanea_sativa.npy,4,991,5717218.0
Castanea_sativa.npy,5,990,5717228.0
Castanea_sativa.npy,6,990,5717228.0
Castanea_sativa.npy,7,990,5717228.0
Castanea_sativa.npy,8,990,5717228.0
Castanea_sativa.npy,9,990,5717228.0
Castanea_sativa.npy,10,990,5717228.0
Castanea_sativa.npy,11,990,5717228.0
Catalpa_bignonioides.npy,0,2029,2476185.0
Catalpa_bignonioides.npy,1,1939,2477085.0
Catalpa_bignonioides.npy,2,1939,2477085.0
Catalpa_bignonioides.npy,3,1881,2477665.0
Catalpa_bignonioides.npy,4,1881,2477665.0
Catalpa_bignonioides.npy,5,1881,2477665.0
Catalpa_bignonioides.npy,6,1881,2477665.0
Catalpa_bignonioides.npy,7,1849,2477985.0
Catalpa_bignonioides.npy,8,1849,2477985.0
Catalpa_bignonioides.npy,9,1849,2477985.0
Catalpa_bignonioides.npy,10,1849,2477985.0
Catalpa_bignonioides.npy,11,1843,2478045.0
Catalpa_bignonioides.npy,12,1843,2478045.0
Catalpa_bignonioides.npy,13,1843,2478045.0
Catalpa_bignonioides.npy,14,1843,2478045.0
Catalpa_bignonioides.npy,15,1837,2478105.0
Catalpa_bignonioides.npy,16,1837,2478105.0
Catalpa_bignonioides.npy,17,1837,2478105.0
Catalpa_bignonioides.npy,18,1833,2478145.0
Catalpa_bignonioides.npy,19,1832,2478155.0
Catalpa_bignonioides.npy,20,1832,2478155.0
Catalpa_bignonioides.npy,21,1832,2478155.0
Catalpa_bignonioides.npy,22,1831,2478165.0
Catalpa_bignonioides.npy,23,1831,2478165.0
Catalpa_bignonioides.npy,24,1827,2478205.0
Catalpa_bignonioides.npy,25,1827,2478205.0
Catalpa_bignonioides.npy,26,1827,2478205.0
Catalpa_bignonioides.npy,27,1827,2478205.0
Catalpa_bignonioides.npy,28,1827,2478205.0
Catalpa_bignonioides.npy,29,1826,2478215.0
Catalpa_bignonioides.npy,30,1826,2478215.0
Catalpa_bignonioides.npy,31,1826,2478215.0
Catalpa_bignonioides.npy,32,1825,2478225.0
Catalpa_bignonioides.npy,33,1825,2478225.0
Catalpa_bignonioides.npy,34,1825,2478225.0
Catalpa_bignonioides.npy,35,1825,2478225.0
Catalpa_bignonioides.npy,36,1825,2478225.0
Catalpa_bignonioides.npy,37,1825,2478225.0
Catalpa_bignonioides.npy,38,1825,2478225.0
Celtis_occidentalis.npy,0,690,400597.0
Celtis_occidentalis.npy,1,654,400957.0
Celtis_occidentalis.npy,2,652,400977.0
Celtis_occidentalis.npy,3,652,400977.0
Celtis_occidentalis.npy,4,652,400977.0
Celtis_occidentalis.npy,5,633,401167.0
Celtis_occidentalis.npy,6,633,401167.0
Celtis_occidentalis.npy,7,633,401167.0
Celtis_occidentalis.npy,8,623,401267.0
Celtis_occidentalis.npy,9,620,401297.0
Celtis_occidentalis.npy,10,620,401297.0
Celtis_occidentalis.npy,11,618,401317.0
Celtis_occidentalis.npy,12,618,401317.0
Celtis_occidentalis.npy,13,618,401317.0
Celtis_occidentalis.npy,14,617,401327.0
Celtis_occidentalis.npy,15,617,401327.0
Celtis_occidentalis.npy,16,615,401347.0
Celtis_occidentalis.npy,17,613,401367.0
Celtis_occidentalis.npy,18,613,401367.0
Celtis_occidentalis.npy,19,613,401367.0
Celtis_occidentalis.npy,20,611,401387.0
Celtis_occidentalis.npy,21,611,401387.0
Celtis_occidentalis.npy,22,611,401387.0
Celtis_occidentalis.npy,23,611,401387.0
Celtis_occidentalis.npy,24,611,401387.0
Celtis_occidentalis.npy,25,611,401387.0
Celtis_occidentalis.npy,26,610,401397.0
Celtis_occidentalis.npy,27,610,401397.0
Celtis_occidentalis.npy,28,610,401397.0
Celtis_occidentalis.npy,29,610,401397.0
Celtis_occidentalis.npy,30,610,401397.0
Celtis_occidentalis.npy,31,610,401397.0
Celtis_occidentalis.npy,32,610,401397.0
Cercidiphyllum_japonicum.npy,0,1061,464955.0
Cercidiphyllum_japonicum.npy,1,983,465735.0
Cercidiphyllum_japonicum.npy,2,983,465735.0
Cercidiphyllum_japonicum.npy,3,983,465735.0
Cercidiphyllum_japonicum.npy,4,926,466305.0
Cercidiphyllum_japonicum.npy,5,926,466305.0
Cercidiphyllum_japonicum.npy,6,926,466305.0
Cercidiphyllum_japonicum.npy,7,905,466515.0
Cercidiphyllum_japonicum.npy,8,905,466515.0
Cercidiphyllum_japonicum.npy,9,905,466515.0
Cercidiphyllum_japonicum.npy,10,888,466685.0
Cercidiphyllum_japonicum.npy,11,880,466765.0
Cercidiphyllum_japonicum.npy,12,880,466765.0
Cercidiphyllum_japonicum.npy,13,862,466945.0
Cercidiphyllum_japonicum.npy,14,862,466945.0
Cercidiphyllum_japonicum.npy,15,862,466945.0
Cercidiphyllum_japonicum.npy,16,862,466945.0
Cercidiphyllum_japonicum.npy,17,862,466945.0
Cercidiphyllum_japonicum.npy,18,862,466945.0
Cercidiphyllum_japonicum.npy,19,862,466945.0
Cercis_siliquastrum.npy,0,1318,1026359.0
Cercis_siliquastrum.npy,1,1214,1027399.0
Cercis_siliquastrum.npy,2,1214,1027399.0
Cercis_siliquastrum.npy,3,1214,1027399.0
Cercis_siliquastrum.npy,4,1160,1027939.0
Cercis_siliquastrum.npy,5,1160,1027939.0
Cercis_siliquastrum.npy,6,1160,1027939.0
Cercis_siliquastrum.npy,7,1160,1027939.0
Cercis_siliquastrum.npy,8,1160,1027939.0
Cercis_siliquastrum.npy,9,1156,1027979.0
Cercis_siliquastrum.npy,10,1156,1027979.0
Cercis_siliquastrum.npy,11,1144,1028099.0
Cercis_siliquastrum.npy,12,1144,1028099.0
Cercis_siliquastrum.npy,13,1143,1028109.0
Cercis_siliquastrum.npy,14,1136,1028179.0
Cercis_siliquastrum.npy,15,1136,1028179.0
Cercis_siliquastrum.npy,16,1136,1028179.0
Cercis_siliquastrum.npy,17,1135,1028189.0
Cercis_siliquastrum.npy,18,1135,1028189.0
Cercis_siliquastrum.npy,19,1133,1028209.0
Cercis_siliquastrum.npy,20,1133,1028209.0
Cercis_siliquastrum.npy,21,1130,1028239.0
Cercis_siliquastrum.npy,22,1130,1028239.0
Cercis_siliquastrum.npy,23,1128,1028259.0
Cercis_siliquastrum.npy,24,1126,1028279.0
Cercis_siliquastrum.npy,25,1126,1028279.0
Cercis_siliquastrum.npy,26,1126,1028279.0
Cercis_siliquastrum.npy,27,1126,1028279.0
Cercis_siliquastrum.npy,28,1126,1028279.0
Cercis_siliquastrum.npy,29,1126,1028279.0
Cercis_siliquastrum.npy,30,1126,1028279.0
Chaenomeles_japonica.npy,0,642,698108.0
Chaenomeles_japonica.npy,1,464,699888.0
Chaenomeles_japonica.npy,2,464,699888.0
Chaenomeles_japonica.npy,3,464,699888.0
Chaenomeles_japonica.npy,4,375,700778.0
Chaenomeles_japonica.npy,5,375,700778.0
Chaenomeles_japonica.npy,6,375,700778.0
Chaenomeles_japonica.npy,7,375,700778.0
Chaenomeles_japonica.npy,8,375,700778.0
Chaenomeles_japonica.npy,9,337,701158.0
Chaenomeles_japonica.npy,10,337,701158.0
Chaenomeles_japonica.npy,11,337,701158.0
Chaenomeles_japonica.npy,12,337,701158.0
Chaenomeles_japonica.npy,13,337,701158.0
Chaenomeles_japonica.npy,14,337,701158.0
Chaenomeles_japonica.npy,15,337,701158.0
Clematis_vitalba.npy,0,1182,479708.0
Clematis_vitalba.npy,1,1118,480348.0
Clematis_vitalba.npy,2,1118,480348.0
Clematis_vitalba.npy,3,1091,480618.0
Clematis_vitalba.npy,4,1091,480618.0
Clematis_vitalba.npy,5,1091,480618.0
Clematis_vitalba.npy,6,1091,480618.0
Clematis_vitalba.npy,7,1090,480628.0
Clematis_vitalba.npy,8,1064,480888.0
Clematis_vitalba.npy,9,1064,480888.0
Clematis_vitalba.npy,10,1064,480888.0
Clematis_vitalba.npy,11,1059,480938.0
Clematis_vitalba.npy,12,1056,480968.0
Clematis_vitalba.npy,13,1050,481028.0
Clematis_vitalba.npy,14,1044,481088.0
Clematis_vitalba.npy,15,1044,481088.0
Clematis_vitalba.npy,16,1044,481088.0
Clematis_vitalba.npy,17,1044,481088.0
Clematis_vitalba.npy,18,1042,481108.0
Clematis_vitalba.npy,19,1042,481108.0
Clematis_vitalba.npy,20,1042,481108.0
Clematis_vitalba.npy,21,1042,481108.0
Clematis_vitalba.npy,22,1042,481108.0
Clematis_vitalba.npy,23,1039,481138.0
Clematis_vitalba.npy,24,1039,481138.0
Clematis_vitalba.npy,25,1038,481148.0
Clematis_vitalba.npy,26,1038,481148.0
Clematis_vitalba.npy,27,1038,481148.0
Clematis_vitalba.npy,28,1038,481148.0
Clematis_vitalba.npy,29,1036,481168.0
Clematis_vitalba.npy,30,1036,481168.0
Clematis_vitalba.npy,31,1036,481168.0
Clematis_vitalba.npy,32,1036,481168.0
Clematis_vitalba.npy,33,1036,481168.0
Clematis_vitalba.npy,34,1035,481178.0
Clematis_vitalba.npy,35,1035,481178.0
Clematis_vitalba.npy,36,1035,481178.0
Clematis_vitalba.npy,37,1035,481178.0
Clematis_vitalba.npy,38,1035,481178.0
Clematis_vitalba.npy,39,1035,481178.0
Clematis_vitalba.npy,40,1035,481178.0
Colutea_arborescens.npy,0,284,78971.0
Colutea_arborescens.npy,1,266,79151.0
Colutea_arborescens.npy,2,256,79251.0
Colutea_arborescens.npy,3,256,79251.0
Colutea_arborescens.npy,4,256,79251.0
Colutea_arborescens.npy,5,256,79251.0
Colutea_arborescens.npy,6,255,79261.0
Colutea_arborescens.npy,7,255,79261.0
Colutea_arborescens.npy,8,255,79261.0
Colutea_arborescens.npy,9,254,79271.0
Colutea_arborescens.npy,10,253,79281.0
Colutea_arborescens.npy,11,253,79281.0
Colutea_arborescens.npy,12,253,79281.0
Colutea_arborescens.npy,13,252,79291.0
Colutea_arborescens.npy,14,252,79291.0
Colutea_arborescens.npy,15,252,79291.0
Colutea_arborescens.npy,16,252,79291.0
Colutea_arborescens.npy,17,252,79291.0
Colutea_arborescens.npy,18,252,79291.0
Colutea_arborescens.npy,19,252,79291.0
Cornus_alba.npy,0,1093,1242356.0
Cornus_alba.npy,1,1053,1242756.0
Cornus_alba.npy,2,1048,1242806.0
Cornus_alba.npy,3,1048,1242806.0
Cornus_alba.npy,4,1044,1242846.0
Cornus_alba.npy,5,1036,1242926.0
Cornus_alba.npy,6,1034,1242946.0
Cornus_alba.npy,7,1030,1242986.0
Cornus_alba.npy,8,1030,1242986.0
Cornus_alba.npy,9,1030,1242986.0
Cornus_alba.npy,10,1030,1242986.0
Cornus_alba.npy,11,1030,1242986.0
Cornus_alba.npy,12,1027,1243016.0
Cornus_alba.npy,13,1027,1243016.0
Cornus_alba.npy,14,1027,1243016.0
Cornus_alba.npy,15,1024,1243046.0
Cornus_alba.npy,16,1024,1243046.0
Cornus_alba.npy,17,1023,1243056.0
Cornus_alba.npy,18,1023,1243056.0
Cornus_alba.npy,19,1023,1243056.0
Cornus_alba.npy,20,1023,1243056.0
Cornus_alba.npy,21,1023,1243056.0
Cornus_alba.npy,22,1023,1243056.0
Cornus_alba.npy,23,1023,1243056.0
Cornus_mas.npy,0,534,278798.0
Cornus_mas.npy,1,531,278828.0
Cornus_mas.npy,2,531,278828.0
Cornus_mas.npy,3,531,278828.0
Cornus_mas.npy,4,531,278828.0
Cornus_mas.npy,5,529,278848.0
Cornus_mas.npy,6,529,278848.0
Cornus_mas.npy,7,529,278848.0
Cornus_mas.npy,8,529,278848.0
Cornus_mas.npy,9,529,278848.0
Cornus_mas.npy,10,529,278848.0
Cornus_mas.npy,11,529,278848.0
Cornus_sanguinea.npy,0,307,102949.0
Cornus_sanguinea.npy,1,301,103009.0
Cornus_sanguinea.npy,2,301,103009.0
Cornus_sanguinea.npy,3,301,103009.0
Cornus_sanguinea.npy,4,299,103029.0
Cornus_sanguinea.npy,5,298,103039.0
Cornus_sanguinea.npy,6,296,103059.0
Cornus_sanguinea.npy,7,296,103059.0
Cornus_sanguinea.npy,8,296,103059.0
Cornus_sanguinea.npy,9,296,103059.0
Cornus_sanguinea.npy,10,296,103059.0
Cornus_sanguinea.npy,11,296,103059.0
Cornus_sanguinea.npy,12,296,103059.0
Corylus_avellana.npy,0,2008,1692452.0
Corylus_avellana.npy,1,1931,1693222.0
Corylus_avellana.npy,2,1931,1693222.0
Corylus_avellana.npy,3,1736,1695172.0
Corylus_avellana.npy,4,1679,1695742.0
Corylus_avellana.npy,5,1679,1695742.0
Corylus_avellana.npy,6,1679,1695742.0
Corylus_avellana.npy,7,1679,1695742.0
Corylus_avellana.npy,8,1679,1695742.0
Corylus_avellana.npy,9,1679,1695742.0
Corylus_avellana.npy,10,1679,1695742.0
Corylus_colurna.npy,0,1831,1421386.0
Corylus_colurna.npy,1,1612,1423576.0
Corylus_colurna.npy,2,1582,1423876.0
Corylus_colurna.npy,3,1582,1423876.0
Corylus_colurna.npy,4,1582,1423876.0
Corylus_colurna.npy,5,1582,1423876.0
Corylus_colurna.npy,6,1582,1423876.0
Corylus_colurna.npy,7,1582,1423876.0
Corylus_colurna.npy,8,1560,1424096.0
Corylus_colurna.npy,9,1560,1424096.0
Corylus_colurna.npy,10,1497,1424726.0
Corylus_colurna.npy,11,1497,1424726.0
Corylus_colurna.npy,12,1484,1424856.0
Corylus_colurna.npy,13,1484,1424856.0
Corylus_colurna.npy,14,1484,1424856.0
Corylus_colurna.npy,15,1484,1424856.0
Corylus_colurna.npy,16,1463,1425066.0
Corylus_colurna.npy,17,1463,1425066.0
Corylus_colurna.npy,18,1463,1425066.0
Corylus_colurna.npy,19,1463,1425066.0
Corylus_colurna.npy,20,1463,1425066.0
Corylus_colurna.npy,21,1463,1425066.0
Corylus_colurna.npy,22,1463,1425066.0
Corylus_maxima.npy,0,1604,772664.0
Corylus_maxima.npy,1,1374,774964.0
Corylus_maxima.npy,2,1325,775454.0
Corylus_maxima.npy,3,1166,777044.0
Corylus_maxima.npy,4,1105,777654.0
Corylus_maxima.npy,5,1105,777654.0
Corylus_maxima.npy,6,1105,777654.0
Corylus_maxima.npy,7,1105,777654.0
Corylus_maxima.npy,8,1066,778044.0
Corylus_maxima.npy,9,1066,778044.0
Corylus_maxima.npy,10,1038,778324.0
Corylus_maxima.npy,11,1038,778324.0
Corylus_maxima.npy,12,1038,778324.0
Corylus_maxima.npy,13,1009,778614.0
Corylus_maxima.npy,14,1009,778614.0
Corylus_maxima.npy,15,999,778714.0
Corylus_maxima.npy,16,999,778714.0
Corylus_maxima.npy,17,999,778714.0
Corylus_maxima.npy,18,999,778714.0
Corylus_maxima.npy,19,994,778764.0
Corylus_maxima.npy,20,981,778894.0
Corylus_maxima.npy,21,980,778904.0
Corylus_maxima.npy,22,980,778904.0
Corylus_maxima.npy,23,980,778904.0
Corylus_maxima.npy,24,980,778904.0
Corylus_maxima.npy,25,980,778904.0
Corylus_maxima.npy,26,980,778904.0
Corylus_maxima.npy,27,976,778944.0
Corylus_maxima.npy,28,974,778964.0
Corylus_maxima.npy,29,973,778974.0
Corylus_maxima.npy,30,971,778994.0
Corylus_maxima.npy,31,971,778994.0
Corylus_maxima.npy,32,969,779014.0
Corylus_maxima.npy,33,965,779054.0
Corylus_maxima.npy,34,965,779054.0
Corylus_maxima.npy,35,965,779054.0
Corylus_maxima.npy,36,965,779054.0
Corylus_maxima.npy,37,965,779054.0
Corylus_maxima.npy,38,963,779074.0
Corylus_maxima.npy,39,963,779074.0
Corylus_maxima.npy,40,961,779094.0
Corylus_maxima.npy,41,961,779094.0
Corylus_maxima.npy,42,961,779094.0
Corylus_maxima.npy,43,961,779094.0
Corylus_maxima.npy,44,961,779094.0
Corylus_maxima.npy,45,961,779094.0
Corylus_maxima.npy,46,961,779094.0
Cotinus_coggygria.npy,0,899,627255.0
Cotinus_coggygria.npy,1,850,627745.0
Cotinus_coggygria.npy,2,850,627745.0
Cotinus_coggygria.npy,3,834,627905.0
Cotinus_coggygria.npy,4,817,628075.0
Cotinus_coggygria.npy,5,816,628085.0
Cotinus_coggygria.npy,6,786,628385.0
Cotinus_coggygria.npy,7,786,628385.0
Cotinus_coggygria.npy,8,786,628385.0
Cotinus_coggygria.npy,9,786,628385.0
Cotinus_coggygria.npy,10,785,628395.0
Cotinus_coggygria.npy,11,785,628395.0
Cotinus_coggygria.npy,12,785,628395.0
Cotinus_coggygria.npy,13,782,628425.0
Cotinus_coggygria.npy,14,782,628425.0
Cotinus_coggygria.npy,15,782,628425.0
Cotinus_coggygria.npy,16,782,628425.0
Cotinus_coggygria.npy,17,782,628425.0
Cotinus_coggygria.npy,18,782,628425.0
Cotinus_coggygria.npy,19,782,628425.0
Cotoneaster_horizontalis.npy,0,124,20224.0
Cotoneaster_horizontalis.npy,1,122,20244.0
Cotoneaster_horizontalis.npy,2,120,20264.0
Cotoneaster_horizontalis.npy,3,120,20264.0
Cotoneaster_horizontalis.npy,4,120,20264.0
Cotoneaster_horizontalis.npy,5,120,20264.0
Cotoneaster_horizontalis.npy,6,120,20264.0
Cotoneaster_horizontalis.npy,7,120,20264.0
Cotoneaster_horizontalis.npy,8,120,20264.0
Cotoneaster_integerrimus.npy,0,195,36689.0
Cotoneaster_integerrimus.npy,1,195,36689.0
Cotoneaster_integerrimus.npy,2,190,36739.0
Cotoneaster_integerrimus.npy,3,190,36739.0
Cotoneaster_integerrimus.npy,4,190,36739.0
Cotoneaster_integerrimus.npy,5,189,36749.0
Cotoneaster_integerrimus.npy,6,189,36749.0
Cotoneaster_integerrimus.npy,7,189,36749.0
Cotoneaster_integerrimus.npy,8,188,36759.0
Cotoneaster_integerrimus.npy,9,188,36759.0
Cotoneaster_integerrimus.npy,10,188,36759.0
Cotoneaster_integerrimus.npy,11,188,36759.0
Cotoneaster_integerrimus.npy,12,188,36759.0
Cotoneaster_integerrimus.npy,13,188,36759.0
Cotoneaster_integerrimus.npy,14,188,36759.0
Crataegus_monogyna.npy,0,367,66101.0
Crataegus_monogyna.npy,1,358,66191.0
Crataegus_monogyna.npy,2,357,66201.0
Crataegus_monogyna.npy,3,353,66241.0
Crataegus_monogyna.npy,4,353,66241.0
Crataegus_monogyna.npy,5,350,66271.0
Crataegus_monogyna.npy,6,349,66281.0
Crataegus_monogyna.npy,7,348,66291.0
Crataegus_monogyna.npy,8,348,66291.0
Crataegus_monogyna.npy,9,348,66291.0
Crataegus_monogyna.npy,10,348,66291.0
Crataegus_monogyna.npy,11,348,66291.0
Crataegus_monogyna.npy,12,348,66291.0
Crataegus_monogyna.npy,13,348,66291.0
Cydonia_oblonga.npy,0,769,509120.0
Cydonia_oblonga.npy,1,769,509120.0
Cydonia_oblonga.npy,2,766,509150.0
Cydonia_oblonga.npy,3,741,509400.0
Cydonia_oblonga.npy,4,741,509400.0
Cydonia_oblonga.npy,5,741,509400.0
Cydonia_oblonga.npy,6,717,509640.0
Cydonia_oblonga.npy,7,717,509640.0
Cydonia_oblonga.npy,8,706,509750.0
Cydonia_oblonga.npy,9,706,509750.0
Cydonia_oblonga.npy,10,706,509750.0
Cydonia_oblonga.npy,11,696,509850.0
Cydonia_oblonga.npy,12,696,509850.0
Cydonia_oblonga.npy,13,696,509850.0
Cydonia_oblonga.npy,14,696,509850.0
Cydonia_oblonga.npy,15,694,509870.0
Cydonia_oblonga.npy,16,689,509920.0
Cydonia_oblonga.npy,17,689,509920.0
Cydonia_oblonga.npy,18,686,509950.0
Cydonia_oblonga.npy,19,686,509950.0
Cydonia_oblonga.npy,20,684,509970.0
Cydonia_oblonga.npy,21,684,509970.0
Cydonia_oblonga.npy,22,684,509970.0
Cydonia_oblonga.npy,23,684,509970.0
Cydonia_oblonga.npy,24,684,509970.0
Cydonia_oblonga.npy,25,682,509990.0
Cydonia_oblonga.npy,26,682,509990.0
Cydonia_oblonga.npy,27,682,509990.0
Cydonia_oblonga.npy,28,682,509990.0
Cydonia_oblonga.npy,29,682,509990.0
Cydonia_oblonga.npy,30,682,509990.0
Cydonia_oblonga.npy,31,682,509990.0
Daphne_mezereum.npy,0,270,151248.0
Daphne_mezereum.npy,1,270,151248.0
Daphne_mezereum.npy,2,270,151248.0
Daphne_mezereum.npy,3,270,151248.0
Daphne_mezereum.npy,4,268,151268.0
Daphne_mezereum.npy,5,268,151268.0
Daphne_mezereum.npy,6,268,151268.0
Daphne_mezereum.npy,7,268,151268.0
Daphne_mezereum.npy,8,268,151268.0
Daphne_mezereum.npy,9,268,151268.0
Daphne_mezereum.npy,10,268,151268.0
Deutzia_scabra.npy,0,310,123034.0
Deutzia_scabra.npy,1,304,123094.0
Deutzia_scabra.npy,2,304,123094.0
Deutzia_scabra.npy,3,304,123094.0
Deutzia_scabra.npy,4,304,123094.0
Deutzia_scabra.npy,5,304,123094.0
Deutzia_scabra.npy,6,304,123094.0
Deutzia_scabra.npy,7,303,123104.0
Deutzia_scabra.npy,8,303,123104.0
Deutzia_scabra.npy,9,303,123104.0
Deutzia_scabra.npy,10,303,123104.0
Deutzia_scabra.npy,11,303,123104.0
Deutzia_scabra.npy,12,303,123104.0
Deutzia_scabra.npy,13,303,123104.0
Elaeagnus_angustifolia.npy,0,253,126371.0
Elaeagnus_angustifolia.npy,1,253,126371.0
Elaeagnus_angustifolia.npy,2,252,126381.0
Elaeagnus_angustifolia.npy,3,244,126461.0
Elaeagnus_angustifolia.npy,4,244,126461.0
Elaeagnus_angustifolia.npy,5,244,126461.0
Elaeagnus_angustifolia.npy,6,244,126461.0
Elaeagnus_angustifolia.npy,7,242,126481.0
Elaeagnus_angustifolia.npy,8,241,126491.0
Elaeagnus_angustifolia.npy,9,237,126531.0
Elaeagnus_angustifolia.npy,10,237,126531.0
Elaeagnus_angustifolia.npy,11,237,126531.0
Elaeagnus_angustifolia.npy,12,237,126531.0
Elaeagnus_angustifolia.npy,13,235,126551.0
Elaeagnus_angustifolia.npy,14,235,126551.0
Elaeagnus_angustifolia.npy,15,235,126551.0
Elaeagnus_angustifolia.npy,16,235,126551.0
Elaeagnus_angustifolia.npy,17,235,126551.0
Elaeagnus_angustifolia.npy,18,235,126551.0
Elaeagnus_angustifolia.npy,19,235,126551.0
Euonymus_europaea.npy,0,580,358268.0
Euonymus_europaea.npy,1,554,358528.0
Euonymus_europaea.npy,2,554,358528.0
Euonymus_europaea.npy,3,554,358528.0
Euonymus_europaea.npy,4,554,358528.0
Euonymus_europaea.npy,5,547,358598.0
Euonymus_europaea.npy,6,547,358598.0
Euonymus_europaea.npy,7,547,358598.0
Euonymus_europaea.npy,8,547,358598.0
Euonymus_europaea.npy,9,547,358598.0
Euonymus_europaea.npy,10,545,358618.0
Euonymus_europaea.npy,11,544,358628.0
Euonymus_europaea.npy,12,542,358648.0
Euonymus_europaea.npy,13,538,358688.0
Euonymus_europaea.npy,14,538,358688.0
Euonymus_europaea.npy,15,538,358688.0
Euonymus_europaea.npy,16,538,358688.0
Euonymus_europaea.npy,17,536,358708.0
Euonymus_europaea.npy,18,536,358708.0
Euonymus_europaea.npy,19,536,358708.0
Euonymus_europaea.npy,20,536,358708.0
Euonymus_europaea.npy,21,536,358708.0
Euonymus_europaea.npy,22,536,358708.0
Euonymus_europaea.npy,23,536,358708.0
Euonymus_verrucosa.npy,0,413,173719.0
Euonymus_verrucosa.npy,1,399,173859.0
Euonymus_verrucosa.npy,2,396,173889.0
Euonymus_verrucosa.npy,3,396,173889.0
Euonymus_verrucosa.npy,4,396,173889.0
Euonymus_verrucosa.npy,5,395,173899.0
Euonymus_verrucosa.npy,6,395,173899.0
Euonymus_verrucosa.npy,7,393,173919.0
Euonymus_verrucosa.npy,8,391,173939.0
Euonymus_verrucosa.npy,9,387,173979.0
Euonymus_verrucosa.npy,10,387,173979.0
Euonymus_verrucosa.npy,11,387,173979.0
Euonymus_verrucosa.npy,12,387,173979.0
Euonymus_verrucosa.npy,13,387,173979.0
Euonymus_verrucosa.npy,14,384,174009.0
Euonymus_verrucosa.npy,15,384,174009.0
Euonymus_verrucosa.npy,16,384,174009.0
Euonymus_verrucosa.npy,17,384,174009.0
Euonymus_verrucosa.npy,18,384,174009.0
Euonymus_verrucosa.npy,19,384,174009.0
Euonymus_verrucosa.npy,20,384,174009.0
Fagus_sylvatica.npy,0,921,753229.0
Fagus_sylvatica.npy,1,904,753399.0
Fagus_sylvatica.npy,2,904,753399.0
Fagus_sylvatica.npy,3,904,753399.0
Fagus_sylvatica.npy,4,904,753399.0
Fagus_sylvatica.npy,5,902,753419.0
Fagus_sylvatica.npy,6,896,753479.0
Fagus_sylvatica.npy,7,892,753519.0
Fagus_sylvatica.npy,8,888,753559.0
Fagus_sylvatica.npy,9,888,753559.0
Fagus_sylvatica.npy,10,888,753559.0
Fagus_sylvatica.npy,11,888,753559.0
Fagus_sylvatica.npy,12,887,753569.0
Fagus_sylvatica.npy,13,885,753589.0
Fagus_sylvatica.npy,14,885,753589.0
Fagus_sylvatica.npy,15,884,753599.0
Fagus_sylvatica.npy,16,884,753599.0
Fagus_sylvatica.npy,17,884,753599.0
Fagus_sylvatica.npy,18,884,753599.0
Fagus_sylvatica.npy,19,883,753609.0
Fagus_sylvatica.npy,20,883,753609.0
Fagus_sylvatica.npy,21,883,753609.0
Fagus_sylvatica.npy,22,882,753619.0
Fagus_sylvatica.npy,23,882,753619.0
Fagus_sylvatica.npy,24,882,753619.0
Fagus_sylvatica.npy,25,882,753619.0
Fagus_sylvatica.npy,26,882,753619.0
Fagus_sylvatica.npy,27,882,753619.0
Fagus_sylvatica.npy,28,882,753619.0
Fallopia_aubertii.npy,0,360,117787.0
Fallopia_aubertii.npy,1,353,117857.0
Fallopia_aubertii.npy,2,353,117857.0
Fallopia_aubertii.npy,3,353,117857.0
Fallopia_aubertii.npy,4,353,117857.0
Fallopia_aubertii.npy,5,350,117887.0
Fallopia_aubertii.npy,6,350,117887.0
Fallopia_aubertii.npy,7,350,117887.0
Fallopia_aubertii.npy,8,350,117887.0
Fallopia_aubertii.npy,9,347,117917.0
Fallopia_aubertii.npy,10,345,117937.0
Fallopia_aubertii.npy,11,345,117937.0
Fallopia_aubertii.npy,12,345,117937.0
Fallopia_aubertii.npy,13,344,117947.0
Fallopia_aubertii.npy,14,344,117947.0
Fallopia_aubertii.npy,15,343,117957.0
Fallopia_aubertii.npy,16,343,117957.0
Fallopia_aubertii.npy,17,343,117957.0
Fallopia_aubertii.npy,18,343,117957.0
Fallopia_aubertii.npy,19,343,117957.0
Fallopia_aubertii.npy,20,343,117957.0
Fallopia_aubertii.npy,21,343,117957.0
Ficus_carica.npy,0,2131,1395398.0
Ficus_carica.npy,1,2131,1395398.0
Ficus_carica.npy,2,2131,1395398.0
Ficus_carica.npy,3,2055,1396158.0
Ficus_carica.npy,4,2055,1396158.0
Ficus_carica.npy,5,2055,1396158.0
Ficus_carica.npy,6,1954,1397168.0
Ficus_carica.npy,7,1954,1397168.0
Ficus_carica.npy,8,1918,1397528.0
Ficus_carica.npy,9,1918,1397528.0
Ficus_carica.npy,10,1918,1397528.0
Ficus_carica.npy,11,1881,1397898.0
Ficus_carica.npy,12,1881,1397898.0
Ficus_carica.npy,13,1881,1397898.0
Ficus_carica.npy,14,1870,1398008.0
Ficus_carica.npy,15,1869,1398018.0
Ficus_carica.npy,16,1869,1398018.0
Ficus_carica.npy,17,1860,1398108.0
Ficus_carica.npy,18,1860,1398108.0
Ficus_carica.npy,19,1860,1398108.0
Ficus_carica.npy,20,1845,1398258.0
Ficus_carica.npy,21,1845,1398258.0
Ficus_carica.npy,22,1841,1398298.0
Ficus_carica.npy,23,1841,1398298.0
Ficus_carica.npy,24,1841,1398298.0
Ficus_carica.npy,25,1841,1398298.0
Ficus_carica.npy,26,1823,1398478.0
Ficus_carica.npy,27,1823,1398478.0
Ficus_carica.npy,28,1823,1398478.0
Ficus_carica.npy,29,1823,1398478.0
Ficus_carica.npy,30,1822,1398488.0
Ficus_carica.npy,31,1822,1398488.0
Ficus_carica.npy,32,1822,1398488.0
Ficus_carica.npy,33,1820,1398508.0
Ficus_carica.npy,34,1820,1398508.0
Ficus_carica.npy,35,1819,1398518.0
Ficus_carica.npy,36,1818,1398528.0
Ficus_carica.npy,37,1818,1398528.0
Ficus_carica.npy,38,1818,1398528.0
Ficus_carica.npy,39,1818,1398528.0
Ficus_carica.npy,40,1816,1398548.0
Ficus_carica.npy,41,1816,1398548.0
Ficus_carica.npy,42,1816,1398548.0
Ficus_carica.npy,43,1816,1398548.0
Ficus_carica.npy,44,1816,1398548.0
Ficus_carica.npy,45,1816,1398548.0
Ficus_carica.npy,46,1816,1398548.0
Forsythia_intermedia.npy,0,426,156249.0
Forsythia_intermedia.npy,1,426,156249.0
Forsythia_intermedia.npy,2,425,156259.0
Forsythia_intermedia.npy,3,425,156259.0
Forsythia_intermedia.npy,4,425,156259.0
Forsythia_intermedia.npy,5,425,156259.0
Forsythia_intermedia.npy,6,425,156259.0
Forsythia_intermedia.npy,7,424,156269.0
Forsythia_intermedia.npy,8,424,156269.0
Forsythia_intermedia.npy,9,424,156269.0
Forsythia_intermedia.npy,10,424,156269.0
Forsythia_intermedia.npy,11,424,156269.0
Forsythia_intermedia.npy,12,424,156269.0
Forsythia_intermedia.npy,13,424,156269.0
Frangula_alnus.npy,0,449,172608.0
Frangula_alnus.npy,1,436,172738.0
Frangula_alnus.npy,2,436,172738.0
Frangula_alnus.npy,3,436,172738.0
Frangula_alnus.npy,4,434,172758.0
Frangula_alnus.npy,5,434,172758.0
Frangula_alnus.npy,6,429,172808.0
Frangula_alnus.npy,7,428,172818.0
Frangula_alnus.npy,8,428,172818.0
Frangula_alnus.npy,9,428,172818.0
Frangula_alnus.npy,10,427,172828.0
Frangula_alnus.npy,11,426,172838.0
Frangula_alnus.npy,12,426,172838.0
Frangula_alnus.npy,13,426,172838.0
Frangula_alnus.npy,14,426,172838.0
Frangula_alnus.npy,15,426,172838.0
Frangula_alnus.npy,16,426,172838.0
Frangula_alnus.npy,17,426,172838.0
Fraxinus_excelsior.npy,0,800,610386.0
Fraxinus_excelsior.npy,1,791,610476.0
Fraxinus_excelsior.npy,2,760,610786.0
Fraxinus_excelsior.npy,3,760,610786.0
Fraxinus_excelsior.npy,4,760,610786.0
Fraxinus_excelsior.npy,5,760,610786.0
Fraxinus_excelsior.npy,6,760,610786.0
Fraxinus_excelsior.npy,7,757,610816.0
Fraxinus_excelsior.npy,8,749,610896.0
Fraxinus_excelsior.npy,9,749,610896.0
Fraxinus_excelsior.npy,10,745,610936.0
Fraxinus_excelsior.npy,11,745,610936.0
Fraxinus_excelsior.npy,12,745,610936.0
Fraxinus_excelsior.npy,13,745,610936.0
Fraxinus_excelsior.npy,14,745,610936.0
Fraxinus_excelsior.npy,15,742,610966.0
Fraxinus_excelsior.npy,16,740,610986.0
Fraxinus_excelsior.npy,17,737,611016.0
Fraxinus_excelsior.npy,18,737,611016.0
Fraxinus_excelsior.npy,19,737,611016.0
Fraxinus_excelsior.npy,20,737,611016.0
Fraxinus_excelsior.npy,21,737,611016.0
Fraxinus_excelsior.npy,22,737,611016.0
Fraxinus_excelsior.npy,23,737,611016.0
Fraxinus_ornus.npy,0,433,239547.0
Fraxinus_ornus.npy,1,424,239637.0
Fraxinus_ornus.npy,2,424,239637.0
Fraxinus_ornus.npy,3,424,239637.0
Fraxinus_ornus.npy,4,424,239637.0
Fraxinus_ornus.npy,5,424,239637.0
Fraxinus_ornus.npy,6,415,239727.0
Fraxinus_ornus.npy,7,415,239727.0
Fraxinus_ornus.npy,8,414,239737.0
Fraxinus_ornus.npy,9,414,239737.0
Fraxinus_ornus.npy,10,414,239737.0
Fraxinus_ornus.npy,11,412,239757.0
Fraxinus_ornus.npy,12,412,239757.0
Fraxinus_ornus.npy,13,411,239767.0
Fraxinus_ornus.npy,14,411,239767.0
Fraxinus_ornus.npy,15,411,239767.0
Fraxinus_ornus.npy,16,411,239767.0
Fraxinus_ornus.npy,17,410,239777.0
Fraxinus_ornus.npy,18,409,239787.0
Fraxinus_ornus.npy,19,409,239787.0
Fraxinus_ornus.npy,20,409,239787.0
Fraxinus_ornus.npy,21,409,239787.0
Fraxinus_ornus.npy,22,409,239787.0
Fraxinus_ornus.npy,23,409,239787.0
Fraxinus_ornus.npy,24,409,239787.0
Ginkgo_biloba.npy,0,1093,387484.0
Ginkgo_biloba.npy,1,1016,388254.0
Ginkgo_biloba.npy,2,995,388464.0
Ginkgo_biloba.npy,3,995,388464.0
Ginkgo_biloba.npy,4,995,388464.0
Ginkgo_biloba.npy,5,971,388704.0
Ginkgo_biloba.npy,6,970,388714.0
Ginkgo_biloba.npy,7,970,388714.0
Ginkgo_biloba.npy,8,970,388714.0
Ginkgo_biloba.npy,9,970,388714.0
Ginkgo_biloba.npy,10,970,388714.0
Ginkgo_biloba.npy,11,970,388714.0
Ginkgo_biloba.npy,12,970,388714.0
Gleditsia_triacanthos.npy,0,109,23200.0
Gleditsia_triacanthos.npy,1,109,23200.0
Gleditsia_triacanthos.npy,2,109,23200.0
Gleditsia_triacanthos.npy,3,107,23220.0
Gleditsia_triacanthos.npy,4,107,23220.0
Gleditsia_triacanthos.npy,5,107,23220.0
Gleditsia_triacanthos.npy,6,107,23220.0
Gleditsia_triacanthos.npy,7,106,23230.0
Gleditsia_triacanthos.npy,8,105,23240.0
Gleditsia_triacanthos.npy,9,105,23240.0
Gleditsia_triacanthos.npy,10,104,23250.0
Gleditsia_triacanthos.npy,11,104,23250.0
Gleditsia_triacanthos.npy,12,104,23250.0
Gleditsia_triacanthos.npy,13,104,23250.0
Gleditsia_triacanthos.npy,14,104,23250.0
Gleditsia_triacanthos.npy,15,104,23250.0
Gleditsia_triacanthos.npy,16,104,23250.0
Gymnocladus_dioicus.npy,0,545,349032.0
Gymnocladus_dioicus.npy,1,545,349032.0
Gymnocladus_dioicus.npy,2,542,349062.0
Gymnocladus_dioicus.npy,3,541,349072.0
Gymnocladus_dioicus.npy,4,541,349072.0
Gymnocladus_dioicus.npy,5,541,349072.0
Gymnocladus_dioicus.npy,6,539,349092.0
Gymnocladus_dioicus.npy,7,539,349092.0
Gymnocladus_dioicus.npy,8,539,349092.0
Gymnocladus_dioicus.npy,9,539,349092.0
Gymnocladus_dioicus.npy,10,539,349092.0
Gymnocladus_dioicus.npy,11,539,349092.0
Gymnocladus_dioicus.npy,12,538,349102.0
Gymnocladus_dioicus.npy,13,538,349102.0
Gymnocladus_dioicus.npy,14,538,349102.0
Gymnocladus_dioicus.npy,15,537,349112.0
Gymnocladus_dioicus.npy,16,537,349112.0
Gymnocladus_dioicus.npy,17,537,349112.0
Gymnocladus_dioicus.npy,18,537,349112.0
Gymnocladus_dioicus.npy,19,537,349112.0
Gymnocladus_dioicus.npy,20,537,349112.0
Gymnocladus_dioicus.npy,21,537,349112.0
Hamamelis_japonica.npy,0,892,609058.0
Hamamelis_japonica.npy,1,866,609318.0
Hamamelis_japonica.npy,2,866,609318.0
Hamamelis_japonica.npy,3,866,609318.0
Hamamelis_japonica.npy,4,825,609728.0
Hamamelis_japonica.npy,5,825,609728.0
Hamamelis_japonica.npy,6,825,609728.0
Hamamelis_japonica.npy,7,825,609728.0
Hamamelis_japonica.npy,8,825,609728.0
Hamamelis_japonica.npy,9,821,609768.0
Hamamelis_japonica.npy,10,821,609768.0
Hamamelis_japonica.npy,11,821,609768.0
Hamamelis_japonica.npy,12,800,609978.0
Hamamelis_japonica.npy,13,800,609978.0
Hamamelis_japonica.npy,14,800,609978.0
Hamamelis_japonica.npy,15,794,610038.0
Hamamelis_japonica.npy,16,794,610038.0
Hamamelis_japonica.npy,17,794,610038.0
Hamamelis_japonica.npy,18,791,610068.0
Hamamelis_japonica.npy,19,791,610068.0
Hamamelis_japonica.npy,20,791,610068.0
Hamamelis_japonica.npy,21,791,610068.0
Hamamelis_japonica.npy,22,791,610068.0
Hamamelis_japonica.npy,23,788,610098.0
Hamamelis_japonica.npy,24,785,610128.0
Hamamelis_japonica.npy,25,785,610128.0
Hamamelis_japonica.npy,26,785,610128.0
Hamamelis_japonica.npy,27,785,610128.0
Hamamelis_japonica.npy,28,785,610128.0
Hamamelis_japonica.npy,29,783,610148.0
Hamamelis_japonica.npy,30,783,610148.0
Hamamelis_japonica.npy,31,783,610148.0
Hamamelis_japonica.npy,32,783,610148.0
Hamamelis_japonica.npy,33,783,610148.0
Hamamelis_japonica.npy,34,783,610148.0
Hamamelis_japonica.npy,35,783,610148.0
Hamamelis_virginiana.npy,0,732,472727.0
Hamamelis_virginiana.npy,1,676,473287.0
Hamamelis_virginiana.npy,2,676,473287.0
Hamamelis_virginiana.npy,3,676,473287.0
Hamamelis_virginiana.npy,4,676,473287.0
Hamamelis_virginiana.npy,5,676,473287.0
Hamamelis_virginiana.npy,6,676,473287.0
Hamamelis_virginiana.npy,7,664,473407.0
Hamamelis_virginiana.npy,8,664,473407.0
Hamamelis_virginiana.npy,9,664,473407.0
Hamamelis_virginiana.npy,10,663,473417.0
Hamamelis_virginiana.npy,11,663,473417.0
Hamamelis_virginiana.npy,12,663,473417.0
Hamamelis_virginiana.npy,13,660,473447.0
Hamamelis_virginiana.npy,14,660,473447.0
Hamamelis_virginiana.npy,15,654,473507.0
Hamamelis_virginiana.npy,16,654,473507.0
Hamamelis_virginiana.npy,17,650,473547.0
Hamamelis_virginiana.npy,18,645,473597.0
Hamamelis_virginiana.npy,19,645,473597.0
Hamamelis_virginiana.npy,20,643,473617.0
Hamamelis_virginiana.npy,21,643,473617.0
Hamamelis_virginiana.npy,22,643,473617.0
Hamamelis_virginiana.npy,23,635,473697.0
Hamamelis_virginiana.npy,24,635,473697.0
Hamamelis_virginiana.npy,25,635,473697.0
Hamamelis_virginiana.npy,26,635,473697.0
Hamamelis_virginiana.npy,27,632,473727.0
Hamamelis_virginiana.npy,28,632,473727.0
Hamamelis_virginiana.npy,29,628,473767.0
Hamamelis_virginiana.npy,30,627,473777.0
Hamamelis_virginiana.npy,31,627,473777.0
Hamamelis_virginiana.npy,32,627,473777.0
Hamamelis_virginiana.npy,33,627,473777.0
Hamamelis_virginiana.npy,34,627,473777.0
Hamamelis_virginiana.npy,35,626,473787.0
Hamamelis_virginiana.npy,36,626,473787.0
Hamamelis_virginiana.npy,37,626,473787.0
Hamamelis_virginiana.npy,38,625,473797.0
Hamamelis_virginiana.npy,39,625,473797.0
Hamamelis_virginiana.npy,40,625,473797.0
Hamamelis_virginiana.npy,41,625,473797.0
Hamamelis_virginiana.npy,42,625,473797.0
Hamamelis_virginiana.npy,43,624,473807.0
Hamamelis_virginiana.npy,44,624,473807.0
Hamamelis_virginiana.npy,45,624,473807.0
Hamamelis_virginiana.npy,46,624,473807.0
Hamamelis_virginiana.npy,47,624,473807.0
Hamamelis_virginiana.npy,48,624,473807.0
Hamamelis_virginiana.npy,49,624,473807.0
Hedera_helixFERTILE.npy,0,1720,855787.0
Hedera_helixFERTILE.npy,1,1621,856777.0
Hedera_helixFERTILE.npy,2,1621,856777.0
Hedera_helixFERTILE.npy,3,1621,856777.0
Hedera_helixFERTILE.npy,4,1621,856777.0
Hedera_helixFERTILE.npy,5,1620,856787.0
Hedera_helixFERTILE.npy,6,1620,856787.0
Hedera_helixFERTILE.npy,7,1595,857037.0
Hedera_helixFERTILE.npy,8,1587,857117.0
Hedera_helixFERTILE.npy,9,1587,857117.0
Hedera_helixFERTILE.npy,10,1576,857227.0
Hedera_helixFERTILE.npy,11,1570,857287.0
Hedera_helixFERTILE.npy,12,1528,857707.0
Hedera_helixFERTILE.npy,13,1528,857707.0
Hedera_helixFERTILE.npy,14,1528,857707.0
Hedera_helixFERTILE.npy,15,1528,857707.0
Hedera_helixFERTILE.npy,16,1528,857707.0
Hedera_helixFERTILE.npy,17,1528,857707.0
Hedera_helixFERTILE.npy,18,1528,857707.0
Hedera_helixSTERILE.npy,0,1896,642398.0
Hedera_helixSTERILE.npy,1,1758,643778.0
Hedera_helixSTERILE.npy,2,1758,643778.0
Hedera_helixSTERILE.npy,3,1637,644988.0
Hedera_helixSTERILE.npy,4,1637,644988.0
Hedera_helixSTERILE.npy,5,1627,645088.0
Hedera_helixSTERILE.npy,6,1627,645088.0
Hedera_helixSTERILE.npy,7,1589,645468.0
Hedera_helixSTERILE.npy,8,1586,645498.0
Hedera_helixSTERILE.npy,9,1553,645828.0
Hedera_helixSTERILE.npy,10,1553,645828.0
Hedera_helixSTERILE.npy,11,1544,645918.0
Hedera_helixSTERILE.npy,12,1544,645918.0
Hedera_helixSTERILE.npy,13,1544,645918.0
Hedera_helixSTERILE.npy,14,1538,645978.0
Hedera_helixSTERILE.npy,15,1538,645978.0
Hedera_helixSTERILE.npy,16,1538,645978.0
Hedera_helixSTERILE.npy,17,1538,645978.0
Hedera_helixSTERILE.npy,18,1508,646278.0
Hedera_helixSTERILE.npy,19,1503,646328.0
Hedera_helixSTERILE.npy,20,1503,646328.0
Hedera_helixSTERILE.npy,21,1503,646328.0
Hedera_helixSTERILE.npy,22,1503,646328.0
Hedera_helixSTERILE.npy,23,1503,646328.0
Hedera_helixSTERILE.npy,24,1503,646328.0
Hedera_helixSTERILE.npy,25,1499,646368.0
Hedera_helixSTERILE.npy,26,1499,646368.0
Hedera_helixSTERILE.npy,27,1489,646468.0
Hedera_helixSTERILE.npy,28,1489,646468.0
Hedera_helixSTERILE.npy,29,1489,646468.0
Hedera_helixSTERILE.npy,30,1488,646478.0
Hedera_helixSTERILE.npy,31,1488,646478.0
Hedera_helixSTERILE.npy,32,1475,646608.0
Hedera_helixSTERILE.npy,33,1475,646608.0
Hedera_helixSTERILE.npy,34,1475,646608.0
Hedera_helixSTERILE.npy,35,1471,646648.0
Hedera_helixSTERILE.npy,36,1463,646728.0
Hedera_helixSTERILE.npy,37,1463,646728.0
Hedera_helixSTERILE.npy,38,1463,646728.0
Hedera_helixSTERILE.npy,39,1463,646728.0
Hedera_helixSTERILE.npy,40,1463,646728.0
Hedera_helixSTERILE.npy,41,1463,646728.0
Hedera_helixSTERILE.npy,42,1463,646728.0
Hibiscus_syriacus.npy,0,807,343392.0
Hibiscus_syriacus.npy,1,755,343912.0
Hibiscus_syriacus.npy,2,755,343912.0
Hibiscus_syriacus.npy,3,755,343912.0
Hibiscus_syriacus.npy,4,722,344242.0
Hibiscus_syriacus.npy,5,722,344242.0
Hibiscus_syriacus.npy,6,703,344432.0
Hibiscus_syriacus.npy,7,703,344432.0
Hibiscus_syriacus.npy,8,703,344432.0
Hibiscus_syriacus.npy,9,703,344432.0
Hibiscus_syriacus.npy,10,703,344432.0
Hibiscus_syriacus.npy,11,703,344432.0
Hibiscus_syriacus.npy,12,703,344432.0
Hippophae_rhamnoides.npy,0,99,26755.0
Hippophae_rhamnoides.npy,1,99,26755.0
Hippophae_rhamnoides.npy,2,99,26755.0
Hippophae_rhamnoides.npy,3,99,26755.0
Hippophae_rhamnoides.npy,4,99,26755.0
Hippophae_rhamnoides.npy,5,99,26755.0
Hippophae_rhamnoides.npy,6,99,26755.0
Humulus_lupulus.npy,0,2722,962612.0
Humulus_lupulus.npy,1,2565,964182.0
Humulus_lupulus.npy,2,2488,964952.0
Humulus_lupulus.npy,3,2488,964952.0
Humulus_lupulus.npy,4,2458,965252.0
Humulus_lupulus.npy,5,2439,965442.0
Humulus_lupulus.npy,6,2439,965442.0
Humulus_lupulus.npy,7,2402,965812.0
Humulus_lupulus.npy,8,2402,965812.0
Humulus_lupulus.npy,9,2402,965812.0
Humulus_lupulus.npy,10,2348,966352.0
Humulus_lupulus.npy,11,2348,966352.0
Humulus_lupulus.npy,12,2348,966352.0
Humulus_lupulus.npy,13,2346,966372.0
Humulus_lupulus.npy,14,2346,966372.0
Humulus_lupulus.npy,15,2346,966372.0
Humulus_lupulus.npy,16,2346,966372.0
Humulus_lupulus.npy,17,2346,966372.0
Humulus_lupulus.npy,18,2345,966382.0
Humulus_lupulus.npy,19,2318,966652.0
Humulus_lupulus.npy,20,2306,966772.0
Humulus_lupulus.npy,21,2300,966832.0
Humulus_lupulus.npy,22,2300,966832.0
Humulus_lupulus.npy,23,2300,966832.0
Humulus_lupulus.npy,24,2287,966962.0
Humulus_lupulus.npy,25,2287,966962.0
Humulus_lupulus.npy,26,2287,966962.0
Humulus_lupulus.npy,27,2287,966962.0
Humulus_lupulus.npy,28,2285,966982.0
Humulus_lupulus.npy,29,2280,967032.0
Humulus_lupulus.npy,30,2280,967032.0
Humulus_lupulus.npy,31,2278,967052.0
Humulus_lupulus.npy,32,2274,967092.0
Humulus_lupulus.npy,33,2274,967092.0
Humulus_lupulus.npy,34,2274,967092.0
Humulus_lupulus.npy,35,2274,967092.0
Humulus_lupulus.npy,36,2274,967092.0
Humulus_lupulus.npy,37,2274,967092.0
Humulus_lupulus.npy,38,2273,967102.0
Humulus_lupulus.npy,39,2272,967112.0
Humulus_lupulus.npy,40,2272,967112.0
Humulus_lupulus.npy,41,2271,967122.0
Humulus_lupulus.npy,42,2271,967122.0
Humulus_lupulus.npy,43,2271,967122.0
Humulus_lupulus.npy,44,2271,967122.0
Humulus_lupulus.npy,45,2271,967122.0
Humulus_lupulus.npy,46,2271,967122.0
Humulus_lupulus.npy,47,2271,967122.0
Hydrangea_petiolaris.npy,0,1494,1079161.0
Hydrangea_petiolaris.npy,1,1491,1079191.0
Hydrangea_petiolaris.npy,2,1413,1079971.0
Hydrangea_petiolaris.npy,3,1334,1080761.0
Hydrangea_petiolaris.npy,4,1334,1080761.0
Hydrangea_petiolaris.npy,5,1334,1080761.0
Hydrangea_petiolaris.npy,6,1334,1080761.0
Hydrangea_petiolaris.npy,7,1334,1080761.0
Hydrangea_petiolaris.npy,8,1305,1081051.0
Hydrangea_petiolaris.npy,9,1299,1081111.0
Hydrangea_petiolaris.npy,10,1299,1081111.0
Hydrangea_petiolaris.npy,11,1298,1081121.0
Hydrangea_petiolaris.npy,12,1298,1081121.0
Hydrangea_petiolaris.npy,13,1272,1081381.0
Hydrangea_petiolaris.npy,14,1272,1081381.0
Hydrangea_petiolaris.npy,15,1272,1081381.0
Hydrangea_petiolaris.npy,16,1272,1081381.0
Hydrangea_petiolaris.npy,17,1272,1081381.0
Hydrangea_petiolaris.npy,18,1272,1081381.0
Hydrangea_petiolaris.npy,19,1272,1081381.0
Ilex_aquifolium.npy,0,339,93971.0
Ilex_aquifolium.npy,1,337,93991.0
Ilex_aquifolium.npy,2,334,94021.0
Ilex_aquifolium.npy,3,332,94041.0
Ilex_aquifolium.npy,4,332,94041.0
Ilex_aquifolium.npy,5,332,94041.0
Ilex_aquifolium.npy,6,332,94041.0
Ilex_aquifolium.npy,7,332,94041.0
Ilex_aquifolium.npy,8,332,94041.0
Ilex_aquifolium.npy,9,331,94051.0
Ilex_aquifolium.npy,10,331,94051.0
Ilex_aquifolium.npy,11,330,94061.0
Ilex_aquifolium.npy,12,330,94061.0
Ilex_aquifolium.npy,13,330,94061.0
Ilex_aquifolium.npy,14,330,94061.0
Ilex_aquifolium.npy,15,330,94061.0
Ilex_aquifolium.npy,16,330,94061.0
Ilex_aquifolium.npy,17,330,94061.0
Juglans_cinerea.npy,0,773,810993.0
Juglans_cinerea.npy,1,720,811523.0
Juglans_cinerea.npy,2,720,811523.0
Juglans_cinerea.npy,3,715,811573.0
Juglans_cinerea.npy,4,715,811573.0
Juglans_cinerea.npy,5,715,811573.0
Juglans_cinerea.npy,6,715,811573.0
Juglans_cinerea.npy,7,715,811573.0
Juglans_cinerea.npy,8,703,811693.0
Juglans_cinerea.npy,9,703,811693.0
Juglans_cinerea.npy,10,700,811723.0
Juglans_cinerea.npy,11,700,811723.0
Juglans_cinerea.npy,12,700,811723.0
Juglans_cinerea.npy,13,700,811723.0
Juglans_cinerea.npy,14,700,811723.0
Juglans_cinerea.npy,15,693,811793.0
Juglans_cinerea.npy,16,693,811793.0
Juglans_cinerea.npy,17,692,811803.0
Juglans_cinerea.npy,18,692,811803.0
Juglans_cinerea.npy,19,690,811823.0
Juglans_cinerea.npy,20,687,811853.0
Juglans_cinerea.npy,21,687,811853.0
Juglans_cinerea.npy,22,687,811853.0
Juglans_cinerea.npy,23,687,811853.0
Juglans_cinerea.npy,24,687,811853.0
Juglans_cinerea.npy,25,687,811853.0
Juglans_cinerea.npy,26,686,811863.0
Juglans_cinerea.npy,27,686,811863.0
Juglans_cinerea.npy,28,686,811863.0
Juglans_cinerea.npy,29,686,811863.0
Juglans_cinerea.npy,30,686,811863.0
Juglans_cinerea.npy,31,686,811863.0
Juglans_cinerea.npy,32,686,811863.0
Juglans_nigra.npy,0,581,471746.0
Juglans_nigra.npy,1,572,471836.0
Juglans_nigra.npy,2,572,471836.0
Juglans_nigra.npy,3,572,471836.0
Juglans_nigra.npy,4,562,471936.0
Juglans_nigra.npy,5,562,471936.0
Juglans_nigra.npy,6,557,471986.0
Juglans_nigra.npy,7,557,471986.0
Juglans_nigra.npy,8,557,471986.0
Juglans_nigra.npy,9,554,472016.0
Juglans_nigra.npy,10,554,472016.0
Juglans_nigra.npy,11,554,472016.0
Juglans_nigra.npy,12,554,472016.0
Juglans_nigra.npy,13,551,472046.0
Juglans_nigra.npy,14,551,472046.0
Juglans_nigra.npy,15,551,472046.0
Juglans_nigra.npy,16,549,472066.0
Juglans_nigra.npy,17,549,472066.0
Juglans_nigra.npy,18,549,472066.0
Juglans_nigra.npy,19,549,472066.0
Juglans_nigra.npy,20,549,472066.0
Juglans_nigra.npy,21,549,472066.0
Juglans_nigra.npy,22,548,472076.0
Juglans_nigra.npy,23,547,472086.0
Juglans_nigra.npy,24,547,472086.0
Juglans_nigra.npy,25,547,472086.0
Juglans_nigra.npy,26,547,472086.0
Juglans_nigra.npy,27,547,472086.0
Juglans_nigra.npy,28,547,472086.0
Juglans_nigra.npy,29,547,472086.0
Juglans_regia.npy,0,774,756130.0
Juglans_regia.npy,1,760,756270.0
Juglans_regia.npy,2,758,756290.0
Juglans_regia.npy,3,755,756320.0
Juglans_regia.npy,4,755,756320.0
Juglans_regia.npy,5,751,756360.0
Juglans_regia.npy,6,748,756390.0
Juglans_regia.npy,7,748,756390.0
Juglans_regia.npy,8,748,756390.0
Juglans_regia.npy,9,748,756390.0
Juglans_regia.npy,10,745,756420.0
Juglans_regia.npy,11,745,756420.0
Juglans_regia.npy,12,745,756420.0
Juglans_regia.npy,13,745,756420.0
Juglans_regia.npy,14,744,756430.0
Juglans_regia.npy,15,744,756430.0
Juglans_regia.npy,16,744,756430.0
Juglans_regia.npy,17,744,756430.0
Juglans_regia.npy,18,744,756430.0
Juglans_regia.npy,19,743,756440.0
Juglans_regia.npy,20,742,756450.0
Juglans_regia.npy,21,742,756450.0
Juglans_regia.npy,22,742,756450.0
Juglans_regia.npy,23,742,756450.0
Juglans_regia.npy,24,742,756450.0
Juglans_regia.npy,25,742,756450.0
Juglans_regia.npy,26,742,756450.0
Kerria_japonica.npy,0,661,207445.0
Kerria_japonica.npy,1,651,207545.0
Kerria_japonica.npy,2,651,207545.0
Kerria_japonica.npy,3,612,207935.0
Kerria_japonica.npy,4,612,207935.0
Kerria_japonica.npy,5,612,207935.0
Kerria_japonica.npy,6,600,208055.0
Kerria_japonica.npy,7,600,208055.0
Kerria_japonica.npy,8,586,208195.0
Kerria_japonica.npy,9,584,208215.0
Kerria_japonica.npy,10,583,208225.0
Kerria_japonica.npy,11,571,208345.0
Kerria_japonica.npy,12,571,208345.0
Kerria_japonica.npy,13,571,208345.0
Kerria_japonica.npy,14,571,208345.0
Kerria_japonica.npy,15,571,208345.0
Kerria_japonica.npy,16,571,208345.0
Kerria_japonica.npy,17,571,208345.0
Koelreuteria_paniculata.npy,0,932,378480.0
Koelreuteria_paniculata.npy,1,854,379260.0
Koelreuteria_paniculata.npy,2,854,379260.0
Koelreuteria_paniculata.npy,3,854,379260.0
Koelreuteria_paniculata.npy,4,854,379260.0
Koelreuteria_paniculata.npy,5,852,379280.0
Koelreuteria_paniculata.npy,6,829,379510.0
Koelreuteria_paniculata.npy,7,826,379540.0
Koelreuteria_paniculata.npy,8,826,379540.0
Koelreuteria_paniculata.npy,9,826,379540.0
Koelreuteria_paniculata.npy,10,826,379540.0
Koelreuteria_paniculata.npy,11,812,379680.0
Koelreuteria_paniculata.npy,12,812,379680.0
Koelreuteria_paniculata.npy,13,812,379680.0
Koelreuteria_paniculata.npy,14,811,379690.0
Koelreuteria_paniculata.npy,15,805,379750.0
Koelreuteria_paniculata.npy,16,805,379750.0
Koelreuteria_paniculata.npy,17,805,379750.0
Koelreuteria_paniculata.npy,18,802,379780.0
Koelreuteria_paniculata.npy,19,802,379780.0
Koelreuteria_paniculata.npy,20,802,379780.0
Koelreuteria_paniculata.npy,21,802,379780.0
Koelreuteria_paniculata.npy,22,802,379780.0
Koelreuteria_paniculata.npy,23,802,379780.0
Koelreuteria_paniculata.npy,24,802,379780.0
Kolkwitzia_amabilis.npy,0,332,138884.0
Kolkwitzia_amabilis.npy,1,332,138884.0
Kolkwitzia_amabilis.npy,2,330,138904.0
Kolkwitzia_amabilis.npy,3,328,138924.0
Kolkwitzia_amabilis.npy,4,328,138924.0
Kolkwitzia_amabilis.npy,5,327,138934.0
Kolkwitzia_amabilis.npy,6,327,138934.0
Kolkwitzia_amabilis.npy,7,327,138934.0
Kolkwitzia_amabilis.npy,8,326,138944.0
Kolkwitzia_amabilis.npy,9,326,138944.0
Kolkwitzia_amabilis.npy,10,326,138944.0
Kolkwitzia_amabilis.npy,11,326,138944.0
Kolkwitzia_amabilis.npy,12,326,138944.0
Kolkwitzia_amabilis.npy,13,326,138944.0
Kolkwitzia_amabilis.npy,14,326,138944.0
Laburnum_anagyroides.npy,0,265,87626.0
Laburnum_anagyroides.npy,1,264,87636.0
Laburnum_anagyroides.npy,2,263,87646.0
Laburnum_anagyroides.npy,3,262,87656.0
Laburnum_anagyroides.npy,4,262,87656.0
Laburnum_anagyroides.npy,5,262,87656.0
Laburnum_anagyroides.npy,6,262,87656.0
Laburnum_anagyroides.npy,7,262,87656.0
Laburnum_anagyroides.npy,8,262,87656.0
Laburnum_anagyroides.npy,9,262,87656.0
Laurus_nobilis.npy,0,440,273799.0
Laurus_nobilis.npy,1,440,273799.0
Laurus_nobilis.npy,2,440,273799.0
Laurus_nobilis.npy,3,440,273799.0
Laurus_nobilis.npy,4,440,273799.0
Laurus_nobilis.npy,5,440,273799.0
Laurus_nobilis.npy,6,440,273799.0
Lavandula_angustifolia.npy,0,64,11911.0
Lavandula_angustifolia.npy,1,64,11911.0
Lavandula_angustifolia.npy,2,64,11911.0
Lavandula_angustifolia.npy,3,64,11911.0
Lavandula_angustifolia.npy,4,64,11911.0
Lavandula_angustifolia.npy,5,64,11911.0
Lavandula_angustifolia.npy,6,64,11911.0
Ledum_palustre.npy,0,95,17920.0
Ledum_palustre.npy,1,95,17920.0
Ledum_palustre.npy,2,95,17920.0
Ledum_palustre.npy,3,95,17920.0
Ledum_palustre.npy,4,95,17920.0
Ledum_palustre.npy,5,95,17920.0
Ledum_palustre.npy,6,95,17920.0
Ligustrum_ovalifolium.npy,0,447,262199.0
Ligustrum_ovalifolium.npy,1,445,262219.0
Ligustrum_ovalifolium.npy,2,445,262219.0
Ligustrum_ovalifolium.npy,3,445,262219.0
Ligustrum_ovalifolium.npy,4,445,262219.0
Ligustrum_ovalifolium.npy,5,445,262219.0
Ligustrum_ovalifolium.npy,6,445,262219.0
Ligustrum_ovalifolium.npy,7,445,262219.0
Ligustrum_vulgare.npy,0,205,82902.0
Ligustrum_vulgare.npy,1,205,82902.0
Ligustrum_vulgare.npy,2,205,82902.0
Ligustrum_vulgare.npy,3,205,82902.0
Ligustrum_vulgare.npy,4,205,82902.0
Ligustrum_vulgare.npy,5,205,82902.0
Ligustrum_vulgare.npy,6,205,82902.0
Liquidambar_styraciflua.npy,0,3688,1434218.0
Liquidambar_styraciflua.npy,1,3282,1438278.0
Liquidambar_styraciflua.npy,2,3282,1438278.0
Liquidambar_styraciflua.npy,3,3249,1438608.0
Liquidambar_styraciflua.npy,4,3148,1439618.0
Liquidambar_styraciflua.npy,5,3148,1439618.0
Liquidambar_styraciflua.npy,6,3148,1439618.0
Liquidambar_styraciflua.npy,7,3148,1439618.0
Liquidambar_styraciflua.npy,8,3148,1439618.0
Liquidambar_styraciflua.npy,9,3148,1439618.0
Liquidambar_styraciflua.npy,10,3148,1439618.0
Liriodendron_tulipifera.npy,0,1627,779328.0
Liriodendron_tulipifera.npy,1,1413,781468.0
Liriodendron_tulipifera.npy,2,1338,782218.0
Liriodendron_tulipifera.npy,3,1320,782398.0
Liriodendron_tulipifera.npy,4,1320,782398.0
Liriodendron_tulipifera.npy,5,1242,783178.0
Liriodendron_tulipifera.npy,6,1242,783178.0
Liriodendron_tulipifera.npy,7,1242,783178.0
Liriodendron_tulipifera.npy,8,1242,783178.0
Liriodendron_tulipifera.npy,9,1242,783178.0
Liriodendron_tulipifera.npy,10,1242,783178.0
Liriodendron_tulipifera.npy,11,1242,783178.0
Lonicera_henryi.npy,0,286,186697.0
Lonicera_henryi.npy,1,283,186727.0
Lonicera_henryi.npy,2,283,186727.0
Lonicera_henryi.npy,3,283,186727.0
Lonicera_henryi.npy,4,283,186727.0
Lonicera_henryi.npy,5,283,186727.0
Lonicera_henryi.npy,6,283,186727.0
Lonicera_henryi.npy,7,282,186737.0
Lonicera_henryi.npy,8,282,186737.0
Lonicera_henryi.npy,9,282,186737.0
Lonicera_henryi.npy,10,282,186737.0
Lonicera_henryi.npy,11,282,186737.0
Lonicera_henryi.npy,12,282,186737.0
Lonicera_henryi.npy,13,282,186737.0
Lonicera_involucrata.npy,0,700,582478.0
Lonicera_involucrata.npy,1,688,582598.0
Lonicera_involucrata.npy,2,688,582598.0
Lonicera_involucrata.npy,3,688,582598.0
Lonicera_involucrata.npy,4,685,582628.0
Lonicera_involucrata.npy,5,685,582628.0
Lonicera_involucrata.npy,6,685,582628.0
Lonicera_involucrata.npy,7,684,582638.0
Lonicera_involucrata.npy,8,682,582658.0
Lonicera_involucrata.npy,9,682,582658.0
Lonicera_involucrata.npy,10,682,582658.0
Lonicera_involucrata.npy,11,682,582658.0
Lonicera_involucrata.npy,12,682,582658.0
Lonicera_involucrata.npy,13,680,582678.0
Lonicera_involucrata.npy,14,680,582678.0
Lonicera_involucrata.npy,15,680,582678.0
Lonicera_involucrata.npy,16,680,582678.0
Lonicera_involucrata.npy,17,680,582678.0
Lonicera_involucrata.npy,18,680,582678.0
Lonicera_involucrata.npy,19,680,582678.0
Lonicera_purpusii.npy,0,415,208086.0
Lonicera_purpusii.npy,1,410,208136.0
Lonicera_purpusii.npy,2,407,208166.0
Lonicera_purpusii.npy,3,407,208166.0
Lonicera_purpusii.npy,4,407,208166.0
Lonicera_purpusii.npy,5,404,208196.0
Lonicera_purpusii.npy,6,404,208196.0
Lonicera_purpusii.npy,7,404,208196.0
Lonicera_purpusii.npy,8,403,208206.0
Lonicera_purpusii.npy,9,403,208206.0
Lonicera_purpusii.npy,10,403,208206.0
Lonicera_purpusii.npy,11,403,208206.0
Lonicera_purpusii.npy,12,403,208206.0
Lonicera_purpusii.npy,13,403,208206.0
Lonicera_purpusii.npy,14,403,208206.0
Lonicera_tatarica.npy,0,262,92515.0
Lonicera_tatarica.npy,1,262,92515.0
Lonicera_tatarica.npy,2,259,92545.0
Lonicera_tatarica.npy,3,259,92545.0
Lonicera_tatarica.npy,4,256,92575.0
Lonicera_tatarica.npy,5,256,92575.0
Lonicera_tatarica.npy,6,256,92575.0
Lonicera_tatarica.npy,7,256,92575.0
Lonicera_tatarica.npy,8,256,92575.0
Lonicera_tatarica.npy,9,256,92575.0
Lonicera_tatarica.npy,10,256,92575.0
Lonicera_xylosteum.npy,0,378,137702.0
Lonicera_xylosteum.npy,1,378,137702.0
Lonicera_xylosteum.npy,2,367,137812.0
Lonicera_xylosteum.npy,3,367,137812.0
Lonicera_xylosteum.npy,4,367,137812.0
Lonicera_xylosteum.npy,5,357,137912.0
Lonicera_xylosteum.npy,6,357,137912.0
Lonicera_xylosteum.npy,7,357,137912.0
Lonicera_xylosteum.npy,8,352,137962.0
Lonicera_xylosteum.npy,9,340,138082.0
Lonicera_xylosteum.npy,10,340,138082.0
Lonicera_xylosteum.npy,11,340,138082.0
Lonicera_xylosteum.npy,12,340,138082.0
Lonicera_xylosteum.npy,13,340,138082.0
Lonicera_xylosteum.npy,14,339,138092.0
Lonicera_xylosteum.npy,15,335,138132.0
Lonicera_xylosteum.npy,16,332,138162.0
Lonicera_xylosteum.npy,17,332,138162.0
Lonicera_xylosteum.npy,18,330,138182.0
Lonicera_xylosteum.npy,19,328,138202.0
Lonicera_xylosteum.npy,20,328,138202.0
Lonicera_xylosteum.npy,21,328,138202.0
Lonicera_xylosteum.npy,22,325,138232.0
Lonicera_xylosteum.npy,23,325,138232.0
Lonicera_xylosteum.npy,24,321,138272.0
Lonicera_xylosteum.npy,25,321,138272.0
Lonicera_xylosteum.npy,26,321,138272.0
Lonicera_xylosteum.npy,27,321,138272.0
Lonicera_xylosteum.npy,28,321,138272.0
Lonicera_xylosteum.npy,29,321,138272.0
Lonicera_xylosteum.npy,30,321,138272.0
Loranthus_europaeus.npy,0,125,19198.0
Loranthus_europaeus.npy,1,125,19198.0
Loranthus_europaeus.npy,2,125,19198.0
Loranthus_europaeus.npy,3,125,19198.0
Loranthus_europaeus.npy,4,125,19198.0
Loranthus_europaeus.npy,5,125,19198.0
Loranthus_europaeus.npy,6,125,19198.0
Lycium_barbarum.npy,0,239,88465.0
Lycium_barbarum.npy,1,238,88475.0
Lycium_barbarum.npy,2,235,88505.0
Lycium_barbarum.npy,3,232,88535.0
Lycium_barbarum.npy,4,232,88535.0
Lycium_barbarum.npy,5,232,88535.0
Lycium_barbarum.npy,6,232,88535.0
Lycium_barbarum.npy,7,232,88535.0
Lycium_barbarum.npy,8,231,88545.0
Lycium_barbarum.npy,9,231,88545.0
Lycium_barbarum.npy,10,230,88555.0
Lycium_barbarum.npy,11,230,88555.0
Lycium_barbarum.npy,12,230,88555.0
Lycium_barbarum.npy,13,230,88555.0
Lycium_barbarum.npy,14,230,88555.0
Lycium_barbarum.npy,15,230,88555.0
Lycium_barbarum.npy,16,230,88555.0
Maclura_pomiferaFEMALE.npy,0,546,145630.0
Maclura_pomiferaFEMALE.npy,1,502,146070.0
Maclura_pomiferaFEMALE.npy,2,489,146200.0
Maclura_pomiferaFEMALE.npy,3,489,146200.0
Maclura_pomiferaFEMALE.npy,4,489,146200.0
Maclura_pomiferaFEMALE.npy,5,489,146200.0
Maclura_pomiferaFEMALE.npy,6,489,146200.0
Maclura_pomiferaFEMALE.npy,7,489,146200.0
Maclura_pomiferaFEMALE.npy,8,482,146270.0
Maclura_pomiferaFEMALE.npy,9,482,146270.0
Maclura_pomiferaFEMALE.npy,10,482,146270.0
Maclura_pomiferaFEMALE.npy,11,475,146340.0
Maclura_pomiferaFEMALE.npy,12,475,146340.0
Maclura_pomiferaFEMALE.npy,13,473,146360.0
Maclura_pomiferaFEMALE.npy,14,465,146440.0
Maclura_pomiferaFEMALE.npy,15,465,146440.0
Maclura_pomiferaFEMALE.npy,16,465,146440.0
Maclura_pomiferaFEMALE.npy,17,459,146500.0
Maclura_pomiferaFEMALE.npy,18,459,146500.0
Maclura_pomiferaFEMALE.npy,19,459,146500.0
Maclura_pomiferaFEMALE.npy,20,459,146500.0
Maclura_pomiferaFEMALE.npy,21,459,146500.0
Maclura_pomiferaFEMALE.npy,22,457,146520.0
Maclura_pomiferaFEMALE.npy,23,457,146520.0
Maclura_pomiferaFEMALE.npy,24,457,146520.0
Maclura_pomiferaFEMALE.npy,25,455,146540.0
Maclura_pomiferaFEMALE.npy,26,454,146550.0
Maclura_pomiferaFEMALE.npy,27,454,146550.0
Maclura_pomiferaFEMALE.npy,28,452,146570.0
Maclura_pomiferaFEMALE.npy,29,452,146570.0
Maclura_pomiferaFEMALE.npy,30,452,146570.0
Maclura_pomiferaFEMALE.npy,31,451,146580.0
Maclura_pomiferaFEMALE.npy,32,451,146580.0
Maclura_pomiferaFEMALE.npy,33,451,146580.0
Maclura_pomiferaFEMALE.npy,34,451,146580.0
Maclura_pomiferaFEMALE.npy,35,451,146580.0
Maclura_pomiferaFEMALE.npy,36,450,146590.0
Maclura_pomiferaFEMALE.npy,37,450,146590.0
Maclura_pomiferaFEMALE.npy,38,450,146590.0
Maclura_pomiferaFEMALE.npy,39,450,146590.0
Maclura_pomiferaFEMALE.npy,40,450,146590.0
Maclura_pomiferaFEMALE.npy,41,450,146590.0
Maclura_pomiferaFEMALE.npy,42,450,146590.0
Maclura_pomiferaMALE.npy,0,507,252192.0
Maclura_pomiferaMALE.npy,1,507,252192.0
Maclura_pomiferaMALE.npy,2,507,252192.0
Maclura_pomiferaMALE.npy,3,507,252192.0
Maclura_pomiferaMALE.npy,4,507,252192.0
Maclura_pomiferaMALE.npy,5,507,252192.0
Maclura_pomiferaMALE.npy,6,507,252192.0
Magnolia_hypoleuca.npy,0,2069,4747430.0
Magnolia_hypoleuca.npy,1,2033,4747790.0
Magnolia_hypoleuca.npy,2,2002,4748100.0
Magnolia_hypoleuca.npy,3,1994,4748180.0
Magnolia_hypoleuca.npy,4,1971,4748410.0
Magnolia_hypoleuca.npy,5,1953,4748590.0
Magnolia_hypoleuca.npy,6,1953,4748590.0
Magnolia_hypoleuca.npy,7,1953,4748590.0
Magnolia_hypoleuca.npy,8,1953,4748590.0
Magnolia_hypoleuca.npy,9,1953,4748590.0
Magnolia_hypoleuca.npy,10,1943,4748690.0
Magnolia_hypoleuca.npy,11,1943,4748690.0
Magnolia_hypoleuca.npy,12,1943,4748690.0
Magnolia_hypoleuca.npy,13,1941,4748710.0
Magnolia_hypoleuca.npy,14,1941,4748710.0
Magnolia_hypoleuca.npy,15,1931,4748810.0
Magnolia_hypoleuca.npy,16,1931,4748810.0
Magnolia_hypoleuca.npy,17,1931,4748810.0
Magnolia_hypoleuca.npy,18,1931,4748810.0
Magnolia_hypoleuca.npy,19,1926,4748860.0
Magnolia_hypoleuca.npy,20,1926,4748860.0
Magnolia_hypoleuca.npy,21,1926,4748860.0
Magnolia_hypoleuca.npy,22,1926,4748860.0
Magnolia_hypoleuca.npy,23,1925,4748870.0
Magnolia_hypoleuca.npy,24,1923,4748890.0
Magnolia_hypoleuca.npy,25,1923,4748890.0
Magnolia_hypoleuca.npy,26,1923,4748890.0
Magnolia_hypoleuca.npy,27,1923,4748890.0
Magnolia_hypoleuca.npy,28,1922,4748900.0
Magnolia_hypoleuca.npy,29,1921,4748910.0
Magnolia_hypoleuca.npy,30,1921,4748910.0
Magnolia_hypoleuca.npy,31,1921,4748910.0
Magnolia_hypoleuca.npy,32,1921,4748910.0
Magnolia_hypoleuca.npy,33,1921,4748910.0
Magnolia_hypoleuca.npy,34,1921,4748910.0
Magnolia_hypoleuca.npy,35,1921,4748910.0
Magnolia_soulangeana.npy,0,1159,1204315.0
Magnolia_soulangeana.npy,1,1109,1204815.0
Magnolia_soulangeana.npy,2,1109,1204815.0
Magnolia_soulangeana.npy,3,1109,1204815.0
Magnolia_soulangeana.npy,4,1109,1204815.0
Magnolia_soulangeana.npy,5,1094,1204965.0
Magnolia_soulangeana.npy,6,1094,1204965.0
Magnolia_soulangeana.npy,7,1094,1204965.0
Magnolia_soulangeana.npy,8,1094,1204965.0
Magnolia_soulangeana.npy,9,1092,1204985.0
Magnolia_soulangeana.npy,10,1083,1205075.0
Magnolia_soulangeana.npy,11,1083,1205075.0
Magnolia_soulangeana.npy,12,1083,1205075.0
Magnolia_soulangeana.npy,13,1078,1205125.0
Magnolia_soulangeana.npy,14,1078,1205125.0
Magnolia_soulangeana.npy,15,1075,1205155.0
Magnolia_soulangeana.npy,16,1075,1205155.0
Magnolia_soulangeana.npy,17,1075,1205155.0
Magnolia_soulangeana.npy,18,1075,1205155.0
Magnolia_soulangeana.npy,19,1073,1205175.0
Magnolia_soulangeana.npy,20,1073,1205175.0
Magnolia_soulangeana.npy,21,1073,1205175.0
Magnolia_soulangeana.npy,22,1073,1205175.0
Magnolia_soulangeana.npy,23,1073,1205175.0
Magnolia_soulangeana.npy,24,1072,1205185.0
Magnolia_soulangeana.npy,25,1072,1205185.0
Magnolia_soulangeana.npy,26,1072,1205185.0
Magnolia_soulangeana.npy,27,1072,1205185.0
Magnolia_soulangeana.npy,28,1072,1205185.0
Magnolia_soulangeana.npy,29,1072,1205185.0
Magnolia_soulangeana.npy,30,1072,1205185.0
Magnolia_specPETRIN.npy,0,793,695457.0
Magnolia_specPETRIN.npy,1,793,695457.0
Magnolia_specPETRIN.npy,2,788,695507.0
Magnolia_specPETRIN.npy,3,788,695507.0
Magnolia_specPETRIN.npy,4,788,695507.0
Magnolia_specPETRIN.npy,5,788,695507.0
Magnolia_specPETRIN.npy,6,782,695567.0
Magnolia_specPETRIN.npy,7,782,695567.0
Magnolia_specPETRIN.npy,8,782,695567.0
Magnolia_specPETRIN.npy,9,780,695587.0
Magnolia_specPETRIN.npy,10,779,695597.0
Magnolia_specPETRIN.npy,11,779,695597.0
Magnolia_specPETRIN.npy,12,779,695597.0
Magnolia_specPETRIN.npy,13,779,695597.0
Magnolia_specPETRIN.npy,14,779,695597.0
Magnolia_specPETRIN.npy,15,779,695597.0
Magnolia_specPETRIN.npy,16,779,695597.0
Mahonia_aquifolium.npy,0,546,264167.0
Mahonia_aquifolium.npy,1,546,264167.0
Mahonia_aquifolium.npy,2,545,264177.0
Mahonia_aquifolium.npy,3,529,264337.0
Mahonia_aquifolium.npy,4,529,264337.0
Mahonia_aquifolium.npy,5,529,264337.0
Mahonia_aquifolium.npy,6,529,264337.0
Mahonia_aquifolium.npy,7,519,264437.0
Mahonia_aquifolium.npy,8,519,264437.0
Mahonia_aquifolium.npy,9,519,264437.0
Mahonia_aquifolium.npy,10,519,264437.0
Mahonia_aquifolium.npy,11,519,264437.0
Mahonia_aquifolium.npy,12,519,264437.0
Mahonia_aquifolium.npy,13,519,264437.0
Malus_domestica.npy,0,748,395447.0
Malus_domestica.npy,1,740,395527.0
Malus_domestica.npy,2,730,395627.0
Malus_domestica.npy,3,730,395627.0
Malus_domestica.npy,4,729,395637.0
Malus_domestica.npy,5,729,395637.0
Malus_domestica.npy,6,724,395687.0
Malus_domestica.npy,7,724,395687.0
Malus_domestica.npy,8,724,395687.0
Malus_domestica.npy,9,724,395687.0
Malus_domestica.npy,10,724,395687.0
Malus_domestica.npy,11,721,395717.0
Malus_domestica.npy,12,721,395717.0
Malus_domestica.npy,13,721,395717.0
Malus_domestica.npy,14,721,395717.0
Malus_domestica.npy,15,721,395717.0
Malus_domestica.npy,16,721,395717.0
Malus_domestica.npy,17,721,395717.0
Mespilus_germanica.npy,0,652,649325.0
Mespilus_germanica.npy,1,639,649455.0
Mespilus_germanica.npy,2,639,649455.0
Mespilus_germanica.npy,3,639,649455.0
Mespilus_germanica.npy,4,627,649575.0
Mespilus_germanica.npy,5,627,649575.0
Mespilus_germanica.npy,6,627,649575.0
Mespilus_germanica.npy,7,627,649575.0
Mespilus_germanica.npy,8,627,649575.0
Mespilus_germanica.npy,9,625,649595.0
Mespilus_germanica.npy,10,625,649595.0
Mespilus_germanica.npy,11,625,649595.0
Mespilus_germanica.npy,12,624,649605.0
Mespilus_germanica.npy,13,622,649625.0
Mespilus_germanica.npy,14,622,649625.0
Mespilus_germanica.npy,15,622,649625.0
Mespilus_germanica.npy,16,622,649625.0
Mespilus_germanica.npy,17,622,649625.0
Mespilus_germanica.npy,18,621,649635.0
Mespilus_germanica.npy,19,621,649635.0
Mespilus_germanica.npy,20,621,649635.0
Mespilus_germanica.npy,21,621,649635.0
Mespilus_germanica.npy,22,621,649635.0
Mespilus_germanica.npy,23,621,649635.0
Mespilus_germanica.npy,24,621,649635.0
Morus_alba.npy,0,1863,995115.0
Morus_alba.npy,1,1847,995275.0
Morus_alba.npy,2,1846,995285.0
Morus_alba.npy,3,1695,996795.0
Morus_alba.npy,4,1591,997835.0
Morus_alba.npy,5,1591,997835.0
Morus_alba.npy,6,1585,997895.0
Morus_alba.npy,7,1585,997895.0
Morus_alba.npy,8,1570,998045.0
Morus_alba.npy,9,1570,998045.0
Morus_alba.npy,10,1570,998045.0
Morus_alba.npy,11,1506,998685.0
Morus_alba.npy,12,1476,998985.0
Morus_alba.npy,13,1476,998985.0
Morus_alba.npy,14,1476,998985.0
Morus_alba.npy,15,1476,998985.0
Morus_alba.npy,16,1476,998985.0
Morus_alba.npy,17,1476,998985.0
Morus_alba.npy,18,1472,999025.0
Morus_alba.npy,19,1431,999435.0
Morus_alba.npy,20,1431,999435.0
Morus_alba.npy,21,1431,999435.0
Morus_alba.npy,22,1431,999435.0
Morus_alba.npy,23,1431,999435.0
Morus_alba.npy,24,1431,999435.0
Morus_alba.npy,25,1431,999435.0
Myrtus_communis.npy,0,186,49932.0
Myrtus_communis.npy,1,186,49932.0
Myrtus_communis.npy,2,186,49932.0
Myrtus_communis.npy,3,186,49932.0
Myrtus_communis.npy,4,186,49932.0
Myrtus_communis.npy,5,186,49932.0
Myrtus_communis.npy,6,186,49932.0
Nerium_oleander.npy,0,224,159600.0
Nerium_oleander.npy,1,224,159600.0
Nerium_oleander.npy,2,224,159600.0
Nerium_oleander.npy,3,224,159600.0
Nerium_oleander.npy,4,222,159620.0
Nerium_oleander.npy,5,219,159650.0
Nerium_oleander.npy,6,219,159650.0
Nerium_oleander.npy,7,219,159650.0
Nerium_oleander.npy,8,219,159650.0
Nerium_oleander.npy,9,219,159650.0
Nerium_oleander.npy,10,219,159650.0
Nerium_oleander.npy,11,219,159650.0
Olea_oleaster.npy,0,205,69008.0
Olea_oleaster.npy,1,203,69028.0
Olea_oleaster.npy,2,196,69098.0
Olea_oleaster.npy,3,196,69098.0
Olea_oleaster.npy,4,196,69098.0
Olea_oleaster.npy,5,196,69098.0
Olea_oleaster.npy,6,196,69098.0
Olea_oleaster.npy,7,193,69128.0
Olea_oleaster.npy,8,193,69128.0
Olea_oleaster.npy,9,193,69128.0
Olea_oleaster.npy,10,193,69128.0
Olea_oleaster.npy,11,193,69128.0
Olea_oleaster.npy,12,193,69128.0
Olea_oleaster.npy,13,193,69128.0
Ostrya_carpinifolia.npy,0,851,530723.0
Ostrya_carpinifolia.npy,1,788,531353.0
Ostrya_carpinifolia.npy,2,788,531353.0
Ostrya_carpinifolia.npy,3,747,531763.0
Ostrya_carpinifolia.npy,4,747,531763.0
Ostrya_carpinifolia.npy,5,747,531763.0
Ostrya_carpinifolia.npy,6,744,531793.0
Ostrya_carpinifolia.npy,7,744,531793.0
Ostrya_carpinifolia.npy,8,744,531793.0
Ostrya_carpinifolia.npy,9,744,531793.0
Ostrya_carpinifolia.npy,10,743,531803.0
Ostrya_carpinifolia.npy,11,743,531803.0
Ostrya_carpinifolia.npy,12,732,531913.0
Ostrya_carpinifolia.npy,13,732,531913.0
Ostrya_carpinifolia.npy,14,732,531913.0
Ostrya_carpinifolia.npy,15,732,531913.0
Ostrya_carpinifolia.npy,16,732,531913.0
Ostrya_carpinifolia.npy,17,726,531973.0
Ostrya_carpinifolia.npy,18,721,532023.0
Ostrya_carpinifolia.npy,19,721,532023.0
Ostrya_carpinifolia.npy,20,721,532023.0
Ostrya_carpinifolia.npy,21,719,532043.0
Ostrya_carpinifolia.npy,22,719,532043.0
Ostrya_carpinifolia.npy,23,714,532093.0
Ostrya_carpinifolia.npy,24,714,532093.0
Ostrya_carpinifolia.npy,25,714,532093.0
Ostrya_carpinifolia.npy,26,714,532093.0
Ostrya_carpinifolia.npy,27,714,532093.0
Ostrya_carpinifolia.npy,28,714,532093.0
Ostrya_carpinifolia.npy,29,714,532093.0
Paliurus_spinachristi.npy,0,283,69541.0
Paliurus_spinachristi.npy,1,283,69541.0
Paliurus_spinachristi.npy,2,263,69741.0
Paliurus_spinachristi.npy,3,263,69741.0
Paliurus_spinachristi.npy,4,263,69741.0
Paliurus_spinachristi.npy,5,260,69771.0
Paliurus_spinachristi.npy,6,260,69771.0
Paliurus_spinachristi.npy,7,260,69771.0
Paliurus_spinachristi.npy,8,258,69791.0
Paliurus_spinachristi.npy,9,258,69791.0
Paliurus_spinachristi.npy,10,257,69801.0
Paliurus_spinachristi.npy,11,257,69801.0
Paliurus_spinachristi.npy,12,256,69811.0
Paliurus_spinachristi.npy,13,256,69811.0
Paliurus_spinachristi.npy,14,256,69811.0
Paliurus_spinachristi.npy,15,256,69811.0
Paliurus_spinachristi.npy,16,255,69821.0
Paliurus_spinachristi.npy,17,255,69821.0
Paliurus_spinachristi.npy,18,255,69821.0
Paliurus_spinachristi.npy,19,255,69821.0
Paliurus_spinachristi.npy,20,255,69821.0
Paliurus_spinachristi.npy,21,255,69821.0
Paliurus_spinachristi.npy,22,255,69821.0
Parthenocissus_inserta.npy,0,690,323915.0
Parthenocissus_inserta.npy,1,679,324025.0
Parthenocissus_inserta.npy,2,679,324025.0
Parthenocissus_inserta.npy,3,669,324125.0
Parthenocissus_inserta.npy,4,669,324125.0
Parthenocissus_inserta.npy,5,655,324265.0
Parthenocissus_inserta.npy,6,629,324525.0
Parthenocissus_inserta.npy,7,629,324525.0
Parthenocissus_inserta.npy,8,629,324525.0
Parthenocissus_inserta.npy,9,629,324525.0
Parthenocissus_inserta.npy,10,628,324535.0
Parthenocissus_inserta.npy,11,627,324545.0
Parthenocissus_inserta.npy,12,617,324645.0
Parthenocissus_inserta.npy,13,617,324645.0
Parthenocissus_inserta.npy,14,617,324645.0
Parthenocissus_inserta.npy,15,617,324645.0
Parthenocissus_inserta.npy,16,617,324645.0
Parthenocissus_inserta.npy,17,617,324645.0
Parthenocissus_inserta.npy,18,608,324735.0
Parthenocissus_inserta.npy,19,602,324795.0
Parthenocissus_inserta.npy,20,602,324795.0
Parthenocissus_inserta.npy,21,602,324795.0
Parthenocissus_inserta.npy,22,602,324795.0
Parthenocissus_inserta.npy,23,601,324805.0
Parthenocissus_inserta.npy,24,601,324805.0
Parthenocissus_inserta.npy,25,597,324845.0
Parthenocissus_inserta.npy,26,597,324845.0
Parthenocissus_inserta.npy,27,597,324845.0
Parthenocissus_inserta.npy,28,597,324845.0
Parthenocissus_inserta.npy,29,597,324845.0
Parthenocissus_inserta.npy,30,594,324875.0
Parthenocissus_inserta.npy,31,594,324875.0
Parthenocissus_inserta.npy,32,594,324875.0
Parthenocissus_inserta.npy,33,594,324875.0
Parthenocissus_inserta.npy,34,594,324875.0
Parthenocissus_inserta.npy,35,594,324875.0
Parthenocissus_inserta.npy,36,591,324905.0
Parthenocissus_inserta.npy,37,591,324905.0
Parthenocissus_inserta.npy,38,591,324905.0
Parthenocissus_inserta.npy,39,591,324905.0
Parthenocissus_inserta.npy,40,591,324905.0
Parthenocissus_inserta.npy,41,591,324905.0
Parthenocissus_inserta.npy,42,591,324905.0
Parthenocissus_tricuspidata.npy,0,1232,1004876.0
Parthenocissus_tricuspidata.npy,1,1145,1005746.0
Parthenocissus_tricuspidata.npy,2,1145,1005746.0
Parthenocissus_tricuspidata.npy,3,1145,1005746.0
Parthenocissus_tricuspidata.npy,4,1145,1005746.0
Parthenocissus_tricuspidata.npy,5,1144,1005756.0
Parthenocissus_tricuspidata.npy,6,1144,1005756.0
Parthenocissus_tricuspidata.npy,7,1129,1005906.0
Parthenocissus_tricuspidata.npy,8,1117,1006026.0
Parthenocissus_tricuspidata.npy,9,1117,1006026.0
Parthenocissus_tricuspidata.npy,10,1117,1006026.0
Parthenocissus_tricuspidata.npy,11,1117,1006026.0
Parthenocissus_tricuspidata.npy,12,1117,1006026.0
Parthenocissus_tricuspidata.npy,13,1114,1006056.0
Parthenocissus_tricuspidata.npy,14,1110,1006096.0
Parthenocissus_tricuspidata.npy,15,1110,1006096.0
Parthenocissus_tricuspidata.npy,16,1110,1006096.0
Parthenocissus_tricuspidata.npy,17,1104,1006156.0
Parthenocissus_tricuspidata.npy,18,1104,1006156.0
Parthenocissus_tricuspidata.npy,19,1100,1006196.0
Parthenocissus_tricuspidata.npy,20,1100,1006196.0
Parthenocissus_tricuspidata.npy,21,1100,1006196.0
Parthenocissus_tricuspidata.npy,22,1100,1006196.0
Parthenocissus_tricuspidata.npy,23,1100,1006196.0
Parthenocissus_tricuspidata.npy,24,1100,1006196.0
Parthenocissus_tricuspidata.npy,25,1097,1006226.0
Parthenocissus_tricuspidata.npy,26,1097,1006226.0
Parthenocissus_tricuspidata.npy,27,1097,1006226.0
Parthenocissus_tricuspidata.npy,28,1097,1006226.0
Parthenocissus_tricuspidata.npy,29,1097,1006226.0
Parthenocissus_tricuspidata.npy,30,1097,1006226.0
Parthenocissus_tricuspidata.npy,31,1097,1006226.0
Paulownia_tomentosa.npy,0,2163,2304704.0
Paulownia_tomentosa.npy,1,2046,2305874.0
Paulownia_tomentosa.npy,2,2046,2305874.0
Paulownia_tomentosa.npy,3,2046,2305874.0
Paulownia_tomentosa.npy,4,2046,2305874.0
Paulownia_tomentosa.npy,5,2027,2306064.0
Paulownia_tomentosa.npy,6,2027,2306064.0
Paulownia_tomentosa.npy,7,2027,2306064.0
Paulownia_tomentosa.npy,8,2027,2306064.0
Paulownia_tomentosa.npy,9,2025,2306084.0
Paulownia_tomentosa.npy,10,2004,2306294.0
Paulownia_tomentosa.npy,11,2004,2306294.0
Paulownia_tomentosa.npy,12,2004,2306294.0
Paulownia_tomentosa.npy,13,1986,2306474.0
Paulownia_tomentosa.npy,14,1986,2306474.0
Paulownia_tomentosa.npy,15,1984,2306494.0
Paulownia_tomentosa.npy,16,1984,2306494.0
Paulownia_tomentosa.npy,17,1978,2306554.0
Paulownia_tomentosa.npy,18,1978,2306554.0
Paulownia_tomentosa.npy,19,1978,2306554.0
Paulownia_tomentosa.npy,20,1978,2306554.0
Paulownia_tomentosa.npy,21,1978,2306554.0
Paulownia_tomentosa.npy,22,1974,2306594.0
Paulownia_tomentosa.npy,23,1974,2306594.0
Paulownia_tomentosa.npy,24,1974,2306594.0
Paulownia_tomentosa.npy,25,1974,2306594.0
Paulownia_tomentosa.npy,26,1974,2306594.0
Paulownia_tomentosa.npy,27,1973,2306604.0
Paulownia_tomentosa.npy,28,1973,2306604.0
Paulownia_tomentosa.npy,29,1973,2306604.0
Paulownia_tomentosa.npy,30,1973,2306604.0
Paulownia_tomentosa.npy,31,1973,2306604.0
Paulownia_tomentosa.npy,32,1973,2306604.0
Paulownia_tomentosa.npy,33,1973,2306604.0
Phellodendron_amurense.npy,0,642,596771.0
Phellodendron_amurense.npy,1,642,596771.0
Phellodendron_amurense.npy,2,634,596851.0
Phellodendron_amurense.npy,3,631,596881.0
Phellodendron_amurense.npy,4,626,596931.0
Phellodendron_amurense.npy,5,626,596931.0
Phellodendron_amurense.npy,6,626,596931.0
Phellodendron_amurense.npy,7,623,596961.0
Phellodendron_amurense.npy,8,623,596961.0
Phellodendron_amurense.npy,9,623,596961.0
Phellodendron_amurense.npy,10,623,596961.0
Phellodendron_amurense.npy,11,622,596971.0
Phellodendron_amurense.npy,12,622,596971.0
Phellodendron_amurense.npy,13,622,596971.0
Phellodendron_amurense.npy,14,622,596971.0
Phellodendron_amurense.npy,15,622,596971.0
Phellodendron_amurense.npy,16,622,596971.0
Phellodendron_amurense.npy,17,622,596971.0
Philadelphus_coronarius.npy,0,601,247546.0
Philadelphus_coronarius.npy,1,585,247706.0
Philadelphus_coronarius.npy,2,585,247706.0
Philadelphus_coronarius.npy,3,585,247706.0
Philadelphus_coronarius.npy,4,579,247766.0
Philadelphus_coronarius.npy,5,579,247766.0
Philadelphus_coronarius.npy,6,578,247776.0
Philadelphus_coronarius.npy,7,577,247786.0
Philadelphus_coronarius.npy,8,577,247786.0
Philadelphus_coronarius.npy,9,574,247816.0
Philadelphus_coronarius.npy,10,574,247816.0
Philadelphus_coronarius.npy,11,574,247816.0
Philadelphus_coronarius.npy,12,574,247816.0
Philadelphus_coronarius.npy,13,574,247816.0
Philadelphus_coronarius.npy,14,574,247816.0
Philadelphus_coronarius.npy,15,572,247836.0
Philadelphus_coronarius.npy,16,572,247836.0
Philadelphus_coronarius.npy,17,572,247836.0
Philadelphus_coronarius.npy,18,572,247836.0
Philadelphus_coronarius.npy,19,572,247836.0
Philadelphus_coronarius.npy,20,572,247836.0
Philadelphus_coronarius.npy,21,572,247836.0
Physocarpus_opulifolius.npy,0,934,327873.0
Physocarpus_opulifolius.npy,1,781,329403.0
Physocarpus_opulifolius.npy,2,781,329403.0
Physocarpus_opulifolius.npy,3,781,329403.0
Physocarpus_opulifolius.npy,4,781,329403.0
Physocarpus_opulifolius.npy,5,781,329403.0
Physocarpus_opulifolius.npy,6,781,329403.0
Physocarpus_opulifolius.npy,7,781,329403.0
Pistacia_lentiscus.npy,0,92,17349.0
Pistacia_lentiscus.npy,1,92,17349.0
Pistacia_lentiscus.npy,2,92,17349.0
Pistacia_lentiscus.npy,3,90,17369.0
Pistacia_lentiscus.npy,4,90,17369.0
Pistacia_lentiscus.npy,5,89,17379.0
Pistacia_lentiscus.npy,6,89,17379.0
Pistacia_lentiscus.npy,7,88,17389.0
Pistacia_lentiscus.npy,8,88,17389.0
Pistacia_lentiscus.npy,9,88,17389.0
Pistacia_lentiscus.npy,10,88,17389.0
Pistacia_lentiscus.npy,11,88,17389.0
Pistacia_lentiscus.npy,12,88,17389.0
Pistacia_lentiscus.npy,13,88,17389.0
Pittosporum_tobira.npy,0,583,376636.0
Pittosporum_tobira.npy,1,581,376656.0
Pittosporum_tobira.npy,2,581,376656.0
Pittosporum_tobira.npy,3,579,376676.0
Pittosporum_tobira.npy,4,579,376676.0
Pittosporum_tobira.npy,5,579,376676.0
Pittosporum_tobira.npy,6,578,376686.0
Pittosporum_tobira.npy,7,578,376686.0
Pittosporum_tobira.npy,8,578,376686.0
Pittosporum_tobira.npy,9,578,376686.0
Pittosporum_tobira.npy,10,578,376686.0
Pittosporum_tobira.npy,11,578,376686.0
Pittosporum_tobira.npy,12,578,376686.0
Platanus_hispanica.npy,0,4413,2170786.0
Platanus_hispanica.npy,1,4370,2171216.0
Platanus_hispanica.npy,2,3965,2175266.0
Platanus_hispanica.npy,3,3965,2175266.0
Platanus_hispanica.npy,4,3965,2175266.0
Platanus_hispanica.npy,5,3965,2175266.0
Platanus_hispanica.npy,6,3965,2175266.0
Platanus_hispanica.npy,7,3965,2175266.0
Platanus_hispanica.npy,8,3853,2176386.0
Platanus_hispanica.npy,9,3853,2176386.0
Platanus_hispanica.npy,10,3853,2176386.0
Platanus_hispanica.npy,11,3853,2176386.0
Platanus_hispanica.npy,12,3853,2176386.0
Platanus_hispanica.npy,13,3853,2176386.0
Platanus_hispanica.npy,14,3770,2177216.0
Platanus_hispanica.npy,15,3770,2177216.0
Platanus_hispanica.npy,16,3770,2177216.0
Platanus_hispanica.npy,17,3770,2177216.0
Platanus_hispanica.npy,18,3770,2177216.0
Platanus_hispanica.npy,19,3761,2177306.0
Platanus_hispanica.npy,20,3755,2177366.0
Platanus_hispanica.npy,21,3755,2177366.0
Platanus_hispanica.npy,22,3740,2177516.0
Platanus_hispanica.npy,23,3714,2177776.0
Platanus_hispanica.npy,24,3714,2177776.0
Platanus_hispanica.npy,25,3714,2177776.0
Platanus_hispanica.npy,26,3707,2177846.0
Platanus_hispanica.npy,27,3707,2177846.0
Platanus_hispanica.npy,28,3707,2177846.0
Platanus_hispanica.npy,29,3697,2177946.0
Platanus_hispanica.npy,30,3697,2177946.0
Platanus_hispanica.npy,31,3697,2177946.0
Platanus_hispanica.npy,32,3697,2177946.0
Platanus_hispanica.npy,33,3697,2177946.0
Platanus_hispanica.npy,34,3688,2178036.0
Platanus_hispanica.npy,35,3688,2178036.0
Platanus_hispanica.npy,36,3688,2178036.0
Platanus_hispanica.npy,37,3687,2178046.0
Platanus_hispanica.npy,38,3685,2178066.0
Platanus_hispanica.npy,39,3685,2178066.0
Platanus_hispanica.npy,40,3681,2178106.0
Platanus_hispanica.npy,41,3675,2178166.0
Platanus_hispanica.npy,42,3675,2178166.0
Platanus_hispanica.npy,43,3673,2178186.0
Platanus_hispanica.npy,44,3673,2178186.0
Platanus_hispanica.npy,45,3673,2178186.0
Platanus_hispanica.npy,46,3673,2178186.0
Platanus_hispanica.npy,47,3673,2178186.0
Platanus_hispanica.npy,48,3673,2178186.0
Platanus_hispanica.npy,49,3673,2178186.0
Populus_alba.npy,0,1262,554618.0
Populus_alba.npy,1,1115,556088.0
Populus_alba.npy,2,1056,556678.0
Populus_alba.npy,3,1056,556678.0
Populus_alba.npy,4,1056,556678.0
Populus_alba.npy,5,1056,556678.0
Populus_alba.npy,6,1052,556718.0
Populus_alba.npy,7,1052,556718.0
Populus_alba.npy,8,1016,557078.0
Populus_alba.npy,9,1016,557078.0
Populus_alba.npy,10,1016,557078.0
Populus_alba.npy,11,1016,557078.0
Populus_alba.npy,12,1016,557078.0
Populus_alba.npy,13,988,557358.0
Populus_alba.npy,14,988,557358.0
Populus_alba.npy,15,988,557358.0
Populus_alba.npy,16,950,557738.0
Populus_alba.npy,17,940,557838.0
Populus_alba.npy,18,940,557838.0
Populus_alba.npy,19,940,557838.0
Populus_alba.npy,20,940,557838.0
Populus_alba.npy,21,938,557858.0
Populus_alba.npy,22,930,557938.0
Populus_alba.npy,23,930,557938.0
Populus_alba.npy,24,930,557938.0
Populus_alba.npy,25,930,557938.0
Populus_alba.npy,26,930,557938.0
Populus_alba.npy,27,926,557978.0
Populus_alba.npy,28,926,557978.0
Populus_alba.npy,29,925,557988.0
Populus_alba.npy,30,925,557988.0
Populus_alba.npy,31,925,557988.0
Populus_alba.npy,32,925,557988.0
Populus_alba.npy,33,924,557998.0
Populus_alba.npy,34,924,557998.0
Populus_alba.npy,35,924,557998.0
Populus_alba.npy,36,923,558008.0
Populus_alba.npy,37,921,558028.0
Populus_alba.npy,38,921,558028.0
Populus_alba.npy,39,921,558028.0
Populus_alba.npy,40,921,558028.0
Populus_alba.npy,41,921,558028.0
Populus_alba.npy,42,920,558038.0
Populus_alba.npy,43,920,558038.0
Populus_alba.npy,44,920,558038.0
Populus_alba.npy,45,920,558038.0
Populus_alba.npy,46,920,558038.0
Populus_alba.npy,47,918,558058.0
Populus_alba.npy,48,918,558058.0
Populus_alba.npy,49,918,558058.0
Populus_alba.npy,50,918,558058.0
Populus_alba.npy,51,918,558058.0
Populus_alba.npy,52,918,558058.0
Populus_alba.npy,53,918,558058.0
Populus_canadensis.npy,0,1213,724748.0
Populus_canadensis.npy,1,1126,725618.0
Populus_canadensis.npy,2,1126,725618.0
Populus_canadensis.npy,3,1074,726138.0
Populus_canadensis.npy,4,1074,726138.0
Populus_canadensis.npy,5,1074,726138.0
Populus_canadensis.npy,6,1074,726138.0
Populus_canadensis.npy,7,1074,726138.0
Populus_canadensis.npy,8,1071,726168.0
Populus_canadensis.npy,9,1052,726358.0
Populus_canadensis.npy,10,1052,726358.0
Populus_canadensis.npy,11,1052,726358.0
Populus_canadensis.npy,12,1030,726578.0
Populus_canadensis.npy,13,1017,726708.0
Populus_canadensis.npy,14,1011,726768.0
Populus_canadensis.npy,15,1011,726768.0
Populus_canadensis.npy,16,1011,726768.0
Populus_canadensis.npy,17,1011,726768.0
Populus_canadensis.npy,18,1007,726808.0
Populus_canadensis.npy,19,1007,726808.0
Populus_canadensis.npy,20,1005,726828.0
Populus_canadensis.npy,21,1005,726828.0
Populus_canadensis.npy,22,999,726888.0
Populus_canadensis.npy,23,993,726948.0
Populus_canadensis.npy,24,993,726948.0
Populus_canadensis.npy,25,993,726948.0
Populus_canadensis.npy,26,993,726948.0
Populus_canadensis.npy,27,993,726948.0
Populus_canadensis.npy,28,992,726958.0
Populus_canadensis.npy,29,992,726958.0
Populus_canadensis.npy,30,986,727018.0
Populus_canadensis.npy,31,986,727018.0
Populus_canadensis.npy,32,986,727018.0
Populus_canadensis.npy,33,986,727018.0
Populus_canadensis.npy,34,986,727018.0
Populus_canadensis.npy,35,986,727018.0
Populus_canadensis.npy,36,986,727018.0
Populus_canescens.npy,0,1471,789864.0
Populus_canescens.npy,1,1414,790434.0
Populus_canescens.npy,2,1367,790904.0
Populus_canescens.npy,3,1365,790924.0
Populus_canescens.npy,4,1365,790924.0
Populus_canescens.npy,5,1365,790924.0
Populus_canescens.npy,6,1303,791544.0
Populus_canescens.npy,7,1303,791544.0
Populus_canescens.npy,8,1256,792014.0
Populus_canescens.npy,9,1256,792014.0
Populus_canescens.npy,10,1256,792014.0
Populus_canescens.npy,11,1256,792014.0
Populus_canescens.npy,12,1256,792014.0
Populus_canescens.npy,13,1256,792014.0
Populus_canescens.npy,14,1256,792014.0
Populus_nigra.npy,0,1229,488990.0
Populus_nigra.npy,1,1212,489160.0
Populus_nigra.npy,2,1175,489530.0
Populus_nigra.npy,3,1175,489530.0
Populus_nigra.npy,4,1158,489700.0
Populus_nigra.npy,5,1158,489700.0
Populus_nigra.npy,6,1158,489700.0
Populus_nigra.npy,7,1156,489720.0
Populus_nigra.npy,8,1155,489730.0
Populus_nigra.npy,9,1136,489920.0
Populus_nigra.npy,10,1123,490050.0
Populus_nigra.npy,11,1118,490100.0
Populus_nigra.npy,12,1118,490100.0
Populus_nigra.npy,13,1106,490220.0
Populus_nigra.npy,14,1104,490240.0
Populus_nigra.npy,15,1104,490240.0
Populus_nigra.npy,16,1104,490240.0
Populus_nigra.npy,17,1104,490240.0
Populus_nigra.npy,18,1103,490250.0
Populus_nigra.npy,19,1103,490250.0
Populus_nigra.npy,20,1103,490250.0
Populus_nigra.npy,21,1103,490250.0
Populus_nigra.npy,22,1102,490260.0
Populus_nigra.npy,23,1100,490280.0
Populus_nigra.npy,24,1100,490280.0
Populus_nigra.npy,25,1098,490300.0
Populus_nigra.npy,26,1093,490350.0
Populus_nigra.npy,27,1093,490350.0
Populus_nigra.npy,28,1093,490350.0
Populus_nigra.npy,29,1090,490380.0
Populus_nigra.npy,30,1090,490380.0
Populus_nigra.npy,31,1090,490380.0
Populus_nigra.npy,32,1090,490380.0
Populus_nigra.npy,33,1086,490420.0
Populus_nigra.npy,34,1086,490420.0
Populus_nigra.npy,35,1086,490420.0
Populus_nigra.npy,36,1086,490420.0
Populus_nigra.npy,37,1083,490450.0
Populus_nigra.npy,38,1083,490450.0
Populus_nigra.npy,39,1083,490450.0
Populus_nigra.npy,40,1083,490450.0
Populus_nigra.npy,41,1083,490450.0
Populus_nigra.npy,42,1080,490480.0
Populus_nigra.npy,43,1080,490480.0
Populus_nigra.npy,44,1080,490480.0
Populus_nigra.npy,45,1080,490480.0
Populus_nigra.npy,46,1080,490480.0
Populus_nigra.npy,47,1080,490480.0
Populus_nigra.npy,48,1080,490480.0
Populus_tremula.npy,0,1187,546656.0
Populus_tremula.npy,1,1129,547236.0
Populus_tremula.npy,2,1105,547476.0
Populus_tremula.npy,3,1054,547986.0
Populus_tremula.npy,4,1042,548106.0
Populus_tremula.npy,5,1042,548106.0
Populus_tremula.npy,6,1042,548106.0
Populus_tremula.npy,7,1042,548106.0
Populus_tremula.npy,8,1029,548236.0
Populus_tremula.npy,9,1029,548236.0
Populus_tremula.npy,10,1021,548316.0
Populus_tremula.npy,11,1010,548426.0
Populus_tremula.npy,12,1010,548426.0
Populus_tremula.npy,13,991,548616.0
Populus_tremula.npy,14,991,548616.0
Populus_tremula.npy,15,991,548616.0
Populus_tremula.npy,16,991,548616.0
Populus_tremula.npy,17,991,548616.0
Populus_tremula.npy,18,991,548616.0
Populus_tremula.npy,19,967,548856.0
Populus_tremula.npy,20,967,548856.0
Populus_tremula.npy,21,954,548986.0
Populus_tremula.npy,22,952,549006.0
Populus_tremula.npy,23,952,549006.0
Populus_tremula.npy,24,944,549086.0
Populus_tremula.npy,25,940,549126.0
Populus_tremula.npy,26,938,549146.0
Populus_tremula.npy,27,933,549196.0
Populus_tremula.npy,28,933,549196.0
Populus_tremula.npy,29,933,549196.0
Populus_tremula.npy,30,933,549196.0
Populus_tremula.npy,31,930,549226.0
Populus_tremula.npy,32,930,549226.0
Populus_tremula.npy,33,930,549226.0
Populus_tremula.npy,34,930,549226.0
Populus_tremula.npy,35,930,549226.0
Populus_tremula.npy,36,927,549256.0
Populus_tremula.npy,37,927,549256.0
Populus_tremula.npy,38,927,549256.0
Populus_tremula.npy,39,927,549256.0
Populus_tremula.npy,40,927,549256.0
Populus_tremula.npy,41,927,549256.0
Populus_tremula.npy,42,927,549256.0
Prunus_armeniaca.npy,0,695,341774.0
Prunus_armeniaca.npy,1,686,341864.0
Prunus_armeniaca.npy,2,686,341864.0
Prunus_armeniaca.npy,3,620,342524.0
Prunus_armeniaca.npy,4,620,342524.0
Prunus_armeniaca.npy,5,620,342524.0
Prunus_armeniaca.npy,6,613,342594.0
Prunus_armeniaca.npy,7,608,342644.0
Prunus_armeniaca.npy,8,608,342644.0
Prunus_armeniaca.npy,9,589,342834.0
Prunus_armeniaca.npy,10,589,342834.0
Prunus_armeniaca.npy,11,589,342834.0
Prunus_armeniaca.npy,12,589,342834.0
Prunus_armeniaca.npy,13,582,342904.0
Prunus_armeniaca.npy,14,582,342904.0
Prunus_armeniaca.npy,15,578,342944.0
Prunus_armeniaca.npy,16,578,342944.0
Prunus_armeniaca.npy,17,574,342984.0
Prunus_armeniaca.npy,18,574,342984.0
Prunus_armeniaca.npy,19,574,342984.0
Prunus_armeniaca.npy,20,573,342994.0
Prunus_armeniaca.npy,21,573,342994.0
Prunus_armeniaca.npy,22,571,343014.0
Prunus_armeniaca.npy,23,571,343014.0
Prunus_armeniaca.npy,24,571,343014.0
Prunus_armeniaca.npy,25,570,343024.0
Prunus_armeniaca.npy,26,570,343024.0
Prunus_armeniaca.npy,27,570,343024.0
Prunus_armeniaca.npy,28,570,343024.0
Prunus_armeniaca.npy,29,570,343024.0
Prunus_armeniaca.npy,30,567,343054.0
Prunus_armeniaca.npy,31,567,343054.0
Prunus_armeniaca.npy,32,565,343074.0
Prunus_armeniaca.npy,33,565,343074.0
Prunus_armeniaca.npy,34,565,343074.0
Prunus_armeniaca.npy,35,565,343074.0
Prunus_armeniaca.npy,36,565,343074.0
Prunus_armeniaca.npy,37,565,343074.0
Prunus_armeniaca.npy,38,565,343074.0
Prunus_avium.npy,0,1384,4801096.0
Prunus_avium.npy,1,1384,4801096.0
Prunus_avium.npy,2,1381,4801126.0
Prunus_avium.npy,3,790,4807036.0
Prunus_avium.npy,4,790,4807036.0
Prunus_avium.npy,5,790,4807036.0
Prunus_avium.npy,6,790,4807036.0
Prunus_avium.npy,7,790,4807036.0
Prunus_avium.npy,8,790,4807036.0
Prunus_avium.npy,9,790,4807036.0
Prunus_cerasifera.npy,0,299,81374.0
Prunus_cerasifera.npy,1,290,81464.0
Prunus_cerasifera.npy,2,290,81464.0
Prunus_cerasifera.npy,3,290,81464.0
Prunus_cerasifera.npy,4,290,81464.0
Prunus_cerasifera.npy,5,289,81474.0
Prunus_cerasifera.npy,6,289,81474.0
Prunus_cerasifera.npy,7,288,81484.0
Prunus_cerasifera.npy,8,288,81484.0
Prunus_cerasifera.npy,9,288,81484.0
Prunus_cerasifera.npy,10,288,81484.0
Prunus_cerasifera.npy,11,288,81484.0
Prunus_cerasifera.npy,12,288,81484.0
Prunus_cerasifera.npy,13,288,81484.0
Prunus_laurocerasus.npy,0,541,490959.0
Prunus_laurocerasus.npy,1,541,490959.0
Prunus_laurocerasus.npy,2,541,490959.0
Prunus_laurocerasus.npy,3,541,490959.0
Prunus_laurocerasus.npy,4,541,490959.0
Prunus_laurocerasus.npy,5,541,490959.0
Prunus_laurocerasus.npy,6,541,490959.0
Prunus_mahaleb.npy,0,556,241952.0
Prunus_mahaleb.npy,1,556,241952.0
Prunus_mahaleb.npy,2,556,241952.0
Prunus_mahaleb.npy,3,544,242072.0
Prunus_mahaleb.npy,4,544,242072.0
Prunus_mahaleb.npy,5,520,242312.0
Prunus_mahaleb.npy,6,520,242312.0
Prunus_mahaleb.npy,7,517,242342.0
Prunus_mahaleb.npy,8,517,242342.0
Prunus_mahaleb.npy,9,499,242522.0
Prunus_mahaleb.npy,10,499,242522.0
Prunus_mahaleb.npy,11,499,242522.0
Prunus_mahaleb.npy,12,498,242532.0
Prunus_mahaleb.npy,13,492,242592.0
Prunus_mahaleb.npy,14,492,242592.0
Prunus_mahaleb.npy,15,492,242592.0
Prunus_mahaleb.npy,16,490,242612.0
Prunus_mahaleb.npy,17,490,242612.0
Prunus_mahaleb.npy,18,490,242612.0
Prunus_mahaleb.npy,19,490,242612.0
Prunus_mahaleb.npy,20,489,242622.0
Prunus_mahaleb.npy,21,489,242622.0
Prunus_mahaleb.npy,22,489,242622.0
Prunus_mahaleb.npy,23,489,242622.0
Prunus_mahaleb.npy,24,488,242632.0
Prunus_mahaleb.npy,25,488,242632.0
Prunus_mahaleb.npy,26,487,242642.0
Prunus_mahaleb.npy,27,487,242642.0
Prunus_mahaleb.npy,28,487,242642.0
Prunus_mahaleb.npy,29,487,242642.0
Prunus_mahaleb.npy,30,487,242642.0
Prunus_mahaleb.npy,31,487,242642.0
Prunus_mahaleb.npy,32,487,242642.0
Prunus_padus.npy,0,608,345761.0
Prunus_padus.npy,1,590,345941.0
Prunus_padus.npy,2,590,345941.0
Prunus_padus.npy,3,581,346031.0
Prunus_padus.npy,4,581,346031.0
Prunus_padus.npy,5,571,346131.0
Prunus_padus.npy,6,571,346131.0
Prunus_padus.npy,7,571,346131.0
Prunus_padus.npy,8,571,346131.0
Prunus_padus.npy,9,563,346211.0
Prunus_padus.npy,10,563,346211.0
Prunus_padus.npy,11,562,346221.0
Prunus_padus.npy,12,562,346221.0
Prunus_padus.npy,13,562,346221.0
Prunus_padus.npy,14,562,346221.0
Prunus_padus.npy,15,562,346221.0
Prunus_padus.npy,16,562,346221.0
Prunus_padus.npy,17,562,346221.0
Prunus_persica.npy,0,724,643460.0
Prunus_persica.npy,1,695,643750.0
Prunus_persica.npy,2,695,643750.0
Prunus_persica.npy,3,695,643750.0
Prunus_persica.npy,4,695,643750.0
Prunus_persica.npy,5,695,643750.0
Prunus_persica.npy,6,691,643790.0
Prunus_persica.npy,7,691,643790.0
Prunus_persica.npy,8,687,643830.0
Prunus_persica.npy,9,685,643850.0
Prunus_persica.npy,10,685,643850.0
Prunus_persica.npy,11,685,643850.0
Prunus_persica.npy,12,682,643880.0
Prunus_persica.npy,13,680,643900.0
Prunus_persica.npy,14,680,643900.0
Prunus_persica.npy,15,680,643900.0
Prunus_persica.npy,16,680,643900.0
Prunus_persica.npy,17,680,643900.0
Prunus_persica.npy,18,680,643900.0
Prunus_persica.npy,19,680,643900.0
Prunus_spinosa.npy,0,430,160304.0
Prunus_spinosa.npy,1,415,160454.0
Prunus_spinosa.npy,2,415,160454.0
Prunus_spinosa.npy,3,415,160454.0
Prunus_spinosa.npy,4,415,160454.0
Prunus_spinosa.npy,5,411,160494.0
Prunus_spinosa.npy,6,410,160504.0
Prunus_spinosa.npy,7,410,160504.0
Prunus_spinosa.npy,8,405,160554.0
Prunus_spinosa.npy,9,405,160554.0
Prunus_spinosa.npy,10,405,160554.0
Prunus_spinosa.npy,11,405,160554.0
Prunus_spinosa.npy,12,405,160554.0
Prunus_spinosa.npy,13,404,160564.0
Prunus_spinosa.npy,14,404,160564.0
Prunus_spinosa.npy,15,404,160564.0
Prunus_spinosa.npy,16,404,160564.0
Prunus_spinosa.npy,17,404,160564.0
Prunus_spinosa.npy,18,404,160564.0
Prunus_spinosa.npy,19,404,160564.0
Pterocarya_pterocarpa.npy,0,758,711482.0
Pterocarya_pterocarpa.npy,1,734,711722.0
Pterocarya_pterocarpa.npy,2,734,711722.0
Pterocarya_pterocarpa.npy,3,734,711722.0
Pterocarya_pterocarpa.npy,4,721,711852.0
Pterocarya_pterocarpa.npy,5,721,711852.0
Pterocarya_pterocarpa.npy,6,716,711902.0
Pterocarya_pterocarpa.npy,7,710,711962.0
Pterocarya_pterocarpa.npy,8,710,711962.0
Pterocarya_pterocarpa.npy,9,710,711962.0
Pterocarya_pterocarpa.npy,10,706,712002.0
Pterocarya_pterocarpa.npy,11,706,712002.0
Pterocarya_pterocarpa.npy,12,706,712002.0
Pterocarya_pterocarpa.npy,13,704,712022.0
Pterocarya_pterocarpa.npy,14,704,712022.0
Pterocarya_pterocarpa.npy,15,704,712022.0
Pterocarya_pterocarpa.npy,16,704,712022.0
Pterocarya_pterocarpa.npy,17,704,712022.0
Pterocarya_pterocarpa.npy,18,704,712022.0
Pterocarya_pterocarpa.npy,19,704,712022.0
Punica_granatum.npy,0,243,67820.0
Punica_granatum.npy,1,240,67850.0
Punica_granatum.npy,2,239,67860.0
Punica_granatum.npy,3,239,67860.0
Punica_granatum.npy,4,237,67880.0
Punica_granatum.npy,5,235,67900.0
Punica_granatum.npy,6,235,67900.0
Punica_granatum.npy,7,235,67900.0
Punica_granatum.npy,8,235,67900.0
Punica_granatum.npy,9,234,67910.0
Punica_granatum.npy,10,234,67910.0
Punica_granatum.npy,11,234,67910.0
Punica_granatum.npy,12,234,67910.0
Punica_granatum.npy,13,234,67910.0
Punica_granatum.npy,14,234,67910.0
Punica_granatum.npy,15,234,67910.0
Pyracantha_coccinea.npy,0,254,102747.0
Pyracantha_coccinea.npy,1,254,102747.0
Pyracantha_coccinea.npy,2,253,102757.0
Pyracantha_coccinea.npy,3,253,102757.0
Pyracantha_coccinea.npy,4,253,102757.0
Pyracantha_coccinea.npy,5,253,102757.0
Pyracantha_coccinea.npy,6,253,102757.0
Pyracantha_coccinea.npy,7,253,102757.0
Pyracantha_coccinea.npy,8,253,102757.0
Pyrus_amygdaliformis.npy,0,157,27518.0
Pyrus_amygdaliformis.npy,1,152,27568.0
Pyrus_amygdaliformis.npy,2,152,27568.0
Pyrus_amygdaliformis.npy,3,152,27568.0
Pyrus_amygdaliformis.npy,4,150,27588.0
Pyrus_amygdaliformis.npy,5,149,27598.0
Pyrus_amygdaliformis.npy,6,149,27598.0
Pyrus_amygdaliformis.npy,7,148,27608.0
Pyrus_amygdaliformis.npy,8,148,27608.0
Pyrus_amygdaliformis.npy,9,147,27618.0
Pyrus_amygdaliformis.npy,10,147,27618.0
Pyrus_amygdaliformis.npy,11,147,27618.0
Pyrus_amygdaliformis.npy,12,147,27618.0
Pyrus_amygdaliformis.npy,13,147,27618.0
Pyrus_amygdaliformis.npy,14,147,27618.0
Pyrus_amygdaliformis.npy,15,147,27618.0
Quercus_cerris.npy,0,1279,712359.0
Quercus_cerris.npy,1,1209,713059.0
Quercus_cerris.npy,2,1209,713059.0
Quercus_cerris.npy,3,1209,713059.0
Quercus_cerris.npy,4,1203,713119.0
Quercus_cerris.npy,5,1203,713119.0
Quercus_cerris.npy,6,1203,713119.0
Quercus_cerris.npy,7,1203,713119.0
Quercus_cerris.npy,8,1203,713119.0
Quercus_cerris.npy,9,1203,713119.0
Quercus_cerris.npy,10,1195,713199.0
Quercus_cerris.npy,11,1192,713229.0
Quercus_cerris.npy,12,1183,713319.0
Quercus_cerris.npy,13,1183,713319.0
Quercus_cerris.npy,14,1183,713319.0
Quercus_cerris.npy,15,1175,713399.0
Quercus_cerris.npy,16,1175,713399.0
Quercus_cerris.npy,17,1175,713399.0
Quercus_cerris.npy,18,1175,713399.0
Quercus_cerris.npy,19,1174,713409.0
Quercus_cerris.npy,20,1174,713409.0
Quercus_cerris.npy,21,1174,713409.0
Quercus_cerris.npy,22,1172,713429.0
Quercus_cerris.npy,23,1172,713429.0
Quercus_cerris.npy,24,1171,713439.0
Quercus_cerris.npy,25,1171,713439.0
Quercus_cerris.npy,26,1171,713439.0
Quercus_cerris.npy,27,1171,713439.0
Quercus_cerris.npy,28,1171,713439.0
Quercus_cerris.npy,29,1171,713439.0
Quercus_cerris.npy,30,1171,713439.0
Quercus_frainetto.npy,0,2376,737211.0
Quercus_frainetto.npy,1,2168,739291.0
Quercus_frainetto.npy,2,2168,739291.0
Quercus_frainetto.npy,3,2168,739291.0
Quercus_frainetto.npy,4,2168,739291.0
Quercus_frainetto.npy,5,2135,739621.0
Quercus_frainetto.npy,6,2135,739621.0
Quercus_frainetto.npy,7,2135,739621.0
Quercus_frainetto.npy,8,2080,740171.0
Quercus_frainetto.npy,9,2080,740171.0
Quercus_frainetto.npy,10,2080,740171.0
Quercus_frainetto.npy,11,2080,740171.0
Quercus_frainetto.npy,12,2080,740171.0
Quercus_frainetto.npy,13,2080,740171.0
Quercus_frainetto.npy,14,2080,740171.0
Quercus_macrocarpa.npy,0,1748,1070879.0
Quercus_macrocarpa.npy,1,1748,1070879.0
Quercus_macrocarpa.npy,2,1713,1071229.0
Quercus_macrocarpa.npy,3,1657,1071789.0
Quercus_macrocarpa.npy,4,1642,1071939.0
Quercus_macrocarpa.npy,5,1642,1071939.0
Quercus_macrocarpa.npy,6,1642,1071939.0
Quercus_macrocarpa.npy,7,1604,1072319.0
Quercus_macrocarpa.npy,8,1604,1072319.0
Quercus_macrocarpa.npy,9,1598,1072379.0
Quercus_macrocarpa.npy,10,1582,1072539.0
Quercus_macrocarpa.npy,11,1582,1072539.0
Quercus_macrocarpa.npy,12,1582,1072539.0
Quercus_macrocarpa.npy,13,1579,1072569.0
Quercus_macrocarpa.npy,14,1579,1072569.0
Quercus_macrocarpa.npy,15,1577,1072589.0
Quercus_macrocarpa.npy,16,1575,1072609.0
Quercus_macrocarpa.npy,17,1572,1072639.0
Quercus_macrocarpa.npy,18,1572,1072639.0
Quercus_macrocarpa.npy,19,1572,1072639.0
Quercus_macrocarpa.npy,20,1572,1072639.0
Quercus_macrocarpa.npy,21,1572,1072639.0
Quercus_macrocarpa.npy,22,1572,1072639.0
Quercus_macrocarpa.npy,23,1572,1072639.0
Quercus_palustris.npy,0,2303,305212.0
Quercus_palustris.npy,1,2130,306942.0
Quercus_palustris.npy,2,2130,306942.0
Quercus_palustris.npy,3,2130,306942.0
Quercus_palustris.npy,4,2130,306942.0
Quercus_palustris.npy,5,1997,308272.0
Quercus_palustris.npy,6,1925,308992.0
Quercus_palustris.npy,7,1925,308992.0
Quercus_palustris.npy,8,1925,308992.0
Quercus_palustris.npy,9,1925,308992.0
Quercus_palustris.npy,10,1925,308992.0
Quercus_palustris.npy,11,1925,308992.0
Quercus_palustris.npy,12,1915,309092.0
Quercus_palustris.npy,13,1867,309572.0
Quercus_palustris.npy,14,1867,309572.0
Quercus_palustris.npy,15,1867,309572.0
Quercus_palustris.npy,16,1867,309572.0
Quercus_palustris.npy,17,1867,309572.0
Quercus_palustris.npy,18,1867,309572.0
Quercus_palustris.npy,19,1867,309572.0
Quercus_petraea.npy,0,1531,882881.0
Quercus_petraea.npy,1,1531,882881.0
Quercus_petraea.npy,2,1374,884451.0
Quercus_petraea.npy,3,1374,884451.0
Quercus_petraea.npy,4,1374,884451.0
Quercus_petraea.npy,5,1353,884661.0
Quercus_petraea.npy,6,1353,884661.0
Quercus_petraea.npy,7,1353,884661.0
Quercus_petraea.npy,8,1346,884731.0
Quercus_petraea.npy,9,1334,884851.0
Quercus_petraea.npy,10,1334,884851.0
Quercus_petraea.npy,11,1334,884851.0
Quercus_petraea.npy,12,1334,884851.0
Quercus_petraea.npy,13,1294,885251.0
Quercus_petraea.npy,14,1294,885251.0
Quercus_petraea.npy,15,1294,885251.0
Quercus_petraea.npy,16,1282,885371.0
Quercus_petraea.npy,17,1269,885501.0
Quercus_petraea.npy,18,1269,885501.0
Quercus_petraea.npy,19,1269,885501.0
Quercus_petraea.npy,20,1262,885571.0
Quercus_petraea.npy,21,1262,885571.0
Quercus_petraea.npy,22,1262,885571.0
Quercus_petraea.npy,23,1262,885571.0
Quercus_petraea.npy,24,1262,885571.0
Quercus_petraea.npy,25,1262,885571.0
Quercus_petraea.npy,26,1261,885581.0
Quercus_petraea.npy,27,1261,885581.0
Quercus_petraea.npy,28,1261,885581.0
Quercus_petraea.npy,29,1261,885581.0
Quercus_petraea.npy,30,1261,885581.0
Quercus_petraea.npy,31,1261,885581.0
Quercus_petraea.npy,32,1260,885591.0
Quercus_petraea.npy,33,1260,885591.0
Quercus_petraea.npy,34,1260,885591.0
Quercus_petraea.npy,35,1260,885591.0
Quercus_petraea.npy,36,1260,885591.0
Quercus_petraea.npy,37,1260,885591.0
Quercus_petraea.npy,38,1260,885591.0
Quercus_pubescens.npy,0,1813,604536.0
Quercus_pubescens.npy,1,1733,605336.0
Quercus_pubescens.npy,2,1730,605366.0
Quercus_pubescens.npy,3,1730,605366.0
Quercus_pubescens.npy,4,1730,605366.0
Quercus_pubescens.npy,5,1682,605846.0
Quercus_pubescens.npy,6,1637,606296.0
Quercus_pubescens.npy,7,1637,606296.0
Quercus_pubescens.npy,8,1547,607196.0
Quercus_pubescens.npy,9,1547,607196.0
Quercus_pubescens.npy,10,1473,607936.0
Quercus_pubescens.npy,11,1473,607936.0
Quercus_pubescens.npy,12,1461,608056.0
Quercus_pubescens.npy,13,1461,608056.0
Quercus_pubescens.npy,14,1461,608056.0
Quercus_pubescens.npy,15,1419,608476.0
Quercus_pubescens.npy,16,1419,608476.0
Quercus_pubescens.npy,17,1419,608476.0
Quercus_pubescens.npy,18,1404,608626.0
Quercus_pubescens.npy,19,1404,608626.0
Quercus_pubescens.npy,20,1365,609016.0
Quercus_pubescens.npy,21,1365,609016.0
Quercus_pubescens.npy,22,1365,609016.0
Quercus_pubescens.npy,23,1351,609156.0
Quercus_pubescens.npy,24,1348,609186.0
Quercus_pubescens.npy,25,1338,609286.0
Quercus_pubescens.npy,26,1338,609286.0
Quercus_pubescens.npy,27,1335,609316.0
Quercus_pubescens.npy,28,1326,609406.0
Quercus_pubescens.npy,29,1326,609406.0
Quercus_pubescens.npy,30,1326,609406.0
Quercus_pubescens.npy,31,1326,609406.0
Quercus_pubescens.npy,32,1322,609446.0
Quercus_pubescens.npy,33,1321,609456.0
Quercus_pubescens.npy,34,1320,609466.0
Quercus_pubescens.npy,35,1320,609466.0
Quercus_pubescens.npy,36,1313,609536.0
Quercus_pubescens.npy,37,1313,609536.0
Quercus_pubescens.npy,38,1313,609536.0
Quercus_pubescens.npy,39,1313,609536.0
Quercus_pubescens.npy,40,1312,609546.0
Quercus_pubescens.npy,41,1305,609616.0
Quercus_pubescens.npy,42,1305,609616.0
Quercus_pubescens.npy,43,1305,609616.0
Quercus_pubescens.npy,44,1305,609616.0
Quercus_pubescens.npy,45,1305,609616.0
Quercus_pubescens.npy,46,1305,609616.0
Quercus_pubescens.npy,47,1305,609616.0
Quercus_robur.npy,0,1688,812571.0
Quercus_robur.npy,1,1572,813731.0
Quercus_robur.npy,2,1509,814361.0
Quercus_robur.npy,3,1509,814361.0
Quercus_robur.npy,4,1509,814361.0
Quercus_robur.npy,5,1470,814751.0
Quercus_robur.npy,6,1407,815381.0
Quercus_robur.npy,7,1407,815381.0
Quercus_robur.npy,8,1407,815381.0
Quercus_robur.npy,9,1407,815381.0
Quercus_robur.npy,10,1407,815381.0
Quercus_robur.npy,11,1407,815381.0
Quercus_robur.npy,12,1384,815611.0
Quercus_robur.npy,13,1384,815611.0
Quercus_robur.npy,14,1353,815921.0
Quercus_robur.npy,15,1353,815921.0
Quercus_robur.npy,16,1353,815921.0
Quercus_robur.npy,17,1335,816101.0
Quercus_robur.npy,18,1335,816101.0
Quercus_robur.npy,19,1333,816121.0
Quercus_robur.npy,20,1333,816121.0
Quercus_robur.npy,21,1333,816121.0
Quercus_robur.npy,22,1333,816121.0
Quercus_robur.npy,23,1333,816121.0
Quercus_robur.npy,24,1333,816121.0
Quercus_robur.npy,25,1333,816121.0
Quercus_rubra.npy,0,2860,1135169.0
Quercus_rubra.npy,1,2599,1137779.0
Quercus_rubra.npy,2,2599,1137779.0
Quercus_rubra.npy,3,2555,1138219.0
Quercus_rubra.npy,4,2495,1138819.0
Quercus_rubra.npy,5,2436,1139409.0
Quercus_rubra.npy,6,2436,1139409.0
Quercus_rubra.npy,7,2390,1139869.0
Quercus_rubra.npy,8,2390,1139869.0
Quercus_rubra.npy,9,2386,1139909.0
Quercus_rubra.npy,10,2386,1139909.0
Quercus_rubra.npy,11,2376,1140009.0
Quercus_rubra.npy,12,2370,1140069.0
Quercus_rubra.npy,13,2367,1140099.0
Quercus_rubra.npy,14,2367,1140099.0
Quercus_rubra.npy,15,2367,1140099.0
Quercus_rubra.npy,16,2366,1140109.0
Quercus_rubra.npy,17,2366,1140109.0
Quercus_rubra.npy,18,2366,1140109.0
Quercus_rubra.npy,19,2363,1140139.0
Quercus_rubra.npy,20,2359,1140179.0
Quercus_rubra.npy,21,2359,1140179.0
Quercus_rubra.npy,22,2359,1140179.0
Quercus_rubra.npy,23,2359,1140179.0
Quercus_rubra.npy,24,2359,1140179.0
Quercus_rubra.npy,25,2358,1140189.0
Quercus_rubra.npy,26,2358,1140189.0
Quercus_rubra.npy,27,2357,1140199.0
Quercus_rubra.npy,28,2357,1140199.0
Quercus_rubra.npy,29,2357,1140199.0
Quercus_rubra.npy,30,2357,1140199.0
Quercus_rubra.npy,31,2357,1140199.0
Quercus_rubra.npy,32,2357,1140199.0
Quercus_rubra.npy,33,2357,1140199.0
Rhamnus_cathartica.npy,0,510,191199.0
Rhamnus_cathartica.npy,1,510,191199.0
Rhamnus_cathartica.npy,2,443,191869.0
Rhamnus_cathartica.npy,3,440,191899.0
Rhamnus_cathartica.npy,4,440,191899.0
Rhamnus_cathartica.npy,5,440,191899.0
Rhamnus_cathartica.npy,6,411,192189.0
Rhamnus_cathartica.npy,7,411,192189.0
Rhamnus_cathartica.npy,8,411,192189.0
Rhamnus_cathartica.npy,9,406,192239.0
Rhamnus_cathartica.npy,10,406,192239.0
Rhamnus_cathartica.npy,11,406,192239.0
Rhamnus_cathartica.npy,12,395,192349.0
Rhamnus_cathartica.npy,13,395,192349.0
Rhamnus_cathartica.npy,14,395,192349.0
Rhamnus_cathartica.npy,15,395,192349.0
Rhamnus_cathartica.npy,16,386,192439.0
Rhamnus_cathartica.npy,17,386,192439.0
Rhamnus_cathartica.npy,18,386,192439.0
Rhamnus_cathartica.npy,19,383,192469.0
Rhamnus_cathartica.npy,20,383,192469.0
Rhamnus_cathartica.npy,21,383,192469.0
Rhamnus_cathartica.npy,22,383,192469.0
Rhamnus_cathartica.npy,23,383,192469.0
Rhamnus_cathartica.npy,24,383,192469.0
Rhamnus_cathartica.npy,25,383,192469.0
Rhus_hirta.npy,0,333,212215.0
Rhus_hirta.npy,1,333,212215.0
Rhus_hirta.npy,2,332,212225.0
Rhus_hirta.npy,3,329,212255.0
Rhus_hirta.npy,4,325,212295.0
Rhus_hirta.npy,5,322,212325.0
Rhus_hirta.npy,6,322,212325.0
Rhus_hirta.npy,7,322,212325.0
Rhus_hirta.npy,8,322,212325.0
Rhus_hirta.npy,9,322,212325.0
Rhus_hirta.npy,10,321,212335.0
Rhus_hirta.npy,11,319,212355.0
Rhus_hirta.npy,12,319,212355.0
Rhus_hirta.npy,13,319,212355.0
Rhus_hirta.npy,14,319,212355.0
Rhus_hirta.npy,15,318,212365.0
Rhus_hirta.npy,16,318,212365.0
Rhus_hirta.npy,17,318,212365.0
Rhus_hirta.npy,18,318,212365.0
Rhus_hirta.npy,19,318,212365.0
Rhus_hirta.npy,20,317,212375.0
Rhus_hirta.npy,21,317,212375.0
Rhus_hirta.npy,22,317,212375.0
Rhus_hirta.npy,23,317,212375.0
Rhus_hirta.npy,24,317,212375.0
Rhus_hirta.npy,25,317,212375.0
Rhus_hirta.npy,26,317,212375.0
Ribes_alpinum.npy,0,648,149347.0
Ribes_alpinum.npy,1,576,150067.0
Ribes_alpinum.npy,2,576,150067.0
Ribes_alpinum.npy,3,576,150067.0
Ribes_alpinum.npy,4,558,150247.0
Ribes_alpinum.npy,5,558,150247.0
Ribes_alpinum.npy,6,558,150247.0
Ribes_alpinum.npy,7,558,150247.0
Ribes_alpinum.npy,8,558,150247.0
Ribes_alpinum.npy,9,558,150247.0
Ribes_alpinum.npy,10,551,150317.0
Ribes_alpinum.npy,11,536,150467.0
Ribes_alpinum.npy,12,536,150467.0
Ribes_alpinum.npy,13,533,150497.0
Ribes_alpinum.npy,14,533,150497.0
Ribes_alpinum.npy,15,532,150507.0
Ribes_alpinum.npy,16,532,150507.0
Ribes_alpinum.npy,17,532,150507.0
Ribes_alpinum.npy,18,532,150507.0
Ribes_alpinum.npy,19,529,150537.0
Ribes_alpinum.npy,20,529,150537.0
Ribes_alpinum.npy,21,529,150537.0
Ribes_alpinum.npy,22,529,150537.0
Ribes_alpinum.npy,23,524,150587.0
Ribes_alpinum.npy,24,524,150587.0
Ribes_alpinum.npy,25,524,150587.0
Ribes_alpinum.npy,26,523,150597.0
Ribes_alpinum.npy,27,523,150597.0
Ribes_alpinum.npy,28,523,150597.0
Ribes_alpinum.npy,29,523,150597.0
Ribes_alpinum.npy,30,519,150637.0
Ribes_alpinum.npy,31,519,150637.0
Ribes_alpinum.npy,32,519,150637.0
Ribes_alpinum.npy,33,519,150637.0
Ribes_alpinum.npy,34,519,150637.0
Ribes_alpinum.npy,35,519,150637.0
Ribes_alpinum.npy,36,519,150637.0
Ribes_rubra.npy,0,1010,343137.0
Ribes_rubra.npy,1,837,344867.0
Ribes_rubra.npy,2,837,344867.0
Ribes_rubra.npy,3,837,344867.0
Ribes_rubra.npy,4,831,344927.0
Ribes_rubra.npy,5,789,345347.0
Ribes_rubra.npy,6,789,345347.0
Ribes_rubra.npy,7,789,345347.0
Ribes_rubra.npy,8,789,345347.0
Ribes_rubra.npy,9,789,345347.0
Ribes_rubra.npy,10,789,345347.0
Ribes_rubra.npy,11,778,345457.0
Ribes_rubra.npy,12,756,345677.0
Ribes_rubra.npy,13,756,345677.0
Ribes_rubra.npy,14,754,345697.0
Ribes_rubra.npy,15,754,345697.0
Ribes_rubra.npy,16,741,345827.0
Ribes_rubra.npy,17,741,345827.0
Ribes_rubra.npy,18,740,345837.0
Ribes_rubra.npy,19,740,345837.0
Ribes_rubra.npy,20,740,345837.0
Ribes_rubra.npy,21,740,345837.0
Ribes_rubra.npy,22,740,345837.0
Ribes_rubra.npy,23,740,345837.0
Ribes_rubra.npy,24,739,345847.0
Ribes_rubra.npy,25,739,345847.0
Ribes_rubra.npy,26,739,345847.0
Ribes_rubra.npy,27,739,345847.0
Ribes_rubra.npy,28,737,345867.0
Ribes_rubra.npy,29,737,345867.0
Ribes_rubra.npy,30,737,345867.0
Ribes_rubra.npy,31,737,345867.0
Ribes_rubra.npy,32,735,345887.0
Ribes_rubra.npy,33,735,345887.0
Ribes_rubra.npy,34,734,345897.0
Ribes_rubra.npy,35,734,345897.0
Ribes_rubra.npy,36,733,345907.0
Ribes_rubra.npy,37,733,345907.0
Ribes_rubra.npy,38,733,345907.0
Ribes_rubra.npy,39,732,345917.0
Ribes_rubra.npy,40,732,345917.0
Ribes_rubra.npy,41,732,345917.0
Ribes_rubra.npy,42,732,345917.0
Ribes_rubra.npy,43,732,345917.0
Ribes_rubra.npy,44,732,345917.0
Ribes_rubra.npy,45,732,345917.0
Robinia_pseudacacia.npy,0,365,193854.0
Robinia_pseudacacia.npy,1,360,193904.0
Robinia_pseudacacia.npy,2,354,193964.0
Robinia_pseudacacia.npy,3,342,194084.0
Robinia_pseudacacia.npy,4,342,194084.0
Robinia_pseudacacia.npy,5,342,194084.0
Robinia_pseudacacia.npy,6,342,194084.0
Robinia_pseudacacia.npy,7,342,194084.0
Robinia_pseudacacia.npy,8,342,194084.0
Robinia_pseudacacia.npy,9,342,194084.0
Robinia_viscosa.npy,0,357,135729.0
Robinia_viscosa.npy,1,348,135819.0
Robinia_viscosa.npy,2,345,135849.0
Robinia_viscosa.npy,3,344,135859.0
Robinia_viscosa.npy,4,340,135899.0
Robinia_viscosa.npy,5,340,135899.0
Robinia_viscosa.npy,6,340,135899.0
Robinia_viscosa.npy,7,340,135899.0
Robinia_viscosa.npy,8,338,135919.0
Robinia_viscosa.npy,9,336,135939.0
Robinia_viscosa.npy,10,336,135939.0
Robinia_viscosa.npy,11,336,135939.0
Robinia_viscosa.npy,12,336,135939.0
Robinia_viscosa.npy,13,335,135949.0
Robinia_viscosa.npy,14,335,135949.0
Robinia_viscosa.npy,15,335,135949.0
Robinia_viscosa.npy,16,335,135949.0
Robinia_viscosa.npy,17,335,135949.0
Robinia_viscosa.npy,18,335,135949.0
Robinia_viscosa.npy,19,335,135949.0
Rosa_canina.npy,0,386,104511.0
Rosa_canina.npy,1,346,104911.0
Rosa_canina.npy,2,346,104911.0
Rosa_canina.npy,3,346,104911.0
Rosa_canina.npy,4,344,104931.0
Rosa_canina.npy,5,344,104931.0
Rosa_canina.npy,6,344,104931.0
Rosa_canina.npy,7,325,105121.0
Rosa_canina.npy,8,325,105121.0
Rosa_canina.npy,9,325,105121.0
Rosa_canina.npy,10,325,105121.0
Rosa_canina.npy,11,316,105211.0
Rosa_canina.npy,12,316,105211.0
Rosa_canina.npy,13,316,105211.0
Rosa_canina.npy,14,312,105251.0
Rosa_canina.npy,15,312,105251.0
Rosa_canina.npy,16,312,105251.0
Rosa_canina.npy,17,312,105251.0
Rosa_canina.npy,18,312,105251.0
Rosa_canina.npy,19,309,105281.0
Rosa_canina.npy,20,309,105281.0
Rosa_canina.npy,21,309,105281.0
Rosa_canina.npy,22,304,105331.0
Rosa_canina.npy,23,304,105331.0
Rosa_canina.npy,24,304,105331.0
Rosa_canina.npy,25,304,105331.0
Rosa_canina.npy,26,303,105341.0
Rosa_canina.npy,27,303,105341.0
Rosa_canina.npy,28,303,105341.0
Rosa_canina.npy,29,303,105341.0
Rosa_canina.npy,30,301,105361.0
Rosa_canina.npy,31,301,105361.0
Rosa_canina.npy,32,301,105361.0
Rosa_canina.npy,33,300,105371.0
Rosa_canina.npy,34,300,105371.0
Rosa_canina.npy,35,300,105371.0
Rosa_canina.npy,36,300,105371.0
Rosa_canina.npy,37,300,105371.0
Rosa_canina.npy,38,300,105371.0
Rosa_canina.npy,39,300,105371.0
Ruscus_aculeatus.npy,0,191,40075.0
Ruscus_aculeatus.npy,1,186,40125.0
Ruscus_aculeatus.npy,2,186,40125.0
Ruscus_aculeatus.npy,3,186,40125.0
Ruscus_aculeatus.npy,4,186,40125.0
Ruscus_aculeatus.npy,5,186,40125.0
Ruscus_aculeatus.npy,6,186,40125.0
Ruscus_aculeatus.npy,7,186,40125.0
Salix_alba.npy,0,108,35579.0
Salix_alba.npy,1,107,35589.0
Salix_alba.npy,2,107,35589.0
Salix_alba.npy,3,107,35589.0
Salix_alba.npy,4,107,35589.0
Salix_alba.npy,5,107,35589.0
Salix_alba.npy,6,107,35589.0
Salix_alba.npy,7,107,35589.0
Salix_aurita.npy,0,438,172448.0
Salix_aurita.npy,1,437,172458.0
Salix_aurita.npy,2,437,172458.0
Salix_aurita.npy,3,437,172458.0
Salix_aurita.npy,4,436,172468.0
Salix_aurita.npy,5,436,172468.0
Salix_aurita.npy,6,435,172478.0
Salix_aurita.npy,7,435,172478.0
Salix_aurita.npy,8,434,172488.0
Salix_aurita.npy,9,434,172488.0
Salix_aurita.npy,10,434,172488.0
Salix_aurita.npy,11,434,172488.0
Salix_aurita.npy,12,434,172488.0
Salix_aurita.npy,13,434,172488.0
Salix_aurita.npy,14,434,172488.0
Salix_caprea.npy,0,676,398651.0
Salix_caprea.npy,1,669,398721.0
Salix_caprea.npy,2,669,398721.0
Salix_caprea.npy,3,662,398791.0
Salix_caprea.npy,4,662,398791.0
Salix_caprea.npy,5,662,398791.0
Salix_caprea.npy,6,662,398791.0
Salix_caprea.npy,7,658,398831.0
Salix_caprea.npy,8,654,398871.0
Salix_caprea.npy,9,652,398891.0
Salix_caprea.npy,10,652,398891.0
Salix_caprea.npy,11,649,398921.0
Salix_caprea.npy,12,649,398921.0
Salix_caprea.npy,13,649,398921.0
Salix_caprea.npy,14,647,398941.0
Salix_caprea.npy,15,647,398941.0
Salix_caprea.npy,16,647,398941.0
Salix_caprea.npy,17,647,398941.0
Salix_caprea.npy,18,647,398941.0
Salix_caprea.npy,19,647,398941.0
Salix_caprea.npy,20,647,398941.0
Salix_pentandra.npy,0,655,427631.0
Salix_pentandra.npy,1,626,427921.0
Salix_pentandra.npy,2,626,427921.0
Salix_pentandra.npy,3,621,427971.0
Salix_pentandra.npy,4,621,427971.0
Salix_pentandra.npy,5,621,427971.0
Salix_pentandra.npy,6,621,427971.0
Salix_pentandra.npy,7,621,427971.0
Salix_pentandra.npy,8,614,428041.0
Salix_pentandra.npy,9,614,428041.0
Salix_pentandra.npy,10,614,428041.0
Salix_pentandra.npy,11,610,428081.0
Salix_pentandra.npy,12,609,428091.0
Salix_pentandra.npy,13,608,428101.0
Salix_pentandra.npy,14,603,428151.0
Salix_pentandra.npy,15,603,428151.0
Salix_pentandra.npy,16,603,428151.0
Salix_pentandra.npy,17,603,428151.0
Salix_pentandra.npy,18,603,428151.0
Salix_pentandra.npy,19,603,428151.0
Salix_pentandra.npy,20,603,428151.0
Salix_purpurea.npy,0,297,266529.0
Salix_purpurea.npy,1,291,266589.0
Salix_purpurea.npy,2,291,266589.0
Salix_purpurea.npy,3,291,266589.0
Salix_purpurea.npy,4,291,266589.0
Salix_purpurea.npy,5,288,266619.0
Salix_purpurea.npy,6,288,266619.0
Salix_purpurea.npy,7,288,266619.0
Salix_purpurea.npy,8,287,266629.0
Salix_purpurea.npy,9,287,266629.0
Salix_purpurea.npy,10,287,266629.0
Salix_purpurea.npy,11,287,266629.0
Salix_purpurea.npy,12,287,266629.0
Salix_purpurea.npy,13,287,266629.0
Salix_purpurea.npy,14,287,266629.0
Sambucus_nigra.npy,0,658,416837.0
Sambucus_nigra.npy,1,633,417087.0
Sambucus_nigra.npy,2,633,417087.0
Sambucus_nigra.npy,3,633,417087.0
Sambucus_nigra.npy,4,633,417087.0
Sambucus_nigra.npy,5,629,417127.0
Sambucus_nigra.npy,6,629,417127.0
Sambucus_nigra.npy,7,623,417187.0
Sambucus_nigra.npy,8,621,417207.0
Sambucus_nigra.npy,9,621,417207.0
Sambucus_nigra.npy,10,621,417207.0
Sambucus_nigra.npy,11,621,417207.0
Sambucus_nigra.npy,12,621,417207.0
Sambucus_nigra.npy,13,620,417217.0
Sambucus_nigra.npy,14,620,417217.0
Sambucus_nigra.npy,15,620,417217.0
Sambucus_nigra.npy,16,620,417217.0
Sambucus_nigra.npy,17,620,417217.0
Sambucus_nigra.npy,18,618,417237.0
Sambucus_nigra.npy,19,618,417237.0
Sambucus_nigra.npy,20,618,417237.0
Sambucus_nigra.npy,21,618,417237.0
Sambucus_nigra.npy,22,618,417237.0
Sambucus_nigra.npy,23,618,417237.0
Sambucus_nigra.npy,24,618,417237.0
Sambucus_racemosa.npy,0,455,230874.0
Sambucus_racemosa.npy,1,434,231084.0
Sambucus_racemosa.npy,2,434,231084.0
Sambucus_racemosa.npy,3,434,231084.0
Sambucus_racemosa.npy,4,434,231084.0
Sambucus_racemosa.npy,5,434,231084.0
Sambucus_racemosa.npy,6,434,231084.0
Sambucus_racemosa.npy,7,434,231084.0
Sophora_japonica.npy,0,309,155968.0
Sophora_japonica.npy,1,305,156008.0
Sophora_japonica.npy,2,305,156008.0
Sophora_japonica.npy,3,305,156008.0
Sophora_japonica.npy,4,305,156008.0
Sophora_japonica.npy,5,305,156008.0
Sophora_japonica.npy,6,305,156008.0
Sophora_japonica.npy,7,305,156008.0
Sorbaria_sorbifolia.npy,0,334,113841.0
Sorbaria_sorbifolia.npy,1,332,113861.0
Sorbaria_sorbifolia.npy,2,318,114001.0
Sorbaria_sorbifolia.npy,3,318,114001.0
Sorbaria_sorbifolia.npy,4,318,114001.0
Sorbaria_sorbifolia.npy,5,307,114111.0
Sorbaria_sorbifolia.npy,6,307,114111.0
Sorbaria_sorbifolia.npy,7,303,114151.0
Sorbaria_sorbifolia.npy,8,297,114211.0
Sorbaria_sorbifolia.npy,9,297,114211.0
Sorbaria_sorbifolia.npy,10,297,114211.0
Sorbaria_sorbifolia.npy,11,297,114211.0
Sorbaria_sorbifolia.npy,12,297,114211.0
Sorbaria_sorbifolia.npy,13,295,114231.0
Sorbaria_sorbifolia.npy,14,295,114231.0
Sorbaria_sorbifolia.npy,15,295,114231.0
Sorbaria_sorbifolia.npy,16,293,114251.0
Sorbaria_sorbifolia.npy,17,293,114251.0
Sorbaria_sorbifolia.npy,18,293,114251.0
Sorbaria_sorbifolia.npy,19,293,114251.0
Sorbaria_sorbifolia.npy,20,293,114251.0
Sorbaria_sorbifolia.npy,21,293,114251.0
Sorbaria_sorbifolia.npy,22,293,114251.0
Sorbus_aria.npy,0,1005,635032.0
Sorbus_aria.npy,1,972,635362.0
Sorbus_aria.npy,2,972,635362.0
Sorbus_aria.npy,3,972,635362.0
Sorbus_aria.npy,4,966,635422.0
Sorbus_aria.npy,5,966,635422.0
Sorbus_aria.npy,6,966,635422.0
Sorbus_aria.npy,7,939,635692.0
Sorbus_aria.npy,8,939,635692.0
Sorbus_aria.npy,9,939,635692.0
Sorbus_aria.npy,10,932,635762.0
Sorbus_aria.npy,11,932,635762.0
Sorbus_aria.npy,12,932,635762.0
Sorbus_aria.npy,13,930,635782.0
Sorbus_aria.npy,14,930,635782.0
Sorbus_aria.npy,15,928,635802.0
Sorbus_aria.npy,16,926,635822.0
Sorbus_aria.npy,17,926,635822.0
Sorbus_aria.npy,18,926,635822.0
Sorbus_aria.npy,19,926,635822.0
Sorbus_aria.npy,20,923,635852.0
Sorbus_aria.npy,21,923,635852.0
Sorbus_aria.npy,22,923,635852.0
Sorbus_aria.npy,23,923,635852.0
Sorbus_aria.npy,24,923,635852.0
Sorbus_aria.npy,25,922,635862.0
Sorbus_aria.npy,26,922,635862.0
Sorbus_aria.npy,27,922,635862.0
Sorbus_aria.npy,28,922,635862.0
Sorbus_aria.npy,29,922,635862.0
Sorbus_aria.npy,30,922,635862.0
Sorbus_aria.npy,31,921,635872.0
Sorbus_aria.npy,32,921,635872.0
Sorbus_aria.npy,33,921,635872.0
Sorbus_aria.npy,34,921,635872.0
Sorbus_aria.npy,35,921,635872.0
Sorbus_aria.npy,36,921,635872.0
Sorbus_aria.npy,37,921,635872.0
Sorbus_aucuparia.npy,0,340,115611.0
Sorbus_aucuparia.npy,1,326,115751.0
Sorbus_aucuparia.npy,2,315,115861.0
Sorbus_aucuparia.npy,3,315,115861.0
Sorbus_aucuparia.npy,4,315,115861.0
Sorbus_aucuparia.npy,5,315,115861.0
Sorbus_aucuparia.npy,6,314,115871.0
Sorbus_aucuparia.npy,7,314,115871.0
Sorbus_aucuparia.npy,8,307,115941.0
Sorbus_aucuparia.npy,9,307,115941.0
Sorbus_aucuparia.npy,10,307,115941.0
Sorbus_aucuparia.npy,11,307,115941.0
Sorbus_aucuparia.npy,12,307,115941.0
Sorbus_aucuparia.npy,13,307,115941.0
Sorbus_aucuparia.npy,14,305,115961.0
Sorbus_aucuparia.npy,15,305,115961.0
Sorbus_aucuparia.npy,16,302,115991.0
Sorbus_aucuparia.npy,17,302,115991.0
Sorbus_aucuparia.npy,18,302,115991.0
Sorbus_aucuparia.npy,19,302,115991.0
Sorbus_aucuparia.npy,20,302,115991.0
Sorbus_aucuparia.npy,21,302,115991.0
Sorbus_aucuparia.npy,22,301,116001.0
Sorbus_aucuparia.npy,23,301,116001.0
Sorbus_aucuparia.npy,24,301,116001.0
Sorbus_aucuparia.npy,25,301,116001.0
Sorbus_aucuparia.npy,26,301,116001.0
Sorbus_aucuparia.npy,27,301,116001.0
Sorbus_aucuparia.npy,28,301,116001.0
Sorbus_domestica.npy,0,303,136193.0
Sorbus_domestica.npy,1,294,136283.0
Sorbus_domestica.npy,2,294,136283.0
Sorbus_domestica.npy,3,287,136353.0
Sorbus_domestica.npy,4,287,136353.0
Sorbus_domestica.npy,5,286,136363.0
Sorbus_domestica.npy,6,286,136363.0
Sorbus_domestica.npy,7,286,136363.0
Sorbus_domestica.npy,8,286,136363.0
Sorbus_domestica.npy,9,278,136443.0
Sorbus_domestica.npy,10,278,136443.0
Sorbus_domestica.npy,11,278,136443.0
Sorbus_domestica.npy,12,278,136443.0
Sorbus_domestica.npy,13,278,136443.0
Sorbus_domestica.npy,14,278,136443.0
Sorbus_domestica.npy,15,278,136443.0
Sorbus_intermedia.npy,0,1134,649626.0
Sorbus_intermedia.npy,1,1098,649986.0
Sorbus_intermedia.npy,2,1049,650476.0
Sorbus_intermedia.npy,3,1049,650476.0
Sorbus_intermedia.npy,4,1049,650476.0
Sorbus_intermedia.npy,5,1020,650766.0
Sorbus_intermedia.npy,6,1020,650766.0
Sorbus_intermedia.npy,7,1020,650766.0
Sorbus_intermedia.npy,8,1020,650766.0
Sorbus_intermedia.npy,9,1020,650766.0
Sorbus_intermedia.npy,10,1012,650846.0
Sorbus_intermedia.npy,11,1012,650846.0
Sorbus_intermedia.npy,12,1008,650886.0
Sorbus_intermedia.npy,13,1008,650886.0
Sorbus_intermedia.npy,14,1008,650886.0
Sorbus_intermedia.npy,15,1001,650956.0
Sorbus_intermedia.npy,16,1001,650956.0
Sorbus_intermedia.npy,17,998,650986.0
Sorbus_intermedia.npy,18,998,650986.0
Sorbus_intermedia.npy,19,998,650986.0
Sorbus_intermedia.npy,20,998,650986.0
Sorbus_intermedia.npy,21,998,650986.0
Sorbus_intermedia.npy,22,997,650996.0
Sorbus_intermedia.npy,23,997,650996.0
Sorbus_intermedia.npy,24,997,650996.0
Sorbus_intermedia.npy,25,997,650996.0
Sorbus_intermedia.npy,26,997,650996.0
Sorbus_intermedia.npy,27,997,650996.0
Sorbus_intermedia.npy,28,997,650996.0
Sorbus_torminalis.npy,0,1815,605691.0
Sorbus_torminalis.npy,1,1521,608631.0
Sorbus_torminalis.npy,2,1521,608631.0
Sorbus_torminalis.npy,3,1521,608631.0
Sorbus_torminalis.npy,4,1519,608651.0
Sorbus_torminalis.npy,5,1519,608651.0
Sorbus_torminalis.npy,6,1483,609011.0
Sorbus_torminalis.npy,7,1483,609011.0
Sorbus_torminalis.npy,8,1483,609011.0
Sorbus_torminalis.npy,9,1483,609011.0
Sorbus_torminalis.npy,10,1468,609161.0
Sorbus_torminalis.npy,11,1409,609751.0
Sorbus_torminalis.npy,12,1409,609751.0
Sorbus_torminalis.npy,13,1409,609751.0
Sorbus_torminalis.npy,14,1390,609941.0
Sorbus_torminalis.npy,15,1370,610141.0
Sorbus_torminalis.npy,16,1370,610141.0
Sorbus_torminalis.npy,17,1367,610171.0
Sorbus_torminalis.npy,18,1367,610171.0
Sorbus_torminalis.npy,19,1346,610381.0
Sorbus_torminalis.npy,20,1336,610481.0
Sorbus_torminalis.npy,21,1336,610481.0
Sorbus_torminalis.npy,22,1336,610481.0
Sorbus_torminalis.npy,23,1336,610481.0
Sorbus_torminalis.npy,24,1336,610481.0
Sorbus_torminalis.npy,25,1331,610531.0
Sorbus_torminalis.npy,26,1329,610551.0
Sorbus_torminalis.npy,27,1329,610551.0
Sorbus_torminalis.npy,28,1329,610551.0
Sorbus_torminalis.npy,29,1328,610561.0
Sorbus_torminalis.npy,30,1325,610591.0
Sorbus_torminalis.npy,31,1325,610591.0
Sorbus_torminalis.npy,32,1325,610591.0
Sorbus_torminalis.npy,33,1325,610591.0
Sorbus_torminalis.npy,34,1324,610601.0
Sorbus_torminalis.npy,35,1324,610601.0
Sorbus_torminalis.npy,36,1324,610601.0
Sorbus_torminalis.npy,37,1322,610621.0
Sorbus_torminalis.npy,38,1322,610621.0
Sorbus_torminalis.npy,39,1322,610621.0
Sorbus_torminalis.npy,40,1322,610621.0
Sorbus_torminalis.npy,41,1321,610631.0
Sorbus_torminalis.npy,42,1321,610631.0
Sorbus_torminalis.npy,43,1320,610641.0
Sorbus_torminalis.npy,44,1320,610641.0
Sorbus_torminalis.npy,45,1319,610651.0
Sorbus_torminalis.npy,46,1319,610651.0
Sorbus_torminalis.npy,47,1319,610651.0
Sorbus_torminalis.npy,48,1319,610651.0
Sorbus_torminalis.npy,49,1319,610651.0
Sorbus_torminalis.npy,50,1319,610651.0
Sorbus_torminalis.npy,51,1319,610651.0
Spiraea_douglasii.npy,0,326,115748.0
Spiraea_douglasii.npy,1,326,115748.0
Spiraea_douglasii.npy,2,324,115768.0
Spiraea_douglasii.npy,3,324,115768.0
Spiraea_douglasii.npy,4,324,115768.0
Spiraea_douglasii.npy,5,323,115778.0
Spiraea_douglasii.npy,6,323,115778.0
Spiraea_douglasii.npy,7,323,115778.0
Spiraea_douglasii.npy,8,323,115778.0
Spiraea_douglasii.npy,9,323,115778.0
Spiraea_douglasii.npy,10,323,115778.0
Spiraea_douglasii.npy,11,323,115778.0
Spiraea_japonica.npy,0,398,201309.0
Spiraea_japonica.npy,1,398,201309.0
Spiraea_japonica.npy,2,398,201309.0
Spiraea_japonica.npy,3,396,201329.0
Spiraea_japonica.npy,4,394,201349.0
Spiraea_japonica.npy,5,394,201349.0
Spiraea_japonica.npy,6,394,201349.0
Spiraea_japonica.npy,7,394,201349.0
Spiraea_japonica.npy,8,394,201349.0
Spiraea_japonica.npy,9,394,201349.0
Spiraea_japonica.npy,10,393,201359.0
Spiraea_japonica.npy,11,393,201359.0
Spiraea_japonica.npy,12,393,201359.0
Spiraea_japonica.npy,13,393,201359.0
Spiraea_japonica.npy,14,393,201359.0
Spiraea_japonica.npy,15,393,201359.0
Spiraea_japonica.npy,16,393,201359.0
Spiraea_salicifolia.npy,0,231,62416.0
Spiraea_salicifolia.npy,1,225,62476.0
Spiraea_salicifolia.npy,2,225,62476.0
Spiraea_salicifolia.npy,3,224,62486.0
Spiraea_salicifolia.npy,4,224,62486.0
Spiraea_salicifolia.npy,5,223,62496.0
Spiraea_salicifolia.npy,6,223,62496.0
Spiraea_salicifolia.npy,7,223,62496.0
Spiraea_salicifolia.npy,8,223,62496.0
Spiraea_salicifolia.npy,9,222,62506.0
Spiraea_salicifolia.npy,10,222,62506.0
Spiraea_salicifolia.npy,11,222,62506.0
Spiraea_salicifolia.npy,12,222,62506.0
Spiraea_salicifolia.npy,13,222,62506.0
Spiraea_salicifolia.npy,14,222,62506.0
Spiraea_salicifolia.npy,15,222,62506.0
Spiraea_vanhouttei.npy,0,478,54326.0
Spiraea_vanhouttei.npy,1,411,54996.0
Spiraea_vanhouttei.npy,2,411,54996.0
Spiraea_vanhouttei.npy,3,361,55496.0
Spiraea_vanhouttei.npy,4,361,55496.0
Spiraea_vanhouttei.npy,5,361,55496.0
Spiraea_vanhouttei.npy,6,361,55496.0
Spiraea_vanhouttei.npy,7,345,55656.0
Spiraea_vanhouttei.npy,8,345,55656.0
Spiraea_vanhouttei.npy,9,320,55906.0
Spiraea_vanhouttei.npy,10,316,55946.0
Spiraea_vanhouttei.npy,11,316,55946.0
Spiraea_vanhouttei.npy,12,316,55946.0
Spiraea_vanhouttei.npy,13,309,56016.0
Spiraea_vanhouttei.npy,14,298,56126.0
Spiraea_vanhouttei.npy,15,298,56126.0
Spiraea_vanhouttei.npy,16,298,56126.0
Spiraea_vanhouttei.npy,17,282,56286.0
Spiraea_vanhouttei.npy,18,282,56286.0
Spiraea_vanhouttei.npy,19,282,56286.0
Spiraea_vanhouttei.npy,20,282,56286.0
Spiraea_vanhouttei.npy,21,282,56286.0
Spiraea_vanhouttei.npy,22,281,56296.0
Spiraea_vanhouttei.npy,23,278,56326.0
Spiraea_vanhouttei.npy,24,277,56336.0
Spiraea_vanhouttei.npy,25,277,56336.0
Spiraea_vanhouttei.npy,26,277,56336.0
Spiraea_vanhouttei.npy,27,277,56336.0
Spiraea_vanhouttei.npy,28,276,56346.0
Spiraea_vanhouttei.npy,29,276,56346.0
Spiraea_vanhouttei.npy,30,276,56346.0
Spiraea_vanhouttei.npy,31,272,56386.0
Spiraea_vanhouttei.npy,32,271,56396.0
Spiraea_vanhouttei.npy,33,271,56396.0
Spiraea_vanhouttei.npy,34,271,56396.0
Spiraea_vanhouttei.npy,35,271,56396.0
Spiraea_vanhouttei.npy,36,270,56406.0
Spiraea_vanhouttei.npy,37,269,56416.0
Spiraea_vanhouttei.npy,38,269,56416.0
Spiraea_vanhouttei.npy,39,269,56416.0
Spiraea_vanhouttei.npy,40,269,56416.0
Spiraea_vanhouttei.npy,41,269,56416.0
Spiraea_vanhouttei.npy,42,269,56416.0
Spiraea_vanhouttei.npy,43,269,56416.0
Staphylea_pinnata.npy,0,450,261418.0
Staphylea_pinnata.npy,1,446,261458.0
Staphylea_pinnata.npy,2,444,261478.0
Staphylea_pinnata.npy,3,444,261478.0
Staphylea_pinnata.npy,4,444,261478.0
Staphylea_pinnata.npy,5,444,261478.0
Staphylea_pinnata.npy,6,444,261478.0
Staphylea_pinnata.npy,7,442,261498.0
Staphylea_pinnata.npy,8,442,261498.0
Staphylea_pinnata.npy,9,441,261508.0
Staphylea_pinnata.npy,10,441,261508.0
Staphylea_pinnata.npy,11,441,261508.0
Staphylea_pinnata.npy,12,441,261508.0
Staphylea_pinnata.npy,13,441,261508.0
Staphylea_pinnata.npy,14,441,261508.0
Staphylea_pinnata.npy,15,440,261518.0
Staphylea_pinnata.npy,16,439,261528.0
Staphylea_pinnata.npy,17,439,261528.0
Staphylea_pinnata.npy,18,439,261528.0
Staphylea_pinnata.npy,19,439,261528.0
Staphylea_pinnata.npy,20,439,261528.0
Staphylea_pinnata.npy,21,439,261528.0
Staphylea_pinnata.npy,22,439,261528.0
Symphoricarpos_albus.npy,0,428,180258.0
Symphoricarpos_albus.npy,1,425,180288.0
Symphoricarpos_albus.npy,2,413,180408.0
Symphoricarpos_albus.npy,3,413,180408.0
Symphoricarpos_albus.npy,4,413,180408.0
Symphoricarpos_albus.npy,5,413,180408.0
Symphoricarpos_albus.npy,6,413,180408.0
Symphoricarpos_albus.npy,7,409,180448.0
Symphoricarpos_albus.npy,8,409,180448.0
Symphoricarpos_albus.npy,9,409,180448.0
Symphoricarpos_albus.npy,10,409,180448.0
Symphoricarpos_albus.npy,11,407,180468.0
Symphoricarpos_albus.npy,12,405,180488.0
Symphoricarpos_albus.npy,13,405,180488.0
Symphoricarpos_albus.npy,14,405,180488.0
Symphoricarpos_albus.npy,15,405,180488.0
Symphoricarpos_albus.npy,16,405,180488.0
Symphoricarpos_albus.npy,17,405,180488.0
Symphoricarpos_albus.npy,18,405,180488.0
Symphoricarpos_orbiculatus.npy,0,170,26541.0
Symphoricarpos_orbiculatus.npy,1,166,26581.0
Symphoricarpos_orbiculatus.npy,2,163,26611.0
Symphoricarpos_orbiculatus.npy,3,163,26611.0
Symphoricarpos_orbiculatus.npy,4,161,26631.0
Symphoricarpos_orbiculatus.npy,5,161,26631.0
Symphoricarpos_orbiculatus.npy,6,161,26631.0
Symphoricarpos_orbiculatus.npy,7,161,26631.0
Symphoricarpos_orbiculatus.npy,8,161,26631.0
Symphoricarpos_orbiculatus.npy,9,160,26641.0
Symphoricarpos_orbiculatus.npy,10,160,26641.0
Symphoricarpos_orbiculatus.npy,11,160,26641.0
Symphoricarpos_orbiculatus.npy,12,160,26641.0
Symphoricarpos_orbiculatus.npy,13,160,26641.0
Symphoricarpos_orbiculatus.npy,14,160,26641.0
Symphoricarpos_orbiculatus.npy,15,160,26641.0
Syringa_chinensis.npy,0,355,114726.0
Syringa_chinensis.npy,1,351,114766.0
Syringa_chinensis.npy,2,351,114766.0
Syringa_chinensis.npy,3,351,114766.0
Syringa_chinensis.npy,4,351,114766.0
Syringa_chinensis.npy,5,351,114766.0
Syringa_chinensis.npy,6,350,114776.0
Syringa_chinensis.npy,7,350,114776.0
Syringa_chinensis.npy,8,350,114776.0
Syringa_chinensis.npy,9,350,114776.0
Syringa_chinensis.npy,10,350,114776.0
Syringa_chinensis.npy,11,350,114776.0
Syringa_chinensis.npy,12,350,114776.0
Syringa_josikaea.npy,0,703,441307.0
Syringa_josikaea.npy,1,702,441317.0
Syringa_josikaea.npy,2,702,441317.0
Syringa_josikaea.npy,3,702,441317.0
Syringa_josikaea.npy,4,702,441317.0
Syringa_josikaea.npy,5,702,441317.0
Syringa_josikaea.npy,6,702,441317.0
Syringa_josikaea.npy,7,702,441317.0
Syringa_prestoniae.npy,0,896,963678.0
Syringa_prestoniae.npy,1,886,963778.0
Syringa_prestoniae.npy,2,886,963778.0
Syringa_prestoniae.npy,3,883,963808.0
Syringa_prestoniae.npy,4,883,963808.0
Syringa_prestoniae.npy,5,883,963808.0
Syringa_prestoniae.npy,6,883,963808.0
Syringa_prestoniae.npy,7,883,963808.0
Syringa_prestoniae.npy,8,883,963808.0
Syringa_prestoniae.npy,9,883,963808.0
Syringa_vulgaris.npy,0,706,411829.0
Syringa_vulgaris.npy,1,698,411909.0
Syringa_vulgaris.npy,2,698,411909.0
Syringa_vulgaris.npy,3,693,411959.0
Syringa_vulgaris.npy,4,691,411979.0
Syringa_vulgaris.npy,5,691,411979.0
Syringa_vulgaris.npy,6,691,411979.0
Syringa_vulgaris.npy,7,691,411979.0
Syringa_vulgaris.npy,8,691,411979.0
Syringa_vulgaris.npy,9,691,411979.0
Syringa_vulgaris.npy,10,690,411989.0
Syringa_vulgaris.npy,11,690,411989.0
Syringa_vulgaris.npy,12,690,411989.0
Syringa_vulgaris.npy,13,688,412009.0
Syringa_vulgaris.npy,14,688,412009.0
Syringa_vulgaris.npy,15,688,412009.0
Syringa_vulgaris.npy,16,688,412009.0
Syringa_vulgaris.npy,17,688,412009.0
Syringa_vulgaris.npy,18,688,412009.0
Syringa_vulgaris.npy,19,688,412009.0
Tilia_cordata.npy,0,577,207825.0
Tilia_cordata.npy,1,537,208225.0
Tilia_cordata.npy,2,537,208225.0
Tilia_cordata.npy,3,537,208225.0
Tilia_cordata.npy,4,516,208435.0
Tilia_cordata.npy,5,485,208745.0
Tilia_cordata.npy,6,485,208745.0
Tilia_cordata.npy,7,484,208755.0
Tilia_cordata.npy,8,484,208755.0
Tilia_cordata.npy,9,467,208925.0
Tilia_cordata.npy,10,467,208925.0
Tilia_cordata.npy,11,456,209035.0
Tilia_cordata.npy,12,456,209035.0
Tilia_cordata.npy,13,456,209035.0
Tilia_cordata.npy,14,456,209035.0
Tilia_cordata.npy,15,455,209045.0
Tilia_cordata.npy,16,452,209075.0
Tilia_cordata.npy,17,452,209075.0
Tilia_cordata.npy,18,452,209075.0
Tilia_cordata.npy,19,452,209075.0
Tilia_cordata.npy,20,451,209085.0
Tilia_cordata.npy,21,447,209125.0
Tilia_cordata.npy,22,447,209125.0
Tilia_cordata.npy,23,447,209125.0
Tilia_cordata.npy,24,446,209135.0
Tilia_cordata.npy,25,446,209135.0
Tilia_cordata.npy,26,446,209135.0
Tilia_cordata.npy,27,446,209135.0
Tilia_cordata.npy,28,446,209135.0
Tilia_cordata.npy,29,446,209135.0
Tilia_cordata.npy,30,446,209135.0
Tilia_platyphyllos.npy,0,1970,1455800.0
Tilia_platyphyllos.npy,1,1740,1458100.0
Tilia_platyphyllos.npy,2,1740,1458100.0
Tilia_platyphyllos.npy,3,1620,1459300.0
Tilia_platyphyllos.npy,4,1620,1459300.0
Tilia_platyphyllos.npy,5,1620,1459300.0
Tilia_platyphyllos.npy,6,1616,1459340.0
Tilia_platyphyllos.npy,7,1616,1459340.0
Tilia_platyphyllos.npy,8,1616,1459340.0
Tilia_platyphyllos.npy,9,1587,1459630.0
Tilia_platyphyllos.npy,10,1587,1459630.0
Tilia_platyphyllos.npy,11,1580,1459700.0
Tilia_platyphyllos.npy,12,1580,1459700.0
Tilia_platyphyllos.npy,13,1580,1459700.0
Tilia_platyphyllos.npy,14,1550,1460000.0
Tilia_platyphyllos.npy,15,1550,1460000.0
Tilia_platyphyllos.npy,16,1550,1460000.0
Tilia_platyphyllos.npy,17,1550,1460000.0
Tilia_platyphyllos.npy,18,1501,1460490.0
Tilia_platyphyllos.npy,19,1496,1460540.0
Tilia_platyphyllos.npy,20,1485,1460650.0
Tilia_platyphyllos.npy,21,1469,1460810.0
Tilia_platyphyllos.npy,22,1469,1460810.0
Tilia_platyphyllos.npy,23,1469,1460810.0
Tilia_platyphyllos.npy,24,1458,1460920.0
Tilia_platyphyllos.npy,25,1436,1461140.0
Tilia_platyphyllos.npy,26,1429,1461210.0
Tilia_platyphyllos.npy,27,1427,1461230.0
Tilia_platyphyllos.npy,28,1427,1461230.0
Tilia_platyphyllos.npy,29,1427,1461230.0
Tilia_platyphyllos.npy,30,1427,1461230.0
Tilia_platyphyllos.npy,31,1426,1461240.0
Tilia_platyphyllos.npy,32,1426,1461240.0
Tilia_platyphyllos.npy,33,1425,1461250.0
Tilia_platyphyllos.npy,34,1422,1461280.0
Tilia_platyphyllos.npy,35,1422,1461280.0
Tilia_platyphyllos.npy,36,1422,1461280.0
Tilia_platyphyllos.npy,37,1422,1461280.0
Tilia_platyphyllos.npy,38,1422,1461280.0
Tilia_platyphyllos.npy,39,1422,1461280.0
Tilia_platyphyllos.npy,40,1422,1461280.0
Tilia_tomentosa.npy,0,1363,790528.0
Tilia_tomentosa.npy,1,1204,792118.0
Tilia_tomentosa.npy,2,1204,792118.0
Tilia_tomentosa.npy,3,1204,792118.0
Tilia_tomentosa.npy,4,1152,792638.0
Tilia_tomentosa.npy,5,1152,792638.0
Tilia_tomentosa.npy,6,1152,792638.0
Tilia_tomentosa.npy,7,1152,792638.0
Tilia_tomentosa.npy,8,1117,792988.0
Tilia_tomentosa.npy,9,1117,792988.0
Tilia_tomentosa.npy,10,1104,793118.0
Tilia_tomentosa.npy,11,1104,793118.0
Tilia_tomentosa.npy,12,1104,793118.0
Tilia_tomentosa.npy,13,1104,793118.0
Tilia_tomentosa.npy,14,1091,793248.0
Tilia_tomentosa.npy,15,1091,793248.0
Tilia_tomentosa.npy,16,1091,793248.0
Tilia_tomentosa.npy,17,1091,793248.0
Tilia_tomentosa.npy,18,1067,793488.0
Tilia_tomentosa.npy,19,1067,793488.0
Tilia_tomentosa.npy,20,1067,793488.0
Tilia_tomentosa.npy,21,1066,793498.0
Tilia_tomentosa.npy,22,1056,793598.0
Tilia_tomentosa.npy,23,1056,793598.0
Tilia_tomentosa.npy,24,1056,793598.0
Tilia_tomentosa.npy,25,1056,793598.0
Tilia_tomentosa.npy,26,1056,793598.0
Tilia_tomentosa.npy,27,1054,793618.0
Tilia_tomentosa.npy,28,1054,793618.0
Tilia_tomentosa.npy,29,1044,793718.0
Tilia_tomentosa.npy,30,1043,793728.0
Tilia_tomentosa.npy,31,1043,793728.0
Tilia_tomentosa.npy,32,1043,793728.0
Tilia_tomentosa.npy,33,1043,793728.0
Tilia_tomentosa.npy,34,1042,793738.0
Tilia_tomentosa.npy,35,1040,793758.0
Tilia_tomentosa.npy,36,1040,793758.0
Tilia_tomentosa.npy,37,1040,793758.0
Tilia_tomentosa.npy,38,1040,793758.0
Tilia_tomentosa.npy,39,1038,793778.0
Tilia_tomentosa.npy,40,1038,793778.0
Tilia_tomentosa.npy,41,1038,793778.0
Tilia_tomentosa.npy,42,1038,793778.0
Tilia_tomentosa.npy,43,1038,793778.0
Tilia_tomentosa.npy,44,1038,793778.0
Tilia_tomentosa.npy,45,1038,793778.0
Ulmus_glabra.npy,0,899,347375.0
Ulmus_glabra.npy,1,831,348055.0
Ulmus_glabra.npy,2,830,348065.0
Ulmus_glabra.npy,3,825,348115.0
Ulmus_glabra.npy,4,804,348325.0
Ulmus_glabra.npy,5,804,348325.0
Ulmus_glabra.npy,6,800,348365.0
Ulmus_glabra.npy,7,800,348365.0
Ulmus_glabra.npy,8,793,348435.0
Ulmus_glabra.npy,9,791,348455.0
Ulmus_glabra.npy,10,786,348505.0
Ulmus_glabra.npy,11,786,348505.0
Ulmus_glabra.npy,12,786,348505.0
Ulmus_glabra.npy,13,783,348535.0
Ulmus_glabra.npy,14,783,348535.0
Ulmus_glabra.npy,15,783,348535.0
Ulmus_glabra.npy,16,783,348535.0
Ulmus_glabra.npy,17,783,348535.0
Ulmus_glabra.npy,18,782,348545.0
Ulmus_glabra.npy,19,782,348545.0
Ulmus_glabra.npy,20,782,348545.0
Ulmus_glabra.npy,21,782,348545.0
Ulmus_glabra.npy,22,782,348545.0
Ulmus_glabra.npy,23,782,348545.0
Ulmus_glabra.npy,24,782,348545.0
Ulmus_laevis.npy,0,1542,1206850.0
Ulmus_laevis.npy,1,1542,1206850.0
Ulmus_laevis.npy,2,1501,1207260.0
Ulmus_laevis.npy,3,1410,1208170.0
Ulmus_laevis.npy,4,1410,1208170.0
Ulmus_laevis.npy,5,1410,1208170.0
Ulmus_laevis.npy,6,1410,1208170.0
Ulmus_laevis.npy,7,1410,1208170.0
Ulmus_laevis.npy,8,1410,1208170.0
Ulmus_laevis.npy,9,1410,1208170.0
Ulmus_minor.npy,0,639,299249.0
Ulmus_minor.npy,1,617,299469.0
Ulmus_minor.npy,2,600,299639.0
Ulmus_minor.npy,3,579,299849.0
Ulmus_minor.npy,4,579,299849.0
Ulmus_minor.npy,5,579,299849.0
Ulmus_minor.npy,6,570,299939.0
Ulmus_minor.npy,7,570,299939.0
Ulmus_minor.npy,8,561,300029.0
Ulmus_minor.npy,9,561,300029.0
Ulmus_minor.npy,10,561,300029.0
Ulmus_minor.npy,11,558,300059.0
Ulmus_minor.npy,12,555,300089.0
Ulmus_minor.npy,13,555,300089.0
Ulmus_minor.npy,14,555,300089.0
Ulmus_minor.npy,15,553,300109.0
Ulmus_minor.npy,16,553,300109.0
Ulmus_minor.npy,17,553,300109.0
Ulmus_minor.npy,18,551,300129.0
Ulmus_minor.npy,19,551,300129.0
Ulmus_minor.npy,20,549,300149.0
Ulmus_minor.npy,21,548,300159.0
Ulmus_minor.npy,22,546,300179.0
Ulmus_minor.npy,23,546,300179.0
Ulmus_minor.npy,24,546,300179.0
Ulmus_minor.npy,25,546,300179.0
Ulmus_minor.npy,26,544,300199.0
Ulmus_minor.npy,27,544,300199.0
Ulmus_minor.npy,28,544,300199.0
Ulmus_minor.npy,29,544,300199.0
Ulmus_minor.npy,30,544,300199.0
Ulmus_minor.npy,31,544,300199.0
Ulmus_minor.npy,32,544,300199.0
Ulmus_pumila.npy,0,485,143782.0
Ulmus_pumila.npy,1,461,144022.0
Ulmus_pumila.npy,2,461,144022.0
Ulmus_pumila.npy,3,461,144022.0
Ulmus_pumila.npy,4,461,144022.0
Ulmus_pumila.npy,5,461,144022.0
Ulmus_pumila.npy,6,461,144022.0
Ulmus_pumila.npy,7,457,144062.0
Ulmus_pumila.npy,8,457,144062.0
Ulmus_pumila.npy,9,457,144062.0
Ulmus_pumila.npy,10,454,144092.0
Ulmus_pumila.npy,11,454,144092.0
Ulmus_pumila.npy,12,454,144092.0
Ulmus_pumila.npy,13,451,144122.0
Ulmus_pumila.npy,14,450,144132.0
Ulmus_pumila.npy,15,450,144132.0
Ulmus_pumila.npy,16,449,144142.0
Ulmus_pumila.npy,17,449,144142.0
Ulmus_pumila.npy,18,449,144142.0
Ulmus_pumila.npy,19,449,144142.0
Ulmus_pumila.npy,20,449,144142.0
Ulmus_pumila.npy,21,447,144162.0
Ulmus_pumila.npy,22,447,144162.0
Ulmus_pumila.npy,23,447,144162.0
Ulmus_pumila.npy,24,447,144162.0
Ulmus_pumila.npy,25,447,144162.0
Ulmus_pumila.npy,26,447,144162.0
Ulmus_pumila.npy,27,447,144162.0
Vaccinium_myrtillus.npy,0,202,34253.0
Vaccinium_myrtillus.npy,1,176,34513.0
Vaccinium_myrtillus.npy,2,176,34513.0
Vaccinium_myrtillus.npy,3,175,34523.0
Vaccinium_myrtillus.npy,4,175,34523.0
Vaccinium_myrtillus.npy,5,175,34523.0
Vaccinium_myrtillus.npy,6,175,34523.0
Vaccinium_myrtillus.npy,7,170,34573.0
Vaccinium_myrtillus.npy,8,168,34593.0
Vaccinium_myrtillus.npy,9,166,34613.0
Vaccinium_myrtillus.npy,10,166,34613.0
Vaccinium_myrtillus.npy,11,162,34653.0
Vaccinium_myrtillus.npy,12,161,34663.0
Vaccinium_myrtillus.npy,13,161,34663.0
Vaccinium_myrtillus.npy,14,159,34683.0
Vaccinium_myrtillus.npy,15,158,34693.0
Vaccinium_myrtillus.npy,16,158,34693.0
Vaccinium_myrtillus.npy,17,158,34693.0
Vaccinium_myrtillus.npy,18,156,34713.0
Vaccinium_myrtillus.npy,19,154,34733.0
Vaccinium_myrtillus.npy,20,154,34733.0
Vaccinium_myrtillus.npy,21,154,34733.0
Vaccinium_myrtillus.npy,22,154,34733.0
Vaccinium_myrtillus.npy,23,153,34743.0
Vaccinium_myrtillus.npy,24,153,34743.0
Vaccinium_myrtillus.npy,25,153,34743.0
Vaccinium_myrtillus.npy,26,153,34743.0
Vaccinium_myrtillus.npy,27,153,34743.0
Vaccinium_myrtillus.npy,28,153,34743.0
Vaccinium_myrtillus.npy,29,153,34743.0
Vaccinium_uliginosum.npy,0,147,22204.0
Vaccinium_uliginosum.npy,1,146,22214.0
Vaccinium_uliginosum.npy,2,146,22214.0
Vaccinium_uliginosum.npy,3,145,22224.0
Vaccinium_uliginosum.npy,4,145,22224.0
Vaccinium_uliginosum.npy,5,145,22224.0
Vaccinium_uliginosum.npy,6,145,22224.0
Vaccinium_uliginosum.npy,7,145,22224.0
Vaccinium_uliginosum.npy,8,145,22224.0
Vaccinium_uliginosum.npy,9,145,22224.0
Vaccinium_vitisidaea.npy,0,97,10820.0
Vaccinium_vitisidaea.npy,1,95,10840.0
Vaccinium_vitisidaea.npy,2,95,10840.0
Vaccinium_vitisidaea.npy,3,95,10840.0
Vaccinium_vitisidaea.npy,4,95,10840.0
Vaccinium_vitisidaea.npy,5,95,10840.0
Vaccinium_vitisidaea.npy,6,95,10840.0
Vaccinium_vitisidaea.npy,7,95,10840.0
Viburnum_farreri.npy,0,542,271313.0
Viburnum_farreri.npy,1,541,271323.0
Viburnum_farreri.npy,2,541,271323.0
Viburnum_farreri.npy,3,540,271333.0
Viburnum_farreri.npy,4,540,271333.0
Viburnum_farreri.npy,5,539,271343.0
Viburnum_farreri.npy,6,539,271343.0
Viburnum_farreri.npy,7,539,271343.0
Viburnum_farreri.npy,8,539,271343.0
Viburnum_farreri.npy,9,539,271343.0
Viburnum_farreri.npy,10,539,271343.0
Viburnum_farreri.npy,11,539,271343.0
Viburnum_lantana.npy,0,1349,1319097.0
Viburnum_lantana.npy,1,1328,1319307.0
Viburnum_lantana.npy,2,1247,1320117.0
Viburnum_lantana.npy,3,1247,1320117.0
Viburnum_lantana.npy,4,1230,1320287.0
Viburnum_lantana.npy,5,1230,1320287.0
Viburnum_lantana.npy,6,1230,1320287.0
Viburnum_lantana.npy,7,1230,1320287.0
Viburnum_lantana.npy,8,1208,1320507.0
Viburnum_lantana.npy,9,1208,1320507.0
Viburnum_lantana.npy,10,1208,1320507.0
Viburnum_lantana.npy,11,1208,1320507.0
Viburnum_lantana.npy,12,1208,1320507.0
Viburnum_lantana.npy,13,1208,1320507.0
Viburnum_lantana.npy,14,1208,1320507.0
Viburnum_opulus.npy,0,702,203429.0
Viburnum_opulus.npy,1,702,203429.0
Viburnum_opulus.npy,2,668,203769.0
Viburnum_opulus.npy,3,649,203959.0
Viburnum_opulus.npy,4,649,203959.0
Viburnum_opulus.npy,5,649,203959.0
Viburnum_opulus.npy,6,635,204099.0
Viburnum_opulus.npy,7,635,204099.0
Viburnum_opulus.npy,8,635,204099.0
Viburnum_opulus.npy,9,635,204099.0
Viburnum_opulus.npy,10,631,204139.0
Viburnum_opulus.npy,11,631,204139.0
Viburnum_opulus.npy,12,631,204139.0
Viburnum_opulus.npy,13,631,204139.0
Viburnum_opulus.npy,14,631,204139.0
Viburnum_opulus.npy,15,620,204249.0
Viburnum_opulus.npy,16,620,204249.0
Viburnum_opulus.npy,17,620,204249.0
Viburnum_opulus.npy,18,614,204309.0
Viburnum_opulus.npy,19,614,204309.0
Viburnum_opulus.npy,20,614,204309.0
Viburnum_opulus.npy,21,611,204339.0
Viburnum_opulus.npy,22,610,204349.0
Viburnum_opulus.npy,23,610,204349.0
Viburnum_opulus.npy,24,604,204409.0
Viburnum_opulus.npy,25,604,204409.0
Viburnum_opulus.npy,26,604,204409.0
Viburnum_opulus.npy,27,604,204409.0
Viburnum_opulus.npy,28,604,204409.0
Viburnum_opulus.npy,29,604,204409.0
Viburnum_opulus.npy,30,603,204419.0
Viburnum_opulus.npy,31,603,204419.0
Viburnum_opulus.npy,32,602,204429.0
Viburnum_opulus.npy,33,601,204439.0
Viburnum_opulus.npy,34,601,204439.0
Viburnum_opulus.npy,35,601,204439.0
Viburnum_opulus.npy,36,601,204439.0
Viburnum_opulus.npy,37,601,204439.0
Viburnum_opulus.npy,38,601,204439.0
Viburnum_opulus.npy,39,601,204439.0
Viburnum_pragense.npy,0,250,113665.0
Viburnum_pragense.npy,1,238,113785.0
Viburnum_pragense.npy,2,238,113785.0
Viburnum_pragense.npy,3,237,113795.0
Viburnum_pragense.npy,4,237,113795.0
Viburnum_pragense.npy,5,237,113795.0
Viburnum_pragense.npy,6,234,113825.0
Viburnum_pragense.npy,7,234,113825.0
Viburnum_pragense.npy,8,234,113825.0
Viburnum_pragense.npy,9,234,113825.0
Viburnum_pragense.npy,10,234,113825.0
Viburnum_pragense.npy,11,234,113825.0
Viburnum_pragense.npy,12,234,113825.0
Viburnum_rhytidophyllum.npy,0,601,612397.0
Viburnum_rhytidophyllum.npy,1,596,612447.0
Viburnum_rhytidophyllum.npy,2,596,612447.0
Viburnum_rhytidophyllum.npy,3,594,612467.0
Viburnum_rhytidophyllum.npy,4,584,612567.0
Viburnum_rhytidophyllum.npy,5,584,612567.0
Viburnum_rhytidophyllum.npy,6,584,612567.0
Viburnum_rhytidophyllum.npy,7,584,612567.0
Viburnum_rhytidophyllum.npy,8,584,612567.0
Viburnum_rhytidophyllum.npy,9,584,612567.0
Viburnum_rhytidophyllum.npy,10,584,612567.0
Vinca_major.npy,0,343,134419.0
Vinca_major.npy,1,343,134419.0
Vinca_major.npy,2,337,134479.0
Vinca_major.npy,3,337,134479.0
Vinca_major.npy,4,337,134479.0
Vinca_major.npy,5,337,134479.0
Vinca_major.npy,6,337,134479.0
Vinca_major.npy,7,337,134479.0
Vinca_major.npy,8,335,134499.0
Vinca_major.npy,9,335,134499.0
Vinca_major.npy,10,335,134499.0
Vinca_major.npy,11,335,134499.0
Vinca_major.npy,12,335,134499.0
Vinca_major.npy,13,335,134499.0
Vinca_major.npy,14,335,134499.0
Vinca_minor.npy,0,245,97908.0
Vinca_minor.npy,1,245,97908.0
Vinca_minor.npy,2,245,97908.0
Vinca_minor.npy,3,245,97908.0
Vinca_minor.npy,4,245,97908.0
Vinca_minor.npy,5,245,97908.0
Vinca_minor.npy,6,245,97908.0
Vitis_riparia.npy,0,1736,1040363.0
Vitis_riparia.npy,1,1636,1041363.0
Vitis_riparia.npy,2,1624,1041483.0
Vitis_riparia.npy,3,1624,1041483.0
Vitis_riparia.npy,4,1587,1041853.0
Vitis_riparia.npy,5,1587,1041853.0
Vitis_riparia.npy,6,1587,1041853.0
Vitis_riparia.npy,7,1577,1041953.0
Vitis_riparia.npy,8,1577,1041953.0
Vitis_riparia.npy,9,1542,1042303.0
Vitis_riparia.npy,10,1542,1042303.0
Vitis_riparia.npy,11,1542,1042303.0
Vitis_riparia.npy,12,1542,1042303.0
Vitis_riparia.npy,13,1542,1042303.0
Vitis_riparia.npy,14,1529,1042433.0
Vitis_riparia.npy,15,1529,1042433.0
Vitis_riparia.npy,16,1529,1042433.0
Vitis_riparia.npy,17,1520,1042523.0
Vitis_riparia.npy,18,1513,1042593.0
Vitis_riparia.npy,19,1513,1042593.0
Vitis_riparia.npy,20,1513,1042593.0
Vitis_riparia.npy,21,1513,1042593.0
Vitis_riparia.npy,22,1513,1042593.0
Vitis_riparia.npy,23,1513,1042593.0
Vitis_riparia.npy,24,1513,1042593.0
Vitis_vinifera.npy,0,2957,2783273.0
Vitis_vinifera.npy,1,2591,2786933.0
Vitis_vinifera.npy,2,2591,2786933.0
Vitis_vinifera.npy,3,2591,2786933.0
Vitis_vinifera.npy,4,2591,2786933.0
Vitis_vinifera.npy,5,2591,2786933.0
Vitis_vinifera.npy,6,2591,2786933.0
Vitis_vinifera.npy,7,2591,2786933.0
Weigela_florida.npy,0,195,49420.0
Weigela_florida.npy,1,194,49430.0
Weigela_florida.npy,2,194,49430.0
Weigela_florida.npy,3,193,49440.0
Weigela_florida.npy,4,193,49440.0
Weigela_florida.npy,5,193,49440.0
Weigela_florida.npy,6,192,49450.0
Weigela_florida.npy,7,191,49460.0
Weigela_florida.npy,8,191,49460.0
Weigela_florida.npy,9,190,49470.0
Weigela_florida.npy,10,190,49470.0
Weigela_florida.npy,11,190,49470.0
Weigela_florida.npy,12,190,49470.0
Weigela_florida.npy,13,190,49470.0
Weigela_florida.npy,14,190,49470.0
Weigela_florida.npy,15,190,49470.0
Wisteria_sinensis.npy,0,501,348415.0
Wisteria_sinensis.npy,1,495,348475.0
Wisteria_sinensis.npy,2,494,348485.0
Wisteria_sinensis.npy,3,492,348505.0
Wisteria_sinensis.npy,4,492,348505.0
Wisteria_sinensis.npy,5,492,348505.0
Wisteria_sinensis.npy,6,492,348505.0
Wisteria_sinensis.npy,7,491,348515.0
Wisteria_sinensis.npy,8,491,348515.0
Wisteria_sinensis.npy,9,491,348515.0
Wisteria_sinensis.npy,10,491,348515.0
Wisteria_sinensis.npy,11,491,348515.0
Wisteria_sinensis.npy,12,490,348525.0
Wisteria_sinensis.npy,13,490,348525.0
Wisteria_sinensis.npy,14,490,348525.0
Wisteria_sinensis.npy,15,490,348525.0
Wisteria_sinensis.npy,16,489,348535.0
Wisteria_sinensis.npy,17,489,348535.0
Wisteria_sinensis.npy,18,489,348535.0
Wisteria_sinensis.npy,19,489,348535.0
Wisteria_sinensis.npy,20,489,348535.0
Wisteria_sinensis.npy,21,489,348535.0
Wisteria_sinensis.npy,22,489,348535.0
Zelkova_serrata.npy,0,965,756016.0
Zelkova_serrata.npy,1,965,756016.0
Zelkova_serrata.npy,2,956,756106.0
Zelkova_serrata.npy,3,950,756166.0
Zelkova_serrata.npy,4,950,756166.0
Zelkova_serrata.npy,5,943,756236.0
Zelkova_serrata.npy,6,940,756266.0
Zelkova_serrata.npy,7,940,756266.0
Zelkova_serrata.npy,8,940,756266.0
Zelkova_serrata.npy,9,934,756326.0
Zelkova_serrata.npy,10,934,756326.0
Zelkova_serrata.npy,11,934,756326.0
Zelkova_serrata.npy,12,934,756326.0
Zelkova_serrata.npy,13,934,756326.0
Zelkova_serrata.npy,14,933,756336.0
Zelkova_serrata.npy,15,933,756336.0
Zelkova_serrata.npy,16,933,756336.0
Zelkova_serrata.npy,17,933,756336.0
Zelkova_serrata.npy,18,924,756426.0
Zelkova_serrata.npy,19,924,756426.0
Zelkova_serrata.npy,20,919,756476.0
Zelkova_serrata.npy,21,919,756476.0
Zelkova_serrata.npy,22,919,756476.0
Zelkova_serrata.npy,23,919,756476.0
Zelkova_serrata.npy,24,919,756476.0
Zelkova_serrata.npy,25,918,756486.0
Zelkova_serrata.npy,26,918,756486.0
Zelkova_serrata.npy,27,917,756496.0
Zelkova_serrata.npy,28,917,756496.0
Zelkova_serrata.npy,29,917,756496.0
Zelkova_serrata.npy,30,917,756496.0
Zelkova_serrata.npy,31,916,756506.0
Zelkova_serrata.npy,32,916,756506.0
Zelkova_serrata.npy,33,916,756506.0
Zelkova_serrata.npy,34,916,756506.0
Zelkova_serrata.npy,35,916,756506.0
Zelkova_serrata.npy,36,916,756506.0
Zelkova_serrata.npy,37,916,756506.0
