image_name,generation,best_rectangle_count,fitness
Acer_campestre.npy,0,2427,866354.0
Acer_campestre.npy,1,1921,871414.0
Acer_campestre.npy,2,1911,871514.0
Acer_campestre.npy,3,1911,871514.0
Acer_campestre.npy,4,1765,872974.0
Acer_campestre.npy,5,1765,872974.0
Acer_campestre.npy,6,1765,872974.0
Acer_campestre.npy,7,1765,872974.0
Acer_campestre.npy,8,1765,872974.0
Acer_campestre.npy,9,1765,872974.0
Acer_campestre.npy,10,1765,872974.0
Acer_campestre.npy,11,1765,872974.0
Acer_campestre.npy,12,1765,872974.0
Acer_campestre.npy,13,1765,872974.0
Acer_campestre.npy,14,1639,874234.0
Acer_campestre.npy,15,1639,874234.0
Acer_campestre.npy,16,1637,874254.0
Acer_campestre.npy,17,1637,874254.0
Acer_campestre.npy,18,1637,874254.0
Acer_campestre.npy,19,1622,874404.0
Acer_campestre.npy,20,1622,874404.0
Acer_campestre.npy,21,1577,874854.0
Acer_campestre.npy,22,1531,875314.0
Acer_campestre.npy,23,1531,875314.0
Acer_campestre.npy,24,1531,875314.0
Acer_campestre.npy,25,1509,875534.0
Acer_campestre.npy,26,1509,875534.0
Acer_campestre.npy,27,1509,875534.0
Acer_campestre.npy,28,1490,875724.0
Acer_campestre.npy,29,1489,875734.0
Acer_campestre.npy,30,1467,875954.0
Acer_campestre.npy,31,1467,875954.0
Acer_campestre.npy,32,1465,875974.0
Acer_campestre.npy,33,1463,875994.0
Acer_campestre.npy,34,1459,876034.0
Acer_campestre.npy,35,1459,876034.0
Acer_campestre.npy,36,1459,876034.0
Acer_campestre.npy,37,1458,876044.0
Acer_campestre.npy,38,1458,876044.0
Acer_campestre.npy,39,1458,876044.0
Acer_campestre.npy,40,1443,876194.0
Acer_campestre.npy,41,1416,876464.0
Acer_campestre.npy,42,1416,876464.0
Acer_campestre.npy,43,1416,876464.0
Acer_campestre.npy,44,1416,876464.0
Acer_campestre.npy,45,1416,876464.0
Acer_campestre.npy,46,1416,876464.0
Acer_campestre.npy,47,1416,876464.0
Acer_campestre.npy,48,1416,876464.0
Acer_campestre.npy,49,1416,876464.0
Acer_campestre.npy,50,1416,876464.0
Acer_campestre.npy,51,1416,876464.0
Acer_campestre.npy,52,1416,876464.0
Acer_campestre.npy,53,1416,876464.0
Acer_ginnala.npy,0,849,213192.0
Acer_ginnala.npy,1,759,214092.0
Acer_ginnala.npy,2,749,214192.0
Acer_ginnala.npy,3,749,214192.0
Acer_ginnala.npy,4,720,214482.0
Acer_ginnala.npy,5,720,214482.0
Acer_ginnala.npy,6,718,214502.0
Acer_ginnala.npy,7,713,214552.0
Acer_ginnala.npy,8,709,214592.0
Acer_ginnala.npy,9,707,214612.0
Acer_ginnala.npy,10,704,214642.0
Acer_ginnala.npy,11,704,214642.0
Acer_ginnala.npy,12,703,214652.0
Acer_ginnala.npy,13,703,214652.0
Acer_ginnala.npy,14,703,214652.0
Acer_ginnala.npy,15,703,214652.0
Acer_ginnala.npy,16,703,214652.0
Acer_ginnala.npy,17,700,214682.0
Acer_ginnala.npy,18,700,214682.0
Acer_ginnala.npy,19,700,214682.0
Acer_ginnala.npy,20,700,214682.0
Acer_ginnala.npy,21,699,214692.0
Acer_ginnala.npy,22,699,214692.0
Acer_ginnala.npy,23,699,214692.0
Acer_ginnala.npy,24,699,214692.0
Acer_ginnala.npy,25,699,214692.0
Acer_ginnala.npy,26,699,214692.0
Acer_ginnala.npy,27,699,214692.0
Acer_ginnala.npy,28,699,214692.0
Acer_ginnala.npy,29,698,214702.0
Acer_ginnala.npy,30,697,214712.0
Acer_ginnala.npy,31,697,214712.0
Acer_ginnala.npy,32,697,214712.0
Acer_ginnala.npy,33,696,214722.0
Acer_ginnala.npy,34,696,214722.0
Acer_ginnala.npy,35,696,214722.0
Acer_ginnala.npy,36,696,214722.0
Acer_ginnala.npy,37,696,214722.0
Acer_ginnala.npy,38,696,214722.0
Acer_ginnala.npy,39,696,214722.0
Acer_ginnala.npy,40,696,214722.0
Acer_ginnala.npy,41,696,214722.0
Acer_ginnala.npy,42,696,214722.0
Acer_ginnala.npy,43,696,214722.0
Acer_ginnala.npy,44,696,214722.0
Acer_ginnala.npy,45,696,214722.0
Acer_monspessulanum.npy,0,499,89388.0
Acer_monspessulanum.npy,1,427,90108.0
Acer_monspessulanum.npy,2,403,90348.0
Acer_monspessulanum.npy,3,392,90458.0
Acer_monspessulanum.npy,4,375,90628.0
Acer_monspessulanum.npy,5,370,90678.0
Acer_monspessulanum.npy,6,367,90708.0
Acer_monspessulanum.npy,7,366,90718.0
Acer_monspessulanum.npy,8,360,90778.0
Acer_monspessulanum.npy,9,357,90808.0
Acer_monspessulanum.npy,10,357,90808.0
Acer_monspessulanum.npy,11,357,90808.0
Acer_monspessulanum.npy,12,356,90818.0
Acer_monspessulanum.npy,13,356,90818.0
Acer_monspessulanum.npy,14,355,90828.0
Acer_monspessulanum.npy,15,355,90828.0
Acer_monspessulanum.npy,16,355,90828.0
Acer_monspessulanum.npy,17,355,90828.0
Acer_monspessulanum.npy,18,355,90828.0
Acer_monspessulanum.npy,19,355,90828.0
Acer_monspessulanum.npy,20,355,90828.0
Acer_monspessulanum.npy,21,355,90828.0
Acer_monspessulanum.npy,22,355,90828.0
Acer_monspessulanum.npy,23,355,90828.0
Acer_monspessulanum.npy,24,355,90828.0
Acer_monspessulanum.npy,25,355,90828.0
Acer_monspessulanum.npy,26,355,90828.0
Acer_negundo.npy,0,618,346215.0
Acer_negundo.npy,1,610,346295.0
Acer_negundo.npy,2,609,346305.0
Acer_negundo.npy,3,609,346305.0
Acer_negundo.npy,4,608,346315.0
Acer_negundo.npy,5,607,346325.0
Acer_negundo.npy,6,607,346325.0
Acer_negundo.npy,7,607,346325.0
Acer_negundo.npy,8,607,346325.0
Acer_negundo.npy,9,607,346325.0
Acer_negundo.npy,10,607,346325.0
Acer_negundo.npy,11,607,346325.0
Acer_negundo.npy,12,607,346325.0
Acer_negundo.npy,13,607,346325.0
Acer_negundo.npy,14,607,346325.0
Acer_negundo.npy,15,607,346325.0
Acer_negundo.npy,16,607,346325.0
Acer_negundo.npy,17,607,346325.0
Acer_palmatum.npy,0,813,54535.0
Acer_palmatum.npy,1,650,56165.0
Acer_palmatum.npy,2,623,56435.0
Acer_palmatum.npy,3,623,56435.0
Acer_palmatum.npy,4,623,56435.0
Acer_palmatum.npy,5,592,56745.0
Acer_palmatum.npy,6,592,56745.0
Acer_palmatum.npy,7,577,56895.0
Acer_palmatum.npy,8,577,56895.0
Acer_palmatum.npy,9,577,56895.0
Acer_palmatum.npy,10,573,56935.0
Acer_palmatum.npy,11,543,57235.0
Acer_palmatum.npy,12,543,57235.0
Acer_palmatum.npy,13,542,57245.0
Acer_palmatum.npy,14,533,57335.0
Acer_palmatum.npy,15,533,57335.0
Acer_palmatum.npy,16,530,57365.0
Acer_palmatum.npy,17,528,57385.0
Acer_palmatum.npy,18,524,57425.0
Acer_palmatum.npy,19,524,57425.0
Acer_palmatum.npy,20,524,57425.0
Acer_palmatum.npy,21,522,57445.0
Acer_palmatum.npy,22,522,57445.0
Acer_palmatum.npy,23,522,57445.0
Acer_palmatum.npy,24,522,57445.0
Acer_palmatum.npy,25,522,57445.0
Acer_palmatum.npy,26,522,57445.0
Acer_palmatum.npy,27,522,57445.0
Acer_palmatum.npy,28,522,57445.0
Acer_palmatum.npy,29,522,57445.0
Acer_palmatum.npy,30,522,57445.0
Acer_palmatum.npy,31,520,57465.0
Acer_palmatum.npy,32,520,57465.0
Acer_palmatum.npy,33,520,57465.0
Acer_palmatum.npy,34,520,57465.0
Acer_palmatum.npy,35,520,57465.0
Acer_palmatum.npy,36,520,57465.0
Acer_palmatum.npy,37,520,57465.0
Acer_palmatum.npy,38,520,57465.0
Acer_palmatum.npy,39,520,57465.0
Acer_palmatum.npy,40,520,57465.0
Acer_palmatum.npy,41,520,57465.0
Acer_palmatum.npy,42,520,57465.0
Acer_palmatum.npy,43,520,57465.0
Acer_platanoides.npy,0,2677,1036506.0
Acer_platanoides.npy,1,2291,1040366.0
Acer_platanoides.npy,2,2291,1040366.0
Acer_platanoides.npy,3,2291,1040366.0
Acer_platanoides.npy,4,2291,1040366.0
Acer_platanoides.npy,5,2231,1040966.0
Acer_platanoides.npy,6,2231,1040966.0
Acer_platanoides.npy,7,2231,1040966.0
Acer_platanoides.npy,8,2231,1040966.0
Acer_platanoides.npy,9,2068,1042596.0
Acer_platanoides.npy,10,2068,1042596.0
Acer_platanoides.npy,11,2068,1042596.0
Acer_platanoides.npy,12,2068,1042596.0
Acer_platanoides.npy,13,2068,1042596.0
Acer_platanoides.npy,14,2037,1042906.0
Acer_platanoides.npy,15,2009,1043186.0
Acer_platanoides.npy,16,2005,1043226.0
Acer_platanoides.npy,17,1980,1043476.0
Acer_platanoides.npy,18,1975,1043526.0
Acer_platanoides.npy,19,1975,1043526.0
Acer_platanoides.npy,20,1968,1043596.0
Acer_platanoides.npy,21,1962,1043656.0
Acer_platanoides.npy,22,1954,1043736.0
Acer_platanoides.npy,23,1954,1043736.0
Acer_platanoides.npy,24,1954,1043736.0
Acer_platanoides.npy,25,1954,1043736.0
Acer_platanoides.npy,26,1952,1043756.0
Acer_platanoides.npy,27,1950,1043776.0
Acer_platanoides.npy,28,1950,1043776.0
Acer_platanoides.npy,29,1910,1044176.0
Acer_platanoides.npy,30,1910,1044176.0
Acer_platanoides.npy,31,1900,1044276.0
Acer_platanoides.npy,32,1900,1044276.0
Acer_platanoides.npy,33,1900,1044276.0
Acer_platanoides.npy,34,1900,1044276.0
Acer_platanoides.npy,35,1900,1044276.0
Acer_platanoides.npy,36,1900,1044276.0
Acer_platanoides.npy,37,1900,1044276.0
Acer_platanoides.npy,38,1899,1044286.0
Acer_platanoides.npy,39,1899,1044286.0
Acer_platanoides.npy,40,1891,1044366.0
Acer_platanoides.npy,41,1891,1044366.0
Acer_platanoides.npy,42,1879,1044486.0
Acer_platanoides.npy,43,1879,1044486.0
Acer_platanoides.npy,44,1879,1044486.0
Acer_platanoides.npy,45,1879,1044486.0
Acer_platanoides.npy,46,1879,1044486.0
Acer_platanoides.npy,47,1879,1044486.0
Acer_platanoides.npy,48,1879,1044486.0
Acer_platanoides.npy,49,1879,1044486.0
Acer_platanoides.npy,50,1879,1044486.0
Acer_platanoides.npy,51,1879,1044486.0
Acer_platanoides.npy,52,1879,1044486.0
Acer_platanoides.npy,53,1879,1044486.0
Acer_platanoides.npy,54,1879,1044486.0
Acer_pseudoplatanus.npy,0,3611,1668745.0
Acer_pseudoplatanus.npy,1,2858,1676275.0
Acer_pseudoplatanus.npy,2,2858,1676275.0
Acer_pseudoplatanus.npy,3,2811,1676745.0
Acer_pseudoplatanus.npy,4,2680,1678055.0
Acer_pseudoplatanus.npy,5,2680,1678055.0
Acer_pseudoplatanus.npy,6,2680,1678055.0
Acer_pseudoplatanus.npy,7,2501,1679845.0
Acer_pseudoplatanus.npy,8,2501,1679845.0
Acer_pseudoplatanus.npy,9,2501,1679845.0
Acer_pseudoplatanus.npy,10,2349,1681365.0
Acer_pseudoplatanus.npy,11,2306,1681795.0
Acer_pseudoplatanus.npy,12,2306,1681795.0
Acer_pseudoplatanus.npy,13,2306,1681795.0
Acer_pseudoplatanus.npy,14,2240,1682455.0
Acer_pseudoplatanus.npy,15,2240,1682455.0
Acer_pseudoplatanus.npy,16,2240,1682455.0
Acer_pseudoplatanus.npy,17,2219,1682665.0
Acer_pseudoplatanus.npy,18,2219,1682665.0
Acer_pseudoplatanus.npy,19,2219,1682665.0
Acer_pseudoplatanus.npy,20,2202,1682835.0
Acer_pseudoplatanus.npy,21,2159,1683265.0
Acer_pseudoplatanus.npy,22,2159,1683265.0
Acer_pseudoplatanus.npy,23,2159,1683265.0
Acer_pseudoplatanus.npy,24,2159,1683265.0
Acer_pseudoplatanus.npy,25,2159,1683265.0
Acer_pseudoplatanus.npy,26,2127,1683585.0
Acer_pseudoplatanus.npy,27,2127,1683585.0
Acer_pseudoplatanus.npy,28,2127,1683585.0
Acer_pseudoplatanus.npy,29,2127,1683585.0
Acer_pseudoplatanus.npy,30,2127,1683585.0
Acer_pseudoplatanus.npy,31,2127,1683585.0
Acer_pseudoplatanus.npy,32,2127,1683585.0
Acer_pseudoplatanus.npy,33,2127,1683585.0
Acer_pseudoplatanus.npy,34,2127,1683585.0
Acer_pseudoplatanus.npy,35,2127,1683585.0
Acer_pseudoplatanus.npy,36,2124,1683615.0
Acer_pseudoplatanus.npy,37,2124,1683615.0
Acer_pseudoplatanus.npy,38,2124,1683615.0
Acer_pseudoplatanus.npy,39,2124,1683615.0
Acer_pseudoplatanus.npy,40,2116,1683695.0
Acer_pseudoplatanus.npy,41,2116,1683695.0
Acer_pseudoplatanus.npy,42,2103,1683825.0
Acer_pseudoplatanus.npy,43,2102,1683835.0
Acer_pseudoplatanus.npy,44,2102,1683835.0
Acer_pseudoplatanus.npy,45,2102,1683835.0
Acer_pseudoplatanus.npy,46,2102,1683835.0
Acer_pseudoplatanus.npy,47,2073,1684125.0
Acer_pseudoplatanus.npy,48,2073,1684125.0
Acer_pseudoplatanus.npy,49,2073,1684125.0
Acer_pseudoplatanus.npy,50,2073,1684125.0
Acer_pseudoplatanus.npy,51,2073,1684125.0
Acer_pseudoplatanus.npy,52,2073,1684125.0
Acer_pseudoplatanus.npy,53,2073,1684125.0
Acer_pseudoplatanus.npy,54,2073,1684125.0
Acer_pseudoplatanus.npy,55,2073,1684125.0
Acer_pseudoplatanus.npy,56,2062,1684235.0
Acer_pseudoplatanus.npy,57,2062,1684235.0
Acer_pseudoplatanus.npy,58,2062,1684235.0
Acer_pseudoplatanus.npy,59,2062,1684235.0
Acer_pseudoplatanus.npy,60,2062,1684235.0
Acer_pseudoplatanus.npy,61,2062,1684235.0
Acer_pseudoplatanus.npy,62,2062,1684235.0
Acer_pseudoplatanus.npy,63,2062,1684235.0
Acer_pseudoplatanus.npy,64,2062,1684235.0
Acer_pseudoplatanus.npy,65,2062,1684235.0
Acer_pseudoplatanus.npy,66,2062,1684235.0
Acer_pseudoplatanus.npy,67,2062,1684235.0
Acer_pseudoplatanus.npy,68,2062,1684235.0
Acer_saccharinum.npy,0,3147,689058.0
Acer_saccharinum.npy,1,2612,694408.0
Acer_saccharinum.npy,2,2612,694408.0
Acer_saccharinum.npy,3,2607,694458.0
Acer_saccharinum.npy,4,2607,694458.0
Acer_saccharinum.npy,5,2542,695108.0
Acer_saccharinum.npy,6,2542,695108.0
Acer_saccharinum.npy,7,2542,695108.0
Acer_saccharinum.npy,8,2464,695888.0
Acer_saccharinum.npy,9,2464,695888.0
Acer_saccharinum.npy,10,2431,696218.0
Acer_saccharinum.npy,11,2431,696218.0
Acer_saccharinum.npy,12,2430,696228.0
Acer_saccharinum.npy,13,2408,696448.0
Acer_saccharinum.npy,14,2388,696648.0
Acer_saccharinum.npy,15,2388,696648.0
Acer_saccharinum.npy,16,2375,696778.0
Acer_saccharinum.npy,17,2375,696778.0
Acer_saccharinum.npy,18,2363,696898.0
Acer_saccharinum.npy,19,2354,696988.0
Acer_saccharinum.npy,20,2347,697058.0
Acer_saccharinum.npy,21,2345,697078.0
Acer_saccharinum.npy,22,2345,697078.0
Acer_saccharinum.npy,23,2342,697108.0
Acer_saccharinum.npy,24,2342,697108.0
Acer_saccharinum.npy,25,2342,697108.0
Acer_saccharinum.npy,26,2340,697128.0
Acer_saccharinum.npy,27,2340,697128.0
Acer_saccharinum.npy,28,2340,697128.0
Acer_saccharinum.npy,29,2340,697128.0
Acer_saccharinum.npy,30,2340,697128.0
Acer_saccharinum.npy,31,2340,697128.0
Acer_saccharinum.npy,32,2340,697128.0
Acer_saccharinum.npy,33,2340,697128.0
Acer_saccharinum.npy,34,2340,697128.0
Acer_saccharinum.npy,35,2340,697128.0
Acer_saccharinum.npy,36,2340,697128.0
Acer_saccharinum.npy,37,2340,697128.0
Acer_saccharinum.npy,38,2340,697128.0
Acer_saccharum.npy,0,2475,1192788.0
Acer_saccharum.npy,1,2227,1195268.0
Acer_saccharum.npy,2,2186,1195678.0
Acer_saccharum.npy,3,2156,1195978.0
Acer_saccharum.npy,4,2099,1196548.0
Acer_saccharum.npy,5,2094,1196598.0
Acer_saccharum.npy,6,2093,1196608.0
Acer_saccharum.npy,7,2067,1196868.0
Acer_saccharum.npy,8,2058,1196958.0
Acer_saccharum.npy,9,2056,1196978.0
Acer_saccharum.npy,10,2050,1197038.0
Acer_saccharum.npy,11,2050,1197038.0
Acer_saccharum.npy,12,2050,1197038.0
Acer_saccharum.npy,13,2048,1197058.0
Acer_saccharum.npy,14,2048,1197058.0
Acer_saccharum.npy,15,2048,1197058.0
Acer_saccharum.npy,16,2048,1197058.0
Acer_saccharum.npy,17,2048,1197058.0
Acer_saccharum.npy,18,2048,1197058.0
Acer_saccharum.npy,19,2048,1197058.0
Acer_saccharum.npy,20,2048,1197058.0
Acer_saccharum.npy,21,2048,1197058.0
Acer_saccharum.npy,22,2048,1197058.0
Acer_saccharum.npy,23,2048,1197058.0
Acer_saccharum.npy,24,2048,1197058.0
Acer_saccharum.npy,25,2048,1197058.0
Acer_tataricum.npy,0,692,258541.0
Acer_tataricum.npy,1,627,259191.0
Acer_tataricum.npy,2,615,259311.0
Acer_tataricum.npy,3,607,259391.0
Acer_tataricum.npy,4,593,259531.0
Acer_tataricum.npy,5,590,259561.0
Acer_tataricum.npy,6,586,259601.0
Acer_tataricum.npy,7,578,259681.0
Acer_tataricum.npy,8,578,259681.0
Acer_tataricum.npy,9,578,259681.0
Acer_tataricum.npy,10,575,259711.0
Acer_tataricum.npy,11,575,259711.0
Acer_tataricum.npy,12,575,259711.0
Acer_tataricum.npy,13,572,259741.0
Acer_tataricum.npy,14,572,259741.0
Acer_tataricum.npy,15,571,259751.0
Acer_tataricum.npy,16,571,259751.0
Acer_tataricum.npy,17,571,259751.0
Acer_tataricum.npy,18,571,259751.0
Acer_tataricum.npy,19,571,259751.0
Acer_tataricum.npy,20,571,259751.0
Acer_tataricum.npy,21,571,259751.0
Acer_tataricum.npy,22,571,259751.0
Acer_tataricum.npy,23,571,259751.0
Acer_tataricum.npy,24,571,259751.0
Acer_tataricum.npy,25,571,259751.0
Acer_tataricum.npy,26,571,259751.0
Acer_tataricum.npy,27,571,259751.0
Actinidia_arguta.npy,0,779,433159.0
Actinidia_arguta.npy,1,739,433559.0
Actinidia_arguta.npy,2,719,433759.0
Actinidia_arguta.npy,3,719,433759.0
Actinidia_arguta.npy,4,709,433859.0
Actinidia_arguta.npy,5,697,433979.0
Actinidia_arguta.npy,6,697,433979.0
Actinidia_arguta.npy,7,697,433979.0
Actinidia_arguta.npy,8,695,433999.0
Actinidia_arguta.npy,9,695,433999.0
Actinidia_arguta.npy,10,694,434009.0
Actinidia_arguta.npy,11,694,434009.0
Actinidia_arguta.npy,12,694,434009.0
Actinidia_arguta.npy,13,694,434009.0
Actinidia_arguta.npy,14,694,434009.0
Actinidia_arguta.npy,15,694,434009.0
Actinidia_arguta.npy,16,694,434009.0
Actinidia_arguta.npy,17,694,434009.0
Actinidia_arguta.npy,18,694,434009.0
Actinidia_arguta.npy,19,694,434009.0
Actinidia_arguta.npy,20,694,434009.0
Actinidia_arguta.npy,21,694,434009.0
Actinidia_arguta.npy,22,694,434009.0
Aesculus_carnea.npy,0,1866,2024547.0
Aesculus_carnea.npy,1,1724,2025967.0
Aesculus_carnea.npy,2,1684,2026367.0
Aesculus_carnea.npy,3,1684,2026367.0
Aesculus_carnea.npy,4,1664,2026567.0
Aesculus_carnea.npy,5,1661,2026597.0
Aesculus_carnea.npy,6,1633,2026877.0
Aesculus_carnea.npy,7,1633,2026877.0
Aesculus_carnea.npy,8,1626,2026947.0
Aesculus_carnea.npy,9,1623,2026977.0
Aesculus_carnea.npy,10,1622,2026987.0
Aesculus_carnea.npy,11,1619,2027017.0
Aesculus_carnea.npy,12,1617,2027037.0
Aesculus_carnea.npy,13,1614,2027067.0
Aesculus_carnea.npy,14,1614,2027067.0
Aesculus_carnea.npy,15,1614,2027067.0
Aesculus_carnea.npy,16,1614,2027067.0
Aesculus_carnea.npy,17,1614,2027067.0
Aesculus_carnea.npy,18,1614,2027067.0
Aesculus_carnea.npy,19,1614,2027067.0
Aesculus_carnea.npy,20,1614,2027067.0
Aesculus_carnea.npy,21,1614,2027067.0
Aesculus_carnea.npy,22,1614,2027067.0
Aesculus_carnea.npy,23,1614,2027067.0
Aesculus_carnea.npy,24,1614,2027067.0
Aesculus_carnea.npy,25,1614,2027067.0
Aesculus_glabra.npy,0,581,430437.0
Aesculus_glabra.npy,1,569,430557.0
Aesculus_glabra.npy,2,568,430567.0
Aesculus_glabra.npy,3,564,430607.0
Aesculus_glabra.npy,4,564,430607.0
Aesculus_glabra.npy,5,561,430637.0
Aesculus_glabra.npy,6,560,430647.0
Aesculus_glabra.npy,7,558,430667.0
Aesculus_glabra.npy,8,557,430677.0
Aesculus_glabra.npy,9,556,430687.0
Aesculus_glabra.npy,10,556,430687.0
Aesculus_glabra.npy,11,556,430687.0
Aesculus_glabra.npy,12,556,430687.0
Aesculus_glabra.npy,13,556,430687.0
Aesculus_glabra.npy,14,556,430687.0
Aesculus_glabra.npy,15,556,430687.0
Aesculus_glabra.npy,16,556,430687.0
Aesculus_glabra.npy,17,556,430687.0
Aesculus_glabra.npy,18,556,430687.0
Aesculus_glabra.npy,19,556,430687.0
Aesculus_glabra.npy,20,556,430687.0
Aesculus_glabra.npy,21,556,430687.0
Aesculus_hippocastanum.npy,0,908,584204.0
Aesculus_hippocastanum.npy,1,871,584574.0
Aesculus_hippocastanum.npy,2,869,584594.0
Aesculus_hippocastanum.npy,3,858,584704.0
Aesculus_hippocastanum.npy,4,855,584734.0
Aesculus_hippocastanum.npy,5,855,584734.0
Aesculus_hippocastanum.npy,6,851,584774.0
Aesculus_hippocastanum.npy,7,850,584784.0
Aesculus_hippocastanum.npy,8,846,584824.0
Aesculus_hippocastanum.npy,9,846,584824.0
Aesculus_hippocastanum.npy,10,846,584824.0
Aesculus_hippocastanum.npy,11,845,584834.0
Aesculus_hippocastanum.npy,12,845,584834.0
Aesculus_hippocastanum.npy,13,845,584834.0
Aesculus_hippocastanum.npy,14,845,584834.0
Aesculus_hippocastanum.npy,15,845,584834.0
Aesculus_hippocastanum.npy,16,845,584834.0
Aesculus_hippocastanum.npy,17,845,584834.0
Aesculus_hippocastanum.npy,18,845,584834.0
Aesculus_hippocastanum.npy,19,845,584834.0
Aesculus_hippocastanum.npy,20,845,584834.0
Aesculus_hippocastanum.npy,21,845,584834.0
Aesculus_hippocastanum.npy,22,845,584834.0
Aesculus_hippocastanum.npy,23,845,584834.0
Aesculus_octandra.npy,0,1437,417161.0
Aesculus_octandra.npy,1,1067,420861.0
Aesculus_octandra.npy,2,1035,421181.0
Aesculus_octandra.npy,3,1035,421181.0
Aesculus_octandra.npy,4,1035,421181.0
Aesculus_octandra.npy,5,1035,421181.0
Aesculus_octandra.npy,6,1035,421181.0
Aesculus_octandra.npy,7,1035,421181.0
Aesculus_octandra.npy,8,1035,421181.0
Aesculus_octandra.npy,9,931,422221.0
Aesculus_octandra.npy,10,931,422221.0
Aesculus_octandra.npy,11,931,422221.0
Aesculus_octandra.npy,12,931,422221.0
Aesculus_octandra.npy,13,931,422221.0
Aesculus_octandra.npy,14,931,422221.0
Aesculus_octandra.npy,15,931,422221.0
Aesculus_octandra.npy,16,926,422271.0
Aesculus_octandra.npy,17,926,422271.0
Aesculus_octandra.npy,18,926,422271.0
Aesculus_octandra.npy,19,926,422271.0
Aesculus_octandra.npy,20,852,423011.0
Aesculus_octandra.npy,21,852,423011.0
Aesculus_octandra.npy,22,852,423011.0
Aesculus_octandra.npy,23,852,423011.0
Aesculus_octandra.npy,24,852,423011.0
Aesculus_octandra.npy,25,852,423011.0
Aesculus_octandra.npy,26,852,423011.0
Aesculus_octandra.npy,27,852,423011.0
Aesculus_octandra.npy,28,849,423041.0
Aesculus_octandra.npy,29,849,423041.0
Aesculus_octandra.npy,30,849,423041.0
Aesculus_octandra.npy,31,832,423211.0
Aesculus_octandra.npy,32,832,423211.0
Aesculus_octandra.npy,33,745,424081.0
Aesculus_octandra.npy,34,745,424081.0
Aesculus_octandra.npy,35,732,424211.0
Aesculus_octandra.npy,36,732,424211.0
Aesculus_octandra.npy,37,708,424451.0
Aesculus_octandra.npy,38,708,424451.0
Aesculus_octandra.npy,39,708,424451.0
Aesculus_octandra.npy,40,708,424451.0
Aesculus_octandra.npy,41,695,424581.0
Aesculus_octandra.npy,42,672,424811.0
Aesculus_octandra.npy,43,672,424811.0
Aesculus_octandra.npy,44,672,424811.0
Aesculus_octandra.npy,45,650,425031.0
Aesculus_octandra.npy,46,650,425031.0
Aesculus_octandra.npy,47,643,425101.0
Aesculus_octandra.npy,48,643,425101.0
Aesculus_octandra.npy,49,639,425141.0
Aesculus_octandra.npy,50,639,425141.0
Aesculus_octandra.npy,51,639,425141.0
Aesculus_octandra.npy,52,637,425161.0
Aesculus_octandra.npy,53,637,425161.0
Aesculus_octandra.npy,54,628,425251.0
Aesculus_octandra.npy,55,628,425251.0
Aesculus_octandra.npy,56,621,425321.0
Aesculus_octandra.npy,57,617,425361.0
Aesculus_octandra.npy,58,614,425391.0
Aesculus_octandra.npy,59,611,425421.0
Aesculus_octandra.npy,60,611,425421.0
Aesculus_octandra.npy,61,611,425421.0
Aesculus_octandra.npy,62,611,425421.0
Aesculus_octandra.npy,63,607,425461.0
Aesculus_octandra.npy,64,606,425471.0
Aesculus_octandra.npy,65,606,425471.0
Aesculus_octandra.npy,66,606,425471.0
Aesculus_octandra.npy,67,606,425471.0
Aesculus_octandra.npy,68,606,425471.0
Aesculus_octandra.npy,69,606,425471.0
Aesculus_octandra.npy,70,606,425471.0
Aesculus_octandra.npy,71,606,425471.0
Aesculus_octandra.npy,72,606,425471.0
Aesculus_octandra.npy,73,606,425471.0
Aesculus_octandra.npy,74,606,425471.0
Aesculus_octandra.npy,75,606,425471.0
Aesculus_octandra.npy,76,606,425471.0
Aesculus_pavia.npy,0,479,320560.0
Aesculus_pavia.npy,1,465,320700.0
Aesculus_pavia.npy,2,462,320730.0
Aesculus_pavia.npy,3,462,320730.0
Aesculus_pavia.npy,4,461,320740.0
Aesculus_pavia.npy,5,458,320770.0
Aesculus_pavia.npy,6,458,320770.0
Aesculus_pavia.npy,7,458,320770.0
Aesculus_pavia.npy,8,458,320770.0
Aesculus_pavia.npy,9,458,320770.0
Aesculus_pavia.npy,10,458,320770.0
Aesculus_pavia.npy,11,458,320770.0
Aesculus_pavia.npy,12,458,320770.0
Aesculus_pavia.npy,13,458,320770.0
Aesculus_pavia.npy,14,458,320770.0
Aesculus_pavia.npy,15,458,320770.0
Aesculus_pavia.npy,16,458,320770.0
Aesculus_pavia.npy,17,458,320770.0
Ailanthus_altissima.npy,0,996,1602074.0
Ailanthus_altissima.npy,1,995,1602084.0
Ailanthus_altissima.npy,2,994,1602094.0
Ailanthus_altissima.npy,3,994,1602094.0
Ailanthus_altissima.npy,4,994,1602094.0
Ailanthus_altissima.npy,5,994,1602094.0
Ailanthus_altissima.npy,6,994,1602094.0
Ailanthus_altissima.npy,7,994,1602094.0
Ailanthus_altissima.npy,8,994,1602094.0
Ailanthus_altissima.npy,9,994,1602094.0
Ailanthus_altissima.npy,10,994,1602094.0
Ailanthus_altissima.npy,11,994,1602094.0
Ailanthus_altissima.npy,12,994,1602094.0
Ailanthus_altissima.npy,13,994,1602094.0
Ailanthus_altissima.npy,14,994,1602094.0
Alnus_alnobetula.npy,0,649,267638.0
Alnus_alnobetula.npy,1,574,268388.0
Alnus_alnobetula.npy,2,570,268428.0
Alnus_alnobetula.npy,3,556,268568.0
Alnus_alnobetula.npy,4,538,268748.0
Alnus_alnobetula.npy,5,533,268798.0
Alnus_alnobetula.npy,6,530,268828.0
Alnus_alnobetula.npy,7,522,268908.0
Alnus_alnobetula.npy,8,514,268988.0
Alnus_alnobetula.npy,9,508,269048.0
Alnus_alnobetula.npy,10,506,269068.0
Alnus_alnobetula.npy,11,506,269068.0
Alnus_alnobetula.npy,12,506,269068.0
Alnus_alnobetula.npy,13,504,269088.0
Alnus_alnobetula.npy,14,504,269088.0
Alnus_alnobetula.npy,15,504,269088.0
Alnus_alnobetula.npy,16,504,269088.0
Alnus_alnobetula.npy,17,504,269088.0
Alnus_alnobetula.npy,18,504,269088.0
Alnus_alnobetula.npy,19,504,269088.0
Alnus_alnobetula.npy,20,504,269088.0
Alnus_alnobetula.npy,21,504,269088.0
Alnus_alnobetula.npy,22,504,269088.0
Alnus_alnobetula.npy,23,504,269088.0
Alnus_alnobetula.npy,24,504,269088.0
Alnus_alnobetula.npy,25,504,269088.0
Alnus_glutinosa.npy,0,1220,615587.0
Alnus_glutinosa.npy,1,1094,616847.0
Alnus_glutinosa.npy,2,1062,617167.0
Alnus_glutinosa.npy,3,1062,617167.0
Alnus_glutinosa.npy,4,1059,617197.0
Alnus_glutinosa.npy,5,1040,617387.0
Alnus_glutinosa.npy,6,1038,617407.0
Alnus_glutinosa.npy,7,1027,617517.0
Alnus_glutinosa.npy,8,1026,617527.0
Alnus_glutinosa.npy,9,1021,617577.0
Alnus_glutinosa.npy,10,1019,617597.0
Alnus_glutinosa.npy,11,1017,617617.0
Alnus_glutinosa.npy,12,1008,617707.0
Alnus_glutinosa.npy,13,1008,617707.0
Alnus_glutinosa.npy,14,1007,617717.0
Alnus_glutinosa.npy,15,1007,617717.0
Alnus_glutinosa.npy,16,1006,617727.0
Alnus_glutinosa.npy,17,1006,617727.0
Alnus_glutinosa.npy,18,1006,617727.0
Alnus_glutinosa.npy,19,1006,617727.0
Alnus_glutinosa.npy,20,1006,617727.0
Alnus_glutinosa.npy,21,1006,617727.0
Alnus_glutinosa.npy,22,1006,617727.0
Alnus_glutinosa.npy,23,1005,617737.0
Alnus_glutinosa.npy,24,1005,617737.0
Alnus_glutinosa.npy,25,1005,617737.0
Alnus_glutinosa.npy,26,1005,617737.0
Alnus_glutinosa.npy,27,1005,617737.0
Alnus_glutinosa.npy,28,1005,617737.0
Alnus_glutinosa.npy,29,1005,617737.0
Alnus_glutinosa.npy,30,1005,617737.0
Alnus_glutinosa.npy,31,1005,617737.0
Alnus_glutinosa.npy,32,1005,617737.0
Alnus_glutinosa.npy,33,1005,617737.0
Alnus_glutinosa.npy,34,1005,617737.0
Alnus_glutinosa.npy,35,1005,617737.0
Alnus_incana.npy,0,1129,815310.0
Alnus_incana.npy,1,1059,816010.0
Alnus_incana.npy,2,1018,816420.0
Alnus_incana.npy,3,1013,816470.0
Alnus_incana.npy,4,1013,816470.0
Alnus_incana.npy,5,981,816790.0
Alnus_incana.npy,6,981,816790.0
Alnus_incana.npy,7,963,816970.0
Alnus_incana.npy,8,952,817080.0
Alnus_incana.npy,9,952,817080.0
Alnus_incana.npy,10,949,817110.0
Alnus_incana.npy,11,949,817110.0
Alnus_incana.npy,12,946,817140.0
Alnus_incana.npy,13,944,817160.0
Alnus_incana.npy,14,944,817160.0
Alnus_incana.npy,15,944,817160.0
Alnus_incana.npy,16,943,817170.0
Alnus_incana.npy,17,943,817170.0
Alnus_incana.npy,18,942,817180.0
Alnus_incana.npy,19,942,817180.0
Alnus_incana.npy,20,942,817180.0
Alnus_incana.npy,21,942,817180.0
Alnus_incana.npy,22,942,817180.0
Alnus_incana.npy,23,942,817180.0
Alnus_incana.npy,24,942,817180.0
Alnus_incana.npy,25,942,817180.0
Alnus_incana.npy,26,942,817180.0
Alnus_incana.npy,27,942,817180.0
Alnus_incana.npy,28,942,817180.0
Alnus_incana.npy,29,942,817180.0
Alnus_incana.npy,30,942,817180.0
Alnus_orientalis.npy,0,673,301046.0
Alnus_orientalis.npy,1,624,301536.0
Alnus_orientalis.npy,2,608,301696.0
Alnus_orientalis.npy,3,600,301776.0
Alnus_orientalis.npy,4,600,301776.0
Alnus_orientalis.npy,5,599,301786.0
Alnus_orientalis.npy,6,597,301806.0
Alnus_orientalis.npy,7,595,301826.0
Alnus_orientalis.npy,8,595,301826.0
Alnus_orientalis.npy,9,595,301826.0
Alnus_orientalis.npy,10,595,301826.0
Alnus_orientalis.npy,11,595,301826.0
Alnus_orientalis.npy,12,595,301826.0
Alnus_orientalis.npy,13,595,301826.0
Alnus_orientalis.npy,14,595,301826.0
Alnus_orientalis.npy,15,595,301826.0
Alnus_orientalis.npy,16,595,301826.0
Alnus_orientalis.npy,17,595,301826.0
Alnus_orientalis.npy,18,595,301826.0
Alnus_orientalis.npy,19,595,301826.0
Amelanchier_ovalis.npy,0,584,234780.0
Amelanchier_ovalis.npy,1,532,235300.0
Amelanchier_ovalis.npy,2,517,235450.0
Amelanchier_ovalis.npy,3,502,235600.0
Amelanchier_ovalis.npy,4,499,235630.0
Amelanchier_ovalis.npy,5,481,235810.0
Amelanchier_ovalis.npy,6,481,235810.0
Amelanchier_ovalis.npy,7,474,235880.0
Amelanchier_ovalis.npy,8,470,235920.0
Amelanchier_ovalis.npy,9,470,235920.0
Amelanchier_ovalis.npy,10,470,235920.0
Amelanchier_ovalis.npy,11,470,235920.0
Amelanchier_ovalis.npy,12,469,235930.0
Amelanchier_ovalis.npy,13,469,235930.0
Amelanchier_ovalis.npy,14,469,235930.0
Amelanchier_ovalis.npy,15,469,235930.0
Amelanchier_ovalis.npy,16,469,235930.0
Amelanchier_ovalis.npy,17,469,235930.0
Amelanchier_ovalis.npy,18,469,235930.0
Amelanchier_ovalis.npy,19,469,235930.0
Amelanchier_ovalis.npy,20,469,235930.0
Amelanchier_ovalis.npy,21,469,235930.0
Amelanchier_ovalis.npy,22,469,235930.0
Amelanchier_ovalis.npy,23,469,235930.0
Amelanchier_ovalis.npy,24,469,235930.0
Amorpha_fruticosa.npy,0,217,89008.0
Amorpha_fruticosa.npy,1,217,89008.0
Amorpha_fruticosa.npy,2,217,89008.0
Amorpha_fruticosa.npy,3,217,89008.0
Amorpha_fruticosa.npy,4,217,89008.0
Amorpha_fruticosa.npy,5,217,89008.0
Amorpha_fruticosa.npy,6,217,89008.0
Amorpha_fruticosa.npy,7,217,89008.0
Amorpha_fruticosa.npy,8,217,89008.0
Amorpha_fruticosa.npy,9,217,89008.0
Amorpha_fruticosa.npy,10,217,89008.0
Amorpha_fruticosa.npy,11,217,89008.0
Amorpha_fruticosa.npy,12,217,89008.0
Amygdalus_communis.npy,0,285,116696.0
Amygdalus_communis.npy,1,285,116696.0
Amygdalus_communis.npy,2,285,116696.0
Amygdalus_communis.npy,3,285,116696.0
Amygdalus_communis.npy,4,285,116696.0
Amygdalus_communis.npy,5,285,116696.0
Amygdalus_communis.npy,6,285,116696.0
Amygdalus_communis.npy,7,285,116696.0
Amygdalus_communis.npy,8,285,116696.0
Amygdalus_communis.npy,9,285,116696.0
Amygdalus_communis.npy,10,285,116696.0
Amygdalus_communis.npy,11,285,116696.0
Amygdalus_communis.npy,12,285,116696.0
Arctostaphylos_uvaursi.npy,0,99,9176.0
Arctostaphylos_uvaursi.npy,1,99,9176.0
Arctostaphylos_uvaursi.npy,2,99,9176.0
Arctostaphylos_uvaursi.npy,3,99,9176.0
Arctostaphylos_uvaursi.npy,4,99,9176.0
Arctostaphylos_uvaursi.npy,5,99,9176.0
Arctostaphylos_uvaursi.npy,6,99,9176.0
Arctostaphylos_uvaursi.npy,7,99,9176.0
Arctostaphylos_uvaursi.npy,8,99,9176.0
Arctostaphylos_uvaursi.npy,9,99,9176.0
Arctostaphylos_uvaursi.npy,10,99,9176.0
Arctostaphylos_uvaursi.npy,11,99,9176.0
Arctostaphylos_uvaursi.npy,12,99,9176.0
Aronia_melanocarpa.npy,0,786,404235.0
Aronia_melanocarpa.npy,1,716,404935.0
Aronia_melanocarpa.npy,2,716,404935.0
Aronia_melanocarpa.npy,3,716,404935.0
Aronia_melanocarpa.npy,4,708,405015.0
Aronia_melanocarpa.npy,5,698,405115.0
Aronia_melanocarpa.npy,6,675,405345.0
Aronia_melanocarpa.npy,7,675,405345.0
Aronia_melanocarpa.npy,8,670,405395.0
Aronia_melanocarpa.npy,9,670,405395.0
Aronia_melanocarpa.npy,10,670,405395.0
Aronia_melanocarpa.npy,11,670,405395.0
Aronia_melanocarpa.npy,12,670,405395.0
Aronia_melanocarpa.npy,13,666,405435.0
Aronia_melanocarpa.npy,14,666,405435.0
Aronia_melanocarpa.npy,15,666,405435.0
Aronia_melanocarpa.npy,16,662,405475.0
Aronia_melanocarpa.npy,17,662,405475.0
Aronia_melanocarpa.npy,18,662,405475.0
Aronia_melanocarpa.npy,19,661,405485.0
Aronia_melanocarpa.npy,20,661,405485.0
Aronia_melanocarpa.npy,21,661,405485.0
Aronia_melanocarpa.npy,22,661,405485.0
Aronia_melanocarpa.npy,23,661,405485.0
Aronia_melanocarpa.npy,24,661,405485.0
Aronia_melanocarpa.npy,25,661,405485.0
Aronia_melanocarpa.npy,26,661,405485.0
Aronia_melanocarpa.npy,27,661,405485.0
Aronia_melanocarpa.npy,28,661,405485.0
Aronia_melanocarpa.npy,29,661,405485.0
Aronia_melanocarpa.npy,30,661,405485.0
Aronia_melanocarpa.npy,31,661,405485.0
Berberis_thunbergii.npy,0,93,12531.0
Berberis_thunbergii.npy,1,91,12551.0
Berberis_thunbergii.npy,2,91,12551.0
Berberis_thunbergii.npy,3,91,12551.0
Berberis_thunbergii.npy,4,91,12551.0
Berberis_thunbergii.npy,5,91,12551.0
Berberis_thunbergii.npy,6,91,12551.0
Berberis_thunbergii.npy,7,91,12551.0
Berberis_thunbergii.npy,8,91,12551.0
Berberis_thunbergii.npy,9,91,12551.0
Berberis_thunbergii.npy,10,91,12551.0
Berberis_thunbergii.npy,11,91,12551.0
Berberis_thunbergii.npy,12,91,12551.0
Berberis_thunbergii.npy,13,91,12551.0
Berberis_vulgaris.npy,0,219,45163.0
Berberis_vulgaris.npy,1,209,45263.0
Berberis_vulgaris.npy,2,206,45293.0
Berberis_vulgaris.npy,3,206,45293.0
Berberis_vulgaris.npy,4,204,45313.0
Berberis_vulgaris.npy,5,203,45323.0
Berberis_vulgaris.npy,6,203,45323.0
Berberis_vulgaris.npy,7,203,45323.0
Berberis_vulgaris.npy,8,203,45323.0
Berberis_vulgaris.npy,9,203,45323.0
Berberis_vulgaris.npy,10,203,45323.0
Berberis_vulgaris.npy,11,203,45323.0
Berberis_vulgaris.npy,12,203,45323.0
Berberis_vulgaris.npy,13,203,45323.0
Berberis_vulgaris.npy,14,203,45323.0
Berberis_vulgaris.npy,15,203,45323.0
Berberis_vulgaris.npy,16,203,45323.0
Berberis_vulgaris.npy,17,203,45323.0
Betula_nana.npy,0,150,9910.0
Betula_nana.npy,1,134,10070.0
Betula_nana.npy,2,134,10070.0
Betula_nana.npy,3,123,10180.0
Betula_nana.npy,4,123,10180.0
Betula_nana.npy,5,121,10200.0
Betula_nana.npy,6,118,10230.0
Betula_nana.npy,7,115,10260.0
Betula_nana.npy,8,114,10270.0
Betula_nana.npy,9,114,10270.0
Betula_nana.npy,10,114,10270.0
Betula_nana.npy,11,114,10270.0
Betula_nana.npy,12,114,10270.0
Betula_nana.npy,13,114,10270.0
Betula_nana.npy,14,114,10270.0
Betula_nana.npy,15,114,10270.0
Betula_nana.npy,16,114,10270.0
Betula_nana.npy,17,114,10270.0
Betula_nana.npy,18,114,10270.0
Betula_nana.npy,19,114,10270.0
Betula_nana.npy,20,114,10270.0
Betula_papyrifera.npy,0,1174,632016.0
Betula_papyrifera.npy,1,1111,632646.0
Betula_papyrifera.npy,2,1085,632906.0
Betula_papyrifera.npy,3,1084,632916.0
Betula_papyrifera.npy,4,1070,633056.0
Betula_papyrifera.npy,5,1069,633066.0
Betula_papyrifera.npy,6,1069,633066.0
Betula_papyrifera.npy,7,1064,633116.0
Betula_papyrifera.npy,8,1064,633116.0
Betula_papyrifera.npy,9,1061,633146.0
Betula_papyrifera.npy,10,1061,633146.0
Betula_papyrifera.npy,11,1061,633146.0
Betula_papyrifera.npy,12,1060,633156.0
Betula_papyrifera.npy,13,1060,633156.0
Betula_papyrifera.npy,14,1060,633156.0
Betula_papyrifera.npy,15,1060,633156.0
Betula_papyrifera.npy,16,1058,633176.0
Betula_papyrifera.npy,17,1058,633176.0
Betula_papyrifera.npy,18,1058,633176.0
Betula_papyrifera.npy,19,1058,633176.0
Betula_papyrifera.npy,20,1058,633176.0
Betula_papyrifera.npy,21,1058,633176.0
Betula_papyrifera.npy,22,1058,633176.0
Betula_papyrifera.npy,23,1058,633176.0
Betula_papyrifera.npy,24,1058,633176.0
Betula_papyrifera.npy,25,1058,633176.0
Betula_papyrifera.npy,26,1058,633176.0
Betula_papyrifera.npy,27,1058,633176.0
Betula_papyrifera.npy,28,1058,633176.0
Betula_pendula.npy,0,386,86294.0
Betula_pendula.npy,1,364,86514.0
Betula_pendula.npy,2,358,86574.0
Betula_pendula.npy,3,348,86674.0
Betula_pendula.npy,4,348,86674.0
Betula_pendula.npy,5,348,86674.0
Betula_pendula.npy,6,347,86684.0
Betula_pendula.npy,7,347,86684.0
Betula_pendula.npy,8,346,86694.0
Betula_pendula.npy,9,345,86704.0
Betula_pendula.npy,10,345,86704.0
Betula_pendula.npy,11,345,86704.0
Betula_pendula.npy,12,345,86704.0
Betula_pendula.npy,13,345,86704.0
Betula_pendula.npy,14,345,86704.0
Betula_pendula.npy,15,345,86704.0
Betula_pendula.npy,16,345,86704.0
Betula_pendula.npy,17,345,86704.0
Betula_pendula.npy,18,345,86704.0
Betula_pendula.npy,19,345,86704.0
Betula_pendula.npy,20,345,86704.0
Betula_pendula.npy,21,345,86704.0
Betula_pubescens.npy,0,393,120836.0
Betula_pubescens.npy,1,372,121046.0
Betula_pubescens.npy,2,370,121066.0
Betula_pubescens.npy,3,368,121086.0
Betula_pubescens.npy,4,367,121096.0
Betula_pubescens.npy,5,365,121116.0
Betula_pubescens.npy,6,363,121136.0
Betula_pubescens.npy,7,363,121136.0
Betula_pubescens.npy,8,363,121136.0
Betula_pubescens.npy,9,362,121146.0
Betula_pubescens.npy,10,362,121146.0
Betula_pubescens.npy,11,362,121146.0
Betula_pubescens.npy,12,362,121146.0
Betula_pubescens.npy,13,362,121146.0
Betula_pubescens.npy,14,362,121146.0
Betula_pubescens.npy,15,362,121146.0
Betula_pubescens.npy,16,362,121146.0
Betula_pubescens.npy,17,362,121146.0
Betula_pubescens.npy,18,362,121146.0
Betula_pubescens.npy,19,362,121146.0
Betula_pubescens.npy,20,362,121146.0
Betula_pubescens.npy,21,362,121146.0
Buddleja_davidii.npy,0,1271,480372.0
Buddleja_davidii.npy,1,965,483432.0
Buddleja_davidii.npy,2,965,483432.0
Buddleja_davidii.npy,3,834,484742.0
Buddleja_davidii.npy,4,834,484742.0
Buddleja_davidii.npy,5,781,485272.0
Buddleja_davidii.npy,6,781,485272.0
Buddleja_davidii.npy,7,781,485272.0
Buddleja_davidii.npy,8,781,485272.0
Buddleja_davidii.npy,9,764,485442.0
Buddleja_davidii.npy,10,742,485662.0
Buddleja_davidii.npy,11,717,485912.0
Buddleja_davidii.npy,12,717,485912.0
Buddleja_davidii.npy,13,717,485912.0
Buddleja_davidii.npy,14,681,486272.0
Buddleja_davidii.npy,15,661,486472.0
Buddleja_davidii.npy,16,661,486472.0
Buddleja_davidii.npy,17,646,486622.0
Buddleja_davidii.npy,18,640,486682.0
Buddleja_davidii.npy,19,640,486682.0
Buddleja_davidii.npy,20,616,486922.0
Buddleja_davidii.npy,21,616,486922.0
Buddleja_davidii.npy,22,594,487142.0
Buddleja_davidii.npy,23,589,487192.0
Buddleja_davidii.npy,24,589,487192.0
Buddleja_davidii.npy,25,584,487242.0
Buddleja_davidii.npy,26,582,487262.0
Buddleja_davidii.npy,27,579,487292.0
Buddleja_davidii.npy,28,574,487342.0
Buddleja_davidii.npy,29,572,487362.0
Buddleja_davidii.npy,30,569,487392.0
Buddleja_davidii.npy,31,567,487412.0
Buddleja_davidii.npy,32,566,487422.0
Buddleja_davidii.npy,33,566,487422.0
Buddleja_davidii.npy,34,564,487442.0
Buddleja_davidii.npy,35,562,487462.0
Buddleja_davidii.npy,36,562,487462.0
Buddleja_davidii.npy,37,561,487472.0
Buddleja_davidii.npy,38,561,487472.0
Buddleja_davidii.npy,39,561,487472.0
Buddleja_davidii.npy,40,561,487472.0
Buddleja_davidii.npy,41,560,487482.0
Buddleja_davidii.npy,42,560,487482.0
Buddleja_davidii.npy,43,560,487482.0
Buddleja_davidii.npy,44,560,487482.0
Buddleja_davidii.npy,45,560,487482.0
Buddleja_davidii.npy,46,560,487482.0
Buddleja_davidii.npy,47,560,487482.0
Buddleja_davidii.npy,48,560,487482.0
Buddleja_davidii.npy,49,560,487482.0
Buddleja_davidii.npy,50,560,487482.0
Buddleja_davidii.npy,51,560,487482.0
Buddleja_davidii.npy,52,560,487482.0
Buddleja_davidii.npy,53,560,487482.0
Buxus_sempervirens.npy,0,160,34067.0
Buxus_sempervirens.npy,1,158,34087.0
Buxus_sempervirens.npy,2,157,34097.0
Buxus_sempervirens.npy,3,157,34097.0
Buxus_sempervirens.npy,4,157,34097.0
Buxus_sempervirens.npy,5,157,34097.0
Buxus_sempervirens.npy,6,157,34097.0
Buxus_sempervirens.npy,7,157,34097.0
Buxus_sempervirens.npy,8,157,34097.0
Buxus_sempervirens.npy,9,157,34097.0
Buxus_sempervirens.npy,10,157,34097.0
Buxus_sempervirens.npy,11,157,34097.0
Buxus_sempervirens.npy,12,157,34097.0
Buxus_sempervirens.npy,13,157,34097.0
Buxus_sempervirens.npy,14,157,34097.0
Caragana_arborescens.npy,0,150,35119.0
Caragana_arborescens.npy,1,147,35149.0
Caragana_arborescens.npy,2,146,35159.0
Caragana_arborescens.npy,3,146,35159.0
Caragana_arborescens.npy,4,146,35159.0
Caragana_arborescens.npy,5,146,35159.0
Caragana_arborescens.npy,6,146,35159.0
Caragana_arborescens.npy,7,146,35159.0
Caragana_arborescens.npy,8,146,35159.0
Caragana_arborescens.npy,9,146,35159.0
Caragana_arborescens.npy,10,146,35159.0
Caragana_arborescens.npy,11,146,35159.0
Caragana_arborescens.npy,12,146,35159.0
Caragana_arborescens.npy,13,146,35159.0
Caragana_arborescens.npy,14,146,35159.0
Carpinus_betulus.npy,0,722,406919.0
Carpinus_betulus.npy,1,635,407789.0
Carpinus_betulus.npy,2,635,407789.0
Carpinus_betulus.npy,3,615,407989.0
Carpinus_betulus.npy,4,607,408069.0
Carpinus_betulus.npy,5,595,408189.0
Carpinus_betulus.npy,6,594,408199.0
Carpinus_betulus.npy,7,589,408249.0
Carpinus_betulus.npy,8,586,408279.0
Carpinus_betulus.npy,9,584,408299.0
Carpinus_betulus.npy,10,584,408299.0
Carpinus_betulus.npy,11,582,408319.0
Carpinus_betulus.npy,12,581,408329.0
Carpinus_betulus.npy,13,581,408329.0
Carpinus_betulus.npy,14,581,408329.0
Carpinus_betulus.npy,15,581,408329.0
Carpinus_betulus.npy,16,581,408329.0
Carpinus_betulus.npy,17,581,408329.0
Carpinus_betulus.npy,18,581,408329.0
Carpinus_betulus.npy,19,581,408329.0
Carpinus_betulus.npy,20,581,408329.0
Carpinus_betulus.npy,21,581,408329.0
Carpinus_betulus.npy,22,581,408329.0
Carpinus_betulus.npy,23,581,408329.0
Carpinus_betulus.npy,24,581,408329.0
Carya_ovata.npy,0,924,1141422.0
Carya_ovata.npy,1,911,1141552.0
Carya_ovata.npy,2,909,1141572.0
Carya_ovata.npy,3,900,1141662.0
Carya_ovata.npy,4,900,1141662.0
Carya_ovata.npy,5,896,1141702.0
Carya_ovata.npy,6,894,1141722.0
Carya_ovata.npy,7,893,1141732.0
Carya_ovata.npy,8,891,1141752.0
Carya_ovata.npy,9,889,1141772.0
Carya_ovata.npy,10,889,1141772.0
Carya_ovata.npy,11,889,1141772.0
Carya_ovata.npy,12,889,1141772.0
Carya_ovata.npy,13,889,1141772.0
Carya_ovata.npy,14,889,1141772.0
Carya_ovata.npy,15,889,1141772.0
Carya_ovata.npy,16,889,1141772.0
Carya_ovata.npy,17,889,1141772.0
Carya_ovata.npy,18,889,1141772.0
Carya_ovata.npy,19,889,1141772.0
Carya_ovata.npy,20,889,1141772.0
Carya_ovata.npy,21,889,1141772.0
Castanea_sativa.npy,0,1661,5710518.0
Castanea_sativa.npy,1,914,5717988.0
Castanea_sativa.npy,2,914,5717988.0
Castanea_sativa.npy,3,738,5719748.0
Castanea_sativa.npy,4,738,5719748.0
Castanea_sativa.npy,5,738,5719748.0
Castanea_sativa.npy,6,734,5719788.0
Castanea_sativa.npy,7,734,5719788.0
Castanea_sativa.npy,8,734,5719788.0
Castanea_sativa.npy,9,734,5719788.0
Castanea_sativa.npy,10,734,5719788.0
Castanea_sativa.npy,11,734,5719788.0
Castanea_sativa.npy,12,394,5723188.0
Castanea_sativa.npy,13,394,5723188.0
Castanea_sativa.npy,14,394,5723188.0
Castanea_sativa.npy,15,394,5723188.0
Castanea_sativa.npy,16,361,5723518.0
Castanea_sativa.npy,17,304,5724088.0
Castanea_sativa.npy,18,304,5724088.0
Castanea_sativa.npy,19,237,5724758.0
Castanea_sativa.npy,20,237,5724758.0
Castanea_sativa.npy,21,204,5725088.0
Castanea_sativa.npy,22,204,5725088.0
Castanea_sativa.npy,23,204,5725088.0
Castanea_sativa.npy,24,204,5725088.0
Castanea_sativa.npy,25,204,5725088.0
Castanea_sativa.npy,26,141,5725718.0
Castanea_sativa.npy,27,141,5725718.0
Castanea_sativa.npy,28,141,5725718.0
Castanea_sativa.npy,29,141,5725718.0
Castanea_sativa.npy,30,141,5725718.0
Castanea_sativa.npy,31,141,5725718.0
Castanea_sativa.npy,32,141,5725718.0
Castanea_sativa.npy,33,141,5725718.0
Castanea_sativa.npy,34,141,5725718.0
Castanea_sativa.npy,35,141,5725718.0
Castanea_sativa.npy,36,106,5726068.0
Castanea_sativa.npy,37,106,5726068.0
Castanea_sativa.npy,38,106,5726068.0
Castanea_sativa.npy,39,106,5726068.0
Castanea_sativa.npy,40,106,5726068.0
Castanea_sativa.npy,41,106,5726068.0
Castanea_sativa.npy,42,106,5726068.0
Castanea_sativa.npy,43,83,5726298.0
Castanea_sativa.npy,44,83,5726298.0
Castanea_sativa.npy,45,83,5726298.0
Castanea_sativa.npy,46,83,5726298.0
Castanea_sativa.npy,47,75,5726378.0
Castanea_sativa.npy,48,75,5726378.0
Castanea_sativa.npy,49,75,5726378.0
Castanea_sativa.npy,50,75,5726378.0
Castanea_sativa.npy,51,75,5726378.0
Castanea_sativa.npy,52,75,5726378.0
Castanea_sativa.npy,53,75,5726378.0
Castanea_sativa.npy,54,75,5726378.0
Castanea_sativa.npy,55,75,5726378.0
Castanea_sativa.npy,56,63,5726498.0
Castanea_sativa.npy,57,63,5726498.0
Castanea_sativa.npy,58,48,5726648.0
Castanea_sativa.npy,59,48,5726648.0
Castanea_sativa.npy,60,38,5726748.0
Castanea_sativa.npy,61,38,5726748.0
Castanea_sativa.npy,62,26,5726868.0
Castanea_sativa.npy,63,26,5726868.0
Castanea_sativa.npy,64,26,5726868.0
Castanea_sativa.npy,65,25,5726878.0
Castanea_sativa.npy,66,17,5726958.0
Castanea_sativa.npy,67,17,5726958.0
Castanea_sativa.npy,68,16,5726968.0
Castanea_sativa.npy,69,12,5727008.0
Castanea_sativa.npy,70,12,5727008.0
Castanea_sativa.npy,71,11,5727018.0
Castanea_sativa.npy,72,7,5727058.0
Castanea_sativa.npy,73,7,5727058.0
Castanea_sativa.npy,74,4,5727088.0
Castanea_sativa.npy,75,4,5727088.0
Castanea_sativa.npy,76,2,5727108.0
Castanea_sativa.npy,77,2,5727108.0
Castanea_sativa.npy,78,1,5727118.0
Castanea_sativa.npy,79,1,5727118.0
Castanea_sativa.npy,80,1,5727118.0
Castanea_sativa.npy,81,1,5727118.0
Castanea_sativa.npy,82,1,5727118.0
Castanea_sativa.npy,83,1,5727118.0
Castanea_sativa.npy,84,1,5727118.0
Castanea_sativa.npy,85,1,5727118.0
Castanea_sativa.npy,86,1,5727118.0
Castanea_sativa.npy,87,1,5727118.0
Castanea_sativa.npy,88,1,5727118.0
Castanea_sativa.npy,89,1,5727118.0
Castanea_sativa.npy,90,1,5727118.0
Catalpa_bignonioides.npy,0,2888,2467595.0
Catalpa_bignonioides.npy,1,2252,2473955.0
Catalpa_bignonioides.npy,2,2252,2473955.0
Catalpa_bignonioides.npy,3,2252,2473955.0
Catalpa_bignonioides.npy,4,2252,2473955.0
Catalpa_bignonioides.npy,5,2249,2473985.0
Catalpa_bignonioides.npy,6,2249,2473985.0
Catalpa_bignonioides.npy,7,2249,2473985.0
Catalpa_bignonioides.npy,8,2114,2475335.0
Catalpa_bignonioides.npy,9,2114,2475335.0
Catalpa_bignonioides.npy,10,2056,2475915.0
Catalpa_bignonioides.npy,11,2056,2475915.0
Catalpa_bignonioides.npy,12,1866,2477815.0
Catalpa_bignonioides.npy,13,1866,2477815.0
Catalpa_bignonioides.npy,14,1866,2477815.0
Catalpa_bignonioides.npy,15,1866,2477815.0
Catalpa_bignonioides.npy,16,1866,2477815.0
Catalpa_bignonioides.npy,17,1837,2478105.0
Catalpa_bignonioides.npy,18,1799,2478485.0
Catalpa_bignonioides.npy,19,1799,2478485.0
Catalpa_bignonioides.npy,20,1799,2478485.0
Catalpa_bignonioides.npy,21,1799,2478485.0
Catalpa_bignonioides.npy,22,1799,2478485.0
Catalpa_bignonioides.npy,23,1799,2478485.0
Catalpa_bignonioides.npy,24,1785,2478625.0
Catalpa_bignonioides.npy,25,1754,2478935.0
Catalpa_bignonioides.npy,26,1754,2478935.0
Catalpa_bignonioides.npy,27,1744,2479035.0
Catalpa_bignonioides.npy,28,1727,2479205.0
Catalpa_bignonioides.npy,29,1727,2479205.0
Catalpa_bignonioides.npy,30,1723,2479245.0
Catalpa_bignonioides.npy,31,1723,2479245.0
Catalpa_bignonioides.npy,32,1723,2479245.0
Catalpa_bignonioides.npy,33,1723,2479245.0
Catalpa_bignonioides.npy,34,1720,2479275.0
Catalpa_bignonioides.npy,35,1720,2479275.0
Catalpa_bignonioides.npy,36,1719,2479285.0
Catalpa_bignonioides.npy,37,1719,2479285.0
Catalpa_bignonioides.npy,38,1719,2479285.0
Catalpa_bignonioides.npy,39,1719,2479285.0
Catalpa_bignonioides.npy,40,1719,2479285.0
Catalpa_bignonioides.npy,41,1719,2479285.0
Catalpa_bignonioides.npy,42,1719,2479285.0
Catalpa_bignonioides.npy,43,1719,2479285.0
Catalpa_bignonioides.npy,44,1719,2479285.0
Catalpa_bignonioides.npy,45,1719,2479285.0
Catalpa_bignonioides.npy,46,1719,2479285.0
Catalpa_bignonioides.npy,47,1719,2479285.0
Catalpa_bignonioides.npy,48,1719,2479285.0
Celtis_occidentalis.npy,0,690,400597.0
Celtis_occidentalis.npy,1,649,401007.0
Celtis_occidentalis.npy,2,641,401087.0
Celtis_occidentalis.npy,3,638,401117.0
Celtis_occidentalis.npy,4,628,401217.0
Celtis_occidentalis.npy,5,621,401287.0
Celtis_occidentalis.npy,6,615,401347.0
Celtis_occidentalis.npy,7,613,401367.0
Celtis_occidentalis.npy,8,612,401377.0
Celtis_occidentalis.npy,9,611,401387.0
Celtis_occidentalis.npy,10,611,401387.0
Celtis_occidentalis.npy,11,610,401397.0
Celtis_occidentalis.npy,12,610,401397.0
Celtis_occidentalis.npy,13,610,401397.0
Celtis_occidentalis.npy,14,610,401397.0
Celtis_occidentalis.npy,15,610,401397.0
Celtis_occidentalis.npy,16,610,401397.0
Celtis_occidentalis.npy,17,610,401397.0
Celtis_occidentalis.npy,18,610,401397.0
Celtis_occidentalis.npy,19,610,401397.0
Celtis_occidentalis.npy,20,610,401397.0
Celtis_occidentalis.npy,21,610,401397.0
Celtis_occidentalis.npy,22,610,401397.0
Celtis_occidentalis.npy,23,610,401397.0
Cercidiphyllum_japonicum.npy,0,1061,464955.0
Cercidiphyllum_japonicum.npy,1,959,465975.0
Cercidiphyllum_japonicum.npy,2,959,465975.0
Cercidiphyllum_japonicum.npy,3,891,466655.0
Cercidiphyllum_japonicum.npy,4,865,466915.0
Cercidiphyllum_japonicum.npy,5,849,467075.0
Cercidiphyllum_japonicum.npy,6,849,467075.0
Cercidiphyllum_japonicum.npy,7,849,467075.0
Cercidiphyllum_japonicum.npy,8,849,467075.0
Cercidiphyllum_japonicum.npy,9,849,467075.0
Cercidiphyllum_japonicum.npy,10,847,467095.0
Cercidiphyllum_japonicum.npy,11,846,467105.0
Cercidiphyllum_japonicum.npy,12,841,467155.0
Cercidiphyllum_japonicum.npy,13,841,467155.0
Cercidiphyllum_japonicum.npy,14,838,467185.0
Cercidiphyllum_japonicum.npy,15,837,467195.0
Cercidiphyllum_japonicum.npy,16,835,467215.0
Cercidiphyllum_japonicum.npy,17,835,467215.0
Cercidiphyllum_japonicum.npy,18,831,467255.0
Cercidiphyllum_japonicum.npy,19,831,467255.0
Cercidiphyllum_japonicum.npy,20,831,467255.0
Cercidiphyllum_japonicum.npy,21,831,467255.0
Cercidiphyllum_japonicum.npy,22,831,467255.0
Cercidiphyllum_japonicum.npy,23,831,467255.0
Cercidiphyllum_japonicum.npy,24,831,467255.0
Cercidiphyllum_japonicum.npy,25,831,467255.0
Cercidiphyllum_japonicum.npy,26,831,467255.0
Cercidiphyllum_japonicum.npy,27,831,467255.0
Cercidiphyllum_japonicum.npy,28,831,467255.0
Cercidiphyllum_japonicum.npy,29,831,467255.0
Cercidiphyllum_japonicum.npy,30,831,467255.0
Cercis_siliquastrum.npy,0,1704,1022499.0
Cercis_siliquastrum.npy,1,1501,1024529.0
Cercis_siliquastrum.npy,2,1383,1025709.0
Cercis_siliquastrum.npy,3,1378,1025759.0
Cercis_siliquastrum.npy,4,1378,1025759.0
Cercis_siliquastrum.npy,5,1346,1026079.0
Cercis_siliquastrum.npy,6,1282,1026719.0
Cercis_siliquastrum.npy,7,1282,1026719.0
Cercis_siliquastrum.npy,8,1282,1026719.0
Cercis_siliquastrum.npy,9,1282,1026719.0
Cercis_siliquastrum.npy,10,1247,1027069.0
Cercis_siliquastrum.npy,11,1247,1027069.0
Cercis_siliquastrum.npy,12,1247,1027069.0
Cercis_siliquastrum.npy,13,1247,1027069.0
Cercis_siliquastrum.npy,14,1207,1027469.0
Cercis_siliquastrum.npy,15,1153,1028009.0
Cercis_siliquastrum.npy,16,1153,1028009.0
Cercis_siliquastrum.npy,17,1153,1028009.0
Cercis_siliquastrum.npy,18,1153,1028009.0
Cercis_siliquastrum.npy,19,1153,1028009.0
Cercis_siliquastrum.npy,20,1153,1028009.0
Cercis_siliquastrum.npy,21,1153,1028009.0
Cercis_siliquastrum.npy,22,1150,1028039.0
Cercis_siliquastrum.npy,23,1135,1028189.0
Cercis_siliquastrum.npy,24,1135,1028189.0
Cercis_siliquastrum.npy,25,1135,1028189.0
Cercis_siliquastrum.npy,26,1129,1028249.0
Cercis_siliquastrum.npy,27,1117,1028369.0
Cercis_siliquastrum.npy,28,1113,1028409.0
Cercis_siliquastrum.npy,29,1107,1028469.0
Cercis_siliquastrum.npy,30,1107,1028469.0
Cercis_siliquastrum.npy,31,1105,1028489.0
Cercis_siliquastrum.npy,32,1104,1028499.0
Cercis_siliquastrum.npy,33,1103,1028509.0
Cercis_siliquastrum.npy,34,1103,1028509.0
Cercis_siliquastrum.npy,35,1103,1028509.0
Cercis_siliquastrum.npy,36,1103,1028509.0
Cercis_siliquastrum.npy,37,1103,1028509.0
Cercis_siliquastrum.npy,38,1103,1028509.0
Cercis_siliquastrum.npy,39,1103,1028509.0
Cercis_siliquastrum.npy,40,1103,1028509.0
Cercis_siliquastrum.npy,41,1103,1028509.0
Cercis_siliquastrum.npy,42,1103,1028509.0
Cercis_siliquastrum.npy,43,1103,1028509.0
Cercis_siliquastrum.npy,44,1103,1028509.0
Cercis_siliquastrum.npy,45,1103,1028509.0
Chaenomeles_japonica.npy,0,642,698108.0
Chaenomeles_japonica.npy,1,409,700438.0
Chaenomeles_japonica.npy,2,333,701198.0
Chaenomeles_japonica.npy,3,333,701198.0
Chaenomeles_japonica.npy,4,333,701198.0
Chaenomeles_japonica.npy,5,255,701978.0
Chaenomeles_japonica.npy,6,255,701978.0
Chaenomeles_japonica.npy,7,255,701978.0
Chaenomeles_japonica.npy,8,255,701978.0
Chaenomeles_japonica.npy,9,255,701978.0
Chaenomeles_japonica.npy,10,255,701978.0
Chaenomeles_japonica.npy,11,255,701978.0
Chaenomeles_japonica.npy,12,255,701978.0
Chaenomeles_japonica.npy,13,255,701978.0
Chaenomeles_japonica.npy,14,235,702178.0
Chaenomeles_japonica.npy,15,235,702178.0
Chaenomeles_japonica.npy,16,199,702538.0
Chaenomeles_japonica.npy,17,199,702538.0
Chaenomeles_japonica.npy,18,199,702538.0
Chaenomeles_japonica.npy,19,199,702538.0
Chaenomeles_japonica.npy,20,166,702868.0
Chaenomeles_japonica.npy,21,151,703018.0
Chaenomeles_japonica.npy,22,151,703018.0
Chaenomeles_japonica.npy,23,144,703088.0
Chaenomeles_japonica.npy,24,126,703268.0
Chaenomeles_japonica.npy,25,126,703268.0
Chaenomeles_japonica.npy,26,119,703338.0
Chaenomeles_japonica.npy,27,119,703338.0
Chaenomeles_japonica.npy,28,118,703348.0
Chaenomeles_japonica.npy,29,118,703348.0
Chaenomeles_japonica.npy,30,118,703348.0
Chaenomeles_japonica.npy,31,111,703418.0
Chaenomeles_japonica.npy,32,110,703428.0
Chaenomeles_japonica.npy,33,104,703488.0
Chaenomeles_japonica.npy,34,101,703518.0
Chaenomeles_japonica.npy,35,100,703528.0
Chaenomeles_japonica.npy,36,97,703558.0
Chaenomeles_japonica.npy,37,96,703568.0
Chaenomeles_japonica.npy,38,95,703578.0
Chaenomeles_japonica.npy,39,94,703588.0
Chaenomeles_japonica.npy,40,94,703588.0
Chaenomeles_japonica.npy,41,93,703598.0
Chaenomeles_japonica.npy,42,93,703598.0
Chaenomeles_japonica.npy,43,93,703598.0
Chaenomeles_japonica.npy,44,93,703598.0
Chaenomeles_japonica.npy,45,93,703598.0
Chaenomeles_japonica.npy,46,93,703598.0
Chaenomeles_japonica.npy,47,93,703598.0
Chaenomeles_japonica.npy,48,93,703598.0
Chaenomeles_japonica.npy,49,93,703598.0
Chaenomeles_japonica.npy,50,93,703598.0
Chaenomeles_japonica.npy,51,93,703598.0
Chaenomeles_japonica.npy,52,93,703598.0
Chaenomeles_japonica.npy,53,93,703598.0
Clematis_vitalba.npy,0,1525,476278.0
Clematis_vitalba.npy,1,1223,479298.0
Clematis_vitalba.npy,2,1122,480308.0
Clematis_vitalba.npy,3,1122,480308.0
Clematis_vitalba.npy,4,1102,480508.0
Clematis_vitalba.npy,5,1069,480838.0
Clematis_vitalba.npy,6,1062,480908.0
Clematis_vitalba.npy,7,1062,480908.0
Clematis_vitalba.npy,8,1061,480918.0
Clematis_vitalba.npy,9,1060,480928.0
Clematis_vitalba.npy,10,1038,481148.0
Clematis_vitalba.npy,11,1028,481248.0
Clematis_vitalba.npy,12,1018,481348.0
Clematis_vitalba.npy,13,1018,481348.0
Clematis_vitalba.npy,14,1018,481348.0
Clematis_vitalba.npy,15,1018,481348.0
Clematis_vitalba.npy,16,1003,481498.0
Clematis_vitalba.npy,17,1003,481498.0
Clematis_vitalba.npy,18,1003,481498.0
Clematis_vitalba.npy,19,1003,481498.0
Clematis_vitalba.npy,20,1003,481498.0
Clematis_vitalba.npy,21,1003,481498.0
Clematis_vitalba.npy,22,1003,481498.0
Clematis_vitalba.npy,23,1003,481498.0
Clematis_vitalba.npy,24,995,481578.0
Clematis_vitalba.npy,25,995,481578.0
Clematis_vitalba.npy,26,984,481688.0
Clematis_vitalba.npy,27,984,481688.0
Clematis_vitalba.npy,28,984,481688.0
Clematis_vitalba.npy,29,984,481688.0
Clematis_vitalba.npy,30,984,481688.0
Clematis_vitalba.npy,31,984,481688.0
Clematis_vitalba.npy,32,984,481688.0
Clematis_vitalba.npy,33,984,481688.0
Clematis_vitalba.npy,34,984,481688.0
Clematis_vitalba.npy,35,984,481688.0
Clematis_vitalba.npy,36,984,481688.0
Clematis_vitalba.npy,37,984,481688.0
Clematis_vitalba.npy,38,984,481688.0
Colutea_arborescens.npy,0,284,78971.0
Colutea_arborescens.npy,1,268,79131.0
Colutea_arborescens.npy,2,260,79211.0
Colutea_arborescens.npy,3,259,79221.0
Colutea_arborescens.npy,4,257,79241.0
Colutea_arborescens.npy,5,255,79261.0
Colutea_arborescens.npy,6,254,79271.0
Colutea_arborescens.npy,7,253,79281.0
Colutea_arborescens.npy,8,253,79281.0
Colutea_arborescens.npy,9,252,79291.0
Colutea_arborescens.npy,10,252,79291.0
Colutea_arborescens.npy,11,252,79291.0
Colutea_arborescens.npy,12,252,79291.0
Colutea_arborescens.npy,13,252,79291.0
Colutea_arborescens.npy,14,252,79291.0
Colutea_arborescens.npy,15,252,79291.0
Colutea_arborescens.npy,16,252,79291.0
Colutea_arborescens.npy,17,252,79291.0
Colutea_arborescens.npy,18,252,79291.0
Colutea_arborescens.npy,19,252,79291.0
Colutea_arborescens.npy,20,252,79291.0
Colutea_arborescens.npy,21,252,79291.0
Cornus_alba.npy,0,1093,1242356.0
Cornus_alba.npy,1,1047,1242816.0
Cornus_alba.npy,2,1047,1242816.0
Cornus_alba.npy,3,1031,1242976.0
Cornus_alba.npy,4,1030,1242986.0
Cornus_alba.npy,5,1028,1243006.0
Cornus_alba.npy,6,1028,1243006.0
Cornus_alba.npy,7,1026,1243026.0
Cornus_alba.npy,8,1026,1243026.0
Cornus_alba.npy,9,1023,1243056.0
Cornus_alba.npy,10,1023,1243056.0
Cornus_alba.npy,11,1023,1243056.0
Cornus_alba.npy,12,1023,1243056.0
Cornus_alba.npy,13,1023,1243056.0
Cornus_alba.npy,14,1023,1243056.0
Cornus_alba.npy,15,1023,1243056.0
Cornus_alba.npy,16,1023,1243056.0
Cornus_alba.npy,17,1023,1243056.0
Cornus_alba.npy,18,1023,1243056.0
Cornus_alba.npy,19,1023,1243056.0
Cornus_alba.npy,20,1023,1243056.0
Cornus_alba.npy,21,1023,1243056.0
Cornus_mas.npy,0,534,278798.0
Cornus_mas.npy,1,529,278848.0
Cornus_mas.npy,2,529,278848.0
Cornus_mas.npy,3,529,278848.0
Cornus_mas.npy,4,529,278848.0
Cornus_mas.npy,5,529,278848.0
Cornus_mas.npy,6,529,278848.0
Cornus_mas.npy,7,529,278848.0
Cornus_mas.npy,8,529,278848.0
Cornus_mas.npy,9,529,278848.0
Cornus_mas.npy,10,529,278848.0
Cornus_mas.npy,11,529,278848.0
Cornus_mas.npy,12,529,278848.0
Cornus_mas.npy,13,529,278848.0
Cornus_sanguinea.npy,0,307,102949.0
Cornus_sanguinea.npy,1,302,102999.0
Cornus_sanguinea.npy,2,301,103009.0
Cornus_sanguinea.npy,3,300,103019.0
Cornus_sanguinea.npy,4,298,103039.0
Cornus_sanguinea.npy,5,297,103049.0
Cornus_sanguinea.npy,6,297,103049.0
Cornus_sanguinea.npy,7,297,103049.0
Cornus_sanguinea.npy,8,297,103049.0
Cornus_sanguinea.npy,9,297,103049.0
Cornus_sanguinea.npy,10,297,103049.0
Cornus_sanguinea.npy,11,296,103059.0
Cornus_sanguinea.npy,12,296,103059.0
Cornus_sanguinea.npy,13,296,103059.0
Cornus_sanguinea.npy,14,296,103059.0
Cornus_sanguinea.npy,15,296,103059.0
Cornus_sanguinea.npy,16,296,103059.0
Cornus_sanguinea.npy,17,296,103059.0
Cornus_sanguinea.npy,18,296,103059.0
Cornus_sanguinea.npy,19,296,103059.0
Cornus_sanguinea.npy,20,296,103059.0
Cornus_sanguinea.npy,21,296,103059.0
Cornus_sanguinea.npy,22,296,103059.0
Cornus_sanguinea.npy,23,296,103059.0
Corylus_avellana.npy,0,2008,1692452.0
Corylus_avellana.npy,1,1654,1695992.0
Corylus_avellana.npy,2,1654,1695992.0
Corylus_avellana.npy,3,1594,1696592.0
Corylus_avellana.npy,4,1510,1697432.0
Corylus_avellana.npy,5,1510,1697432.0
Corylus_avellana.npy,6,1499,1697542.0
Corylus_avellana.npy,7,1499,1697542.0
Corylus_avellana.npy,8,1436,1698172.0
Corylus_avellana.npy,9,1436,1698172.0
Corylus_avellana.npy,10,1436,1698172.0
Corylus_avellana.npy,11,1429,1698242.0
Corylus_avellana.npy,12,1407,1698462.0
Corylus_avellana.npy,13,1396,1698572.0
Corylus_avellana.npy,14,1389,1698642.0
Corylus_avellana.npy,15,1377,1698762.0
Corylus_avellana.npy,16,1376,1698772.0
Corylus_avellana.npy,17,1376,1698772.0
Corylus_avellana.npy,18,1373,1698802.0
Corylus_avellana.npy,19,1373,1698802.0
Corylus_avellana.npy,20,1370,1698832.0
Corylus_avellana.npy,21,1368,1698852.0
Corylus_avellana.npy,22,1368,1698852.0
Corylus_avellana.npy,23,1368,1698852.0
Corylus_avellana.npy,24,1367,1698862.0
Corylus_avellana.npy,25,1365,1698882.0
Corylus_avellana.npy,26,1365,1698882.0
Corylus_avellana.npy,27,1365,1698882.0
Corylus_avellana.npy,28,1365,1698882.0
Corylus_avellana.npy,29,1365,1698882.0
Corylus_avellana.npy,30,1365,1698882.0
Corylus_avellana.npy,31,1365,1698882.0
Corylus_avellana.npy,32,1365,1698882.0
Corylus_avellana.npy,33,1365,1698882.0
Corylus_avellana.npy,34,1365,1698882.0
Corylus_avellana.npy,35,1365,1698882.0
Corylus_avellana.npy,36,1365,1698882.0
Corylus_avellana.npy,37,1365,1698882.0
Corylus_colurna.npy,0,1831,1421386.0
Corylus_colurna.npy,1,1613,1423566.0
Corylus_colurna.npy,2,1534,1424356.0
Corylus_colurna.npy,3,1534,1424356.0
Corylus_colurna.npy,4,1534,1424356.0
Corylus_colurna.npy,5,1534,1424356.0
Corylus_colurna.npy,6,1532,1424376.0
Corylus_colurna.npy,7,1493,1424766.0
Corylus_colurna.npy,8,1480,1424896.0
Corylus_colurna.npy,9,1453,1425166.0
Corylus_colurna.npy,10,1453,1425166.0
Corylus_colurna.npy,11,1444,1425256.0
Corylus_colurna.npy,12,1444,1425256.0
Corylus_colurna.npy,13,1439,1425306.0
Corylus_colurna.npy,14,1431,1425386.0
Corylus_colurna.npy,15,1431,1425386.0
Corylus_colurna.npy,16,1431,1425386.0
Corylus_colurna.npy,17,1431,1425386.0
Corylus_colurna.npy,18,1426,1425436.0
Corylus_colurna.npy,19,1426,1425436.0
Corylus_colurna.npy,20,1426,1425436.0
Corylus_colurna.npy,21,1426,1425436.0
Corylus_colurna.npy,22,1426,1425436.0
Corylus_colurna.npy,23,1426,1425436.0
Corylus_colurna.npy,24,1426,1425436.0
Corylus_colurna.npy,25,1426,1425436.0
Corylus_colurna.npy,26,1426,1425436.0
Corylus_colurna.npy,27,1426,1425436.0
Corylus_colurna.npy,28,1426,1425436.0
Corylus_colurna.npy,29,1426,1425436.0
Corylus_colurna.npy,30,1426,1425436.0
Corylus_maxima.npy,0,1147,777234.0
Corylus_maxima.npy,1,1016,778544.0
Corylus_maxima.npy,2,1008,778624.0
Corylus_maxima.npy,3,1008,778624.0
Corylus_maxima.npy,4,964,779064.0
Corylus_maxima.npy,5,964,779064.0
Corylus_maxima.npy,6,955,779154.0
Corylus_maxima.npy,7,955,779154.0
Corylus_maxima.npy,8,938,779324.0
Corylus_maxima.npy,9,925,779454.0
Corylus_maxima.npy,10,924,779464.0
Corylus_maxima.npy,11,916,779544.0
Corylus_maxima.npy,12,916,779544.0
Corylus_maxima.npy,13,912,779584.0
Corylus_maxima.npy,14,911,779594.0
Corylus_maxima.npy,15,908,779624.0
Corylus_maxima.npy,16,906,779644.0
Corylus_maxima.npy,17,905,779654.0
Corylus_maxima.npy,18,905,779654.0
Corylus_maxima.npy,19,905,779654.0
Corylus_maxima.npy,20,904,779664.0
Corylus_maxima.npy,21,904,779664.0
Corylus_maxima.npy,22,903,779674.0
Corylus_maxima.npy,23,902,779684.0
Corylus_maxima.npy,24,902,779684.0
Corylus_maxima.npy,25,902,779684.0
Corylus_maxima.npy,26,902,779684.0
Corylus_maxima.npy,27,902,779684.0
Corylus_maxima.npy,28,902,779684.0
Corylus_maxima.npy,29,902,779684.0
Corylus_maxima.npy,30,902,779684.0
Corylus_maxima.npy,31,902,779684.0
Corylus_maxima.npy,32,902,779684.0
Corylus_maxima.npy,33,902,779684.0
Corylus_maxima.npy,34,902,779684.0
Corylus_maxima.npy,35,902,779684.0
Cotinus_coggygria.npy,0,899,627255.0
Cotinus_coggygria.npy,1,830,627945.0
Cotinus_coggygria.npy,2,828,627965.0
Cotinus_coggygria.npy,3,807,628175.0
Cotinus_coggygria.npy,4,807,628175.0
Cotinus_coggygria.npy,5,795,628295.0
Cotinus_coggygria.npy,6,795,628295.0
Cotinus_coggygria.npy,7,787,628375.0
Cotinus_coggygria.npy,8,787,628375.0
Cotinus_coggygria.npy,9,784,628405.0
Cotinus_coggygria.npy,10,784,628405.0
Cotinus_coggygria.npy,11,783,628415.0
Cotinus_coggygria.npy,12,781,628435.0
Cotinus_coggygria.npy,13,781,628435.0
Cotinus_coggygria.npy,14,781,628435.0
Cotinus_coggygria.npy,15,781,628435.0
Cotinus_coggygria.npy,16,781,628435.0
Cotinus_coggygria.npy,17,781,628435.0
Cotinus_coggygria.npy,18,781,628435.0
Cotinus_coggygria.npy,19,781,628435.0
Cotinus_coggygria.npy,20,781,628435.0
Cotinus_coggygria.npy,21,781,628435.0
Cotinus_coggygria.npy,22,781,628435.0
Cotinus_coggygria.npy,23,781,628435.0
Cotinus_coggygria.npy,24,781,628435.0
Cotoneaster_horizontalis.npy,0,124,20224.0
Cotoneaster_horizontalis.npy,1,118,20284.0
Cotoneaster_horizontalis.npy,2,118,20284.0
Cotoneaster_horizontalis.npy,3,118,20284.0
Cotoneaster_horizontalis.npy,4,118,20284.0
Cotoneaster_horizontalis.npy,5,118,20284.0
Cotoneaster_horizontalis.npy,6,117,20294.0
Cotoneaster_horizontalis.npy,7,117,20294.0
Cotoneaster_horizontalis.npy,8,117,20294.0
Cotoneaster_horizontalis.npy,9,117,20294.0
Cotoneaster_horizontalis.npy,10,117,20294.0
Cotoneaster_horizontalis.npy,11,117,20294.0
Cotoneaster_horizontalis.npy,12,117,20294.0
Cotoneaster_horizontalis.npy,13,117,20294.0
Cotoneaster_horizontalis.npy,14,117,20294.0
Cotoneaster_horizontalis.npy,15,117,20294.0
Cotoneaster_horizontalis.npy,16,117,20294.0
Cotoneaster_horizontalis.npy,17,117,20294.0
Cotoneaster_horizontalis.npy,18,117,20294.0
Cotoneaster_integerrimus.npy,0,195,36689.0
Cotoneaster_integerrimus.npy,1,189,36749.0
Cotoneaster_integerrimus.npy,2,189,36749.0
Cotoneaster_integerrimus.npy,3,188,36759.0
Cotoneaster_integerrimus.npy,4,188,36759.0
Cotoneaster_integerrimus.npy,5,188,36759.0
Cotoneaster_integerrimus.npy,6,188,36759.0
Cotoneaster_integerrimus.npy,7,188,36759.0
Cotoneaster_integerrimus.npy,8,188,36759.0
Cotoneaster_integerrimus.npy,9,188,36759.0
Cotoneaster_integerrimus.npy,10,188,36759.0
Cotoneaster_integerrimus.npy,11,188,36759.0
Cotoneaster_integerrimus.npy,12,188,36759.0
Cotoneaster_integerrimus.npy,13,188,36759.0
Cotoneaster_integerrimus.npy,14,188,36759.0
Cotoneaster_integerrimus.npy,15,188,36759.0
Crataegus_monogyna.npy,0,367,66101.0
Crataegus_monogyna.npy,1,352,66251.0
Crataegus_monogyna.npy,2,351,66261.0
Crataegus_monogyna.npy,3,351,66261.0
Crataegus_monogyna.npy,4,350,66271.0
Crataegus_monogyna.npy,5,348,66291.0
Crataegus_monogyna.npy,6,348,66291.0
Crataegus_monogyna.npy,7,348,66291.0
Crataegus_monogyna.npy,8,348,66291.0
Crataegus_monogyna.npy,9,348,66291.0
Crataegus_monogyna.npy,10,348,66291.0
Crataegus_monogyna.npy,11,348,66291.0
Crataegus_monogyna.npy,12,348,66291.0
Crataegus_monogyna.npy,13,348,66291.0
Crataegus_monogyna.npy,14,348,66291.0
Crataegus_monogyna.npy,15,348,66291.0
Crataegus_monogyna.npy,16,348,66291.0
Crataegus_monogyna.npy,17,348,66291.0
Cydonia_oblonga.npy,0,769,509120.0
Cydonia_oblonga.npy,1,723,509580.0
Cydonia_oblonga.npy,2,717,509640.0
Cydonia_oblonga.npy,3,704,509770.0
Cydonia_oblonga.npy,4,703,509780.0
Cydonia_oblonga.npy,5,695,509860.0
Cydonia_oblonga.npy,6,692,509890.0
Cydonia_oblonga.npy,7,689,509920.0
Cydonia_oblonga.npy,8,689,509920.0
Cydonia_oblonga.npy,9,688,509930.0
Cydonia_oblonga.npy,10,686,509950.0
Cydonia_oblonga.npy,11,683,509980.0
Cydonia_oblonga.npy,12,683,509980.0
Cydonia_oblonga.npy,13,683,509980.0
Cydonia_oblonga.npy,14,682,509990.0
Cydonia_oblonga.npy,15,682,509990.0
Cydonia_oblonga.npy,16,682,509990.0
Cydonia_oblonga.npy,17,682,509990.0
Cydonia_oblonga.npy,18,682,509990.0
Cydonia_oblonga.npy,19,682,509990.0
Cydonia_oblonga.npy,20,682,509990.0
Cydonia_oblonga.npy,21,682,509990.0
Cydonia_oblonga.npy,22,682,509990.0
Cydonia_oblonga.npy,23,682,509990.0
Cydonia_oblonga.npy,24,682,509990.0
Cydonia_oblonga.npy,25,682,509990.0
Cydonia_oblonga.npy,26,682,509990.0
Daphne_mezereum.npy,0,270,151248.0
Daphne_mezereum.npy,1,269,151258.0
Daphne_mezereum.npy,2,268,151268.0
Daphne_mezereum.npy,3,268,151268.0
Daphne_mezereum.npy,4,268,151268.0
Daphne_mezereum.npy,5,268,151268.0
Daphne_mezereum.npy,6,268,151268.0
Daphne_mezereum.npy,7,268,151268.0
Daphne_mezereum.npy,8,268,151268.0
Daphne_mezereum.npy,9,268,151268.0
Daphne_mezereum.npy,10,268,151268.0
Daphne_mezereum.npy,11,268,151268.0
Daphne_mezereum.npy,12,268,151268.0
Daphne_mezereum.npy,13,268,151268.0
Daphne_mezereum.npy,14,268,151268.0
Deutzia_scabra.npy,0,310,123034.0
Deutzia_scabra.npy,1,304,123094.0
Deutzia_scabra.npy,2,304,123094.0
Deutzia_scabra.npy,3,303,123104.0
Deutzia_scabra.npy,4,302,123114.0
Deutzia_scabra.npy,5,302,123114.0
Deutzia_scabra.npy,6,302,123114.0
Deutzia_scabra.npy,7,302,123114.0
Deutzia_scabra.npy,8,302,123114.0
Deutzia_scabra.npy,9,302,123114.0
Deutzia_scabra.npy,10,302,123114.0
Deutzia_scabra.npy,11,302,123114.0
Deutzia_scabra.npy,12,302,123114.0
Deutzia_scabra.npy,13,302,123114.0
Deutzia_scabra.npy,14,302,123114.0
Deutzia_scabra.npy,15,302,123114.0
Deutzia_scabra.npy,16,302,123114.0
Elaeagnus_angustifolia.npy,0,253,126371.0
Elaeagnus_angustifolia.npy,1,242,126481.0
Elaeagnus_angustifolia.npy,2,241,126491.0
Elaeagnus_angustifolia.npy,3,238,126521.0
Elaeagnus_angustifolia.npy,4,236,126541.0
Elaeagnus_angustifolia.npy,5,236,126541.0
Elaeagnus_angustifolia.npy,6,236,126541.0
Elaeagnus_angustifolia.npy,7,236,126541.0
Elaeagnus_angustifolia.npy,8,236,126541.0
Elaeagnus_angustifolia.npy,9,235,126551.0
Elaeagnus_angustifolia.npy,10,235,126551.0
Elaeagnus_angustifolia.npy,11,235,126551.0
Elaeagnus_angustifolia.npy,12,235,126551.0
Elaeagnus_angustifolia.npy,13,235,126551.0
Elaeagnus_angustifolia.npy,14,235,126551.0
Elaeagnus_angustifolia.npy,15,235,126551.0
Elaeagnus_angustifolia.npy,16,235,126551.0
Elaeagnus_angustifolia.npy,17,235,126551.0
Elaeagnus_angustifolia.npy,18,235,126551.0
Elaeagnus_angustifolia.npy,19,235,126551.0
Elaeagnus_angustifolia.npy,20,235,126551.0
Elaeagnus_angustifolia.npy,21,235,126551.0
Euonymus_europaea.npy,0,580,358268.0
Euonymus_europaea.npy,1,557,358498.0
Euonymus_europaea.npy,2,556,358508.0
Euonymus_europaea.npy,3,548,358588.0
Euonymus_europaea.npy,4,542,358648.0
Euonymus_europaea.npy,5,540,358668.0
Euonymus_europaea.npy,6,540,358668.0
Euonymus_europaea.npy,7,538,358688.0
Euonymus_europaea.npy,8,536,358708.0
Euonymus_europaea.npy,9,536,358708.0
Euonymus_europaea.npy,10,535,358718.0
Euonymus_europaea.npy,11,535,358718.0
Euonymus_europaea.npy,12,535,358718.0
Euonymus_europaea.npy,13,535,358718.0
Euonymus_europaea.npy,14,535,358718.0
Euonymus_europaea.npy,15,535,358718.0
Euonymus_europaea.npy,16,535,358718.0
Euonymus_europaea.npy,17,535,358718.0
Euonymus_europaea.npy,18,535,358718.0
Euonymus_europaea.npy,19,535,358718.0
Euonymus_europaea.npy,20,535,358718.0
Euonymus_europaea.npy,21,535,358718.0
Euonymus_europaea.npy,22,535,358718.0
Euonymus_verrucosa.npy,0,413,173719.0
Euonymus_verrucosa.npy,1,394,173909.0
Euonymus_verrucosa.npy,2,390,173949.0
Euonymus_verrucosa.npy,3,387,173979.0
Euonymus_verrucosa.npy,4,385,173999.0
Euonymus_verrucosa.npy,5,384,174009.0
Euonymus_verrucosa.npy,6,383,174019.0
Euonymus_verrucosa.npy,7,383,174019.0
Euonymus_verrucosa.npy,8,383,174019.0
Euonymus_verrucosa.npy,9,383,174019.0
Euonymus_verrucosa.npy,10,383,174019.0
Euonymus_verrucosa.npy,11,383,174019.0
Euonymus_verrucosa.npy,12,383,174019.0
Euonymus_verrucosa.npy,13,383,174019.0
Euonymus_verrucosa.npy,14,383,174019.0
Euonymus_verrucosa.npy,15,383,174019.0
Euonymus_verrucosa.npy,16,383,174019.0
Euonymus_verrucosa.npy,17,383,174019.0
Euonymus_verrucosa.npy,18,383,174019.0
Fagus_sylvatica.npy,0,921,753229.0
Fagus_sylvatica.npy,1,901,753429.0
Fagus_sylvatica.npy,2,900,753439.0
Fagus_sylvatica.npy,3,893,753509.0
Fagus_sylvatica.npy,4,888,753559.0
Fagus_sylvatica.npy,5,887,753569.0
Fagus_sylvatica.npy,6,887,753569.0
Fagus_sylvatica.npy,7,885,753589.0
Fagus_sylvatica.npy,8,882,753619.0
Fagus_sylvatica.npy,9,882,753619.0
Fagus_sylvatica.npy,10,882,753619.0
Fagus_sylvatica.npy,11,882,753619.0
Fagus_sylvatica.npy,12,882,753619.0
Fagus_sylvatica.npy,13,882,753619.0
Fagus_sylvatica.npy,14,882,753619.0
Fagus_sylvatica.npy,15,882,753619.0
Fagus_sylvatica.npy,16,882,753619.0
Fagus_sylvatica.npy,17,882,753619.0
Fagus_sylvatica.npy,18,882,753619.0
Fagus_sylvatica.npy,19,882,753619.0
Fagus_sylvatica.npy,20,882,753619.0
Fallopia_aubertii.npy,0,360,117787.0
Fallopia_aubertii.npy,1,352,117867.0
Fallopia_aubertii.npy,2,346,117927.0
Fallopia_aubertii.npy,3,346,117927.0
Fallopia_aubertii.npy,4,346,117927.0
Fallopia_aubertii.npy,5,344,117947.0
Fallopia_aubertii.npy,6,344,117947.0
Fallopia_aubertii.npy,7,343,117957.0
Fallopia_aubertii.npy,8,343,117957.0
Fallopia_aubertii.npy,9,343,117957.0
Fallopia_aubertii.npy,10,343,117957.0
Fallopia_aubertii.npy,11,343,117957.0
Fallopia_aubertii.npy,12,343,117957.0
Fallopia_aubertii.npy,13,343,117957.0
Fallopia_aubertii.npy,14,343,117957.0
Fallopia_aubertii.npy,15,343,117957.0
Fallopia_aubertii.npy,16,343,117957.0
Fallopia_aubertii.npy,17,343,117957.0
Fallopia_aubertii.npy,18,343,117957.0
Fallopia_aubertii.npy,19,343,117957.0
Ficus_carica.npy,0,2131,1395398.0
Ficus_carica.npy,1,1983,1396878.0
Ficus_carica.npy,2,1934,1397368.0
Ficus_carica.npy,3,1892,1397788.0
Ficus_carica.npy,4,1892,1397788.0
Ficus_carica.npy,5,1892,1397788.0
Ficus_carica.npy,6,1877,1397938.0
Ficus_carica.npy,7,1869,1398018.0
Ficus_carica.npy,8,1858,1398128.0
Ficus_carica.npy,9,1849,1398218.0
Ficus_carica.npy,10,1830,1398408.0
Ficus_carica.npy,11,1830,1398408.0
Ficus_carica.npy,12,1830,1398408.0
Ficus_carica.npy,13,1824,1398468.0
Ficus_carica.npy,14,1823,1398478.0
Ficus_carica.npy,15,1820,1398508.0
Ficus_carica.npy,16,1818,1398528.0
Ficus_carica.npy,17,1818,1398528.0
Ficus_carica.npy,18,1817,1398538.0
Ficus_carica.npy,19,1817,1398538.0
Ficus_carica.npy,20,1817,1398538.0
Ficus_carica.npy,21,1816,1398548.0
Ficus_carica.npy,22,1816,1398548.0
Ficus_carica.npy,23,1816,1398548.0
Ficus_carica.npy,24,1816,1398548.0
Ficus_carica.npy,25,1816,1398548.0
Ficus_carica.npy,26,1816,1398548.0
Ficus_carica.npy,27,1816,1398548.0
Ficus_carica.npy,28,1816,1398548.0
Ficus_carica.npy,29,1816,1398548.0
Ficus_carica.npy,30,1816,1398548.0
Ficus_carica.npy,31,1816,1398548.0
Ficus_carica.npy,32,1816,1398548.0
Ficus_carica.npy,33,1816,1398548.0
Forsythia_intermedia.npy,0,426,156249.0
Forsythia_intermedia.npy,1,424,156269.0
Forsythia_intermedia.npy,2,424,156269.0
Forsythia_intermedia.npy,3,424,156269.0
Forsythia_intermedia.npy,4,424,156269.0
Forsythia_intermedia.npy,5,424,156269.0
Forsythia_intermedia.npy,6,424,156269.0
Forsythia_intermedia.npy,7,424,156269.0
Forsythia_intermedia.npy,8,424,156269.0
Forsythia_intermedia.npy,9,424,156269.0
Forsythia_intermedia.npy,10,424,156269.0
Forsythia_intermedia.npy,11,424,156269.0
Forsythia_intermedia.npy,12,424,156269.0
Forsythia_intermedia.npy,13,424,156269.0
Frangula_alnus.npy,0,449,172608.0
Frangula_alnus.npy,1,432,172778.0
Frangula_alnus.npy,2,429,172808.0
Frangula_alnus.npy,3,429,172808.0
Frangula_alnus.npy,4,428,172818.0
Frangula_alnus.npy,5,427,172828.0
Frangula_alnus.npy,6,426,172838.0
Frangula_alnus.npy,7,426,172838.0
Frangula_alnus.npy,8,426,172838.0
Frangula_alnus.npy,9,426,172838.0
Frangula_alnus.npy,10,426,172838.0
Frangula_alnus.npy,11,426,172838.0
Frangula_alnus.npy,12,426,172838.0
Frangula_alnus.npy,13,426,172838.0
Frangula_alnus.npy,14,426,172838.0
Frangula_alnus.npy,15,426,172838.0
Frangula_alnus.npy,16,426,172838.0
Frangula_alnus.npy,17,426,172838.0
Frangula_alnus.npy,18,426,172838.0
Fraxinus_excelsior.npy,0,800,610386.0
Fraxinus_excelsior.npy,1,762,610766.0
Fraxinus_excelsior.npy,2,753,610856.0
Fraxinus_excelsior.npy,3,753,610856.0
Fraxinus_excelsior.npy,4,750,610886.0
Fraxinus_excelsior.npy,5,748,610906.0
Fraxinus_excelsior.npy,6,742,610966.0
Fraxinus_excelsior.npy,7,740,610986.0
Fraxinus_excelsior.npy,8,739,610996.0
Fraxinus_excelsior.npy,9,737,611016.0
Fraxinus_excelsior.npy,10,737,611016.0
Fraxinus_excelsior.npy,11,737,611016.0
Fraxinus_excelsior.npy,12,737,611016.0
Fraxinus_excelsior.npy,13,737,611016.0
Fraxinus_excelsior.npy,14,737,611016.0
Fraxinus_excelsior.npy,15,737,611016.0
Fraxinus_excelsior.npy,16,737,611016.0
Fraxinus_excelsior.npy,17,737,611016.0
Fraxinus_excelsior.npy,18,737,611016.0
Fraxinus_excelsior.npy,19,737,611016.0
Fraxinus_excelsior.npy,20,737,611016.0
Fraxinus_excelsior.npy,21,737,611016.0
Fraxinus_ornus.npy,0,433,239547.0
Fraxinus_ornus.npy,1,423,239647.0
Fraxinus_ornus.npy,2,416,239717.0
Fraxinus_ornus.npy,3,415,239727.0
Fraxinus_ornus.npy,4,414,239737.0
Fraxinus_ornus.npy,5,414,239737.0
Fraxinus_ornus.npy,6,411,239767.0
Fraxinus_ornus.npy,7,410,239777.0
Fraxinus_ornus.npy,8,410,239777.0
Fraxinus_ornus.npy,9,409,239787.0
Fraxinus_ornus.npy,10,409,239787.0
Fraxinus_ornus.npy,11,409,239787.0
Fraxinus_ornus.npy,12,409,239787.0
Fraxinus_ornus.npy,13,409,239787.0
Fraxinus_ornus.npy,14,409,239787.0
Fraxinus_ornus.npy,15,409,239787.0
Fraxinus_ornus.npy,16,409,239787.0
Fraxinus_ornus.npy,17,409,239787.0
Fraxinus_ornus.npy,18,409,239787.0
Fraxinus_ornus.npy,19,409,239787.0
Fraxinus_ornus.npy,20,409,239787.0
Fraxinus_ornus.npy,21,409,239787.0
Ginkgo_biloba.npy,0,1582,382594.0
Ginkgo_biloba.npy,1,1258,385834.0
Ginkgo_biloba.npy,2,1160,386814.0
Ginkgo_biloba.npy,3,1142,386994.0
Ginkgo_biloba.npy,4,1142,386994.0
Ginkgo_biloba.npy,5,1126,387154.0
Ginkgo_biloba.npy,6,1126,387154.0
Ginkgo_biloba.npy,7,1126,387154.0
Ginkgo_biloba.npy,8,1126,387154.0
Ginkgo_biloba.npy,9,1094,387474.0
Ginkgo_biloba.npy,10,1058,387834.0
Ginkgo_biloba.npy,11,1013,388284.0
Ginkgo_biloba.npy,12,1013,388284.0
Ginkgo_biloba.npy,13,1008,388334.0
Ginkgo_biloba.npy,14,1000,388414.0
Ginkgo_biloba.npy,15,992,388494.0
Ginkgo_biloba.npy,16,981,388604.0
Ginkgo_biloba.npy,17,974,388674.0
Ginkgo_biloba.npy,18,974,388674.0
Ginkgo_biloba.npy,19,969,388724.0
Ginkgo_biloba.npy,20,950,388914.0
Ginkgo_biloba.npy,21,950,388914.0
Ginkgo_biloba.npy,22,950,388914.0
Ginkgo_biloba.npy,23,950,388914.0
Ginkgo_biloba.npy,24,950,388914.0
Ginkgo_biloba.npy,25,950,388914.0
Ginkgo_biloba.npy,26,950,388914.0
Ginkgo_biloba.npy,27,950,388914.0
Ginkgo_biloba.npy,28,950,388914.0
Ginkgo_biloba.npy,29,950,388914.0
Ginkgo_biloba.npy,30,950,388914.0
Ginkgo_biloba.npy,31,941,389004.0
Ginkgo_biloba.npy,32,941,389004.0
Ginkgo_biloba.npy,33,928,389134.0
Ginkgo_biloba.npy,34,928,389134.0
Ginkgo_biloba.npy,35,928,389134.0
Ginkgo_biloba.npy,36,905,389364.0
Ginkgo_biloba.npy,37,905,389364.0
Ginkgo_biloba.npy,38,905,389364.0
Ginkgo_biloba.npy,39,905,389364.0
Ginkgo_biloba.npy,40,905,389364.0
Ginkgo_biloba.npy,41,905,389364.0
Ginkgo_biloba.npy,42,904,389374.0
Ginkgo_biloba.npy,43,903,389384.0
Ginkgo_biloba.npy,44,900,389414.0
Ginkgo_biloba.npy,45,900,389414.0
Ginkgo_biloba.npy,46,900,389414.0
Ginkgo_biloba.npy,47,900,389414.0
Ginkgo_biloba.npy,48,898,389434.0
Ginkgo_biloba.npy,49,898,389434.0
Ginkgo_biloba.npy,50,898,389434.0
Ginkgo_biloba.npy,51,886,389554.0
Ginkgo_biloba.npy,52,886,389554.0
Ginkgo_biloba.npy,53,886,389554.0
Ginkgo_biloba.npy,54,886,389554.0
Ginkgo_biloba.npy,55,886,389554.0
Ginkgo_biloba.npy,56,885,389564.0
Ginkgo_biloba.npy,57,885,389564.0
Ginkgo_biloba.npy,58,885,389564.0
Ginkgo_biloba.npy,59,885,389564.0
Ginkgo_biloba.npy,60,885,389564.0
Ginkgo_biloba.npy,61,885,389564.0
Ginkgo_biloba.npy,62,885,389564.0
Ginkgo_biloba.npy,63,885,389564.0
Ginkgo_biloba.npy,64,885,389564.0
Ginkgo_biloba.npy,65,885,389564.0
Ginkgo_biloba.npy,66,878,389634.0
Ginkgo_biloba.npy,67,878,389634.0
Ginkgo_biloba.npy,68,878,389634.0
Ginkgo_biloba.npy,69,878,389634.0
Ginkgo_biloba.npy,70,870,389714.0
Ginkgo_biloba.npy,71,870,389714.0
Ginkgo_biloba.npy,72,870,389714.0
Ginkgo_biloba.npy,73,870,389714.0
Ginkgo_biloba.npy,74,870,389714.0
Ginkgo_biloba.npy,75,870,389714.0
Ginkgo_biloba.npy,76,870,389714.0
Ginkgo_biloba.npy,77,870,389714.0
Ginkgo_biloba.npy,78,870,389714.0
Ginkgo_biloba.npy,79,870,389714.0
Ginkgo_biloba.npy,80,870,389714.0
Ginkgo_biloba.npy,81,870,389714.0
Ginkgo_biloba.npy,82,870,389714.0
Gleditsia_triacanthos.npy,0,109,23200.0
Gleditsia_triacanthos.npy,1,106,23230.0
Gleditsia_triacanthos.npy,2,104,23250.0
Gleditsia_triacanthos.npy,3,104,23250.0
Gleditsia_triacanthos.npy,4,104,23250.0
Gleditsia_triacanthos.npy,5,104,23250.0
Gleditsia_triacanthos.npy,6,104,23250.0
Gleditsia_triacanthos.npy,7,104,23250.0
Gleditsia_triacanthos.npy,8,104,23250.0
Gleditsia_triacanthos.npy,9,104,23250.0
Gleditsia_triacanthos.npy,10,104,23250.0
Gleditsia_triacanthos.npy,11,104,23250.0
Gleditsia_triacanthos.npy,12,104,23250.0
Gleditsia_triacanthos.npy,13,104,23250.0
Gleditsia_triacanthos.npy,14,104,23250.0
Gymnocladus_dioicus.npy,0,545,349032.0
Gymnocladus_dioicus.npy,1,541,349072.0
Gymnocladus_dioicus.npy,2,540,349082.0
Gymnocladus_dioicus.npy,3,538,349102.0
Gymnocladus_dioicus.npy,4,538,349102.0
Gymnocladus_dioicus.npy,5,538,349102.0
Gymnocladus_dioicus.npy,6,537,349112.0
Gymnocladus_dioicus.npy,7,537,349112.0
Gymnocladus_dioicus.npy,8,537,349112.0
Gymnocladus_dioicus.npy,9,537,349112.0
Gymnocladus_dioicus.npy,10,537,349112.0
Gymnocladus_dioicus.npy,11,537,349112.0
Gymnocladus_dioicus.npy,12,537,349112.0
Gymnocladus_dioicus.npy,13,537,349112.0
Gymnocladus_dioicus.npy,14,537,349112.0
Gymnocladus_dioicus.npy,15,537,349112.0
Gymnocladus_dioicus.npy,16,537,349112.0
Gymnocladus_dioicus.npy,17,537,349112.0
Gymnocladus_dioicus.npy,18,537,349112.0
Hamamelis_japonica.npy,0,892,609058.0
Hamamelis_japonica.npy,1,878,609198.0
Hamamelis_japonica.npy,2,841,609568.0
Hamamelis_japonica.npy,3,822,609758.0
Hamamelis_japonica.npy,4,808,609898.0
Hamamelis_japonica.npy,5,801,609968.0
Hamamelis_japonica.npy,6,791,610068.0
Hamamelis_japonica.npy,7,791,610068.0
Hamamelis_japonica.npy,8,786,610118.0
Hamamelis_japonica.npy,9,785,610128.0
Hamamelis_japonica.npy,10,785,610128.0
Hamamelis_japonica.npy,11,785,610128.0
Hamamelis_japonica.npy,12,783,610148.0
Hamamelis_japonica.npy,13,783,610148.0
Hamamelis_japonica.npy,14,783,610148.0
Hamamelis_japonica.npy,15,783,610148.0
Hamamelis_japonica.npy,16,783,610148.0
Hamamelis_japonica.npy,17,783,610148.0
Hamamelis_japonica.npy,18,783,610148.0
Hamamelis_japonica.npy,19,783,610148.0
Hamamelis_japonica.npy,20,783,610148.0
Hamamelis_japonica.npy,21,783,610148.0
Hamamelis_japonica.npy,22,783,610148.0
Hamamelis_japonica.npy,23,783,610148.0
Hamamelis_japonica.npy,24,783,610148.0
Hamamelis_virginiana.npy,0,732,472727.0
Hamamelis_virginiana.npy,1,689,473157.0
Hamamelis_virginiana.npy,2,689,473157.0
Hamamelis_virginiana.npy,3,650,473547.0
Hamamelis_virginiana.npy,4,650,473547.0
Hamamelis_virginiana.npy,5,646,473587.0
Hamamelis_virginiana.npy,6,642,473627.0
Hamamelis_virginiana.npy,7,642,473627.0
Hamamelis_virginiana.npy,8,631,473737.0
Hamamelis_virginiana.npy,9,631,473737.0
Hamamelis_virginiana.npy,10,626,473787.0
Hamamelis_virginiana.npy,11,626,473787.0
Hamamelis_virginiana.npy,12,625,473797.0
Hamamelis_virginiana.npy,13,624,473807.0
Hamamelis_virginiana.npy,14,624,473807.0
Hamamelis_virginiana.npy,15,624,473807.0
Hamamelis_virginiana.npy,16,624,473807.0
Hamamelis_virginiana.npy,17,624,473807.0
Hamamelis_virginiana.npy,18,624,473807.0
Hamamelis_virginiana.npy,19,624,473807.0
Hamamelis_virginiana.npy,20,624,473807.0
Hamamelis_virginiana.npy,21,624,473807.0
Hamamelis_virginiana.npy,22,624,473807.0
Hamamelis_virginiana.npy,23,624,473807.0
Hamamelis_virginiana.npy,24,624,473807.0
Hamamelis_virginiana.npy,25,624,473807.0
Hedera_helixFERTILE.npy,0,1720,855787.0
Hedera_helixFERTILE.npy,1,1627,856717.0
Hedera_helixFERTILE.npy,2,1592,857067.0
Hedera_helixFERTILE.npy,3,1580,857187.0
Hedera_helixFERTILE.npy,4,1564,857347.0
Hedera_helixFERTILE.npy,5,1564,857347.0
Hedera_helixFERTILE.npy,6,1561,857377.0
Hedera_helixFERTILE.npy,7,1557,857417.0
Hedera_helixFERTILE.npy,8,1556,857427.0
Hedera_helixFERTILE.npy,9,1552,857467.0
Hedera_helixFERTILE.npy,10,1550,857487.0
Hedera_helixFERTILE.npy,11,1549,857497.0
Hedera_helixFERTILE.npy,12,1546,857527.0
Hedera_helixFERTILE.npy,13,1546,857527.0
Hedera_helixFERTILE.npy,14,1546,857527.0
Hedera_helixFERTILE.npy,15,1546,857527.0
Hedera_helixFERTILE.npy,16,1546,857527.0
Hedera_helixFERTILE.npy,17,1546,857527.0
Hedera_helixFERTILE.npy,18,1533,857657.0
Hedera_helixFERTILE.npy,19,1533,857657.0
Hedera_helixFERTILE.npy,20,1533,857657.0
Hedera_helixFERTILE.npy,21,1533,857657.0
Hedera_helixFERTILE.npy,22,1533,857657.0
Hedera_helixFERTILE.npy,23,1533,857657.0
Hedera_helixFERTILE.npy,24,1533,857657.0
Hedera_helixFERTILE.npy,25,1533,857657.0
Hedera_helixFERTILE.npy,26,1533,857657.0
Hedera_helixFERTILE.npy,27,1533,857657.0
Hedera_helixFERTILE.npy,28,1533,857657.0
Hedera_helixFERTILE.npy,29,1533,857657.0
Hedera_helixFERTILE.npy,30,1533,857657.0
Hedera_helixSTERILE.npy,0,1896,642398.0
Hedera_helixSTERILE.npy,1,1685,644508.0
Hedera_helixSTERILE.npy,2,1685,644508.0
Hedera_helixSTERILE.npy,3,1603,645328.0
Hedera_helixSTERILE.npy,4,1603,645328.0
Hedera_helixSTERILE.npy,5,1566,645698.0
Hedera_helixSTERILE.npy,6,1551,645848.0
Hedera_helixSTERILE.npy,7,1543,645928.0
Hedera_helixSTERILE.npy,8,1526,646098.0
Hedera_helixSTERILE.npy,9,1516,646198.0
Hedera_helixSTERILE.npy,10,1516,646198.0
Hedera_helixSTERILE.npy,11,1486,646498.0
Hedera_helixSTERILE.npy,12,1486,646498.0
Hedera_helixSTERILE.npy,13,1480,646558.0
Hedera_helixSTERILE.npy,14,1471,646648.0
Hedera_helixSTERILE.npy,15,1462,646738.0
Hedera_helixSTERILE.npy,16,1462,646738.0
Hedera_helixSTERILE.npy,17,1460,646758.0
Hedera_helixSTERILE.npy,18,1458,646778.0
Hedera_helixSTERILE.npy,19,1455,646808.0
Hedera_helixSTERILE.npy,20,1455,646808.0
Hedera_helixSTERILE.npy,21,1454,646818.0
Hedera_helixSTERILE.npy,22,1453,646828.0
Hedera_helixSTERILE.npy,23,1453,646828.0
Hedera_helixSTERILE.npy,24,1453,646828.0
Hedera_helixSTERILE.npy,25,1452,646838.0
Hedera_helixSTERILE.npy,26,1452,646838.0
Hedera_helixSTERILE.npy,27,1452,646838.0
Hedera_helixSTERILE.npy,28,1452,646838.0
Hedera_helixSTERILE.npy,29,1452,646838.0
Hedera_helixSTERILE.npy,30,1448,646878.0
Hedera_helixSTERILE.npy,31,1448,646878.0
Hedera_helixSTERILE.npy,32,1448,646878.0
Hedera_helixSTERILE.npy,33,1448,646878.0
Hedera_helixSTERILE.npy,34,1448,646878.0
Hedera_helixSTERILE.npy,35,1448,646878.0
Hedera_helixSTERILE.npy,36,1448,646878.0
Hedera_helixSTERILE.npy,37,1448,646878.0
Hedera_helixSTERILE.npy,38,1448,646878.0
Hedera_helixSTERILE.npy,39,1448,646878.0
Hedera_helixSTERILE.npy,40,1448,646878.0
Hedera_helixSTERILE.npy,41,1448,646878.0
Hedera_helixSTERILE.npy,42,1448,646878.0
Hibiscus_syriacus.npy,0,807,343392.0
Hibiscus_syriacus.npy,1,732,344142.0
Hibiscus_syriacus.npy,2,722,344242.0
Hibiscus_syriacus.npy,3,710,344362.0
Hibiscus_syriacus.npy,4,692,344542.0
Hibiscus_syriacus.npy,5,687,344592.0
Hibiscus_syriacus.npy,6,683,344632.0
Hibiscus_syriacus.npy,7,679,344672.0
Hibiscus_syriacus.npy,8,672,344742.0
Hibiscus_syriacus.npy,9,671,344752.0
Hibiscus_syriacus.npy,10,671,344752.0
Hibiscus_syriacus.npy,11,671,344752.0
Hibiscus_syriacus.npy,12,671,344752.0
Hibiscus_syriacus.npy,13,671,344752.0
Hibiscus_syriacus.npy,14,671,344752.0
Hibiscus_syriacus.npy,15,671,344752.0
Hibiscus_syriacus.npy,16,671,344752.0
Hibiscus_syriacus.npy,17,671,344752.0
Hibiscus_syriacus.npy,18,671,344752.0
Hibiscus_syriacus.npy,19,671,344752.0
Hibiscus_syriacus.npy,20,671,344752.0
Hibiscus_syriacus.npy,21,671,344752.0
Hippophae_rhamnoides.npy,0,99,26755.0
Hippophae_rhamnoides.npy,1,99,26755.0
Hippophae_rhamnoides.npy,2,99,26755.0
Hippophae_rhamnoides.npy,3,99,26755.0
Hippophae_rhamnoides.npy,4,99,26755.0
Hippophae_rhamnoides.npy,5,99,26755.0
Hippophae_rhamnoides.npy,6,99,26755.0
Hippophae_rhamnoides.npy,7,99,26755.0
Hippophae_rhamnoides.npy,8,99,26755.0
Hippophae_rhamnoides.npy,9,99,26755.0
Hippophae_rhamnoides.npy,10,99,26755.0
Hippophae_rhamnoides.npy,11,99,26755.0
Hippophae_rhamnoides.npy,12,99,26755.0
Humulus_lupulus.npy,0,2722,962612.0
Humulus_lupulus.npy,1,2510,964732.0
Humulus_lupulus.npy,2,2459,965242.0
Humulus_lupulus.npy,3,2383,966002.0
Humulus_lupulus.npy,4,2383,966002.0
Humulus_lupulus.npy,5,2383,966002.0
Humulus_lupulus.npy,6,2338,966452.0
Humulus_lupulus.npy,7,2330,966532.0
Humulus_lupulus.npy,8,2330,966532.0
Humulus_lupulus.npy,9,2330,966532.0
Humulus_lupulus.npy,10,2324,966592.0
Humulus_lupulus.npy,11,2307,966762.0
Humulus_lupulus.npy,12,2290,966932.0
Humulus_lupulus.npy,13,2290,966932.0
Humulus_lupulus.npy,14,2290,966932.0
Humulus_lupulus.npy,15,2284,966992.0
Humulus_lupulus.npy,16,2280,967032.0
Humulus_lupulus.npy,17,2276,967072.0
Humulus_lupulus.npy,18,2274,967092.0
Humulus_lupulus.npy,19,2273,967102.0
Humulus_lupulus.npy,20,2273,967102.0
Humulus_lupulus.npy,21,2271,967122.0
Humulus_lupulus.npy,22,2271,967122.0
Humulus_lupulus.npy,23,2271,967122.0
Humulus_lupulus.npy,24,2271,967122.0
Humulus_lupulus.npy,25,2271,967122.0
Humulus_lupulus.npy,26,2271,967122.0
Humulus_lupulus.npy,27,2271,967122.0
Humulus_lupulus.npy,28,2271,967122.0
Humulus_lupulus.npy,29,2271,967122.0
Humulus_lupulus.npy,30,2271,967122.0
Humulus_lupulus.npy,31,2271,967122.0
Humulus_lupulus.npy,32,2271,967122.0
Humulus_lupulus.npy,33,2271,967122.0
Hydrangea_petiolaris.npy,0,2746,1066641.0
Hydrangea_petiolaris.npy,1,1945,1074651.0
Hydrangea_petiolaris.npy,2,1945,1074651.0
Hydrangea_petiolaris.npy,3,1945,1074651.0
Hydrangea_petiolaris.npy,4,1945,1074651.0
Hydrangea_petiolaris.npy,5,1945,1074651.0
Hydrangea_petiolaris.npy,6,1945,1074651.0
Hydrangea_petiolaris.npy,7,1917,1074931.0
Hydrangea_petiolaris.npy,8,1917,1074931.0
Hydrangea_petiolaris.npy,9,1917,1074931.0
Hydrangea_petiolaris.npy,10,1917,1074931.0
Hydrangea_petiolaris.npy,11,1917,1074931.0
Hydrangea_petiolaris.npy,12,1917,1074931.0
Hydrangea_petiolaris.npy,13,1624,1077861.0
Hydrangea_petiolaris.npy,14,1624,1077861.0
Hydrangea_petiolaris.npy,15,1537,1078731.0
Hydrangea_petiolaris.npy,16,1537,1078731.0
Hydrangea_petiolaris.npy,17,1537,1078731.0
Hydrangea_petiolaris.npy,18,1508,1079021.0
Hydrangea_petiolaris.npy,19,1472,1079381.0
Hydrangea_petiolaris.npy,20,1414,1079961.0
Hydrangea_petiolaris.npy,21,1361,1080491.0
Hydrangea_petiolaris.npy,22,1361,1080491.0
Hydrangea_petiolaris.npy,23,1361,1080491.0
Hydrangea_petiolaris.npy,24,1361,1080491.0
Hydrangea_petiolaris.npy,25,1361,1080491.0
Hydrangea_petiolaris.npy,26,1361,1080491.0
Hydrangea_petiolaris.npy,27,1361,1080491.0
Hydrangea_petiolaris.npy,28,1361,1080491.0
Hydrangea_petiolaris.npy,29,1334,1080761.0
Hydrangea_petiolaris.npy,30,1334,1080761.0
Hydrangea_petiolaris.npy,31,1334,1080761.0
Hydrangea_petiolaris.npy,32,1334,1080761.0
Hydrangea_petiolaris.npy,33,1334,1080761.0
Hydrangea_petiolaris.npy,34,1306,1081041.0
Hydrangea_petiolaris.npy,35,1306,1081041.0
Hydrangea_petiolaris.npy,36,1306,1081041.0
Hydrangea_petiolaris.npy,37,1306,1081041.0
Hydrangea_petiolaris.npy,38,1275,1081351.0
Hydrangea_petiolaris.npy,39,1275,1081351.0
Hydrangea_petiolaris.npy,40,1275,1081351.0
Hydrangea_petiolaris.npy,41,1275,1081351.0
Hydrangea_petiolaris.npy,42,1275,1081351.0
Hydrangea_petiolaris.npy,43,1275,1081351.0
Hydrangea_petiolaris.npy,44,1275,1081351.0
Hydrangea_petiolaris.npy,45,1256,1081541.0
Hydrangea_petiolaris.npy,46,1243,1081671.0
Hydrangea_petiolaris.npy,47,1243,1081671.0
Hydrangea_petiolaris.npy,48,1243,1081671.0
Hydrangea_petiolaris.npy,49,1243,1081671.0
Hydrangea_petiolaris.npy,50,1243,1081671.0
Hydrangea_petiolaris.npy,51,1243,1081671.0
Hydrangea_petiolaris.npy,52,1243,1081671.0
Hydrangea_petiolaris.npy,53,1243,1081671.0
Hydrangea_petiolaris.npy,54,1243,1081671.0
Hydrangea_petiolaris.npy,55,1243,1081671.0
Hydrangea_petiolaris.npy,56,1243,1081671.0
Hydrangea_petiolaris.npy,57,1243,1081671.0
Hydrangea_petiolaris.npy,58,1233,1081771.0
Hydrangea_petiolaris.npy,59,1233,1081771.0
Hydrangea_petiolaris.npy,60,1233,1081771.0
Hydrangea_petiolaris.npy,61,1233,1081771.0
Hydrangea_petiolaris.npy,62,1233,1081771.0
Hydrangea_petiolaris.npy,63,1233,1081771.0
Hydrangea_petiolaris.npy,64,1233,1081771.0
Hydrangea_petiolaris.npy,65,1233,1081771.0
Hydrangea_petiolaris.npy,66,1233,1081771.0
Hydrangea_petiolaris.npy,67,1233,1081771.0
Hydrangea_petiolaris.npy,68,1233,1081771.0
Hydrangea_petiolaris.npy,69,1233,1081771.0
Hydrangea_petiolaris.npy,70,1232,1081781.0
Hydrangea_petiolaris.npy,71,1232,1081781.0
Hydrangea_petiolaris.npy,72,1232,1081781.0
Hydrangea_petiolaris.npy,73,1231,1081791.0
Hydrangea_petiolaris.npy,74,1231,1081791.0
Hydrangea_petiolaris.npy,75,1231,1081791.0
Hydrangea_petiolaris.npy,76,1231,1081791.0
Hydrangea_petiolaris.npy,77,1231,1081791.0
Hydrangea_petiolaris.npy,78,1231,1081791.0
Hydrangea_petiolaris.npy,79,1231,1081791.0
Hydrangea_petiolaris.npy,80,1231,1081791.0
Hydrangea_petiolaris.npy,81,1231,1081791.0
Hydrangea_petiolaris.npy,82,1231,1081791.0
Hydrangea_petiolaris.npy,83,1226,1081841.0
Hydrangea_petiolaris.npy,84,1226,1081841.0
Hydrangea_petiolaris.npy,85,1226,1081841.0
Hydrangea_petiolaris.npy,86,1226,1081841.0
Hydrangea_petiolaris.npy,87,1224,1081861.0
Hydrangea_petiolaris.npy,88,1224,1081861.0
Hydrangea_petiolaris.npy,89,1223,1081871.0
Hydrangea_petiolaris.npy,90,1223,1081871.0
Hydrangea_petiolaris.npy,91,1223,1081871.0
Hydrangea_petiolaris.npy,92,1223,1081871.0
Hydrangea_petiolaris.npy,93,1222,1081881.0
Hydrangea_petiolaris.npy,94,1222,1081881.0
Hydrangea_petiolaris.npy,95,1222,1081881.0
Hydrangea_petiolaris.npy,96,1222,1081881.0
Hydrangea_petiolaris.npy,97,1222,1081881.0
Hydrangea_petiolaris.npy,98,1222,1081881.0
Hydrangea_petiolaris.npy,99,1222,1081881.0
Hydrangea_petiolaris.npy,100,1222,1081881.0
Hydrangea_petiolaris.npy,101,1222,1081881.0
Hydrangea_petiolaris.npy,102,1222,1081881.0
Hydrangea_petiolaris.npy,103,1222,1081881.0
Hydrangea_petiolaris.npy,104,1222,1081881.0
Hydrangea_petiolaris.npy,105,1222,1081881.0
Ilex_aquifolium.npy,0,339,93971.0
Ilex_aquifolium.npy,1,334,94021.0
Ilex_aquifolium.npy,2,332,94041.0
Ilex_aquifolium.npy,3,332,94041.0
Ilex_aquifolium.npy,4,332,94041.0
Ilex_aquifolium.npy,5,332,94041.0
Ilex_aquifolium.npy,6,330,94061.0
Ilex_aquifolium.npy,7,330,94061.0
Ilex_aquifolium.npy,8,330,94061.0
Ilex_aquifolium.npy,9,330,94061.0
Ilex_aquifolium.npy,10,330,94061.0
Ilex_aquifolium.npy,11,330,94061.0
Ilex_aquifolium.npy,12,330,94061.0
Ilex_aquifolium.npy,13,330,94061.0
Ilex_aquifolium.npy,14,330,94061.0
Ilex_aquifolium.npy,15,330,94061.0
Ilex_aquifolium.npy,16,330,94061.0
Ilex_aquifolium.npy,17,330,94061.0
Ilex_aquifolium.npy,18,330,94061.0
Juglans_cinerea.npy,0,773,810993.0
Juglans_cinerea.npy,1,752,811203.0
Juglans_cinerea.npy,2,728,811443.0
Juglans_cinerea.npy,3,718,811543.0
Juglans_cinerea.npy,4,708,811643.0
Juglans_cinerea.npy,5,702,811703.0
Juglans_cinerea.npy,6,702,811703.0
Juglans_cinerea.npy,7,698,811743.0
Juglans_cinerea.npy,8,690,811823.0
Juglans_cinerea.npy,9,688,811843.0
Juglans_cinerea.npy,10,686,811863.0
Juglans_cinerea.npy,11,686,811863.0
Juglans_cinerea.npy,12,686,811863.0
Juglans_cinerea.npy,13,686,811863.0
Juglans_cinerea.npy,14,686,811863.0
Juglans_cinerea.npy,15,686,811863.0
Juglans_cinerea.npy,16,686,811863.0
Juglans_cinerea.npy,17,686,811863.0
Juglans_cinerea.npy,18,686,811863.0
Juglans_cinerea.npy,19,686,811863.0
Juglans_cinerea.npy,20,686,811863.0
Juglans_cinerea.npy,21,686,811863.0
Juglans_cinerea.npy,22,686,811863.0
Juglans_nigra.npy,0,581,471746.0
Juglans_nigra.npy,1,556,471996.0
Juglans_nigra.npy,2,553,472026.0
Juglans_nigra.npy,3,549,472066.0
Juglans_nigra.npy,4,548,472076.0
Juglans_nigra.npy,5,548,472076.0
Juglans_nigra.npy,6,547,472086.0
Juglans_nigra.npy,7,547,472086.0
Juglans_nigra.npy,8,547,472086.0
Juglans_nigra.npy,9,547,472086.0
Juglans_nigra.npy,10,547,472086.0
Juglans_nigra.npy,11,547,472086.0
Juglans_nigra.npy,12,547,472086.0
Juglans_nigra.npy,13,547,472086.0
Juglans_nigra.npy,14,547,472086.0
Juglans_nigra.npy,15,547,472086.0
Juglans_nigra.npy,16,547,472086.0
Juglans_nigra.npy,17,547,472086.0
Juglans_nigra.npy,18,547,472086.0
Juglans_regia.npy,0,774,756130.0
Juglans_regia.npy,1,757,756300.0
Juglans_regia.npy,2,744,756430.0
Juglans_regia.npy,3,744,756430.0
Juglans_regia.npy,4,744,756430.0
Juglans_regia.npy,5,742,756450.0
Juglans_regia.npy,6,742,756450.0
Juglans_regia.npy,7,742,756450.0
Juglans_regia.npy,8,742,756450.0
Juglans_regia.npy,9,742,756450.0
Juglans_regia.npy,10,742,756450.0
Juglans_regia.npy,11,742,756450.0
Juglans_regia.npy,12,742,756450.0
Juglans_regia.npy,13,742,756450.0
Juglans_regia.npy,14,742,756450.0
Juglans_regia.npy,15,742,756450.0
Juglans_regia.npy,16,742,756450.0
Juglans_regia.npy,17,742,756450.0
Kerria_japonica.npy,0,661,207445.0
Kerria_japonica.npy,1,600,208055.0
Kerria_japonica.npy,2,593,208125.0
Kerria_japonica.npy,3,588,208175.0
Kerria_japonica.npy,4,586,208195.0
Kerria_japonica.npy,5,574,208315.0
Kerria_japonica.npy,6,574,208315.0
Kerria_japonica.npy,7,570,208355.0
Kerria_japonica.npy,8,566,208395.0
Kerria_japonica.npy,9,565,208405.0
Kerria_japonica.npy,10,563,208425.0
Kerria_japonica.npy,11,563,208425.0
Kerria_japonica.npy,12,562,208435.0
Kerria_japonica.npy,13,562,208435.0
Kerria_japonica.npy,14,560,208455.0
Kerria_japonica.npy,15,560,208455.0
Kerria_japonica.npy,16,560,208455.0
Kerria_japonica.npy,17,560,208455.0
Kerria_japonica.npy,18,560,208455.0
Kerria_japonica.npy,19,560,208455.0
Kerria_japonica.npy,20,560,208455.0
Kerria_japonica.npy,21,560,208455.0
Kerria_japonica.npy,22,560,208455.0
Kerria_japonica.npy,23,560,208455.0
Kerria_japonica.npy,24,560,208455.0
Kerria_japonica.npy,25,560,208455.0
Kerria_japonica.npy,26,560,208455.0
Koelreuteria_paniculata.npy,0,1146,376340.0
Koelreuteria_paniculata.npy,1,902,378780.0
Koelreuteria_paniculata.npy,2,902,378780.0
Koelreuteria_paniculata.npy,3,901,378790.0
Koelreuteria_paniculata.npy,4,866,379140.0
Koelreuteria_paniculata.npy,5,808,379720.0
Koelreuteria_paniculata.npy,6,808,379720.0
Koelreuteria_paniculata.npy,7,792,379880.0
Koelreuteria_paniculata.npy,8,792,379880.0
Koelreuteria_paniculata.npy,9,787,379930.0
Koelreuteria_paniculata.npy,10,773,380070.0
Koelreuteria_paniculata.npy,11,765,380150.0
Koelreuteria_paniculata.npy,12,764,380160.0
Koelreuteria_paniculata.npy,13,764,380160.0
Koelreuteria_paniculata.npy,14,762,380180.0
Koelreuteria_paniculata.npy,15,762,380180.0
Koelreuteria_paniculata.npy,16,758,380220.0
Koelreuteria_paniculata.npy,17,758,380220.0
Koelreuteria_paniculata.npy,18,758,380220.0
Koelreuteria_paniculata.npy,19,755,380250.0
Koelreuteria_paniculata.npy,20,755,380250.0
Koelreuteria_paniculata.npy,21,754,380260.0
Koelreuteria_paniculata.npy,22,753,380270.0
Koelreuteria_paniculata.npy,23,753,380270.0
Koelreuteria_paniculata.npy,24,753,380270.0
Koelreuteria_paniculata.npy,25,752,380280.0
Koelreuteria_paniculata.npy,26,752,380280.0
Koelreuteria_paniculata.npy,27,752,380280.0
Koelreuteria_paniculata.npy,28,752,380280.0
Koelreuteria_paniculata.npy,29,752,380280.0
Koelreuteria_paniculata.npy,30,752,380280.0
Koelreuteria_paniculata.npy,31,752,380280.0
Koelreuteria_paniculata.npy,32,752,380280.0
Koelreuteria_paniculata.npy,33,752,380280.0
Koelreuteria_paniculata.npy,34,752,380280.0
Koelreuteria_paniculata.npy,35,752,380280.0
Koelreuteria_paniculata.npy,36,752,380280.0
Koelreuteria_paniculata.npy,37,752,380280.0
Kolkwitzia_amabilis.npy,0,332,138884.0
Kolkwitzia_amabilis.npy,1,329,138914.0
Kolkwitzia_amabilis.npy,2,329,138914.0
Kolkwitzia_amabilis.npy,3,327,138934.0
Kolkwitzia_amabilis.npy,4,327,138934.0
Kolkwitzia_amabilis.npy,5,327,138934.0
Kolkwitzia_amabilis.npy,6,327,138934.0
Kolkwitzia_amabilis.npy,7,326,138944.0
Kolkwitzia_amabilis.npy,8,326,138944.0
Kolkwitzia_amabilis.npy,9,326,138944.0
Kolkwitzia_amabilis.npy,10,326,138944.0
Kolkwitzia_amabilis.npy,11,326,138944.0
Kolkwitzia_amabilis.npy,12,326,138944.0
Kolkwitzia_amabilis.npy,13,326,138944.0
Kolkwitzia_amabilis.npy,14,326,138944.0
Kolkwitzia_amabilis.npy,15,326,138944.0
Kolkwitzia_amabilis.npy,16,326,138944.0
Kolkwitzia_amabilis.npy,17,326,138944.0
Kolkwitzia_amabilis.npy,18,326,138944.0
Kolkwitzia_amabilis.npy,19,326,138944.0
Laburnum_anagyroides.npy,0,265,87626.0
Laburnum_anagyroides.npy,1,262,87656.0
Laburnum_anagyroides.npy,2,262,87656.0
Laburnum_anagyroides.npy,3,262,87656.0
Laburnum_anagyroides.npy,4,262,87656.0
Laburnum_anagyroides.npy,5,262,87656.0
Laburnum_anagyroides.npy,6,262,87656.0
Laburnum_anagyroides.npy,7,262,87656.0
Laburnum_anagyroides.npy,8,262,87656.0
Laburnum_anagyroides.npy,9,262,87656.0
Laburnum_anagyroides.npy,10,262,87656.0
Laburnum_anagyroides.npy,11,262,87656.0
Laburnum_anagyroides.npy,12,262,87656.0
Laburnum_anagyroides.npy,13,262,87656.0
Laurus_nobilis.npy,0,440,273799.0
Laurus_nobilis.npy,1,440,273799.0
Laurus_nobilis.npy,2,440,273799.0
Laurus_nobilis.npy,3,440,273799.0
Laurus_nobilis.npy,4,440,273799.0
Laurus_nobilis.npy,5,440,273799.0
Laurus_nobilis.npy,6,440,273799.0
Laurus_nobilis.npy,7,440,273799.0
Laurus_nobilis.npy,8,440,273799.0
Laurus_nobilis.npy,9,440,273799.0
Laurus_nobilis.npy,10,440,273799.0
Laurus_nobilis.npy,11,440,273799.0
Laurus_nobilis.npy,12,440,273799.0
Lavandula_angustifolia.npy,0,64,11911.0
Lavandula_angustifolia.npy,1,64,11911.0
Lavandula_angustifolia.npy,2,64,11911.0
Lavandula_angustifolia.npy,3,64,11911.0
Lavandula_angustifolia.npy,4,64,11911.0
Lavandula_angustifolia.npy,5,64,11911.0
Lavandula_angustifolia.npy,6,64,11911.0
Lavandula_angustifolia.npy,7,64,11911.0
Lavandula_angustifolia.npy,8,64,11911.0
Lavandula_angustifolia.npy,9,64,11911.0
Lavandula_angustifolia.npy,10,64,11911.0
Lavandula_angustifolia.npy,11,64,11911.0
Lavandula_angustifolia.npy,12,64,11911.0
Ledum_palustre.npy,0,95,17920.0
Ledum_palustre.npy,1,95,17920.0
Ledum_palustre.npy,2,95,17920.0
Ledum_palustre.npy,3,95,17920.0
Ledum_palustre.npy,4,95,17920.0
Ledum_palustre.npy,5,95,17920.0
Ledum_palustre.npy,6,95,17920.0
Ledum_palustre.npy,7,95,17920.0
Ledum_palustre.npy,8,95,17920.0
Ledum_palustre.npy,9,95,17920.0
Ledum_palustre.npy,10,95,17920.0
Ledum_palustre.npy,11,95,17920.0
Ledum_palustre.npy,12,95,17920.0
Ligustrum_ovalifolium.npy,0,447,262199.0
Ligustrum_ovalifolium.npy,1,445,262219.0
Ligustrum_ovalifolium.npy,2,445,262219.0
Ligustrum_ovalifolium.npy,3,444,262229.0
Ligustrum_ovalifolium.npy,4,444,262229.0
Ligustrum_ovalifolium.npy,5,444,262229.0
Ligustrum_ovalifolium.npy,6,444,262229.0
Ligustrum_ovalifolium.npy,7,444,262229.0
Ligustrum_ovalifolium.npy,8,444,262229.0
Ligustrum_ovalifolium.npy,9,444,262229.0
Ligustrum_ovalifolium.npy,10,444,262229.0
Ligustrum_ovalifolium.npy,11,444,262229.0
Ligustrum_ovalifolium.npy,12,444,262229.0
Ligustrum_ovalifolium.npy,13,444,262229.0
Ligustrum_ovalifolium.npy,14,444,262229.0
Ligustrum_ovalifolium.npy,15,444,262229.0
Ligustrum_vulgare.npy,0,205,82902.0
Ligustrum_vulgare.npy,1,205,82902.0
Ligustrum_vulgare.npy,2,205,82902.0
Ligustrum_vulgare.npy,3,205,82902.0
Ligustrum_vulgare.npy,4,205,82902.0
Ligustrum_vulgare.npy,5,205,82902.0
Ligustrum_vulgare.npy,6,205,82902.0
Ligustrum_vulgare.npy,7,205,82902.0
Ligustrum_vulgare.npy,8,205,82902.0
Ligustrum_vulgare.npy,9,205,82902.0
Ligustrum_vulgare.npy,10,205,82902.0
Ligustrum_vulgare.npy,11,205,82902.0
Ligustrum_vulgare.npy,12,205,82902.0
Liquidambar_styraciflua.npy,0,3688,1434218.0
Liquidambar_styraciflua.npy,1,3016,1440938.0
Liquidambar_styraciflua.npy,2,2906,1442038.0
Liquidambar_styraciflua.npy,3,2872,1442378.0
Liquidambar_styraciflua.npy,4,2810,1442998.0
Liquidambar_styraciflua.npy,5,2783,1443268.0
Liquidambar_styraciflua.npy,6,2783,1443268.0
Liquidambar_styraciflua.npy,7,2783,1443268.0
Liquidambar_styraciflua.npy,8,2738,1443718.0
Liquidambar_styraciflua.npy,9,2738,1443718.0
Liquidambar_styraciflua.npy,10,2637,1444728.0
Liquidambar_styraciflua.npy,11,2637,1444728.0
Liquidambar_styraciflua.npy,12,2637,1444728.0
Liquidambar_styraciflua.npy,13,2637,1444728.0
Liquidambar_styraciflua.npy,14,2637,1444728.0
Liquidambar_styraciflua.npy,15,2637,1444728.0
Liquidambar_styraciflua.npy,16,2637,1444728.0
Liquidambar_styraciflua.npy,17,2637,1444728.0
Liquidambar_styraciflua.npy,18,2637,1444728.0
Liquidambar_styraciflua.npy,19,2637,1444728.0
Liquidambar_styraciflua.npy,20,2613,1444968.0
Liquidambar_styraciflua.npy,21,2613,1444968.0
Liquidambar_styraciflua.npy,22,2613,1444968.0
Liquidambar_styraciflua.npy,23,2611,1444988.0
Liquidambar_styraciflua.npy,24,2611,1444988.0
Liquidambar_styraciflua.npy,25,2611,1444988.0
Liquidambar_styraciflua.npy,26,2602,1445078.0
Liquidambar_styraciflua.npy,27,2589,1445208.0
Liquidambar_styraciflua.npy,28,2589,1445208.0
Liquidambar_styraciflua.npy,29,2589,1445208.0
Liquidambar_styraciflua.npy,30,2575,1445348.0
Liquidambar_styraciflua.npy,31,2571,1445388.0
Liquidambar_styraciflua.npy,32,2569,1445408.0
Liquidambar_styraciflua.npy,33,2564,1445458.0
Liquidambar_styraciflua.npy,34,2564,1445458.0
Liquidambar_styraciflua.npy,35,2556,1445538.0
Liquidambar_styraciflua.npy,36,2555,1445548.0
Liquidambar_styraciflua.npy,37,2553,1445568.0
Liquidambar_styraciflua.npy,38,2550,1445598.0
Liquidambar_styraciflua.npy,39,2546,1445638.0
Liquidambar_styraciflua.npy,40,2546,1445638.0
Liquidambar_styraciflua.npy,41,2546,1445638.0
Liquidambar_styraciflua.npy,42,2546,1445638.0
Liquidambar_styraciflua.npy,43,2545,1445648.0
Liquidambar_styraciflua.npy,44,2545,1445648.0
Liquidambar_styraciflua.npy,45,2545,1445648.0
Liquidambar_styraciflua.npy,46,2544,1445658.0
Liquidambar_styraciflua.npy,47,2544,1445658.0
Liquidambar_styraciflua.npy,48,2544,1445658.0
Liquidambar_styraciflua.npy,49,2544,1445658.0
Liquidambar_styraciflua.npy,50,2544,1445658.0
Liquidambar_styraciflua.npy,51,2544,1445658.0
Liquidambar_styraciflua.npy,52,2543,1445668.0
Liquidambar_styraciflua.npy,53,2543,1445668.0
Liquidambar_styraciflua.npy,54,2543,1445668.0
Liquidambar_styraciflua.npy,55,2542,1445678.0
Liquidambar_styraciflua.npy,56,2542,1445678.0
Liquidambar_styraciflua.npy,57,2542,1445678.0
Liquidambar_styraciflua.npy,58,2542,1445678.0
Liquidambar_styraciflua.npy,59,2542,1445678.0
Liquidambar_styraciflua.npy,60,2542,1445678.0
Liquidambar_styraciflua.npy,61,2542,1445678.0
Liquidambar_styraciflua.npy,62,2542,1445678.0
Liquidambar_styraciflua.npy,63,2542,1445678.0
Liquidambar_styraciflua.npy,64,2541,1445688.0
Liquidambar_styraciflua.npy,65,2541,1445688.0
Liquidambar_styraciflua.npy,66,2541,1445688.0
Liquidambar_styraciflua.npy,67,2541,1445688.0
Liquidambar_styraciflua.npy,68,2541,1445688.0
Liquidambar_styraciflua.npy,69,2541,1445688.0
Liquidambar_styraciflua.npy,70,2541,1445688.0
Liquidambar_styraciflua.npy,71,2541,1445688.0
Liquidambar_styraciflua.npy,72,2541,1445688.0
Liquidambar_styraciflua.npy,73,2541,1445688.0
Liquidambar_styraciflua.npy,74,2541,1445688.0
Liquidambar_styraciflua.npy,75,2541,1445688.0
Liquidambar_styraciflua.npy,76,2539,1445708.0
Liquidambar_styraciflua.npy,77,2539,1445708.0
Liquidambar_styraciflua.npy,78,2539,1445708.0
Liquidambar_styraciflua.npy,79,2539,1445708.0
Liquidambar_styraciflua.npy,80,2539,1445708.0
Liquidambar_styraciflua.npy,81,2539,1445708.0
Liquidambar_styraciflua.npy,82,2539,1445708.0
Liquidambar_styraciflua.npy,83,2539,1445708.0
Liquidambar_styraciflua.npy,84,2539,1445708.0
Liquidambar_styraciflua.npy,85,2539,1445708.0
Liquidambar_styraciflua.npy,86,2539,1445708.0
Liquidambar_styraciflua.npy,87,2539,1445708.0
Liquidambar_styraciflua.npy,88,2539,1445708.0
Liriodendron_tulipifera.npy,0,1627,779328.0
Liriodendron_tulipifera.npy,1,1450,781098.0
Liriodendron_tulipifera.npy,2,1377,781828.0
Liriodendron_tulipifera.npy,3,1261,782988.0
Liriodendron_tulipifera.npy,4,1238,783218.0
Liriodendron_tulipifera.npy,5,1238,783218.0
Liriodendron_tulipifera.npy,6,1238,783218.0
Liriodendron_tulipifera.npy,7,1188,783718.0
Liriodendron_tulipifera.npy,8,1188,783718.0
Liriodendron_tulipifera.npy,9,1187,783728.0
Liriodendron_tulipifera.npy,10,1150,784098.0
Liriodendron_tulipifera.npy,11,1150,784098.0
Liriodendron_tulipifera.npy,12,1121,784388.0
Liriodendron_tulipifera.npy,13,1106,784538.0
Liriodendron_tulipifera.npy,14,1106,784538.0
Liriodendron_tulipifera.npy,15,1103,784568.0
Liriodendron_tulipifera.npy,16,1092,784678.0
Liriodendron_tulipifera.npy,17,1092,784678.0
Liriodendron_tulipifera.npy,18,1088,784718.0
Liriodendron_tulipifera.npy,19,1086,784738.0
Liriodendron_tulipifera.npy,20,1086,784738.0
Liriodendron_tulipifera.npy,21,1084,784758.0
Liriodendron_tulipifera.npy,22,1083,784768.0
Liriodendron_tulipifera.npy,23,1082,784778.0
Liriodendron_tulipifera.npy,24,1082,784778.0
Liriodendron_tulipifera.npy,25,1082,784778.0
Liriodendron_tulipifera.npy,26,1082,784778.0
Liriodendron_tulipifera.npy,27,1082,784778.0
Liriodendron_tulipifera.npy,28,1082,784778.0
Liriodendron_tulipifera.npy,29,1082,784778.0
Liriodendron_tulipifera.npy,30,1082,784778.0
Liriodendron_tulipifera.npy,31,1082,784778.0
Liriodendron_tulipifera.npy,32,1082,784778.0
Liriodendron_tulipifera.npy,33,1082,784778.0
Liriodendron_tulipifera.npy,34,1082,784778.0
Liriodendron_tulipifera.npy,35,1082,784778.0
Lonicera_henryi.npy,0,286,186697.0
Lonicera_henryi.npy,1,282,186737.0
Lonicera_henryi.npy,2,282,186737.0
Lonicera_henryi.npy,3,282,186737.0
Lonicera_henryi.npy,4,282,186737.0
Lonicera_henryi.npy,5,282,186737.0
Lonicera_henryi.npy,6,282,186737.0
Lonicera_henryi.npy,7,282,186737.0
Lonicera_henryi.npy,8,282,186737.0
Lonicera_henryi.npy,9,282,186737.0
Lonicera_henryi.npy,10,282,186737.0
Lonicera_henryi.npy,11,282,186737.0
Lonicera_henryi.npy,12,282,186737.0
Lonicera_henryi.npy,13,282,186737.0
Lonicera_involucrata.npy,0,700,582478.0
Lonicera_involucrata.npy,1,685,582628.0
Lonicera_involucrata.npy,2,685,582628.0
Lonicera_involucrata.npy,3,684,582638.0
Lonicera_involucrata.npy,4,682,582658.0
Lonicera_involucrata.npy,5,682,582658.0
Lonicera_involucrata.npy,6,680,582678.0
Lonicera_involucrata.npy,7,680,582678.0
Lonicera_involucrata.npy,8,680,582678.0
Lonicera_involucrata.npy,9,680,582678.0
Lonicera_involucrata.npy,10,680,582678.0
Lonicera_involucrata.npy,11,680,582678.0
Lonicera_involucrata.npy,12,680,582678.0
Lonicera_involucrata.npy,13,680,582678.0
Lonicera_involucrata.npy,14,680,582678.0
Lonicera_involucrata.npy,15,680,582678.0
Lonicera_involucrata.npy,16,680,582678.0
Lonicera_involucrata.npy,17,680,582678.0
Lonicera_involucrata.npy,18,680,582678.0
Lonicera_purpusii.npy,0,415,208086.0
Lonicera_purpusii.npy,1,408,208156.0
Lonicera_purpusii.npy,2,406,208176.0
Lonicera_purpusii.npy,3,405,208186.0
Lonicera_purpusii.npy,4,405,208186.0
Lonicera_purpusii.npy,5,403,208206.0
Lonicera_purpusii.npy,6,403,208206.0
Lonicera_purpusii.npy,7,403,208206.0
Lonicera_purpusii.npy,8,403,208206.0
Lonicera_purpusii.npy,9,403,208206.0
Lonicera_purpusii.npy,10,403,208206.0
Lonicera_purpusii.npy,11,403,208206.0
Lonicera_purpusii.npy,12,403,208206.0
Lonicera_purpusii.npy,13,403,208206.0
Lonicera_purpusii.npy,14,403,208206.0
Lonicera_purpusii.npy,15,403,208206.0
Lonicera_purpusii.npy,16,403,208206.0
Lonicera_purpusii.npy,17,403,208206.0
Lonicera_tatarica.npy,0,262,92515.0
Lonicera_tatarica.npy,1,257,92565.0
Lonicera_tatarica.npy,2,257,92565.0
Lonicera_tatarica.npy,3,257,92565.0
Lonicera_tatarica.npy,4,257,92565.0
Lonicera_tatarica.npy,5,257,92565.0
Lonicera_tatarica.npy,6,256,92575.0
Lonicera_tatarica.npy,7,256,92575.0
Lonicera_tatarica.npy,8,256,92575.0
Lonicera_tatarica.npy,9,256,92575.0
Lonicera_tatarica.npy,10,256,92575.0
Lonicera_tatarica.npy,11,256,92575.0
Lonicera_tatarica.npy,12,256,92575.0
Lonicera_tatarica.npy,13,256,92575.0
Lonicera_tatarica.npy,14,256,92575.0
Lonicera_tatarica.npy,15,256,92575.0
Lonicera_tatarica.npy,16,256,92575.0
Lonicera_tatarica.npy,17,256,92575.0
Lonicera_tatarica.npy,18,256,92575.0
Lonicera_xylosteum.npy,0,378,137702.0
Lonicera_xylosteum.npy,1,360,137882.0
Lonicera_xylosteum.npy,2,339,138092.0
Lonicera_xylosteum.npy,3,338,138102.0
Lonicera_xylosteum.npy,4,330,138182.0
Lonicera_xylosteum.npy,5,327,138212.0
Lonicera_xylosteum.npy,6,327,138212.0
Lonicera_xylosteum.npy,7,322,138262.0
Lonicera_xylosteum.npy,8,322,138262.0
Lonicera_xylosteum.npy,9,322,138262.0
Lonicera_xylosteum.npy,10,322,138262.0
Lonicera_xylosteum.npy,11,321,138272.0
Lonicera_xylosteum.npy,12,321,138272.0
Lonicera_xylosteum.npy,13,321,138272.0
Lonicera_xylosteum.npy,14,321,138272.0
Lonicera_xylosteum.npy,15,321,138272.0
Lonicera_xylosteum.npy,16,321,138272.0
Lonicera_xylosteum.npy,17,321,138272.0
Lonicera_xylosteum.npy,18,321,138272.0
Lonicera_xylosteum.npy,19,321,138272.0
Lonicera_xylosteum.npy,20,321,138272.0
Lonicera_xylosteum.npy,21,321,138272.0
Lonicera_xylosteum.npy,22,321,138272.0
Lonicera_xylosteum.npy,23,321,138272.0
Loranthus_europaeus.npy,0,125,19198.0
Loranthus_europaeus.npy,1,125,19198.0
Loranthus_europaeus.npy,2,125,19198.0
Loranthus_europaeus.npy,3,125,19198.0
Loranthus_europaeus.npy,4,125,19198.0
Loranthus_europaeus.npy,5,125,19198.0
Loranthus_europaeus.npy,6,125,19198.0
Loranthus_europaeus.npy,7,125,19198.0
Loranthus_europaeus.npy,8,125,19198.0
Loranthus_europaeus.npy,9,125,19198.0
Loranthus_europaeus.npy,10,125,19198.0
Loranthus_europaeus.npy,11,125,19198.0
Loranthus_europaeus.npy,12,125,19198.0
Lycium_barbarum.npy,0,239,88465.0
Lycium_barbarum.npy,1,234,88515.0
Lycium_barbarum.npy,2,231,88545.0
Lycium_barbarum.npy,3,231,88545.0
Lycium_barbarum.npy,4,231,88545.0
Lycium_barbarum.npy,5,230,88555.0
Lycium_barbarum.npy,6,230,88555.0
Lycium_barbarum.npy,7,230,88555.0
Lycium_barbarum.npy,8,230,88555.0
Lycium_barbarum.npy,9,230,88555.0
Lycium_barbarum.npy,10,230,88555.0
Lycium_barbarum.npy,11,230,88555.0
Lycium_barbarum.npy,12,230,88555.0
Lycium_barbarum.npy,13,230,88555.0
Lycium_barbarum.npy,14,230,88555.0
Lycium_barbarum.npy,15,230,88555.0
Lycium_barbarum.npy,16,230,88555.0
Lycium_barbarum.npy,17,230,88555.0
Maclura_pomiferaFEMALE.npy,0,546,145630.0
Maclura_pomiferaFEMALE.npy,1,514,145950.0
Maclura_pomiferaFEMALE.npy,2,495,146140.0
Maclura_pomiferaFEMALE.npy,3,489,146200.0
Maclura_pomiferaFEMALE.npy,4,486,146230.0
Maclura_pomiferaFEMALE.npy,5,469,146400.0
Maclura_pomiferaFEMALE.npy,6,468,146410.0
Maclura_pomiferaFEMALE.npy,7,459,146500.0
Maclura_pomiferaFEMALE.npy,8,457,146520.0
Maclura_pomiferaFEMALE.npy,9,457,146520.0
Maclura_pomiferaFEMALE.npy,10,455,146540.0
Maclura_pomiferaFEMALE.npy,11,452,146570.0
Maclura_pomiferaFEMALE.npy,12,451,146580.0
Maclura_pomiferaFEMALE.npy,13,451,146580.0
Maclura_pomiferaFEMALE.npy,14,451,146580.0
Maclura_pomiferaFEMALE.npy,15,451,146580.0
Maclura_pomiferaFEMALE.npy,16,451,146580.0
Maclura_pomiferaFEMALE.npy,17,450,146590.0
Maclura_pomiferaFEMALE.npy,18,450,146590.0
Maclura_pomiferaFEMALE.npy,19,450,146590.0
Maclura_pomiferaFEMALE.npy,20,450,146590.0
Maclura_pomiferaFEMALE.npy,21,450,146590.0
Maclura_pomiferaFEMALE.npy,22,450,146590.0
Maclura_pomiferaFEMALE.npy,23,450,146590.0
Maclura_pomiferaFEMALE.npy,24,450,146590.0
Maclura_pomiferaFEMALE.npy,25,450,146590.0
Maclura_pomiferaFEMALE.npy,26,450,146590.0
Maclura_pomiferaFEMALE.npy,27,450,146590.0
Maclura_pomiferaFEMALE.npy,28,450,146590.0
Maclura_pomiferaFEMALE.npy,29,450,146590.0
Maclura_pomiferaMALE.npy,0,507,252192.0
Maclura_pomiferaMALE.npy,1,507,252192.0
Maclura_pomiferaMALE.npy,2,507,252192.0
Maclura_pomiferaMALE.npy,3,507,252192.0
Maclura_pomiferaMALE.npy,4,507,252192.0
Maclura_pomiferaMALE.npy,5,507,252192.0
Maclura_pomiferaMALE.npy,6,507,252192.0
Maclura_pomiferaMALE.npy,7,507,252192.0
Maclura_pomiferaMALE.npy,8,507,252192.0
Maclura_pomiferaMALE.npy,9,507,252192.0
Maclura_pomiferaMALE.npy,10,507,252192.0
Maclura_pomiferaMALE.npy,11,507,252192.0
Maclura_pomiferaMALE.npy,12,507,252192.0
Magnolia_hypoleuca.npy,0,2069,4747430.0
Magnolia_hypoleuca.npy,1,2038,4747740.0
Magnolia_hypoleuca.npy,2,1983,4748290.0
Magnolia_hypoleuca.npy,3,1983,4748290.0
Magnolia_hypoleuca.npy,4,1966,4748460.0
Magnolia_hypoleuca.npy,5,1945,4748670.0
Magnolia_hypoleuca.npy,6,1945,4748670.0
Magnolia_hypoleuca.npy,7,1934,4748780.0
Magnolia_hypoleuca.npy,8,1930,4748820.0
Magnolia_hypoleuca.npy,9,1930,4748820.0
Magnolia_hypoleuca.npy,10,1924,4748880.0
Magnolia_hypoleuca.npy,11,1924,4748880.0
Magnolia_hypoleuca.npy,12,1924,4748880.0
Magnolia_hypoleuca.npy,13,1922,4748900.0
Magnolia_hypoleuca.npy,14,1921,4748910.0
Magnolia_hypoleuca.npy,15,1921,4748910.0
Magnolia_hypoleuca.npy,16,1921,4748910.0
Magnolia_hypoleuca.npy,17,1921,4748910.0
Magnolia_hypoleuca.npy,18,1921,4748910.0
Magnolia_hypoleuca.npy,19,1921,4748910.0
Magnolia_hypoleuca.npy,20,1921,4748910.0
Magnolia_hypoleuca.npy,21,1921,4748910.0
Magnolia_hypoleuca.npy,22,1921,4748910.0
Magnolia_hypoleuca.npy,23,1921,4748910.0
Magnolia_hypoleuca.npy,24,1921,4748910.0
Magnolia_hypoleuca.npy,25,1921,4748910.0
Magnolia_hypoleuca.npy,26,1921,4748910.0
Magnolia_soulangeana.npy,0,1159,1204315.0
Magnolia_soulangeana.npy,1,1127,1204635.0
Magnolia_soulangeana.npy,2,1102,1204885.0
Magnolia_soulangeana.npy,3,1097,1204935.0
Magnolia_soulangeana.npy,4,1089,1205015.0
Magnolia_soulangeana.npy,5,1084,1205065.0
Magnolia_soulangeana.npy,6,1076,1205145.0
Magnolia_soulangeana.npy,7,1076,1205145.0
Magnolia_soulangeana.npy,8,1074,1205165.0
Magnolia_soulangeana.npy,9,1074,1205165.0
Magnolia_soulangeana.npy,10,1072,1205185.0
Magnolia_soulangeana.npy,11,1072,1205185.0
Magnolia_soulangeana.npy,12,1072,1205185.0
Magnolia_soulangeana.npy,13,1072,1205185.0
Magnolia_soulangeana.npy,14,1072,1205185.0
Magnolia_soulangeana.npy,15,1072,1205185.0
Magnolia_soulangeana.npy,16,1072,1205185.0
Magnolia_soulangeana.npy,17,1072,1205185.0
Magnolia_soulangeana.npy,18,1072,1205185.0
Magnolia_soulangeana.npy,19,1072,1205185.0
Magnolia_soulangeana.npy,20,1072,1205185.0
Magnolia_soulangeana.npy,21,1072,1205185.0
Magnolia_soulangeana.npy,22,1072,1205185.0
Magnolia_specPETRIN.npy,0,793,695457.0
Magnolia_specPETRIN.npy,1,785,695537.0
Magnolia_specPETRIN.npy,2,783,695557.0
Magnolia_specPETRIN.npy,3,783,695557.0
Magnolia_specPETRIN.npy,4,780,695587.0
Magnolia_specPETRIN.npy,5,780,695587.0
Magnolia_specPETRIN.npy,6,780,695587.0
Magnolia_specPETRIN.npy,7,780,695587.0
Magnolia_specPETRIN.npy,8,779,695597.0
Magnolia_specPETRIN.npy,9,779,695597.0
Magnolia_specPETRIN.npy,10,779,695597.0
Magnolia_specPETRIN.npy,11,779,695597.0
Magnolia_specPETRIN.npy,12,779,695597.0
Magnolia_specPETRIN.npy,13,779,695597.0
Magnolia_specPETRIN.npy,14,779,695597.0
Magnolia_specPETRIN.npy,15,779,695597.0
Magnolia_specPETRIN.npy,16,779,695597.0
Magnolia_specPETRIN.npy,17,779,695597.0
Magnolia_specPETRIN.npy,18,779,695597.0
Magnolia_specPETRIN.npy,19,779,695597.0
Magnolia_specPETRIN.npy,20,779,695597.0
Mahonia_aquifolium.npy,0,546,264167.0
Mahonia_aquifolium.npy,1,539,264237.0
Mahonia_aquifolium.npy,2,528,264347.0
Mahonia_aquifolium.npy,3,525,264377.0
Mahonia_aquifolium.npy,4,520,264427.0
Mahonia_aquifolium.npy,5,520,264427.0
Mahonia_aquifolium.npy,6,520,264427.0
Mahonia_aquifolium.npy,7,518,264447.0
Mahonia_aquifolium.npy,8,517,264457.0
Mahonia_aquifolium.npy,9,515,264477.0
Mahonia_aquifolium.npy,10,515,264477.0
Mahonia_aquifolium.npy,11,515,264477.0
Mahonia_aquifolium.npy,12,515,264477.0
Mahonia_aquifolium.npy,13,515,264477.0
Mahonia_aquifolium.npy,14,515,264477.0
Mahonia_aquifolium.npy,15,515,264477.0
Mahonia_aquifolium.npy,16,515,264477.0
Mahonia_aquifolium.npy,17,515,264477.0
Mahonia_aquifolium.npy,18,515,264477.0
Mahonia_aquifolium.npy,19,515,264477.0
Mahonia_aquifolium.npy,20,515,264477.0
Mahonia_aquifolium.npy,21,515,264477.0
Malus_domestica.npy,0,748,395447.0
Malus_domestica.npy,1,734,395587.0
Malus_domestica.npy,2,723,395697.0
Malus_domestica.npy,3,723,395697.0
Malus_domestica.npy,4,723,395697.0
Malus_domestica.npy,5,723,395697.0
Malus_domestica.npy,6,722,395707.0
Malus_domestica.npy,7,721,395717.0
Malus_domestica.npy,8,721,395717.0
Malus_domestica.npy,9,721,395717.0
Malus_domestica.npy,10,721,395717.0
Malus_domestica.npy,11,721,395717.0
Malus_domestica.npy,12,721,395717.0
Malus_domestica.npy,13,721,395717.0
Malus_domestica.npy,14,721,395717.0
Malus_domestica.npy,15,721,395717.0
Malus_domestica.npy,16,721,395717.0
Malus_domestica.npy,17,721,395717.0
Malus_domestica.npy,18,721,395717.0
Malus_domestica.npy,19,721,395717.0
Mespilus_germanica.npy,0,652,649325.0
Mespilus_germanica.npy,1,633,649515.0
Mespilus_germanica.npy,2,633,649515.0
Mespilus_germanica.npy,3,626,649585.0
Mespilus_germanica.npy,4,626,649585.0
Mespilus_germanica.npy,5,624,649605.0
Mespilus_germanica.npy,6,624,649605.0
Mespilus_germanica.npy,7,622,649625.0
Mespilus_germanica.npy,8,622,649625.0
Mespilus_germanica.npy,9,621,649635.0
Mespilus_germanica.npy,10,621,649635.0
Mespilus_germanica.npy,11,621,649635.0
Mespilus_germanica.npy,12,621,649635.0
Mespilus_germanica.npy,13,621,649635.0
Mespilus_germanica.npy,14,621,649635.0
Mespilus_germanica.npy,15,621,649635.0
Mespilus_germanica.npy,16,621,649635.0
Mespilus_germanica.npy,17,621,649635.0
Mespilus_germanica.npy,18,621,649635.0
Mespilus_germanica.npy,19,621,649635.0
Mespilus_germanica.npy,20,621,649635.0
Mespilus_germanica.npy,21,621,649635.0
Morus_alba.npy,0,1845,995295.0
Morus_alba.npy,1,1691,996835.0
Morus_alba.npy,2,1625,997495.0
Morus_alba.npy,3,1585,997895.0
Morus_alba.npy,4,1541,998335.0
Morus_alba.npy,5,1509,998655.0
Morus_alba.npy,6,1509,998655.0
Morus_alba.npy,7,1464,999105.0
Morus_alba.npy,8,1453,999215.0
Morus_alba.npy,9,1439,999355.0
Morus_alba.npy,10,1435,999395.0
Morus_alba.npy,11,1382,999925.0
Morus_alba.npy,12,1382,999925.0
Morus_alba.npy,13,1382,999925.0
Morus_alba.npy,14,1382,999925.0
Morus_alba.npy,15,1382,999925.0
Morus_alba.npy,16,1382,999925.0
Morus_alba.npy,17,1382,999925.0
Morus_alba.npy,18,1382,999925.0
Morus_alba.npy,19,1382,999925.0
Morus_alba.npy,20,1382,999925.0
Morus_alba.npy,21,1382,999925.0
Morus_alba.npy,22,1382,999925.0
Morus_alba.npy,23,1382,999925.0
Myrtus_communis.npy,0,186,49932.0
Myrtus_communis.npy,1,186,49932.0
Myrtus_communis.npy,2,186,49932.0
Myrtus_communis.npy,3,186,49932.0
Myrtus_communis.npy,4,186,49932.0
Myrtus_communis.npy,5,186,49932.0
Myrtus_communis.npy,6,186,49932.0
Myrtus_communis.npy,7,186,49932.0
Myrtus_communis.npy,8,186,49932.0
Myrtus_communis.npy,9,186,49932.0
Myrtus_communis.npy,10,186,49932.0
Myrtus_communis.npy,11,186,49932.0
Myrtus_communis.npy,12,186,49932.0
Nerium_oleander.npy,0,224,159600.0
Nerium_oleander.npy,1,222,159620.0
Nerium_oleander.npy,2,219,159650.0
Nerium_oleander.npy,3,219,159650.0
Nerium_oleander.npy,4,219,159650.0
Nerium_oleander.npy,5,219,159650.0
Nerium_oleander.npy,6,219,159650.0
Nerium_oleander.npy,7,219,159650.0
Nerium_oleander.npy,8,219,159650.0
Nerium_oleander.npy,9,219,159650.0
Nerium_oleander.npy,10,219,159650.0
Nerium_oleander.npy,11,219,159650.0
Nerium_oleander.npy,12,219,159650.0
Nerium_oleander.npy,13,219,159650.0
Nerium_oleander.npy,14,219,159650.0
Olea_oleaster.npy,0,205,69008.0
Olea_oleaster.npy,1,197,69088.0
Olea_oleaster.npy,2,193,69128.0
Olea_oleaster.npy,3,191,69148.0
Olea_oleaster.npy,4,190,69158.0
Olea_oleaster.npy,5,190,69158.0
Olea_oleaster.npy,6,190,69158.0
Olea_oleaster.npy,7,190,69158.0
Olea_oleaster.npy,8,190,69158.0
Olea_oleaster.npy,9,190,69158.0
Olea_oleaster.npy,10,190,69158.0
Olea_oleaster.npy,11,190,69158.0
Olea_oleaster.npy,12,190,69158.0
Olea_oleaster.npy,13,190,69158.0
Olea_oleaster.npy,14,190,69158.0
Olea_oleaster.npy,15,190,69158.0
Olea_oleaster.npy,16,190,69158.0
Ostrya_carpinifolia.npy,0,851,530723.0
Ostrya_carpinifolia.npy,1,782,531413.0
Ostrya_carpinifolia.npy,2,782,531413.0
Ostrya_carpinifolia.npy,3,777,531463.0
Ostrya_carpinifolia.npy,4,762,531613.0
Ostrya_carpinifolia.npy,5,752,531713.0
Ostrya_carpinifolia.npy,6,735,531883.0
Ostrya_carpinifolia.npy,7,731,531923.0
Ostrya_carpinifolia.npy,8,725,531983.0
Ostrya_carpinifolia.npy,9,725,531983.0
Ostrya_carpinifolia.npy,10,721,532023.0
Ostrya_carpinifolia.npy,11,719,532043.0
Ostrya_carpinifolia.npy,12,719,532043.0
Ostrya_carpinifolia.npy,13,715,532083.0
Ostrya_carpinifolia.npy,14,713,532103.0
Ostrya_carpinifolia.npy,15,712,532113.0
Ostrya_carpinifolia.npy,16,712,532113.0
Ostrya_carpinifolia.npy,17,712,532113.0
Ostrya_carpinifolia.npy,18,712,532113.0
Ostrya_carpinifolia.npy,19,712,532113.0
Ostrya_carpinifolia.npy,20,712,532113.0
Ostrya_carpinifolia.npy,21,712,532113.0
Ostrya_carpinifolia.npy,22,712,532113.0
Ostrya_carpinifolia.npy,23,712,532113.0
Ostrya_carpinifolia.npy,24,712,532113.0
Ostrya_carpinifolia.npy,25,712,532113.0
Ostrya_carpinifolia.npy,26,712,532113.0
Ostrya_carpinifolia.npy,27,712,532113.0
Paliurus_spinachristi.npy,0,283,69541.0
Paliurus_spinachristi.npy,1,266,69711.0
Paliurus_spinachristi.npy,2,263,69741.0
Paliurus_spinachristi.npy,3,259,69781.0
Paliurus_spinachristi.npy,4,259,69781.0
Paliurus_spinachristi.npy,5,259,69781.0
Paliurus_spinachristi.npy,6,255,69821.0
Paliurus_spinachristi.npy,7,255,69821.0
Paliurus_spinachristi.npy,8,255,69821.0
Paliurus_spinachristi.npy,9,255,69821.0
Paliurus_spinachristi.npy,10,255,69821.0
Paliurus_spinachristi.npy,11,255,69821.0
Paliurus_spinachristi.npy,12,255,69821.0
Paliurus_spinachristi.npy,13,255,69821.0
Paliurus_spinachristi.npy,14,255,69821.0
Paliurus_spinachristi.npy,15,255,69821.0
Paliurus_spinachristi.npy,16,255,69821.0
Paliurus_spinachristi.npy,17,255,69821.0
Paliurus_spinachristi.npy,18,255,69821.0
Parthenocissus_inserta.npy,0,690,323915.0
Parthenocissus_inserta.npy,1,648,324335.0
Parthenocissus_inserta.npy,2,648,324335.0
Parthenocissus_inserta.npy,3,631,324505.0
Parthenocissus_inserta.npy,4,613,324685.0
Parthenocissus_inserta.npy,5,607,324745.0
Parthenocissus_inserta.npy,6,607,324745.0
Parthenocissus_inserta.npy,7,600,324815.0
Parthenocissus_inserta.npy,8,599,324825.0
Parthenocissus_inserta.npy,9,596,324855.0
Parthenocissus_inserta.npy,10,593,324885.0
Parthenocissus_inserta.npy,11,593,324885.0
Parthenocissus_inserta.npy,12,592,324895.0
Parthenocissus_inserta.npy,13,592,324895.0
Parthenocissus_inserta.npy,14,591,324905.0
Parthenocissus_inserta.npy,15,590,324915.0
Parthenocissus_inserta.npy,16,590,324915.0
Parthenocissus_inserta.npy,17,590,324915.0
Parthenocissus_inserta.npy,18,590,324915.0
Parthenocissus_inserta.npy,19,590,324915.0
Parthenocissus_inserta.npy,20,590,324915.0
Parthenocissus_inserta.npy,21,590,324915.0
Parthenocissus_inserta.npy,22,590,324915.0
Parthenocissus_inserta.npy,23,590,324915.0
Parthenocissus_inserta.npy,24,590,324915.0
Parthenocissus_inserta.npy,25,590,324915.0
Parthenocissus_inserta.npy,26,590,324915.0
Parthenocissus_inserta.npy,27,590,324915.0
Parthenocissus_tricuspidata.npy,0,1232,1004876.0
Parthenocissus_tricuspidata.npy,1,1177,1005426.0
Parthenocissus_tricuspidata.npy,2,1157,1005626.0
Parthenocissus_tricuspidata.npy,3,1148,1005716.0
Parthenocissus_tricuspidata.npy,4,1133,1005866.0
Parthenocissus_tricuspidata.npy,5,1121,1005986.0
Parthenocissus_tricuspidata.npy,6,1113,1006066.0
Parthenocissus_tricuspidata.npy,7,1109,1006106.0
Parthenocissus_tricuspidata.npy,8,1107,1006126.0
Parthenocissus_tricuspidata.npy,9,1102,1006176.0
Parthenocissus_tricuspidata.npy,10,1098,1006216.0
Parthenocissus_tricuspidata.npy,11,1098,1006216.0
Parthenocissus_tricuspidata.npy,12,1096,1006236.0
Parthenocissus_tricuspidata.npy,13,1096,1006236.0
Parthenocissus_tricuspidata.npy,14,1095,1006246.0
Parthenocissus_tricuspidata.npy,15,1094,1006256.0
Parthenocissus_tricuspidata.npy,16,1094,1006256.0
Parthenocissus_tricuspidata.npy,17,1094,1006256.0
Parthenocissus_tricuspidata.npy,18,1094,1006256.0
Parthenocissus_tricuspidata.npy,19,1094,1006256.0
Parthenocissus_tricuspidata.npy,20,1094,1006256.0
Parthenocissus_tricuspidata.npy,21,1094,1006256.0
Parthenocissus_tricuspidata.npy,22,1094,1006256.0
Parthenocissus_tricuspidata.npy,23,1094,1006256.0
Parthenocissus_tricuspidata.npy,24,1094,1006256.0
Parthenocissus_tricuspidata.npy,25,1094,1006256.0
Parthenocissus_tricuspidata.npy,26,1094,1006256.0
Parthenocissus_tricuspidata.npy,27,1094,1006256.0
Paulownia_tomentosa.npy,0,2163,2304704.0
Paulownia_tomentosa.npy,1,2035,2305984.0
Paulownia_tomentosa.npy,2,2035,2305984.0
Paulownia_tomentosa.npy,3,2031,2306024.0
Paulownia_tomentosa.npy,4,2031,2306024.0
Paulownia_tomentosa.npy,5,2002,2306314.0
Paulownia_tomentosa.npy,6,1991,2306424.0
Paulownia_tomentosa.npy,7,1987,2306464.0
Paulownia_tomentosa.npy,8,1979,2306544.0
Paulownia_tomentosa.npy,9,1979,2306544.0
Paulownia_tomentosa.npy,10,1978,2306554.0
Paulownia_tomentosa.npy,11,1974,2306594.0
Paulownia_tomentosa.npy,12,1974,2306594.0
Paulownia_tomentosa.npy,13,1974,2306594.0
Paulownia_tomentosa.npy,14,1974,2306594.0
Paulownia_tomentosa.npy,15,1973,2306604.0
Paulownia_tomentosa.npy,16,1973,2306604.0
Paulownia_tomentosa.npy,17,1973,2306604.0
Paulownia_tomentosa.npy,18,1973,2306604.0
Paulownia_tomentosa.npy,19,1973,2306604.0
Paulownia_tomentosa.npy,20,1973,2306604.0
Paulownia_tomentosa.npy,21,1973,2306604.0
Paulownia_tomentosa.npy,22,1973,2306604.0
Paulownia_tomentosa.npy,23,1973,2306604.0
Paulownia_tomentosa.npy,24,1973,2306604.0
Paulownia_tomentosa.npy,25,1973,2306604.0
Paulownia_tomentosa.npy,26,1973,2306604.0
Paulownia_tomentosa.npy,27,1973,2306604.0
Phellodendron_amurense.npy,0,642,596771.0
Phellodendron_amurense.npy,1,631,596881.0
Phellodendron_amurense.npy,2,628,596911.0
Phellodendron_amurense.npy,3,623,596961.0
Phellodendron_amurense.npy,4,623,596961.0
Phellodendron_amurense.npy,5,623,596961.0
Phellodendron_amurense.npy,6,623,596961.0
Phellodendron_amurense.npy,7,622,596971.0
Phellodendron_amurense.npy,8,622,596971.0
Phellodendron_amurense.npy,9,622,596971.0
Phellodendron_amurense.npy,10,622,596971.0
Phellodendron_amurense.npy,11,622,596971.0
Phellodendron_amurense.npy,12,622,596971.0
Phellodendron_amurense.npy,13,622,596971.0
Phellodendron_amurense.npy,14,622,596971.0
Phellodendron_amurense.npy,15,622,596971.0
Phellodendron_amurense.npy,16,622,596971.0
Phellodendron_amurense.npy,17,622,596971.0
Phellodendron_amurense.npy,18,622,596971.0
Phellodendron_amurense.npy,19,622,596971.0
Philadelphus_coronarius.npy,0,601,247546.0
Philadelphus_coronarius.npy,1,577,247786.0
Philadelphus_coronarius.npy,2,577,247786.0
Philadelphus_coronarius.npy,3,576,247796.0
Philadelphus_coronarius.npy,4,575,247806.0
Philadelphus_coronarius.npy,5,574,247816.0
Philadelphus_coronarius.npy,6,573,247826.0
Philadelphus_coronarius.npy,7,572,247836.0
Philadelphus_coronarius.npy,8,572,247836.0
Philadelphus_coronarius.npy,9,572,247836.0
Philadelphus_coronarius.npy,10,572,247836.0
Philadelphus_coronarius.npy,11,572,247836.0
Philadelphus_coronarius.npy,12,572,247836.0
Philadelphus_coronarius.npy,13,572,247836.0
Philadelphus_coronarius.npy,14,572,247836.0
Philadelphus_coronarius.npy,15,572,247836.0
Philadelphus_coronarius.npy,16,572,247836.0
Philadelphus_coronarius.npy,17,572,247836.0
Philadelphus_coronarius.npy,18,572,247836.0
Philadelphus_coronarius.npy,19,572,247836.0
Physocarpus_opulifolius.npy,0,934,327873.0
Physocarpus_opulifolius.npy,1,767,329543.0
Physocarpus_opulifolius.npy,2,767,329543.0
Physocarpus_opulifolius.npy,3,728,329933.0
Physocarpus_opulifolius.npy,4,728,329933.0
Physocarpus_opulifolius.npy,5,728,329933.0
Physocarpus_opulifolius.npy,6,716,330053.0
Physocarpus_opulifolius.npy,7,699,330223.0
Physocarpus_opulifolius.npy,8,699,330223.0
Physocarpus_opulifolius.npy,9,699,330223.0
Physocarpus_opulifolius.npy,10,670,330513.0
Physocarpus_opulifolius.npy,11,670,330513.0
Physocarpus_opulifolius.npy,12,667,330543.0
Physocarpus_opulifolius.npy,13,663,330583.0
Physocarpus_opulifolius.npy,14,653,330683.0
Physocarpus_opulifolius.npy,15,647,330743.0
Physocarpus_opulifolius.npy,16,645,330763.0
Physocarpus_opulifolius.npy,17,643,330783.0
Physocarpus_opulifolius.npy,18,640,330813.0
Physocarpus_opulifolius.npy,19,637,330843.0
Physocarpus_opulifolius.npy,20,637,330843.0
Physocarpus_opulifolius.npy,21,637,330843.0
Physocarpus_opulifolius.npy,22,636,330853.0
Physocarpus_opulifolius.npy,23,636,330853.0
Physocarpus_opulifolius.npy,24,636,330853.0
Physocarpus_opulifolius.npy,25,636,330853.0
Physocarpus_opulifolius.npy,26,636,330853.0
Physocarpus_opulifolius.npy,27,636,330853.0
Physocarpus_opulifolius.npy,28,636,330853.0
Physocarpus_opulifolius.npy,29,636,330853.0
Physocarpus_opulifolius.npy,30,636,330853.0
Physocarpus_opulifolius.npy,31,636,330853.0
Physocarpus_opulifolius.npy,32,636,330853.0
Physocarpus_opulifolius.npy,33,636,330853.0
Physocarpus_opulifolius.npy,34,636,330853.0
Pistacia_lentiscus.npy,0,92,17349.0
Pistacia_lentiscus.npy,1,89,17379.0
Pistacia_lentiscus.npy,2,89,17379.0
Pistacia_lentiscus.npy,3,88,17389.0
Pistacia_lentiscus.npy,4,88,17389.0
Pistacia_lentiscus.npy,5,88,17389.0
Pistacia_lentiscus.npy,6,88,17389.0
Pistacia_lentiscus.npy,7,88,17389.0
Pistacia_lentiscus.npy,8,88,17389.0
Pistacia_lentiscus.npy,9,88,17389.0
Pistacia_lentiscus.npy,10,88,17389.0
Pistacia_lentiscus.npy,11,88,17389.0
Pistacia_lentiscus.npy,12,88,17389.0
Pistacia_lentiscus.npy,13,88,17389.0
Pistacia_lentiscus.npy,14,88,17389.0
Pistacia_lentiscus.npy,15,88,17389.0
Pittosporum_tobira.npy,0,583,376636.0
Pittosporum_tobira.npy,1,582,376646.0
Pittosporum_tobira.npy,2,580,376666.0
Pittosporum_tobira.npy,3,580,376666.0
Pittosporum_tobira.npy,4,578,376686.0
Pittosporum_tobira.npy,5,578,376686.0
Pittosporum_tobira.npy,6,578,376686.0
Pittosporum_tobira.npy,7,578,376686.0
Pittosporum_tobira.npy,8,578,376686.0
Pittosporum_tobira.npy,9,578,376686.0
Pittosporum_tobira.npy,10,578,376686.0
Pittosporum_tobira.npy,11,578,376686.0
Pittosporum_tobira.npy,12,578,376686.0
Pittosporum_tobira.npy,13,578,376686.0
Pittosporum_tobira.npy,14,578,376686.0
Pittosporum_tobira.npy,15,578,376686.0
Pittosporum_tobira.npy,16,578,376686.0
Platanus_hispanica.npy,0,4413,2170786.0
Platanus_hispanica.npy,1,4000,2174916.0
Platanus_hispanica.npy,2,4000,2174916.0
Platanus_hispanica.npy,3,3898,2175936.0
Platanus_hispanica.npy,4,3848,2176436.0
Platanus_hispanica.npy,5,3848,2176436.0
Platanus_hispanica.npy,6,3820,2176716.0
Platanus_hispanica.npy,7,3753,2177386.0
Platanus_hispanica.npy,8,3743,2177486.0
Platanus_hispanica.npy,9,3724,2177676.0
Platanus_hispanica.npy,10,3708,2177836.0
Platanus_hispanica.npy,11,3706,2177856.0
Platanus_hispanica.npy,12,3698,2177936.0
Platanus_hispanica.npy,13,3688,2178036.0
Platanus_hispanica.npy,14,3680,2178116.0
Platanus_hispanica.npy,15,3680,2178116.0
Platanus_hispanica.npy,16,3680,2178116.0
Platanus_hispanica.npy,17,3680,2178116.0
Platanus_hispanica.npy,18,3677,2178146.0
Platanus_hispanica.npy,19,3677,2178146.0
Platanus_hispanica.npy,20,3677,2178146.0
Platanus_hispanica.npy,21,3677,2178146.0
Platanus_hispanica.npy,22,3677,2178146.0
Platanus_hispanica.npy,23,3676,2178156.0
Platanus_hispanica.npy,24,3676,2178156.0
Platanus_hispanica.npy,25,3676,2178156.0
Platanus_hispanica.npy,26,3673,2178186.0
Platanus_hispanica.npy,27,3673,2178186.0
Platanus_hispanica.npy,28,3673,2178186.0
Platanus_hispanica.npy,29,3673,2178186.0
Platanus_hispanica.npy,30,3673,2178186.0
Platanus_hispanica.npy,31,3673,2178186.0
Platanus_hispanica.npy,32,3673,2178186.0
Platanus_hispanica.npy,33,3673,2178186.0
Platanus_hispanica.npy,34,3673,2178186.0
Platanus_hispanica.npy,35,3673,2178186.0
Platanus_hispanica.npy,36,3673,2178186.0
Platanus_hispanica.npy,37,3673,2178186.0
Platanus_hispanica.npy,38,3673,2178186.0
Populus_alba.npy,0,1262,554618.0
Populus_alba.npy,1,1082,556418.0
Populus_alba.npy,2,1082,556418.0
Populus_alba.npy,3,1082,556418.0
Populus_alba.npy,4,1029,556948.0
Populus_alba.npy,5,1020,557038.0
Populus_alba.npy,6,1020,557038.0
Populus_alba.npy,7,1020,557038.0
Populus_alba.npy,8,1020,557038.0
Populus_alba.npy,9,1020,557038.0
Populus_alba.npy,10,1020,557038.0
Populus_alba.npy,11,1020,557038.0
Populus_alba.npy,12,988,557358.0
Populus_alba.npy,13,988,557358.0
Populus_alba.npy,14,988,557358.0
Populus_alba.npy,15,984,557398.0
Populus_alba.npy,16,984,557398.0
Populus_alba.npy,17,977,557468.0
Populus_alba.npy,18,965,557588.0
Populus_alba.npy,19,950,557738.0
Populus_alba.npy,20,947,557768.0
Populus_alba.npy,21,930,557938.0
Populus_alba.npy,22,930,557938.0
Populus_alba.npy,23,926,557978.0
Populus_alba.npy,24,923,558008.0
Populus_alba.npy,25,923,558008.0
Populus_alba.npy,26,919,558048.0
Populus_alba.npy,27,919,558048.0
Populus_alba.npy,28,919,558048.0
Populus_alba.npy,29,919,558048.0
Populus_alba.npy,30,918,558058.0
Populus_alba.npy,31,918,558058.0
Populus_alba.npy,32,918,558058.0
Populus_alba.npy,33,918,558058.0
Populus_alba.npy,34,918,558058.0
Populus_alba.npy,35,918,558058.0
Populus_alba.npy,36,918,558058.0
Populus_alba.npy,37,918,558058.0
Populus_alba.npy,38,918,558058.0
Populus_alba.npy,39,918,558058.0
Populus_alba.npy,40,918,558058.0
Populus_alba.npy,41,918,558058.0
Populus_alba.npy,42,918,558058.0
Populus_canadensis.npy,0,1692,719958.0
Populus_canadensis.npy,1,1302,723858.0
Populus_canadensis.npy,2,1302,723858.0
Populus_canadensis.npy,3,1174,725138.0
Populus_canadensis.npy,4,1174,725138.0
Populus_canadensis.npy,5,1025,726628.0
Populus_canadensis.npy,6,1025,726628.0
Populus_canadensis.npy,7,1025,726628.0
Populus_canadensis.npy,8,1025,726628.0
Populus_canadensis.npy,9,1025,726628.0
Populus_canadensis.npy,10,1025,726628.0
Populus_canadensis.npy,11,1025,726628.0
Populus_canadensis.npy,12,1025,726628.0
Populus_canadensis.npy,13,1025,726628.0
Populus_canadensis.npy,14,1025,726628.0
Populus_canadensis.npy,15,1025,726628.0
Populus_canadensis.npy,16,1011,726768.0
Populus_canadensis.npy,17,1007,726808.0
Populus_canadensis.npy,18,1007,726808.0
Populus_canadensis.npy,19,988,726998.0
Populus_canadensis.npy,20,983,727048.0
Populus_canadensis.npy,21,959,727288.0
Populus_canadensis.npy,22,959,727288.0
Populus_canadensis.npy,23,959,727288.0
Populus_canadensis.npy,24,959,727288.0
Populus_canadensis.npy,25,946,727418.0
Populus_canadensis.npy,26,941,727468.0
Populus_canadensis.npy,27,941,727468.0
Populus_canadensis.npy,28,940,727478.0
Populus_canadensis.npy,29,939,727488.0
Populus_canadensis.npy,30,929,727588.0
Populus_canadensis.npy,31,929,727588.0
Populus_canadensis.npy,32,929,727588.0
Populus_canadensis.npy,33,929,727588.0
Populus_canadensis.npy,34,929,727588.0
Populus_canadensis.npy,35,929,727588.0
Populus_canadensis.npy,36,929,727588.0
Populus_canadensis.npy,37,929,727588.0
Populus_canadensis.npy,38,929,727588.0
Populus_canadensis.npy,39,929,727588.0
Populus_canadensis.npy,40,929,727588.0
Populus_canadensis.npy,41,926,727618.0
Populus_canadensis.npy,42,925,727628.0
Populus_canadensis.npy,43,925,727628.0
Populus_canadensis.npy,44,925,727628.0
Populus_canadensis.npy,45,925,727628.0
Populus_canadensis.npy,46,925,727628.0
Populus_canadensis.npy,47,925,727628.0
Populus_canadensis.npy,48,925,727628.0
Populus_canadensis.npy,49,925,727628.0
Populus_canadensis.npy,50,925,727628.0
Populus_canadensis.npy,51,924,727638.0
Populus_canadensis.npy,52,924,727638.0
Populus_canadensis.npy,53,924,727638.0
Populus_canadensis.npy,54,924,727638.0
Populus_canadensis.npy,55,924,727638.0
Populus_canadensis.npy,56,924,727638.0
Populus_canadensis.npy,57,924,727638.0
Populus_canadensis.npy,58,924,727638.0
Populus_canadensis.npy,59,924,727638.0
Populus_canadensis.npy,60,920,727678.0
Populus_canadensis.npy,61,920,727678.0
Populus_canadensis.npy,62,920,727678.0
Populus_canadensis.npy,63,920,727678.0
Populus_canadensis.npy,64,920,727678.0
Populus_canadensis.npy,65,920,727678.0
Populus_canadensis.npy,66,920,727678.0
Populus_canadensis.npy,67,919,727688.0
Populus_canadensis.npy,68,916,727718.0
Populus_canadensis.npy,69,916,727718.0
Populus_canadensis.npy,70,916,727718.0
Populus_canadensis.npy,71,914,727738.0
Populus_canadensis.npy,72,914,727738.0
Populus_canadensis.npy,73,914,727738.0
Populus_canadensis.npy,74,914,727738.0
Populus_canadensis.npy,75,914,727738.0
Populus_canadensis.npy,76,914,727738.0
Populus_canadensis.npy,77,914,727738.0
Populus_canadensis.npy,78,914,727738.0
Populus_canadensis.npy,79,914,727738.0
Populus_canadensis.npy,80,914,727738.0
Populus_canadensis.npy,81,914,727738.0
Populus_canadensis.npy,82,914,727738.0
Populus_canadensis.npy,83,914,727738.0
Populus_canescens.npy,0,1471,789864.0
Populus_canescens.npy,1,1335,791224.0
Populus_canescens.npy,2,1335,791224.0
Populus_canescens.npy,3,1302,791554.0
Populus_canescens.npy,4,1286,791714.0
Populus_canescens.npy,5,1286,791714.0
Populus_canescens.npy,6,1286,791714.0
Populus_canescens.npy,7,1261,791964.0
Populus_canescens.npy,8,1261,791964.0
Populus_canescens.npy,9,1245,792124.0
Populus_canescens.npy,10,1238,792194.0
Populus_canescens.npy,11,1236,792214.0
Populus_canescens.npy,12,1236,792214.0
Populus_canescens.npy,13,1227,792304.0
Populus_canescens.npy,14,1227,792304.0
Populus_canescens.npy,15,1227,792304.0
Populus_canescens.npy,16,1227,792304.0
Populus_canescens.npy,17,1226,792314.0
Populus_canescens.npy,18,1225,792324.0
Populus_canescens.npy,19,1223,792344.0
Populus_canescens.npy,20,1223,792344.0
Populus_canescens.npy,21,1223,792344.0
Populus_canescens.npy,22,1223,792344.0
Populus_canescens.npy,23,1223,792344.0
Populus_canescens.npy,24,1223,792344.0
Populus_canescens.npy,25,1223,792344.0
Populus_canescens.npy,26,1223,792344.0
Populus_canescens.npy,27,1223,792344.0
Populus_canescens.npy,28,1223,792344.0
Populus_canescens.npy,29,1223,792344.0
Populus_canescens.npy,30,1223,792344.0
Populus_canescens.npy,31,1223,792344.0
Populus_nigra.npy,0,1229,488990.0
Populus_nigra.npy,1,1145,489830.0
Populus_nigra.npy,2,1123,490050.0
Populus_nigra.npy,3,1105,490230.0
Populus_nigra.npy,4,1100,490280.0
Populus_nigra.npy,5,1096,490320.0
Populus_nigra.npy,6,1085,490430.0
Populus_nigra.npy,7,1084,490440.0
Populus_nigra.npy,8,1084,490440.0
Populus_nigra.npy,9,1084,490440.0
Populus_nigra.npy,10,1082,490460.0
Populus_nigra.npy,11,1079,490490.0
Populus_nigra.npy,12,1078,490500.0
Populus_nigra.npy,13,1078,490500.0
Populus_nigra.npy,14,1078,490500.0
Populus_nigra.npy,15,1078,490500.0
Populus_nigra.npy,16,1078,490500.0
Populus_nigra.npy,17,1077,490510.0
Populus_nigra.npy,18,1077,490510.0
Populus_nigra.npy,19,1077,490510.0
Populus_nigra.npy,20,1077,490510.0
Populus_nigra.npy,21,1077,490510.0
Populus_nigra.npy,22,1077,490510.0
Populus_nigra.npy,23,1077,490510.0
Populus_nigra.npy,24,1077,490510.0
Populus_nigra.npy,25,1077,490510.0
Populus_nigra.npy,26,1077,490510.0
Populus_nigra.npy,27,1077,490510.0
Populus_nigra.npy,28,1077,490510.0
Populus_nigra.npy,29,1077,490510.0
Populus_tremula.npy,0,1187,546656.0
Populus_tremula.npy,1,1052,548006.0
Populus_tremula.npy,2,1022,548306.0
Populus_tremula.npy,3,999,548536.0
Populus_tremula.npy,4,999,548536.0
Populus_tremula.npy,5,969,548836.0
Populus_tremula.npy,6,956,548966.0
Populus_tremula.npy,7,949,549036.0
Populus_tremula.npy,8,936,549166.0
Populus_tremula.npy,9,935,549176.0
Populus_tremula.npy,10,934,549186.0
Populus_tremula.npy,11,928,549246.0
Populus_tremula.npy,12,928,549246.0
Populus_tremula.npy,13,927,549256.0
Populus_tremula.npy,14,927,549256.0
Populus_tremula.npy,15,927,549256.0
Populus_tremula.npy,16,927,549256.0
Populus_tremula.npy,17,927,549256.0
Populus_tremula.npy,18,927,549256.0
Populus_tremula.npy,19,927,549256.0
Populus_tremula.npy,20,927,549256.0
Populus_tremula.npy,21,927,549256.0
Populus_tremula.npy,22,927,549256.0
Populus_tremula.npy,23,927,549256.0
Populus_tremula.npy,24,927,549256.0
Populus_tremula.npy,25,927,549256.0
Prunus_armeniaca.npy,0,695,341774.0
Prunus_armeniaca.npy,1,622,342504.0
Prunus_armeniaca.npy,2,597,342754.0
Prunus_armeniaca.npy,3,595,342774.0
Prunus_armeniaca.npy,4,579,342934.0
Prunus_armeniaca.npy,5,577,342954.0
Prunus_armeniaca.npy,6,571,343014.0
Prunus_armeniaca.npy,7,571,343014.0
Prunus_armeniaca.npy,8,569,343034.0
Prunus_armeniaca.npy,9,568,343044.0
Prunus_armeniaca.npy,10,567,343054.0
Prunus_armeniaca.npy,11,566,343064.0
Prunus_armeniaca.npy,12,565,343074.0
Prunus_armeniaca.npy,13,565,343074.0
Prunus_armeniaca.npy,14,565,343074.0
Prunus_armeniaca.npy,15,565,343074.0
Prunus_armeniaca.npy,16,565,343074.0
Prunus_armeniaca.npy,17,565,343074.0
Prunus_armeniaca.npy,18,565,343074.0
Prunus_armeniaca.npy,19,565,343074.0
Prunus_armeniaca.npy,20,565,343074.0
Prunus_armeniaca.npy,21,565,343074.0
Prunus_armeniaca.npy,22,565,343074.0
Prunus_armeniaca.npy,23,565,343074.0
Prunus_armeniaca.npy,24,565,343074.0
Prunus_avium.npy,0,1384,4801096.0
Prunus_avium.npy,1,762,4807316.0
Prunus_avium.npy,2,762,4807316.0
Prunus_avium.npy,3,762,4807316.0
Prunus_avium.npy,4,762,4807316.0
Prunus_avium.npy,5,762,4807316.0
Prunus_avium.npy,6,762,4807316.0
Prunus_avium.npy,7,762,4807316.0
Prunus_avium.npy,8,762,4807316.0
Prunus_avium.npy,9,762,4807316.0
Prunus_avium.npy,10,762,4807316.0
Prunus_avium.npy,11,762,4807316.0
Prunus_avium.npy,12,491,4810026.0
Prunus_avium.npy,13,491,4810026.0
Prunus_avium.npy,14,491,4810026.0
Prunus_avium.npy,15,491,4810026.0
Prunus_avium.npy,16,491,4810026.0
Prunus_avium.npy,17,491,4810026.0
Prunus_avium.npy,18,491,4810026.0
Prunus_avium.npy,19,491,4810026.0
Prunus_avium.npy,20,491,4810026.0
Prunus_avium.npy,21,480,4810136.0
Prunus_avium.npy,22,480,4810136.0
Prunus_avium.npy,23,480,4810136.0
Prunus_avium.npy,24,480,4810136.0
Prunus_avium.npy,25,480,4810136.0
Prunus_avium.npy,26,480,4810136.0
Prunus_avium.npy,27,480,4810136.0
Prunus_avium.npy,28,480,4810136.0
Prunus_avium.npy,29,480,4810136.0
Prunus_avium.npy,30,480,4810136.0
Prunus_avium.npy,31,480,4810136.0
Prunus_avium.npy,32,480,4810136.0
Prunus_avium.npy,33,480,4810136.0
Prunus_cerasifera.npy,0,299,81374.0
Prunus_cerasifera.npy,1,299,81374.0
Prunus_cerasifera.npy,2,291,81454.0
Prunus_cerasifera.npy,3,291,81454.0
Prunus_cerasifera.npy,4,291,81454.0
Prunus_cerasifera.npy,5,289,81474.0
Prunus_cerasifera.npy,6,289,81474.0
Prunus_cerasifera.npy,7,288,81484.0
Prunus_cerasifera.npy,8,288,81484.0
Prunus_cerasifera.npy,9,288,81484.0
Prunus_cerasifera.npy,10,288,81484.0
Prunus_cerasifera.npy,11,288,81484.0
Prunus_cerasifera.npy,12,288,81484.0
Prunus_cerasifera.npy,13,288,81484.0
Prunus_cerasifera.npy,14,288,81484.0
Prunus_cerasifera.npy,15,288,81484.0
Prunus_cerasifera.npy,16,288,81484.0
Prunus_cerasifera.npy,17,288,81484.0
Prunus_cerasifera.npy,18,288,81484.0
Prunus_cerasifera.npy,19,288,81484.0
Prunus_laurocerasus.npy,0,541,490959.0
Prunus_laurocerasus.npy,1,541,490959.0
Prunus_laurocerasus.npy,2,541,490959.0
Prunus_laurocerasus.npy,3,541,490959.0
Prunus_laurocerasus.npy,4,541,490959.0
Prunus_laurocerasus.npy,5,541,490959.0
Prunus_laurocerasus.npy,6,541,490959.0
Prunus_laurocerasus.npy,7,541,490959.0
Prunus_laurocerasus.npy,8,541,490959.0
Prunus_laurocerasus.npy,9,541,490959.0
Prunus_laurocerasus.npy,10,541,490959.0
Prunus_laurocerasus.npy,11,541,490959.0
Prunus_laurocerasus.npy,12,541,490959.0
Prunus_mahaleb.npy,0,556,241952.0
Prunus_mahaleb.npy,1,525,242262.0
Prunus_mahaleb.npy,2,511,242402.0
Prunus_mahaleb.npy,3,511,242402.0
Prunus_mahaleb.npy,4,509,242422.0
Prunus_mahaleb.npy,5,507,242442.0
Prunus_mahaleb.npy,6,497,242542.0
Prunus_mahaleb.npy,7,497,242542.0
Prunus_mahaleb.npy,8,493,242582.0
Prunus_mahaleb.npy,9,493,242582.0
Prunus_mahaleb.npy,10,491,242602.0
Prunus_mahaleb.npy,11,489,242622.0
Prunus_mahaleb.npy,12,489,242622.0
Prunus_mahaleb.npy,13,488,242632.0
Prunus_mahaleb.npy,14,488,242632.0
Prunus_mahaleb.npy,15,488,242632.0
Prunus_mahaleb.npy,16,487,242642.0
Prunus_mahaleb.npy,17,487,242642.0
Prunus_mahaleb.npy,18,487,242642.0
Prunus_mahaleb.npy,19,487,242642.0
Prunus_mahaleb.npy,20,487,242642.0
Prunus_mahaleb.npy,21,487,242642.0
Prunus_mahaleb.npy,22,487,242642.0
Prunus_mahaleb.npy,23,487,242642.0
Prunus_mahaleb.npy,24,487,242642.0
Prunus_mahaleb.npy,25,487,242642.0
Prunus_mahaleb.npy,26,487,242642.0
Prunus_mahaleb.npy,27,487,242642.0
Prunus_mahaleb.npy,28,487,242642.0
Prunus_padus.npy,0,608,345761.0
Prunus_padus.npy,1,582,346021.0
Prunus_padus.npy,2,575,346091.0
Prunus_padus.npy,3,570,346141.0
Prunus_padus.npy,4,569,346151.0
Prunus_padus.npy,5,567,346171.0
Prunus_padus.npy,6,567,346171.0
Prunus_padus.npy,7,562,346221.0
Prunus_padus.npy,8,562,346221.0
Prunus_padus.npy,9,562,346221.0
Prunus_padus.npy,10,560,346241.0
Prunus_padus.npy,11,560,346241.0
Prunus_padus.npy,12,560,346241.0
Prunus_padus.npy,13,560,346241.0
Prunus_padus.npy,14,560,346241.0
Prunus_padus.npy,15,560,346241.0
Prunus_padus.npy,16,560,346241.0
Prunus_padus.npy,17,560,346241.0
Prunus_padus.npy,18,560,346241.0
Prunus_padus.npy,19,560,346241.0
Prunus_padus.npy,20,560,346241.0
Prunus_padus.npy,21,560,346241.0
Prunus_padus.npy,22,560,346241.0
Prunus_persica.npy,0,724,643460.0
Prunus_persica.npy,1,702,643680.0
Prunus_persica.npy,2,702,643680.0
Prunus_persica.npy,3,688,643820.0
Prunus_persica.npy,4,688,643820.0
Prunus_persica.npy,5,683,643870.0
Prunus_persica.npy,6,680,643900.0
Prunus_persica.npy,7,679,643910.0
Prunus_persica.npy,8,678,643920.0
Prunus_persica.npy,9,678,643920.0
Prunus_persica.npy,10,678,643920.0
Prunus_persica.npy,11,678,643920.0
Prunus_persica.npy,12,678,643920.0
Prunus_persica.npy,13,678,643920.0
Prunus_persica.npy,14,678,643920.0
Prunus_persica.npy,15,678,643920.0
Prunus_persica.npy,16,678,643920.0
Prunus_persica.npy,17,678,643920.0
Prunus_persica.npy,18,678,643920.0
Prunus_persica.npy,19,678,643920.0
Prunus_persica.npy,20,678,643920.0
Prunus_spinosa.npy,0,430,160304.0
Prunus_spinosa.npy,1,413,160474.0
Prunus_spinosa.npy,2,410,160504.0
Prunus_spinosa.npy,3,410,160504.0
Prunus_spinosa.npy,4,405,160554.0
Prunus_spinosa.npy,5,405,160554.0
Prunus_spinosa.npy,6,405,160554.0
Prunus_spinosa.npy,7,404,160564.0
Prunus_spinosa.npy,8,404,160564.0
Prunus_spinosa.npy,9,404,160564.0
Prunus_spinosa.npy,10,404,160564.0
Prunus_spinosa.npy,11,404,160564.0
Prunus_spinosa.npy,12,404,160564.0
Prunus_spinosa.npy,13,404,160564.0
Prunus_spinosa.npy,14,404,160564.0
Prunus_spinosa.npy,15,404,160564.0
Prunus_spinosa.npy,16,404,160564.0
Prunus_spinosa.npy,17,404,160564.0
Prunus_spinosa.npy,18,404,160564.0
Prunus_spinosa.npy,19,404,160564.0
Pterocarya_pterocarpa.npy,0,758,711482.0
Pterocarya_pterocarpa.npy,1,736,711702.0
Pterocarya_pterocarpa.npy,2,718,711882.0
Pterocarya_pterocarpa.npy,3,718,711882.0
Pterocarya_pterocarpa.npy,4,718,711882.0
Pterocarya_pterocarpa.npy,5,710,711962.0
Pterocarya_pterocarpa.npy,6,709,711972.0
Pterocarya_pterocarpa.npy,7,707,711992.0
Pterocarya_pterocarpa.npy,8,706,712002.0
Pterocarya_pterocarpa.npy,9,705,712012.0
Pterocarya_pterocarpa.npy,10,705,712012.0
Pterocarya_pterocarpa.npy,11,704,712022.0
Pterocarya_pterocarpa.npy,12,704,712022.0
Pterocarya_pterocarpa.npy,13,704,712022.0
Pterocarya_pterocarpa.npy,14,704,712022.0
Pterocarya_pterocarpa.npy,15,704,712022.0
Pterocarya_pterocarpa.npy,16,704,712022.0
Pterocarya_pterocarpa.npy,17,704,712022.0
Pterocarya_pterocarpa.npy,18,704,712022.0
Pterocarya_pterocarpa.npy,19,704,712022.0
Pterocarya_pterocarpa.npy,20,704,712022.0
Pterocarya_pterocarpa.npy,21,704,712022.0
Pterocarya_pterocarpa.npy,22,704,712022.0
Pterocarya_pterocarpa.npy,23,704,712022.0
Punica_granatum.npy,0,243,67820.0
Punica_granatum.npy,1,237,67880.0
Punica_granatum.npy,2,236,67890.0
Punica_granatum.npy,3,236,67890.0
Punica_granatum.npy,4,235,67900.0
Punica_granatum.npy,5,235,67900.0
Punica_granatum.npy,6,235,67900.0
Punica_granatum.npy,7,234,67910.0
Punica_granatum.npy,8,234,67910.0
Punica_granatum.npy,9,234,67910.0
Punica_granatum.npy,10,234,67910.0
Punica_granatum.npy,11,234,67910.0
Punica_granatum.npy,12,234,67910.0
Punica_granatum.npy,13,234,67910.0
Punica_granatum.npy,14,234,67910.0
Punica_granatum.npy,15,234,67910.0
Punica_granatum.npy,16,234,67910.0
Punica_granatum.npy,17,234,67910.0
Punica_granatum.npy,18,234,67910.0
Punica_granatum.npy,19,234,67910.0
Pyracantha_coccinea.npy,0,254,102747.0
Pyracantha_coccinea.npy,1,254,102747.0
Pyracantha_coccinea.npy,2,253,102757.0
Pyracantha_coccinea.npy,3,253,102757.0
Pyracantha_coccinea.npy,4,253,102757.0
Pyracantha_coccinea.npy,5,253,102757.0
Pyracantha_coccinea.npy,6,253,102757.0
Pyracantha_coccinea.npy,7,253,102757.0
Pyracantha_coccinea.npy,8,253,102757.0
Pyracantha_coccinea.npy,9,253,102757.0
Pyracantha_coccinea.npy,10,253,102757.0
Pyracantha_coccinea.npy,11,253,102757.0
Pyracantha_coccinea.npy,12,253,102757.0
Pyracantha_coccinea.npy,13,253,102757.0
Pyracantha_coccinea.npy,14,253,102757.0
Pyrus_amygdaliformis.npy,0,157,27518.0
Pyrus_amygdaliformis.npy,1,152,27568.0
Pyrus_amygdaliformis.npy,2,150,27588.0
Pyrus_amygdaliformis.npy,3,150,27588.0
Pyrus_amygdaliformis.npy,4,149,27598.0
Pyrus_amygdaliformis.npy,5,148,27608.0
Pyrus_amygdaliformis.npy,6,148,27608.0
Pyrus_amygdaliformis.npy,7,148,27608.0
Pyrus_amygdaliformis.npy,8,147,27618.0
Pyrus_amygdaliformis.npy,9,147,27618.0
Pyrus_amygdaliformis.npy,10,147,27618.0
Pyrus_amygdaliformis.npy,11,147,27618.0
Pyrus_amygdaliformis.npy,12,147,27618.0
Pyrus_amygdaliformis.npy,13,147,27618.0
Pyrus_amygdaliformis.npy,14,147,27618.0
Pyrus_amygdaliformis.npy,15,147,27618.0
Pyrus_amygdaliformis.npy,16,147,27618.0
Pyrus_amygdaliformis.npy,17,147,27618.0
Pyrus_amygdaliformis.npy,18,147,27618.0
Pyrus_amygdaliformis.npy,19,147,27618.0
Pyrus_amygdaliformis.npy,20,147,27618.0
Quercus_cerris.npy,0,1279,712359.0
Quercus_cerris.npy,1,1225,712899.0
Quercus_cerris.npy,2,1201,713139.0
Quercus_cerris.npy,3,1195,713199.0
Quercus_cerris.npy,4,1183,713319.0
Quercus_cerris.npy,5,1177,713379.0
Quercus_cerris.npy,6,1177,713379.0
Quercus_cerris.npy,7,1177,713379.0
Quercus_cerris.npy,8,1175,713399.0
Quercus_cerris.npy,9,1172,713429.0
Quercus_cerris.npy,10,1172,713429.0
Quercus_cerris.npy,11,1171,713439.0
Quercus_cerris.npy,12,1171,713439.0
Quercus_cerris.npy,13,1171,713439.0
Quercus_cerris.npy,14,1171,713439.0
Quercus_cerris.npy,15,1171,713439.0
Quercus_cerris.npy,16,1171,713439.0
Quercus_cerris.npy,17,1171,713439.0
Quercus_cerris.npy,18,1171,713439.0
Quercus_cerris.npy,19,1171,713439.0
Quercus_cerris.npy,20,1171,713439.0
Quercus_cerris.npy,21,1171,713439.0
Quercus_cerris.npy,22,1171,713439.0
Quercus_cerris.npy,23,1171,713439.0
Quercus_frainetto.npy,0,2376,737211.0
Quercus_frainetto.npy,1,2283,738141.0
Quercus_frainetto.npy,2,2209,738881.0
Quercus_frainetto.npy,3,2114,739831.0
Quercus_frainetto.npy,4,2094,740031.0
Quercus_frainetto.npy,5,2094,740031.0
Quercus_frainetto.npy,6,2074,740231.0
Quercus_frainetto.npy,7,2052,740451.0
Quercus_frainetto.npy,8,2023,740741.0
Quercus_frainetto.npy,9,2017,740801.0
Quercus_frainetto.npy,10,2016,740811.0
Quercus_frainetto.npy,11,2009,740881.0
Quercus_frainetto.npy,12,2002,740951.0
Quercus_frainetto.npy,13,2000,740971.0
Quercus_frainetto.npy,14,1995,741021.0
Quercus_frainetto.npy,15,1993,741041.0
Quercus_frainetto.npy,16,1992,741051.0
Quercus_frainetto.npy,17,1992,741051.0
Quercus_frainetto.npy,18,1990,741071.0
Quercus_frainetto.npy,19,1990,741071.0
Quercus_frainetto.npy,20,1990,741071.0
Quercus_frainetto.npy,21,1990,741071.0
Quercus_frainetto.npy,22,1990,741071.0
Quercus_frainetto.npy,23,1990,741071.0
Quercus_frainetto.npy,24,1990,741071.0
Quercus_frainetto.npy,25,1990,741071.0
Quercus_frainetto.npy,26,1990,741071.0
Quercus_frainetto.npy,27,1990,741071.0
Quercus_frainetto.npy,28,1990,741071.0
Quercus_frainetto.npy,29,1990,741071.0
Quercus_frainetto.npy,30,1990,741071.0
Quercus_macrocarpa.npy,0,2148,1066879.0
Quercus_macrocarpa.npy,1,1850,1069859.0
Quercus_macrocarpa.npy,2,1750,1070859.0
Quercus_macrocarpa.npy,3,1750,1070859.0
Quercus_macrocarpa.npy,4,1750,1070859.0
Quercus_macrocarpa.npy,5,1742,1070939.0
Quercus_macrocarpa.npy,6,1742,1070939.0
Quercus_macrocarpa.npy,7,1694,1071419.0
Quercus_macrocarpa.npy,8,1694,1071419.0
Quercus_macrocarpa.npy,9,1694,1071419.0
Quercus_macrocarpa.npy,10,1647,1071889.0
Quercus_macrocarpa.npy,11,1619,1072169.0
Quercus_macrocarpa.npy,12,1619,1072169.0
Quercus_macrocarpa.npy,13,1604,1072319.0
Quercus_macrocarpa.npy,14,1596,1072399.0
Quercus_macrocarpa.npy,15,1591,1072449.0
Quercus_macrocarpa.npy,16,1584,1072519.0
Quercus_macrocarpa.npy,17,1575,1072609.0
Quercus_macrocarpa.npy,18,1571,1072649.0
Quercus_macrocarpa.npy,19,1568,1072679.0
Quercus_macrocarpa.npy,20,1568,1072679.0
Quercus_macrocarpa.npy,21,1566,1072699.0
Quercus_macrocarpa.npy,22,1566,1072699.0
Quercus_macrocarpa.npy,23,1566,1072699.0
Quercus_macrocarpa.npy,24,1566,1072699.0
Quercus_macrocarpa.npy,25,1566,1072699.0
Quercus_macrocarpa.npy,26,1566,1072699.0
Quercus_macrocarpa.npy,27,1559,1072769.0
Quercus_macrocarpa.npy,28,1559,1072769.0
Quercus_macrocarpa.npy,29,1559,1072769.0
Quercus_macrocarpa.npy,30,1559,1072769.0
Quercus_macrocarpa.npy,31,1559,1072769.0
Quercus_macrocarpa.npy,32,1559,1072769.0
Quercus_macrocarpa.npy,33,1559,1072769.0
Quercus_macrocarpa.npy,34,1559,1072769.0
Quercus_macrocarpa.npy,35,1559,1072769.0
Quercus_macrocarpa.npy,36,1559,1072769.0
Quercus_macrocarpa.npy,37,1559,1072769.0
Quercus_macrocarpa.npy,38,1559,1072769.0
Quercus_macrocarpa.npy,39,1559,1072769.0
Quercus_palustris.npy,0,2342,304822.0
Quercus_palustris.npy,1,2167,306572.0
Quercus_palustris.npy,2,2106,307182.0
Quercus_palustris.npy,3,2003,308212.0
Quercus_palustris.npy,4,1941,308832.0
Quercus_palustris.npy,5,1941,308832.0
Quercus_palustris.npy,6,1931,308932.0
Quercus_palustris.npy,7,1884,309402.0
Quercus_palustris.npy,8,1884,309402.0
Quercus_palustris.npy,9,1852,309722.0
Quercus_palustris.npy,10,1852,309722.0
Quercus_palustris.npy,11,1850,309742.0
Quercus_palustris.npy,12,1850,309742.0
Quercus_palustris.npy,13,1835,309892.0
Quercus_palustris.npy,14,1835,309892.0
Quercus_palustris.npy,15,1830,309942.0
Quercus_palustris.npy,16,1821,310032.0
Quercus_palustris.npy,17,1817,310072.0
Quercus_palustris.npy,18,1816,310082.0
Quercus_palustris.npy,19,1815,310092.0
Quercus_palustris.npy,20,1773,310512.0
Quercus_palustris.npy,21,1773,310512.0
Quercus_palustris.npy,22,1773,310512.0
Quercus_palustris.npy,23,1773,310512.0
Quercus_palustris.npy,24,1773,310512.0
Quercus_palustris.npy,25,1773,310512.0
Quercus_palustris.npy,26,1773,310512.0
Quercus_palustris.npy,27,1773,310512.0
Quercus_palustris.npy,28,1773,310512.0
Quercus_palustris.npy,29,1773,310512.0
Quercus_palustris.npy,30,1773,310512.0
Quercus_palustris.npy,31,1773,310512.0
Quercus_palustris.npy,32,1773,310512.0
Quercus_petraea.npy,0,1531,882881.0
Quercus_petraea.npy,1,1393,884261.0
Quercus_petraea.npy,2,1327,884921.0
Quercus_petraea.npy,3,1327,884921.0
Quercus_petraea.npy,4,1327,884921.0
Quercus_petraea.npy,5,1309,885101.0
Quercus_petraea.npy,6,1284,885351.0
Quercus_petraea.npy,7,1284,885351.0
Quercus_petraea.npy,8,1274,885451.0
Quercus_petraea.npy,9,1274,885451.0
Quercus_petraea.npy,10,1269,885501.0
Quercus_petraea.npy,11,1265,885541.0
Quercus_petraea.npy,12,1262,885571.0
Quercus_petraea.npy,13,1262,885571.0
Quercus_petraea.npy,14,1261,885581.0
Quercus_petraea.npy,15,1261,885581.0
Quercus_petraea.npy,16,1260,885591.0
Quercus_petraea.npy,17,1260,885591.0
Quercus_petraea.npy,18,1260,885591.0
Quercus_petraea.npy,19,1260,885591.0
Quercus_petraea.npy,20,1260,885591.0
Quercus_petraea.npy,21,1260,885591.0
Quercus_petraea.npy,22,1260,885591.0
Quercus_petraea.npy,23,1260,885591.0
Quercus_petraea.npy,24,1260,885591.0
Quercus_petraea.npy,25,1260,885591.0
Quercus_petraea.npy,26,1260,885591.0
Quercus_petraea.npy,27,1260,885591.0
Quercus_petraea.npy,28,1260,885591.0
Quercus_pubescens.npy,0,1813,604536.0
Quercus_pubescens.npy,1,1545,607216.0
Quercus_pubescens.npy,2,1545,607216.0
Quercus_pubescens.npy,3,1545,607216.0
Quercus_pubescens.npy,4,1419,608476.0
Quercus_pubescens.npy,5,1419,608476.0
Quercus_pubescens.npy,6,1419,608476.0
Quercus_pubescens.npy,7,1415,608516.0
Quercus_pubescens.npy,8,1389,608776.0
Quercus_pubescens.npy,9,1347,609196.0
Quercus_pubescens.npy,10,1347,609196.0
Quercus_pubescens.npy,11,1347,609196.0
Quercus_pubescens.npy,12,1335,609316.0
Quercus_pubescens.npy,13,1335,609316.0
Quercus_pubescens.npy,14,1323,609436.0
Quercus_pubescens.npy,15,1322,609446.0
Quercus_pubescens.npy,16,1319,609476.0
Quercus_pubescens.npy,17,1316,609506.0
Quercus_pubescens.npy,18,1314,609526.0
Quercus_pubescens.npy,19,1312,609546.0
Quercus_pubescens.npy,20,1311,609556.0
Quercus_pubescens.npy,21,1310,609566.0
Quercus_pubescens.npy,22,1310,609566.0
Quercus_pubescens.npy,23,1310,609566.0
Quercus_pubescens.npy,24,1310,609566.0
Quercus_pubescens.npy,25,1309,609576.0
Quercus_pubescens.npy,26,1302,609646.0
Quercus_pubescens.npy,27,1302,609646.0
Quercus_pubescens.npy,28,1302,609646.0
Quercus_pubescens.npy,29,1302,609646.0
Quercus_pubescens.npy,30,1302,609646.0
Quercus_pubescens.npy,31,1302,609646.0
Quercus_pubescens.npy,32,1302,609646.0
Quercus_pubescens.npy,33,1302,609646.0
Quercus_pubescens.npy,34,1302,609646.0
Quercus_pubescens.npy,35,1302,609646.0
Quercus_pubescens.npy,36,1302,609646.0
Quercus_pubescens.npy,37,1302,609646.0
Quercus_pubescens.npy,38,1302,609646.0
Quercus_robur.npy,0,1688,812571.0
Quercus_robur.npy,1,1516,814291.0
Quercus_robur.npy,2,1516,814291.0
Quercus_robur.npy,3,1445,815001.0
Quercus_robur.npy,4,1406,815391.0
Quercus_robur.npy,5,1406,815391.0
Quercus_robur.npy,6,1387,815581.0
Quercus_robur.npy,7,1371,815741.0
Quercus_robur.npy,8,1367,815781.0
Quercus_robur.npy,9,1355,815901.0
Quercus_robur.npy,10,1343,816021.0
Quercus_robur.npy,11,1343,816021.0
Quercus_robur.npy,12,1342,816031.0
Quercus_robur.npy,13,1337,816081.0
Quercus_robur.npy,14,1331,816141.0
Quercus_robur.npy,15,1323,816221.0
Quercus_robur.npy,16,1323,816221.0
Quercus_robur.npy,17,1323,816221.0
Quercus_robur.npy,18,1320,816251.0
Quercus_robur.npy,19,1320,816251.0
Quercus_robur.npy,20,1319,816261.0
Quercus_robur.npy,21,1319,816261.0
Quercus_robur.npy,22,1319,816261.0
Quercus_robur.npy,23,1319,816261.0
Quercus_robur.npy,24,1319,816261.0
Quercus_robur.npy,25,1319,816261.0
Quercus_robur.npy,26,1319,816261.0
Quercus_robur.npy,27,1319,816261.0
Quercus_robur.npy,28,1319,816261.0
Quercus_robur.npy,29,1319,816261.0
Quercus_robur.npy,30,1319,816261.0
Quercus_robur.npy,31,1319,816261.0
Quercus_robur.npy,32,1319,816261.0
Quercus_rubra.npy,0,2935,1134419.0
Quercus_rubra.npy,1,2533,1138439.0
Quercus_rubra.npy,2,2533,1138439.0
Quercus_rubra.npy,3,2533,1138439.0
Quercus_rubra.npy,4,2533,1138439.0
Quercus_rubra.npy,5,2478,1138989.0
Quercus_rubra.npy,6,2429,1139479.0
Quercus_rubra.npy,7,2429,1139479.0
Quercus_rubra.npy,8,2349,1140279.0
Quercus_rubra.npy,9,2349,1140279.0
Quercus_rubra.npy,10,2349,1140279.0
Quercus_rubra.npy,11,2303,1140739.0
Quercus_rubra.npy,12,2303,1140739.0
Quercus_rubra.npy,13,2303,1140739.0
Quercus_rubra.npy,14,2284,1140929.0
Quercus_rubra.npy,15,2252,1141249.0
Quercus_rubra.npy,16,2252,1141249.0
Quercus_rubra.npy,17,2242,1141349.0
Quercus_rubra.npy,18,2200,1141769.0
Quercus_rubra.npy,19,2200,1141769.0
Quercus_rubra.npy,20,2185,1141919.0
Quercus_rubra.npy,21,2185,1141919.0
Quercus_rubra.npy,22,2172,1142049.0
Quercus_rubra.npy,23,2164,1142129.0
Quercus_rubra.npy,24,2164,1142129.0
Quercus_rubra.npy,25,2157,1142199.0
Quercus_rubra.npy,26,2157,1142199.0
Quercus_rubra.npy,27,2153,1142239.0
Quercus_rubra.npy,28,2149,1142279.0
Quercus_rubra.npy,29,2148,1142289.0
Quercus_rubra.npy,30,2146,1142309.0
Quercus_rubra.npy,31,2143,1142339.0
Quercus_rubra.npy,32,2142,1142349.0
Quercus_rubra.npy,33,2142,1142349.0
Quercus_rubra.npy,34,2142,1142349.0
Quercus_rubra.npy,35,2142,1142349.0
Quercus_rubra.npy,36,2142,1142349.0
Quercus_rubra.npy,37,2142,1142349.0
Quercus_rubra.npy,38,2142,1142349.0
Quercus_rubra.npy,39,2142,1142349.0
Quercus_rubra.npy,40,2142,1142349.0
Quercus_rubra.npy,41,2142,1142349.0
Quercus_rubra.npy,42,2142,1142349.0
Quercus_rubra.npy,43,2142,1142349.0
Quercus_rubra.npy,44,2142,1142349.0
Rhamnus_cathartica.npy,0,510,191199.0
Rhamnus_cathartica.npy,1,433,191969.0
Rhamnus_cathartica.npy,2,416,192139.0
Rhamnus_cathartica.npy,3,398,192319.0
Rhamnus_cathartica.npy,4,398,192319.0
Rhamnus_cathartica.npy,5,394,192359.0
Rhamnus_cathartica.npy,6,388,192419.0
Rhamnus_cathartica.npy,7,385,192449.0
Rhamnus_cathartica.npy,8,385,192449.0
Rhamnus_cathartica.npy,9,384,192459.0
Rhamnus_cathartica.npy,10,381,192489.0
Rhamnus_cathartica.npy,11,381,192489.0
Rhamnus_cathartica.npy,12,381,192489.0
Rhamnus_cathartica.npy,13,381,192489.0
Rhamnus_cathartica.npy,14,381,192489.0
Rhamnus_cathartica.npy,15,380,192499.0
Rhamnus_cathartica.npy,16,380,192499.0
Rhamnus_cathartica.npy,17,380,192499.0
Rhamnus_cathartica.npy,18,380,192499.0
Rhamnus_cathartica.npy,19,380,192499.0
Rhamnus_cathartica.npy,20,380,192499.0
Rhamnus_cathartica.npy,21,380,192499.0
Rhamnus_cathartica.npy,22,380,192499.0
Rhamnus_cathartica.npy,23,380,192499.0
Rhamnus_cathartica.npy,24,380,192499.0
Rhamnus_cathartica.npy,25,380,192499.0
Rhamnus_cathartica.npy,26,380,192499.0
Rhamnus_cathartica.npy,27,380,192499.0
Rhus_hirta.npy,0,333,212215.0
Rhus_hirta.npy,1,323,212315.0
Rhus_hirta.npy,2,320,212345.0
Rhus_hirta.npy,3,320,212345.0
Rhus_hirta.npy,4,318,212365.0
Rhus_hirta.npy,5,317,212375.0
Rhus_hirta.npy,6,317,212375.0
Rhus_hirta.npy,7,317,212375.0
Rhus_hirta.npy,8,317,212375.0
Rhus_hirta.npy,9,317,212375.0
Rhus_hirta.npy,10,317,212375.0
Rhus_hirta.npy,11,317,212375.0
Rhus_hirta.npy,12,317,212375.0
Rhus_hirta.npy,13,317,212375.0
Rhus_hirta.npy,14,317,212375.0
Rhus_hirta.npy,15,317,212375.0
Rhus_hirta.npy,16,317,212375.0
Rhus_hirta.npy,17,317,212375.0
Ribes_alpinum.npy,0,913,146697.0
Ribes_alpinum.npy,1,724,148587.0
Ribes_alpinum.npy,2,724,148587.0
Ribes_alpinum.npy,3,655,149277.0
Ribes_alpinum.npy,4,655,149277.0
Ribes_alpinum.npy,5,655,149277.0
Ribes_alpinum.npy,6,637,149457.0
Ribes_alpinum.npy,7,637,149457.0
Ribes_alpinum.npy,8,610,149727.0
Ribes_alpinum.npy,9,610,149727.0
Ribes_alpinum.npy,10,597,149857.0
Ribes_alpinum.npy,11,594,149887.0
Ribes_alpinum.npy,12,594,149887.0
Ribes_alpinum.npy,13,566,150167.0
Ribes_alpinum.npy,14,566,150167.0
Ribes_alpinum.npy,15,548,150347.0
Ribes_alpinum.npy,16,548,150347.0
Ribes_alpinum.npy,17,538,150447.0
Ribes_alpinum.npy,18,538,150447.0
Ribes_alpinum.npy,19,538,150447.0
Ribes_alpinum.npy,20,538,150447.0
Ribes_alpinum.npy,21,538,150447.0
Ribes_alpinum.npy,22,537,150457.0
Ribes_alpinum.npy,23,534,150487.0
Ribes_alpinum.npy,24,532,150507.0
Ribes_alpinum.npy,25,532,150507.0
Ribes_alpinum.npy,26,532,150507.0
Ribes_alpinum.npy,27,530,150527.0
Ribes_alpinum.npy,28,530,150527.0
Ribes_alpinum.npy,29,530,150527.0
Ribes_alpinum.npy,30,530,150527.0
Ribes_alpinum.npy,31,530,150527.0
Ribes_alpinum.npy,32,530,150527.0
Ribes_alpinum.npy,33,519,150637.0
Ribes_alpinum.npy,34,519,150637.0
Ribes_alpinum.npy,35,519,150637.0
Ribes_alpinum.npy,36,519,150637.0
Ribes_alpinum.npy,37,519,150637.0
Ribes_alpinum.npy,38,519,150637.0
Ribes_alpinum.npy,39,519,150637.0
Ribes_alpinum.npy,40,519,150637.0
Ribes_alpinum.npy,41,519,150637.0
Ribes_alpinum.npy,42,519,150637.0
Ribes_alpinum.npy,43,519,150637.0
Ribes_alpinum.npy,44,519,150637.0
Ribes_alpinum.npy,45,519,150637.0
Ribes_rubra.npy,0,1302,340217.0
Ribes_rubra.npy,1,996,343277.0
Ribes_rubra.npy,2,996,343277.0
Ribes_rubra.npy,3,973,343507.0
Ribes_rubra.npy,4,973,343507.0
Ribes_rubra.npy,5,973,343507.0
Ribes_rubra.npy,6,884,344397.0
Ribes_rubra.npy,7,884,344397.0
Ribes_rubra.npy,8,850,344737.0
Ribes_rubra.npy,9,850,344737.0
Ribes_rubra.npy,10,850,344737.0
Ribes_rubra.npy,11,824,344997.0
Ribes_rubra.npy,12,780,345437.0
Ribes_rubra.npy,13,761,345627.0
Ribes_rubra.npy,14,761,345627.0
Ribes_rubra.npy,15,761,345627.0
Ribes_rubra.npy,16,737,345867.0
Ribes_rubra.npy,17,737,345867.0
Ribes_rubra.npy,18,729,345947.0
Ribes_rubra.npy,19,729,345947.0
Ribes_rubra.npy,20,724,345997.0
Ribes_rubra.npy,21,721,346027.0
Ribes_rubra.npy,22,721,346027.0
Ribes_rubra.npy,23,721,346027.0
Ribes_rubra.npy,24,721,346027.0
Ribes_rubra.npy,25,719,346047.0
Ribes_rubra.npy,26,719,346047.0
Ribes_rubra.npy,27,718,346057.0
Ribes_rubra.npy,28,718,346057.0
Ribes_rubra.npy,29,718,346057.0
Ribes_rubra.npy,30,718,346057.0
Ribes_rubra.npy,31,718,346057.0
Ribes_rubra.npy,32,718,346057.0
Ribes_rubra.npy,33,718,346057.0
Ribes_rubra.npy,34,718,346057.0
Ribes_rubra.npy,35,718,346057.0
Ribes_rubra.npy,36,718,346057.0
Ribes_rubra.npy,37,718,346057.0
Ribes_rubra.npy,38,718,346057.0
Ribes_rubra.npy,39,718,346057.0
Robinia_pseudacacia.npy,0,365,193854.0
Robinia_pseudacacia.npy,1,349,194014.0
Robinia_pseudacacia.npy,2,349,194014.0
Robinia_pseudacacia.npy,3,344,194064.0
Robinia_pseudacacia.npy,4,343,194074.0
Robinia_pseudacacia.npy,5,343,194074.0
Robinia_pseudacacia.npy,6,342,194084.0
Robinia_pseudacacia.npy,7,341,194094.0
Robinia_pseudacacia.npy,8,340,194104.0
Robinia_pseudacacia.npy,9,340,194104.0
Robinia_pseudacacia.npy,10,340,194104.0
Robinia_pseudacacia.npy,11,340,194104.0
Robinia_pseudacacia.npy,12,340,194104.0
Robinia_pseudacacia.npy,13,340,194104.0
Robinia_pseudacacia.npy,14,340,194104.0
Robinia_pseudacacia.npy,15,340,194104.0
Robinia_pseudacacia.npy,16,340,194104.0
Robinia_pseudacacia.npy,17,340,194104.0
Robinia_pseudacacia.npy,18,340,194104.0
Robinia_pseudacacia.npy,19,340,194104.0
Robinia_pseudacacia.npy,20,340,194104.0
Robinia_viscosa.npy,0,357,135729.0
Robinia_viscosa.npy,1,345,135849.0
Robinia_viscosa.npy,2,345,135849.0
Robinia_viscosa.npy,3,340,135899.0
Robinia_viscosa.npy,4,337,135929.0
Robinia_viscosa.npy,5,337,135929.0
Robinia_viscosa.npy,6,336,135939.0
Robinia_viscosa.npy,7,335,135949.0
Robinia_viscosa.npy,8,335,135949.0
Robinia_viscosa.npy,9,335,135949.0
Robinia_viscosa.npy,10,335,135949.0
Robinia_viscosa.npy,11,335,135949.0
Robinia_viscosa.npy,12,335,135949.0
Robinia_viscosa.npy,13,335,135949.0
Robinia_viscosa.npy,14,335,135949.0
Robinia_viscosa.npy,15,335,135949.0
Robinia_viscosa.npy,16,335,135949.0
Robinia_viscosa.npy,17,335,135949.0
Robinia_viscosa.npy,18,335,135949.0
Robinia_viscosa.npy,19,335,135949.0
Rosa_canina.npy,0,386,104511.0
Rosa_canina.npy,1,345,104921.0
Rosa_canina.npy,2,338,104991.0
Rosa_canina.npy,3,325,105121.0
Rosa_canina.npy,4,313,105241.0
Rosa_canina.npy,5,309,105281.0
Rosa_canina.npy,6,307,105301.0
Rosa_canina.npy,7,307,105301.0
Rosa_canina.npy,8,306,105311.0
Rosa_canina.npy,9,303,105341.0
Rosa_canina.npy,10,303,105341.0
Rosa_canina.npy,11,301,105361.0
Rosa_canina.npy,12,301,105361.0
Rosa_canina.npy,13,301,105361.0
Rosa_canina.npy,14,300,105371.0
Rosa_canina.npy,15,300,105371.0
Rosa_canina.npy,16,300,105371.0
Rosa_canina.npy,17,300,105371.0
Rosa_canina.npy,18,300,105371.0
Rosa_canina.npy,19,300,105371.0
Rosa_canina.npy,20,300,105371.0
Rosa_canina.npy,21,300,105371.0
Rosa_canina.npy,22,300,105371.0
Rosa_canina.npy,23,300,105371.0
Rosa_canina.npy,24,300,105371.0
Rosa_canina.npy,25,300,105371.0
Rosa_canina.npy,26,300,105371.0
Ruscus_aculeatus.npy,0,191,40075.0
Ruscus_aculeatus.npy,1,186,40125.0
Ruscus_aculeatus.npy,2,186,40125.0
Ruscus_aculeatus.npy,3,186,40125.0
Ruscus_aculeatus.npy,4,185,40135.0
Ruscus_aculeatus.npy,5,185,40135.0
Ruscus_aculeatus.npy,6,185,40135.0
Ruscus_aculeatus.npy,7,185,40135.0
Ruscus_aculeatus.npy,8,185,40135.0
Ruscus_aculeatus.npy,9,185,40135.0
Ruscus_aculeatus.npy,10,185,40135.0
Ruscus_aculeatus.npy,11,185,40135.0
Ruscus_aculeatus.npy,12,185,40135.0
Ruscus_aculeatus.npy,13,185,40135.0
Ruscus_aculeatus.npy,14,185,40135.0
Ruscus_aculeatus.npy,15,185,40135.0
Ruscus_aculeatus.npy,16,185,40135.0
Salix_alba.npy,0,108,35579.0
Salix_alba.npy,1,107,35589.0
Salix_alba.npy,2,107,35589.0
Salix_alba.npy,3,107,35589.0
Salix_alba.npy,4,107,35589.0
Salix_alba.npy,5,107,35589.0
Salix_alba.npy,6,107,35589.0
Salix_alba.npy,7,107,35589.0
Salix_alba.npy,8,107,35589.0
Salix_alba.npy,9,107,35589.0
Salix_alba.npy,10,107,35589.0
Salix_alba.npy,11,107,35589.0
Salix_alba.npy,12,107,35589.0
Salix_alba.npy,13,107,35589.0
Salix_aurita.npy,0,438,172448.0
Salix_aurita.npy,1,436,172468.0
Salix_aurita.npy,2,436,172468.0
Salix_aurita.npy,3,434,172488.0
Salix_aurita.npy,4,434,172488.0
Salix_aurita.npy,5,434,172488.0
Salix_aurita.npy,6,434,172488.0
Salix_aurita.npy,7,434,172488.0
Salix_aurita.npy,8,434,172488.0
Salix_aurita.npy,9,434,172488.0
Salix_aurita.npy,10,434,172488.0
Salix_aurita.npy,11,434,172488.0
Salix_aurita.npy,12,434,172488.0
Salix_aurita.npy,13,434,172488.0
Salix_aurita.npy,14,434,172488.0
Salix_aurita.npy,15,434,172488.0
Salix_caprea.npy,0,676,398651.0
Salix_caprea.npy,1,656,398851.0
Salix_caprea.npy,2,656,398851.0
Salix_caprea.npy,3,649,398921.0
Salix_caprea.npy,4,649,398921.0
Salix_caprea.npy,5,648,398931.0
Salix_caprea.npy,6,647,398941.0
Salix_caprea.npy,7,647,398941.0
Salix_caprea.npy,8,647,398941.0
Salix_caprea.npy,9,647,398941.0
Salix_caprea.npy,10,647,398941.0
Salix_caprea.npy,11,647,398941.0
Salix_caprea.npy,12,647,398941.0
Salix_caprea.npy,13,647,398941.0
Salix_caprea.npy,14,647,398941.0
Salix_caprea.npy,15,647,398941.0
Salix_caprea.npy,16,647,398941.0
Salix_caprea.npy,17,647,398941.0
Salix_caprea.npy,18,647,398941.0
Salix_pentandra.npy,0,655,427631.0
Salix_pentandra.npy,1,620,427981.0
Salix_pentandra.npy,2,620,427981.0
Salix_pentandra.npy,3,620,427981.0
Salix_pentandra.npy,4,613,428051.0
Salix_pentandra.npy,5,611,428071.0
Salix_pentandra.npy,6,611,428071.0
Salix_pentandra.npy,7,605,428131.0
Salix_pentandra.npy,8,605,428131.0
Salix_pentandra.npy,9,604,428141.0
Salix_pentandra.npy,10,604,428141.0
Salix_pentandra.npy,11,603,428151.0
Salix_pentandra.npy,12,603,428151.0
Salix_pentandra.npy,13,603,428151.0
Salix_pentandra.npy,14,603,428151.0
Salix_pentandra.npy,15,603,428151.0
Salix_pentandra.npy,16,603,428151.0
Salix_pentandra.npy,17,603,428151.0
Salix_pentandra.npy,18,603,428151.0
Salix_pentandra.npy,19,603,428151.0
Salix_pentandra.npy,20,603,428151.0
Salix_pentandra.npy,21,603,428151.0
Salix_pentandra.npy,22,603,428151.0
Salix_pentandra.npy,23,603,428151.0
Salix_purpurea.npy,0,297,266529.0
Salix_purpurea.npy,1,293,266569.0
Salix_purpurea.npy,2,290,266599.0
Salix_purpurea.npy,3,290,266599.0
Salix_purpurea.npy,4,288,266619.0
Salix_purpurea.npy,5,288,266619.0
Salix_purpurea.npy,6,287,266629.0
Salix_purpurea.npy,7,287,266629.0
Salix_purpurea.npy,8,287,266629.0
Salix_purpurea.npy,9,287,266629.0
Salix_purpurea.npy,10,287,266629.0
Salix_purpurea.npy,11,287,266629.0
Salix_purpurea.npy,12,287,266629.0
Salix_purpurea.npy,13,287,266629.0
Salix_purpurea.npy,14,287,266629.0
Salix_purpurea.npy,15,287,266629.0
Salix_purpurea.npy,16,287,266629.0
Salix_purpurea.npy,17,287,266629.0
Salix_purpurea.npy,18,287,266629.0
Sambucus_nigra.npy,0,658,416837.0
Sambucus_nigra.npy,1,638,417037.0
Sambucus_nigra.npy,2,629,417127.0
Sambucus_nigra.npy,3,623,417187.0
Sambucus_nigra.npy,4,619,417227.0
Sambucus_nigra.npy,5,619,417227.0
Sambucus_nigra.npy,6,618,417237.0
Sambucus_nigra.npy,7,618,417237.0
Sambucus_nigra.npy,8,618,417237.0
Sambucus_nigra.npy,9,618,417237.0
Sambucus_nigra.npy,10,618,417237.0
Sambucus_nigra.npy,11,618,417237.0
Sambucus_nigra.npy,12,618,417237.0
Sambucus_nigra.npy,13,618,417237.0
Sambucus_nigra.npy,14,618,417237.0
Sambucus_nigra.npy,15,618,417237.0
Sambucus_nigra.npy,16,618,417237.0
Sambucus_nigra.npy,17,618,417237.0
Sambucus_nigra.npy,18,618,417237.0
Sambucus_racemosa.npy,0,455,230874.0
Sambucus_racemosa.npy,1,438,231044.0
Sambucus_racemosa.npy,2,434,231084.0
Sambucus_racemosa.npy,3,432,231104.0
Sambucus_racemosa.npy,4,429,231134.0
Sambucus_racemosa.npy,5,428,231144.0
Sambucus_racemosa.npy,6,425,231174.0
Sambucus_racemosa.npy,7,424,231184.0
Sambucus_racemosa.npy,8,424,231184.0
Sambucus_racemosa.npy,9,424,231184.0
Sambucus_racemosa.npy,10,424,231184.0
Sambucus_racemosa.npy,11,424,231184.0
Sambucus_racemosa.npy,12,423,231194.0
Sambucus_racemosa.npy,13,423,231194.0
Sambucus_racemosa.npy,14,423,231194.0
Sambucus_racemosa.npy,15,423,231194.0
Sambucus_racemosa.npy,16,423,231194.0
Sambucus_racemosa.npy,17,423,231194.0
Sambucus_racemosa.npy,18,423,231194.0
Sambucus_racemosa.npy,19,423,231194.0
Sambucus_racemosa.npy,20,423,231194.0
Sambucus_racemosa.npy,21,423,231194.0
Sambucus_racemosa.npy,22,423,231194.0
Sambucus_racemosa.npy,23,423,231194.0
Sambucus_racemosa.npy,24,423,231194.0
Sophora_japonica.npy,0,309,155968.0
Sophora_japonica.npy,1,307,155988.0
Sophora_japonica.npy,2,305,156008.0
Sophora_japonica.npy,3,304,156018.0
Sophora_japonica.npy,4,304,156018.0
Sophora_japonica.npy,5,304,156018.0
Sophora_japonica.npy,6,304,156018.0
Sophora_japonica.npy,7,304,156018.0
Sophora_japonica.npy,8,304,156018.0
Sophora_japonica.npy,9,304,156018.0
Sophora_japonica.npy,10,304,156018.0
Sophora_japonica.npy,11,304,156018.0
Sophora_japonica.npy,12,304,156018.0
Sophora_japonica.npy,13,304,156018.0
Sophora_japonica.npy,14,304,156018.0
Sophora_japonica.npy,15,304,156018.0
Sorbaria_sorbifolia.npy,0,334,113841.0
Sorbaria_sorbifolia.npy,1,319,113991.0
Sorbaria_sorbifolia.npy,2,310,114081.0
Sorbaria_sorbifolia.npy,3,304,114141.0
Sorbaria_sorbifolia.npy,4,304,114141.0
Sorbaria_sorbifolia.npy,5,294,114241.0
Sorbaria_sorbifolia.npy,6,294,114241.0
Sorbaria_sorbifolia.npy,7,294,114241.0
Sorbaria_sorbifolia.npy,8,294,114241.0
Sorbaria_sorbifolia.npy,9,293,114251.0
Sorbaria_sorbifolia.npy,10,293,114251.0
Sorbaria_sorbifolia.npy,11,293,114251.0
Sorbaria_sorbifolia.npy,12,293,114251.0
Sorbaria_sorbifolia.npy,13,293,114251.0
Sorbaria_sorbifolia.npy,14,293,114251.0
Sorbaria_sorbifolia.npy,15,293,114251.0
Sorbaria_sorbifolia.npy,16,293,114251.0
Sorbaria_sorbifolia.npy,17,293,114251.0
Sorbaria_sorbifolia.npy,18,293,114251.0
Sorbaria_sorbifolia.npy,19,293,114251.0
Sorbaria_sorbifolia.npy,20,293,114251.0
Sorbaria_sorbifolia.npy,21,293,114251.0
Sorbus_aria.npy,0,1520,629882.0
Sorbus_aria.npy,1,1168,633402.0
Sorbus_aria.npy,2,1168,633402.0
Sorbus_aria.npy,3,1168,633402.0
Sorbus_aria.npy,4,1168,633402.0
Sorbus_aria.npy,5,1168,633402.0
Sorbus_aria.npy,6,1168,633402.0
Sorbus_aria.npy,7,1168,633402.0
Sorbus_aria.npy,8,1168,633402.0
Sorbus_aria.npy,9,1069,634392.0
Sorbus_aria.npy,10,1069,634392.0
Sorbus_aria.npy,11,1069,634392.0
Sorbus_aria.npy,12,1068,634402.0
Sorbus_aria.npy,13,1068,634402.0
Sorbus_aria.npy,14,993,635152.0
Sorbus_aria.npy,15,990,635182.0
Sorbus_aria.npy,16,985,635232.0
Sorbus_aria.npy,17,960,635482.0
Sorbus_aria.npy,18,943,635652.0
Sorbus_aria.npy,19,933,635752.0
Sorbus_aria.npy,20,933,635752.0
Sorbus_aria.npy,21,927,635812.0
Sorbus_aria.npy,22,923,635852.0
Sorbus_aria.npy,23,921,635872.0
Sorbus_aria.npy,24,918,635902.0
Sorbus_aria.npy,25,918,635902.0
Sorbus_aria.npy,26,916,635922.0
Sorbus_aria.npy,27,916,635922.0
Sorbus_aria.npy,28,916,635922.0
Sorbus_aria.npy,29,915,635932.0
Sorbus_aria.npy,30,915,635932.0
Sorbus_aria.npy,31,914,635942.0
Sorbus_aria.npy,32,914,635942.0
Sorbus_aria.npy,33,914,635942.0
Sorbus_aria.npy,34,914,635942.0
Sorbus_aria.npy,35,914,635942.0
Sorbus_aria.npy,36,914,635942.0
Sorbus_aria.npy,37,914,635942.0
Sorbus_aria.npy,38,914,635942.0
Sorbus_aria.npy,39,914,635942.0
Sorbus_aria.npy,40,914,635942.0
Sorbus_aria.npy,41,914,635942.0
Sorbus_aria.npy,42,914,635942.0
Sorbus_aria.npy,43,914,635942.0
Sorbus_aucuparia.npy,0,340,115611.0
Sorbus_aucuparia.npy,1,318,115831.0
Sorbus_aucuparia.npy,2,318,115831.0
Sorbus_aucuparia.npy,3,318,115831.0
Sorbus_aucuparia.npy,4,306,115951.0
Sorbus_aucuparia.npy,5,306,115951.0
Sorbus_aucuparia.npy,6,306,115951.0
Sorbus_aucuparia.npy,7,301,116001.0
Sorbus_aucuparia.npy,8,301,116001.0
Sorbus_aucuparia.npy,9,301,116001.0
Sorbus_aucuparia.npy,10,301,116001.0
Sorbus_aucuparia.npy,11,301,116001.0
Sorbus_aucuparia.npy,12,301,116001.0
Sorbus_aucuparia.npy,13,301,116001.0
Sorbus_aucuparia.npy,14,301,116001.0
Sorbus_aucuparia.npy,15,301,116001.0
Sorbus_aucuparia.npy,16,301,116001.0
Sorbus_aucuparia.npy,17,301,116001.0
Sorbus_aucuparia.npy,18,301,116001.0
Sorbus_aucuparia.npy,19,301,116001.0
Sorbus_domestica.npy,0,303,136193.0
Sorbus_domestica.npy,1,287,136353.0
Sorbus_domestica.npy,2,287,136353.0
Sorbus_domestica.npy,3,282,136403.0
Sorbus_domestica.npy,4,280,136423.0
Sorbus_domestica.npy,5,279,136433.0
Sorbus_domestica.npy,6,276,136463.0
Sorbus_domestica.npy,7,275,136473.0
Sorbus_domestica.npy,8,275,136473.0
Sorbus_domestica.npy,9,275,136473.0
Sorbus_domestica.npy,10,274,136483.0
Sorbus_domestica.npy,11,274,136483.0
Sorbus_domestica.npy,12,274,136483.0
Sorbus_domestica.npy,13,274,136483.0
Sorbus_domestica.npy,14,274,136483.0
Sorbus_domestica.npy,15,274,136483.0
Sorbus_domestica.npy,16,274,136483.0
Sorbus_domestica.npy,17,274,136483.0
Sorbus_domestica.npy,18,274,136483.0
Sorbus_domestica.npy,19,274,136483.0
Sorbus_domestica.npy,20,274,136483.0
Sorbus_domestica.npy,21,274,136483.0
Sorbus_domestica.npy,22,274,136483.0
Sorbus_intermedia.npy,0,1582,645146.0
Sorbus_intermedia.npy,1,1274,648226.0
Sorbus_intermedia.npy,2,1260,648366.0
Sorbus_intermedia.npy,3,1225,648716.0
Sorbus_intermedia.npy,4,1168,649286.0
Sorbus_intermedia.npy,5,1168,649286.0
Sorbus_intermedia.npy,6,1168,649286.0
Sorbus_intermedia.npy,7,1122,649746.0
Sorbus_intermedia.npy,8,1122,649746.0
Sorbus_intermedia.npy,9,1122,649746.0
Sorbus_intermedia.npy,10,1102,649946.0
Sorbus_intermedia.npy,11,1021,650756.0
Sorbus_intermedia.npy,12,1021,650756.0
Sorbus_intermedia.npy,13,1021,650756.0
Sorbus_intermedia.npy,14,1012,650846.0
Sorbus_intermedia.npy,15,1000,650966.0
Sorbus_intermedia.npy,16,988,651086.0
Sorbus_intermedia.npy,17,988,651086.0
Sorbus_intermedia.npy,18,988,651086.0
Sorbus_intermedia.npy,19,977,651196.0
Sorbus_intermedia.npy,20,975,651216.0
Sorbus_intermedia.npy,21,975,651216.0
Sorbus_intermedia.npy,22,972,651246.0
Sorbus_intermedia.npy,23,971,651256.0
Sorbus_intermedia.npy,24,970,651266.0
Sorbus_intermedia.npy,25,970,651266.0
Sorbus_intermedia.npy,26,968,651286.0
Sorbus_intermedia.npy,27,952,651446.0
Sorbus_intermedia.npy,28,952,651446.0
Sorbus_intermedia.npy,29,952,651446.0
Sorbus_intermedia.npy,30,952,651446.0
Sorbus_intermedia.npy,31,952,651446.0
Sorbus_intermedia.npy,32,952,651446.0
Sorbus_intermedia.npy,33,952,651446.0
Sorbus_intermedia.npy,34,952,651446.0
Sorbus_intermedia.npy,35,952,651446.0
Sorbus_intermedia.npy,36,952,651446.0
Sorbus_intermedia.npy,37,952,651446.0
Sorbus_intermedia.npy,38,952,651446.0
Sorbus_intermedia.npy,39,952,651446.0
Sorbus_torminalis.npy,0,1877,605071.0
Sorbus_torminalis.npy,1,1574,608101.0
Sorbus_torminalis.npy,2,1486,608981.0
Sorbus_torminalis.npy,3,1486,608981.0
Sorbus_torminalis.npy,4,1461,609231.0
Sorbus_torminalis.npy,5,1405,609791.0
Sorbus_torminalis.npy,6,1361,610231.0
Sorbus_torminalis.npy,7,1341,610431.0
Sorbus_torminalis.npy,8,1325,610591.0
Sorbus_torminalis.npy,9,1318,610661.0
Sorbus_torminalis.npy,10,1306,610781.0
Sorbus_torminalis.npy,11,1302,610821.0
Sorbus_torminalis.npy,12,1275,611091.0
Sorbus_torminalis.npy,13,1275,611091.0
Sorbus_torminalis.npy,14,1265,611191.0
Sorbus_torminalis.npy,15,1251,611331.0
Sorbus_torminalis.npy,16,1251,611331.0
Sorbus_torminalis.npy,17,1245,611391.0
Sorbus_torminalis.npy,18,1243,611411.0
Sorbus_torminalis.npy,19,1243,611411.0
Sorbus_torminalis.npy,20,1243,611411.0
Sorbus_torminalis.npy,21,1240,611441.0
Sorbus_torminalis.npy,22,1237,611471.0
Sorbus_torminalis.npy,23,1237,611471.0
Sorbus_torminalis.npy,24,1237,611471.0
Sorbus_torminalis.npy,25,1233,611511.0
Sorbus_torminalis.npy,26,1233,611511.0
Sorbus_torminalis.npy,27,1216,611681.0
Sorbus_torminalis.npy,28,1216,611681.0
Sorbus_torminalis.npy,29,1216,611681.0
Sorbus_torminalis.npy,30,1216,611681.0
Sorbus_torminalis.npy,31,1216,611681.0
Sorbus_torminalis.npy,32,1216,611681.0
Sorbus_torminalis.npy,33,1216,611681.0
Sorbus_torminalis.npy,34,1216,611681.0
Sorbus_torminalis.npy,35,1216,611681.0
Sorbus_torminalis.npy,36,1216,611681.0
Sorbus_torminalis.npy,37,1216,611681.0
Sorbus_torminalis.npy,38,1216,611681.0
Sorbus_torminalis.npy,39,1211,611731.0
Sorbus_torminalis.npy,40,1211,611731.0
Sorbus_torminalis.npy,41,1211,611731.0
Sorbus_torminalis.npy,42,1211,611731.0
Sorbus_torminalis.npy,43,1211,611731.0
Sorbus_torminalis.npy,44,1211,611731.0
Sorbus_torminalis.npy,45,1211,611731.0
Sorbus_torminalis.npy,46,1211,611731.0
Sorbus_torminalis.npy,47,1211,611731.0
Sorbus_torminalis.npy,48,1204,611801.0
Sorbus_torminalis.npy,49,1204,611801.0
Sorbus_torminalis.npy,50,1204,611801.0
Sorbus_torminalis.npy,51,1204,611801.0
Sorbus_torminalis.npy,52,1204,611801.0
Sorbus_torminalis.npy,53,1204,611801.0
Sorbus_torminalis.npy,54,1204,611801.0
Sorbus_torminalis.npy,55,1204,611801.0
Sorbus_torminalis.npy,56,1204,611801.0
Sorbus_torminalis.npy,57,1204,611801.0
Sorbus_torminalis.npy,58,1204,611801.0
Sorbus_torminalis.npy,59,1204,611801.0
Sorbus_torminalis.npy,60,1204,611801.0
Spiraea_douglasii.npy,0,326,115748.0
Spiraea_douglasii.npy,1,324,115768.0
Spiraea_douglasii.npy,2,324,115768.0
Spiraea_douglasii.npy,3,323,115778.0
Spiraea_douglasii.npy,4,323,115778.0
Spiraea_douglasii.npy,5,323,115778.0
Spiraea_douglasii.npy,6,323,115778.0
Spiraea_douglasii.npy,7,323,115778.0
Spiraea_douglasii.npy,8,323,115778.0
Spiraea_douglasii.npy,9,323,115778.0
Spiraea_douglasii.npy,10,323,115778.0
Spiraea_douglasii.npy,11,323,115778.0
Spiraea_douglasii.npy,12,323,115778.0
Spiraea_douglasii.npy,13,323,115778.0
Spiraea_douglasii.npy,14,323,115778.0
Spiraea_douglasii.npy,15,323,115778.0
Spiraea_japonica.npy,0,398,201309.0
Spiraea_japonica.npy,1,394,201349.0
Spiraea_japonica.npy,2,394,201349.0
Spiraea_japonica.npy,3,394,201349.0
Spiraea_japonica.npy,4,393,201359.0
Spiraea_japonica.npy,5,393,201359.0
Spiraea_japonica.npy,6,393,201359.0
Spiraea_japonica.npy,7,393,201359.0
Spiraea_japonica.npy,8,393,201359.0
Spiraea_japonica.npy,9,393,201359.0
Spiraea_japonica.npy,10,393,201359.0
Spiraea_japonica.npy,11,393,201359.0
Spiraea_japonica.npy,12,393,201359.0
Spiraea_japonica.npy,13,393,201359.0
Spiraea_japonica.npy,14,393,201359.0
Spiraea_japonica.npy,15,393,201359.0
Spiraea_japonica.npy,16,393,201359.0
Spiraea_salicifolia.npy,0,231,62416.0
Spiraea_salicifolia.npy,1,227,62456.0
Spiraea_salicifolia.npy,2,226,62466.0
Spiraea_salicifolia.npy,3,224,62486.0
Spiraea_salicifolia.npy,4,222,62506.0
Spiraea_salicifolia.npy,5,222,62506.0
Spiraea_salicifolia.npy,6,222,62506.0
Spiraea_salicifolia.npy,7,222,62506.0
Spiraea_salicifolia.npy,8,222,62506.0
Spiraea_salicifolia.npy,9,222,62506.0
Spiraea_salicifolia.npy,10,222,62506.0
Spiraea_salicifolia.npy,11,222,62506.0
Spiraea_salicifolia.npy,12,222,62506.0
Spiraea_salicifolia.npy,13,222,62506.0
Spiraea_salicifolia.npy,14,222,62506.0
Spiraea_salicifolia.npy,15,222,62506.0
Spiraea_salicifolia.npy,16,222,62506.0
Spiraea_vanhouttei.npy,0,478,54326.0
Spiraea_vanhouttei.npy,1,367,55436.0
Spiraea_vanhouttei.npy,2,360,55506.0
Spiraea_vanhouttei.npy,3,334,55766.0
Spiraea_vanhouttei.npy,4,334,55766.0
Spiraea_vanhouttei.npy,5,312,55986.0
Spiraea_vanhouttei.npy,6,301,56096.0
Spiraea_vanhouttei.npy,7,292,56186.0
Spiraea_vanhouttei.npy,8,292,56186.0
Spiraea_vanhouttei.npy,9,285,56256.0
Spiraea_vanhouttei.npy,10,285,56256.0
Spiraea_vanhouttei.npy,11,281,56296.0
Spiraea_vanhouttei.npy,12,279,56316.0
Spiraea_vanhouttei.npy,13,271,56396.0
Spiraea_vanhouttei.npy,14,271,56396.0
Spiraea_vanhouttei.npy,15,270,56406.0
Spiraea_vanhouttei.npy,16,269,56416.0
Spiraea_vanhouttei.npy,17,269,56416.0
Spiraea_vanhouttei.npy,18,269,56416.0
Spiraea_vanhouttei.npy,19,269,56416.0
Spiraea_vanhouttei.npy,20,269,56416.0
Spiraea_vanhouttei.npy,21,269,56416.0
Spiraea_vanhouttei.npy,22,269,56416.0
Spiraea_vanhouttei.npy,23,269,56416.0
Spiraea_vanhouttei.npy,24,269,56416.0
Spiraea_vanhouttei.npy,25,269,56416.0
Spiraea_vanhouttei.npy,26,269,56416.0
Spiraea_vanhouttei.npy,27,269,56416.0
Spiraea_vanhouttei.npy,28,269,56416.0
Staphylea_pinnata.npy,0,450,261418.0
Staphylea_pinnata.npy,1,444,261478.0
Staphylea_pinnata.npy,2,444,261478.0
Staphylea_pinnata.npy,3,441,261508.0
Staphylea_pinnata.npy,4,440,261518.0
Staphylea_pinnata.npy,5,440,261518.0
Staphylea_pinnata.npy,6,439,261528.0
Staphylea_pinnata.npy,7,439,261528.0
Staphylea_pinnata.npy,8,439,261528.0
Staphylea_pinnata.npy,9,439,261528.0
Staphylea_pinnata.npy,10,439,261528.0
Staphylea_pinnata.npy,11,439,261528.0
Staphylea_pinnata.npy,12,439,261528.0
Staphylea_pinnata.npy,13,439,261528.0
Staphylea_pinnata.npy,14,439,261528.0
Staphylea_pinnata.npy,15,439,261528.0
Staphylea_pinnata.npy,16,439,261528.0
Staphylea_pinnata.npy,17,439,261528.0
Staphylea_pinnata.npy,18,439,261528.0
Symphoricarpos_albus.npy,0,428,180258.0
Symphoricarpos_albus.npy,1,412,180418.0
Symphoricarpos_albus.npy,2,412,180418.0
Symphoricarpos_albus.npy,3,410,180438.0
Symphoricarpos_albus.npy,4,406,180478.0
Symphoricarpos_albus.npy,5,406,180478.0
Symphoricarpos_albus.npy,6,405,180488.0
Symphoricarpos_albus.npy,7,405,180488.0
Symphoricarpos_albus.npy,8,405,180488.0
Symphoricarpos_albus.npy,9,405,180488.0
Symphoricarpos_albus.npy,10,405,180488.0
Symphoricarpos_albus.npy,11,405,180488.0
Symphoricarpos_albus.npy,12,405,180488.0
Symphoricarpos_albus.npy,13,405,180488.0
Symphoricarpos_albus.npy,14,405,180488.0
Symphoricarpos_albus.npy,15,405,180488.0
Symphoricarpos_albus.npy,16,405,180488.0
Symphoricarpos_albus.npy,17,405,180488.0
Symphoricarpos_albus.npy,18,405,180488.0
Symphoricarpos_orbiculatus.npy,0,170,26541.0
Symphoricarpos_orbiculatus.npy,1,163,26611.0
Symphoricarpos_orbiculatus.npy,2,163,26611.0
Symphoricarpos_orbiculatus.npy,3,163,26611.0
Symphoricarpos_orbiculatus.npy,4,161,26631.0
Symphoricarpos_orbiculatus.npy,5,161,26631.0
Symphoricarpos_orbiculatus.npy,6,160,26641.0
Symphoricarpos_orbiculatus.npy,7,160,26641.0
Symphoricarpos_orbiculatus.npy,8,160,26641.0
Symphoricarpos_orbiculatus.npy,9,160,26641.0
Symphoricarpos_orbiculatus.npy,10,160,26641.0
Symphoricarpos_orbiculatus.npy,11,160,26641.0
Symphoricarpos_orbiculatus.npy,12,160,26641.0
Symphoricarpos_orbiculatus.npy,13,160,26641.0
Symphoricarpos_orbiculatus.npy,14,160,26641.0
Symphoricarpos_orbiculatus.npy,15,160,26641.0
Symphoricarpos_orbiculatus.npy,16,160,26641.0
Symphoricarpos_orbiculatus.npy,17,160,26641.0
Symphoricarpos_orbiculatus.npy,18,160,26641.0
Syringa_chinensis.npy,0,355,114726.0
Syringa_chinensis.npy,1,352,114756.0
Syringa_chinensis.npy,2,351,114766.0
Syringa_chinensis.npy,3,350,114776.0
Syringa_chinensis.npy,4,350,114776.0
Syringa_chinensis.npy,5,350,114776.0
Syringa_chinensis.npy,6,350,114776.0
Syringa_chinensis.npy,7,350,114776.0
Syringa_chinensis.npy,8,350,114776.0
Syringa_chinensis.npy,9,350,114776.0
Syringa_chinensis.npy,10,350,114776.0
Syringa_chinensis.npy,11,350,114776.0
Syringa_chinensis.npy,12,350,114776.0
Syringa_chinensis.npy,13,350,114776.0
Syringa_chinensis.npy,14,350,114776.0
Syringa_chinensis.npy,15,350,114776.0
Syringa_josikaea.npy,0,703,441307.0
Syringa_josikaea.npy,1,702,441317.0
Syringa_josikaea.npy,2,702,441317.0
Syringa_josikaea.npy,3,702,441317.0
Syringa_josikaea.npy,4,702,441317.0
Syringa_josikaea.npy,5,702,441317.0
Syringa_josikaea.npy,6,702,441317.0
Syringa_josikaea.npy,7,702,441317.0
Syringa_josikaea.npy,8,702,441317.0
Syringa_josikaea.npy,9,702,441317.0
Syringa_josikaea.npy,10,702,441317.0
Syringa_josikaea.npy,11,702,441317.0
Syringa_josikaea.npy,12,702,441317.0
Syringa_josikaea.npy,13,702,441317.0
Syringa_prestoniae.npy,0,896,963678.0
Syringa_prestoniae.npy,1,890,963738.0
Syringa_prestoniae.npy,2,884,963798.0
Syringa_prestoniae.npy,3,884,963798.0
Syringa_prestoniae.npy,4,884,963798.0
Syringa_prestoniae.npy,5,883,963808.0
Syringa_prestoniae.npy,6,883,963808.0
Syringa_prestoniae.npy,7,883,963808.0
Syringa_prestoniae.npy,8,882,963818.0
Syringa_prestoniae.npy,9,882,963818.0
Syringa_prestoniae.npy,10,882,963818.0
Syringa_prestoniae.npy,11,882,963818.0
Syringa_prestoniae.npy,12,882,963818.0
Syringa_prestoniae.npy,13,882,963818.0
Syringa_prestoniae.npy,14,882,963818.0
Syringa_prestoniae.npy,15,882,963818.0
Syringa_prestoniae.npy,16,882,963818.0
Syringa_prestoniae.npy,17,882,963818.0
Syringa_prestoniae.npy,18,882,963818.0
Syringa_prestoniae.npy,19,882,963818.0
Syringa_prestoniae.npy,20,882,963818.0
Syringa_vulgaris.npy,0,706,411829.0
Syringa_vulgaris.npy,1,696,411929.0
Syringa_vulgaris.npy,2,696,411929.0
Syringa_vulgaris.npy,3,690,411989.0
Syringa_vulgaris.npy,4,690,411989.0
Syringa_vulgaris.npy,5,690,411989.0
Syringa_vulgaris.npy,6,689,411999.0
Syringa_vulgaris.npy,7,688,412009.0
Syringa_vulgaris.npy,8,688,412009.0
Syringa_vulgaris.npy,9,688,412009.0
Syringa_vulgaris.npy,10,688,412009.0
Syringa_vulgaris.npy,11,688,412009.0
Syringa_vulgaris.npy,12,688,412009.0
Syringa_vulgaris.npy,13,688,412009.0
Syringa_vulgaris.npy,14,688,412009.0
Syringa_vulgaris.npy,15,688,412009.0
Syringa_vulgaris.npy,16,688,412009.0
Syringa_vulgaris.npy,17,688,412009.0
Syringa_vulgaris.npy,18,688,412009.0
Syringa_vulgaris.npy,19,688,412009.0
Tilia_cordata.npy,0,577,207825.0
Tilia_cordata.npy,1,515,208445.0
Tilia_cordata.npy,2,514,208455.0
Tilia_cordata.npy,3,487,208725.0
Tilia_cordata.npy,4,472,208875.0
Tilia_cordata.npy,5,472,208875.0
Tilia_cordata.npy,6,466,208935.0
Tilia_cordata.npy,7,458,209015.0
Tilia_cordata.npy,8,455,209045.0
Tilia_cordata.npy,9,450,209095.0
Tilia_cordata.npy,10,450,209095.0
Tilia_cordata.npy,11,448,209115.0
Tilia_cordata.npy,12,446,209135.0
Tilia_cordata.npy,13,446,209135.0
Tilia_cordata.npy,14,446,209135.0
Tilia_cordata.npy,15,446,209135.0
Tilia_cordata.npy,16,446,209135.0
Tilia_cordata.npy,17,446,209135.0
Tilia_cordata.npy,18,446,209135.0
Tilia_cordata.npy,19,446,209135.0
Tilia_cordata.npy,20,446,209135.0
Tilia_cordata.npy,21,446,209135.0
Tilia_cordata.npy,22,446,209135.0
Tilia_cordata.npy,23,446,209135.0
Tilia_cordata.npy,24,446,209135.0
Tilia_platyphyllos.npy,0,2025,1455250.0
Tilia_platyphyllos.npy,1,1659,1458910.0
Tilia_platyphyllos.npy,2,1556,1459940.0
Tilia_platyphyllos.npy,3,1556,1459940.0
Tilia_platyphyllos.npy,4,1556,1459940.0
Tilia_platyphyllos.npy,5,1556,1459940.0
Tilia_platyphyllos.npy,6,1540,1460100.0
Tilia_platyphyllos.npy,7,1493,1460570.0
Tilia_platyphyllos.npy,8,1460,1460900.0
Tilia_platyphyllos.npy,9,1450,1461000.0
Tilia_platyphyllos.npy,10,1443,1461070.0
Tilia_platyphyllos.npy,11,1417,1461330.0
Tilia_platyphyllos.npy,12,1417,1461330.0
Tilia_platyphyllos.npy,13,1405,1461450.0
Tilia_platyphyllos.npy,14,1402,1461480.0
Tilia_platyphyllos.npy,15,1394,1461560.0
Tilia_platyphyllos.npy,16,1394,1461560.0
Tilia_platyphyllos.npy,17,1394,1461560.0
Tilia_platyphyllos.npy,18,1389,1461610.0
Tilia_platyphyllos.npy,19,1389,1461610.0
Tilia_platyphyllos.npy,20,1389,1461610.0
Tilia_platyphyllos.npy,21,1389,1461610.0
Tilia_platyphyllos.npy,22,1389,1461610.0
Tilia_platyphyllos.npy,23,1389,1461610.0
Tilia_platyphyllos.npy,24,1388,1461620.0
Tilia_platyphyllos.npy,25,1388,1461620.0
Tilia_platyphyllos.npy,26,1387,1461630.0
Tilia_platyphyllos.npy,27,1387,1461630.0
Tilia_platyphyllos.npy,28,1387,1461630.0
Tilia_platyphyllos.npy,29,1387,1461630.0
Tilia_platyphyllos.npy,30,1387,1461630.0
Tilia_platyphyllos.npy,31,1387,1461630.0
Tilia_platyphyllos.npy,32,1387,1461630.0
Tilia_platyphyllos.npy,33,1387,1461630.0
Tilia_platyphyllos.npy,34,1387,1461630.0
Tilia_platyphyllos.npy,35,1387,1461630.0
Tilia_platyphyllos.npy,36,1383,1461670.0
Tilia_platyphyllos.npy,37,1383,1461670.0
Tilia_platyphyllos.npy,38,1383,1461670.0
Tilia_platyphyllos.npy,39,1383,1461670.0
Tilia_platyphyllos.npy,40,1383,1461670.0
Tilia_platyphyllos.npy,41,1383,1461670.0
Tilia_platyphyllos.npy,42,1383,1461670.0
Tilia_platyphyllos.npy,43,1383,1461670.0
Tilia_platyphyllos.npy,44,1383,1461670.0
Tilia_platyphyllos.npy,45,1382,1461680.0
Tilia_platyphyllos.npy,46,1382,1461680.0
Tilia_platyphyllos.npy,47,1382,1461680.0
Tilia_platyphyllos.npy,48,1382,1461680.0
Tilia_platyphyllos.npy,49,1382,1461680.0
Tilia_platyphyllos.npy,50,1380,1461700.0
Tilia_platyphyllos.npy,51,1380,1461700.0
Tilia_platyphyllos.npy,52,1380,1461700.0
Tilia_platyphyllos.npy,53,1380,1461700.0
Tilia_platyphyllos.npy,54,1380,1461700.0
Tilia_platyphyllos.npy,55,1380,1461700.0
Tilia_platyphyllos.npy,56,1380,1461700.0
Tilia_platyphyllos.npy,57,1380,1461700.0
Tilia_platyphyllos.npy,58,1380,1461700.0
Tilia_platyphyllos.npy,59,1380,1461700.0
Tilia_platyphyllos.npy,60,1380,1461700.0
Tilia_platyphyllos.npy,61,1380,1461700.0
Tilia_platyphyllos.npy,62,1380,1461700.0
Tilia_tomentosa.npy,0,1363,790528.0
Tilia_tomentosa.npy,1,1186,792298.0
Tilia_tomentosa.npy,2,1125,792908.0
Tilia_tomentosa.npy,3,1125,792908.0
Tilia_tomentosa.npy,4,1114,793018.0
Tilia_tomentosa.npy,5,1092,793238.0
Tilia_tomentosa.npy,6,1090,793258.0
Tilia_tomentosa.npy,7,1068,793478.0
Tilia_tomentosa.npy,8,1068,793478.0
Tilia_tomentosa.npy,9,1068,793478.0
Tilia_tomentosa.npy,10,1058,793578.0
Tilia_tomentosa.npy,11,1047,793688.0
Tilia_tomentosa.npy,12,1046,793698.0
Tilia_tomentosa.npy,13,1044,793718.0
Tilia_tomentosa.npy,14,1044,793718.0
Tilia_tomentosa.npy,15,1044,793718.0
Tilia_tomentosa.npy,16,1042,793738.0
Tilia_tomentosa.npy,17,1040,793758.0
Tilia_tomentosa.npy,18,1038,793778.0
Tilia_tomentosa.npy,19,1038,793778.0
Tilia_tomentosa.npy,20,1038,793778.0
Tilia_tomentosa.npy,21,1038,793778.0
Tilia_tomentosa.npy,22,1038,793778.0
Tilia_tomentosa.npy,23,1038,793778.0
Tilia_tomentosa.npy,24,1038,793778.0
Tilia_tomentosa.npy,25,1038,793778.0
Tilia_tomentosa.npy,26,1038,793778.0
Tilia_tomentosa.npy,27,1038,793778.0
Tilia_tomentosa.npy,28,1038,793778.0
Tilia_tomentosa.npy,29,1038,793778.0
Tilia_tomentosa.npy,30,1038,793778.0
Ulmus_glabra.npy,0,899,347375.0
Ulmus_glabra.npy,1,834,348025.0
Ulmus_glabra.npy,2,809,348275.0
Ulmus_glabra.npy,3,805,348315.0
Ulmus_glabra.npy,4,797,348395.0
Ulmus_glabra.npy,5,793,348435.0
Ulmus_glabra.npy,6,787,348495.0
Ulmus_glabra.npy,7,782,348545.0
Ulmus_glabra.npy,8,782,348545.0
Ulmus_glabra.npy,9,782,348545.0
Ulmus_glabra.npy,10,782,348545.0
Ulmus_glabra.npy,11,781,348555.0
Ulmus_glabra.npy,12,781,348555.0
Ulmus_glabra.npy,13,781,348555.0
Ulmus_glabra.npy,14,781,348555.0
Ulmus_glabra.npy,15,781,348555.0
Ulmus_glabra.npy,16,781,348555.0
Ulmus_glabra.npy,17,781,348555.0
Ulmus_glabra.npy,18,781,348555.0
Ulmus_glabra.npy,19,781,348555.0
Ulmus_glabra.npy,20,781,348555.0
Ulmus_glabra.npy,21,781,348555.0
Ulmus_glabra.npy,22,781,348555.0
Ulmus_glabra.npy,23,781,348555.0
Ulmus_laevis.npy,0,1542,1206850.0
Ulmus_laevis.npy,1,1379,1208480.0
Ulmus_laevis.npy,2,1364,1208630.0
Ulmus_laevis.npy,3,1364,1208630.0
Ulmus_laevis.npy,4,1358,1208690.0
Ulmus_laevis.npy,5,1358,1208690.0
Ulmus_laevis.npy,6,1311,1209160.0
Ulmus_laevis.npy,7,1311,1209160.0
Ulmus_laevis.npy,8,1302,1209250.0
Ulmus_laevis.npy,9,1289,1209380.0
Ulmus_laevis.npy,10,1278,1209490.0
Ulmus_laevis.npy,11,1278,1209490.0
Ulmus_laevis.npy,12,1274,1209530.0
Ulmus_laevis.npy,13,1274,1209530.0
Ulmus_laevis.npy,14,1272,1209550.0
Ulmus_laevis.npy,15,1272,1209550.0
Ulmus_laevis.npy,16,1272,1209550.0
Ulmus_laevis.npy,17,1271,1209560.0
Ulmus_laevis.npy,18,1271,1209560.0
Ulmus_laevis.npy,19,1271,1209560.0
Ulmus_laevis.npy,20,1271,1209560.0
Ulmus_laevis.npy,21,1271,1209560.0
Ulmus_laevis.npy,22,1271,1209560.0
Ulmus_laevis.npy,23,1271,1209560.0
Ulmus_laevis.npy,24,1271,1209560.0
Ulmus_laevis.npy,25,1271,1209560.0
Ulmus_laevis.npy,26,1271,1209560.0
Ulmus_laevis.npy,27,1271,1209560.0
Ulmus_laevis.npy,28,1271,1209560.0
Ulmus_laevis.npy,29,1271,1209560.0
Ulmus_minor.npy,0,639,299249.0
Ulmus_minor.npy,1,586,299779.0
Ulmus_minor.npy,2,568,299959.0
Ulmus_minor.npy,3,558,300059.0
Ulmus_minor.npy,4,558,300059.0
Ulmus_minor.npy,5,554,300099.0
Ulmus_minor.npy,6,554,300099.0
Ulmus_minor.npy,7,545,300189.0
Ulmus_minor.npy,8,545,300189.0
Ulmus_minor.npy,9,545,300189.0
Ulmus_minor.npy,10,545,300189.0
Ulmus_minor.npy,11,544,300199.0
Ulmus_minor.npy,12,543,300209.0
Ulmus_minor.npy,13,543,300209.0
Ulmus_minor.npy,14,543,300209.0
Ulmus_minor.npy,15,542,300219.0
Ulmus_minor.npy,16,542,300219.0
Ulmus_minor.npy,17,542,300219.0
Ulmus_minor.npy,18,542,300219.0
Ulmus_minor.npy,19,542,300219.0
Ulmus_minor.npy,20,542,300219.0
Ulmus_minor.npy,21,542,300219.0
Ulmus_minor.npy,22,542,300219.0
Ulmus_minor.npy,23,542,300219.0
Ulmus_minor.npy,24,542,300219.0
Ulmus_minor.npy,25,542,300219.0
Ulmus_minor.npy,26,542,300219.0
Ulmus_minor.npy,27,542,300219.0
Ulmus_pumila.npy,0,485,143782.0
Ulmus_pumila.npy,1,468,143952.0
Ulmus_pumila.npy,2,458,144052.0
Ulmus_pumila.npy,3,457,144062.0
Ulmus_pumila.npy,4,452,144112.0
Ulmus_pumila.npy,5,450,144132.0
Ulmus_pumila.npy,6,449,144142.0
Ulmus_pumila.npy,7,448,144152.0
Ulmus_pumila.npy,8,448,144152.0
Ulmus_pumila.npy,9,448,144152.0
Ulmus_pumila.npy,10,448,144152.0
Ulmus_pumila.npy,11,447,144162.0
Ulmus_pumila.npy,12,447,144162.0
Ulmus_pumila.npy,13,447,144162.0
Ulmus_pumila.npy,14,447,144162.0
Ulmus_pumila.npy,15,447,144162.0
Ulmus_pumila.npy,16,447,144162.0
Ulmus_pumila.npy,17,447,144162.0
Ulmus_pumila.npy,18,447,144162.0
Ulmus_pumila.npy,19,447,144162.0
Ulmus_pumila.npy,20,447,144162.0
Ulmus_pumila.npy,21,447,144162.0
Ulmus_pumila.npy,22,447,144162.0
Ulmus_pumila.npy,23,447,144162.0
Vaccinium_myrtillus.npy,0,202,34253.0
Vaccinium_myrtillus.npy,1,171,34563.0
Vaccinium_myrtillus.npy,2,171,34563.0
Vaccinium_myrtillus.npy,3,169,34583.0
Vaccinium_myrtillus.npy,4,169,34583.0
Vaccinium_myrtillus.npy,5,165,34623.0
Vaccinium_myrtillus.npy,6,165,34623.0
Vaccinium_myrtillus.npy,7,157,34703.0
Vaccinium_myrtillus.npy,8,157,34703.0
Vaccinium_myrtillus.npy,9,154,34733.0
Vaccinium_myrtillus.npy,10,153,34743.0
Vaccinium_myrtillus.npy,11,153,34743.0
Vaccinium_myrtillus.npy,12,153,34743.0
Vaccinium_myrtillus.npy,13,153,34743.0
Vaccinium_myrtillus.npy,14,153,34743.0
Vaccinium_myrtillus.npy,15,153,34743.0
Vaccinium_myrtillus.npy,16,153,34743.0
Vaccinium_myrtillus.npy,17,153,34743.0
Vaccinium_myrtillus.npy,18,153,34743.0
Vaccinium_myrtillus.npy,19,153,34743.0
Vaccinium_myrtillus.npy,20,153,34743.0
Vaccinium_myrtillus.npy,21,153,34743.0
Vaccinium_myrtillus.npy,22,153,34743.0
Vaccinium_uliginosum.npy,0,147,22204.0
Vaccinium_uliginosum.npy,1,145,22224.0
Vaccinium_uliginosum.npy,2,144,22234.0
Vaccinium_uliginosum.npy,3,144,22234.0
Vaccinium_uliginosum.npy,4,144,22234.0
Vaccinium_uliginosum.npy,5,144,22234.0
Vaccinium_uliginosum.npy,6,144,22234.0
Vaccinium_uliginosum.npy,7,144,22234.0
Vaccinium_uliginosum.npy,8,144,22234.0
Vaccinium_uliginosum.npy,9,144,22234.0
Vaccinium_uliginosum.npy,10,144,22234.0
Vaccinium_uliginosum.npy,11,144,22234.0
Vaccinium_uliginosum.npy,12,144,22234.0
Vaccinium_uliginosum.npy,13,144,22234.0
Vaccinium_uliginosum.npy,14,144,22234.0
Vaccinium_vitisidaea.npy,0,97,10820.0
Vaccinium_vitisidaea.npy,1,95,10840.0
Vaccinium_vitisidaea.npy,2,95,10840.0
Vaccinium_vitisidaea.npy,3,95,10840.0
Vaccinium_vitisidaea.npy,4,95,10840.0
Vaccinium_vitisidaea.npy,5,95,10840.0
Vaccinium_vitisidaea.npy,6,95,10840.0
Vaccinium_vitisidaea.npy,7,95,10840.0
Vaccinium_vitisidaea.npy,8,95,10840.0
Vaccinium_vitisidaea.npy,9,95,10840.0
Vaccinium_vitisidaea.npy,10,95,10840.0
Vaccinium_vitisidaea.npy,11,95,10840.0
Vaccinium_vitisidaea.npy,12,95,10840.0
Vaccinium_vitisidaea.npy,13,95,10840.0
Viburnum_farreri.npy,0,542,271313.0
Viburnum_farreri.npy,1,540,271333.0
Viburnum_farreri.npy,2,540,271333.0
Viburnum_farreri.npy,3,539,271343.0
Viburnum_farreri.npy,4,539,271343.0
Viburnum_farreri.npy,5,539,271343.0
Viburnum_farreri.npy,6,539,271343.0
Viburnum_farreri.npy,7,539,271343.0
Viburnum_farreri.npy,8,539,271343.0
Viburnum_farreri.npy,9,539,271343.0
Viburnum_farreri.npy,10,539,271343.0
Viburnum_farreri.npy,11,539,271343.0
Viburnum_farreri.npy,12,539,271343.0
Viburnum_farreri.npy,13,539,271343.0
Viburnum_farreri.npy,14,539,271343.0
Viburnum_farreri.npy,15,539,271343.0
Viburnum_lantana.npy,0,1349,1319097.0
Viburnum_lantana.npy,1,1239,1320197.0
Viburnum_lantana.npy,2,1209,1320497.0
Viburnum_lantana.npy,3,1209,1320497.0
Viburnum_lantana.npy,4,1209,1320497.0
Viburnum_lantana.npy,5,1209,1320497.0
Viburnum_lantana.npy,6,1168,1320907.0
Viburnum_lantana.npy,7,1168,1320907.0
Viburnum_lantana.npy,8,1168,1320907.0
Viburnum_lantana.npy,9,1158,1321007.0
Viburnum_lantana.npy,10,1147,1321117.0
Viburnum_lantana.npy,11,1147,1321117.0
Viburnum_lantana.npy,12,1142,1321167.0
Viburnum_lantana.npy,13,1142,1321167.0
Viburnum_lantana.npy,14,1141,1321177.0
Viburnum_lantana.npy,15,1139,1321197.0
Viburnum_lantana.npy,16,1139,1321197.0
Viburnum_lantana.npy,17,1139,1321197.0
Viburnum_lantana.npy,18,1139,1321197.0
Viburnum_lantana.npy,19,1138,1321207.0
Viburnum_lantana.npy,20,1138,1321207.0
Viburnum_lantana.npy,21,1138,1321207.0
Viburnum_lantana.npy,22,1138,1321207.0
Viburnum_lantana.npy,23,1138,1321207.0
Viburnum_lantana.npy,24,1138,1321207.0
Viburnum_lantana.npy,25,1138,1321207.0
Viburnum_lantana.npy,26,1138,1321207.0
Viburnum_lantana.npy,27,1138,1321207.0
Viburnum_lantana.npy,28,1138,1321207.0
Viburnum_lantana.npy,29,1138,1321207.0
Viburnum_lantana.npy,30,1138,1321207.0
Viburnum_lantana.npy,31,1138,1321207.0
Viburnum_opulus.npy,0,954,200909.0
Viburnum_opulus.npy,1,752,202929.0
Viburnum_opulus.npy,2,752,202929.0
Viburnum_opulus.npy,3,752,202929.0
Viburnum_opulus.npy,4,721,203239.0
Viburnum_opulus.npy,5,693,203519.0
Viburnum_opulus.npy,6,693,203519.0
Viburnum_opulus.npy,7,687,203579.0
Viburnum_opulus.npy,8,673,203719.0
Viburnum_opulus.npy,9,673,203719.0
Viburnum_opulus.npy,10,660,203849.0
Viburnum_opulus.npy,11,660,203849.0
Viburnum_opulus.npy,12,660,203849.0
Viburnum_opulus.npy,13,642,204029.0
Viburnum_opulus.npy,14,631,204139.0
Viburnum_opulus.npy,15,617,204279.0
Viburnum_opulus.npy,16,612,204329.0
Viburnum_opulus.npy,17,607,204379.0
Viburnum_opulus.npy,18,607,204379.0
Viburnum_opulus.npy,19,607,204379.0
Viburnum_opulus.npy,20,604,204409.0
Viburnum_opulus.npy,21,602,204429.0
Viburnum_opulus.npy,22,602,204429.0
Viburnum_opulus.npy,23,602,204429.0
Viburnum_opulus.npy,24,602,204429.0
Viburnum_opulus.npy,25,602,204429.0
Viburnum_opulus.npy,26,602,204429.0
Viburnum_opulus.npy,27,602,204429.0
Viburnum_opulus.npy,28,602,204429.0
Viburnum_opulus.npy,29,602,204429.0
Viburnum_opulus.npy,30,602,204429.0
Viburnum_opulus.npy,31,602,204429.0
Viburnum_opulus.npy,32,595,204499.0
Viburnum_opulus.npy,33,595,204499.0
Viburnum_opulus.npy,34,589,204559.0
Viburnum_opulus.npy,35,589,204559.0
Viburnum_opulus.npy,36,589,204559.0
Viburnum_opulus.npy,37,589,204559.0
Viburnum_opulus.npy,38,589,204559.0
Viburnum_opulus.npy,39,589,204559.0
Viburnum_opulus.npy,40,589,204559.0
Viburnum_opulus.npy,41,589,204559.0
Viburnum_opulus.npy,42,589,204559.0
Viburnum_opulus.npy,43,589,204559.0
Viburnum_opulus.npy,44,589,204559.0
Viburnum_opulus.npy,45,589,204559.0
Viburnum_opulus.npy,46,589,204559.0
Viburnum_pragense.npy,0,250,113665.0
Viburnum_pragense.npy,1,239,113775.0
Viburnum_pragense.npy,2,238,113785.0
Viburnum_pragense.npy,3,236,113805.0
Viburnum_pragense.npy,4,236,113805.0
Viburnum_pragense.npy,5,235,113815.0
Viburnum_pragense.npy,6,234,113825.0
Viburnum_pragense.npy,7,234,113825.0
Viburnum_pragense.npy,8,234,113825.0
Viburnum_pragense.npy,9,234,113825.0
Viburnum_pragense.npy,10,234,113825.0
Viburnum_pragense.npy,11,234,113825.0
Viburnum_pragense.npy,12,234,113825.0
Viburnum_pragense.npy,13,234,113825.0
Viburnum_pragense.npy,14,234,113825.0
Viburnum_pragense.npy,15,234,113825.0
Viburnum_pragense.npy,16,234,113825.0
Viburnum_pragense.npy,17,234,113825.0
Viburnum_pragense.npy,18,234,113825.0
Viburnum_rhytidophyllum.npy,0,601,612397.0
Viburnum_rhytidophyllum.npy,1,592,612487.0
Viburnum_rhytidophyllum.npy,2,592,612487.0
Viburnum_rhytidophyllum.npy,3,592,612487.0
Viburnum_rhytidophyllum.npy,4,592,612487.0
Viburnum_rhytidophyllum.npy,5,591,612497.0
Viburnum_rhytidophyllum.npy,6,587,612537.0
Viburnum_rhytidophyllum.npy,7,586,612547.0
Viburnum_rhytidophyllum.npy,8,586,612547.0
Viburnum_rhytidophyllum.npy,9,585,612557.0
Viburnum_rhytidophyllum.npy,10,584,612567.0
Viburnum_rhytidophyllum.npy,11,584,612567.0
Viburnum_rhytidophyllum.npy,12,584,612567.0
Viburnum_rhytidophyllum.npy,13,584,612567.0
Viburnum_rhytidophyllum.npy,14,584,612567.0
Viburnum_rhytidophyllum.npy,15,584,612567.0
Viburnum_rhytidophyllum.npy,16,584,612567.0
Viburnum_rhytidophyllum.npy,17,584,612567.0
Viburnum_rhytidophyllum.npy,18,584,612567.0
Viburnum_rhytidophyllum.npy,19,584,612567.0
Viburnum_rhytidophyllum.npy,20,584,612567.0
Viburnum_rhytidophyllum.npy,21,584,612567.0
Viburnum_rhytidophyllum.npy,22,584,612567.0
Vinca_major.npy,0,343,134419.0
Vinca_major.npy,1,340,134449.0
Vinca_major.npy,2,338,134469.0
Vinca_major.npy,3,336,134489.0
Vinca_major.npy,4,336,134489.0
Vinca_major.npy,5,336,134489.0
Vinca_major.npy,6,335,134499.0
Vinca_major.npy,7,335,134499.0
Vinca_major.npy,8,335,134499.0
Vinca_major.npy,9,335,134499.0
Vinca_major.npy,10,335,134499.0
Vinca_major.npy,11,335,134499.0
Vinca_major.npy,12,335,134499.0
Vinca_major.npy,13,335,134499.0
Vinca_major.npy,14,335,134499.0
Vinca_major.npy,15,335,134499.0
Vinca_major.npy,16,335,134499.0
Vinca_major.npy,17,335,134499.0
Vinca_major.npy,18,335,134499.0
Vinca_minor.npy,0,245,97908.0
Vinca_minor.npy,1,245,97908.0
Vinca_minor.npy,2,245,97908.0
Vinca_minor.npy,3,245,97908.0
Vinca_minor.npy,4,245,97908.0
Vinca_minor.npy,5,245,97908.0
Vinca_minor.npy,6,245,97908.0
Vinca_minor.npy,7,245,97908.0
Vinca_minor.npy,8,245,97908.0
Vinca_minor.npy,9,245,97908.0
Vinca_minor.npy,10,245,97908.0
Vinca_minor.npy,11,245,97908.0
Vinca_minor.npy,12,245,97908.0
Vitis_riparia.npy,0,2212,1035603.0
Vitis_riparia.npy,1,1851,1039213.0
Vitis_riparia.npy,2,1843,1039293.0
Vitis_riparia.npy,3,1800,1039723.0
Vitis_riparia.npy,4,1800,1039723.0
Vitis_riparia.npy,5,1619,1041533.0
Vitis_riparia.npy,6,1619,1041533.0
Vitis_riparia.npy,7,1619,1041533.0
Vitis_riparia.npy,8,1619,1041533.0
Vitis_riparia.npy,9,1619,1041533.0
Vitis_riparia.npy,10,1619,1041533.0
Vitis_riparia.npy,11,1578,1041943.0
Vitis_riparia.npy,12,1578,1041943.0
Vitis_riparia.npy,13,1578,1041943.0
Vitis_riparia.npy,14,1532,1042403.0
Vitis_riparia.npy,15,1531,1042413.0
Vitis_riparia.npy,16,1520,1042523.0
Vitis_riparia.npy,17,1510,1042623.0
Vitis_riparia.npy,18,1503,1042693.0
Vitis_riparia.npy,19,1503,1042693.0
Vitis_riparia.npy,20,1496,1042763.0
Vitis_riparia.npy,21,1493,1042793.0
Vitis_riparia.npy,22,1492,1042803.0
Vitis_riparia.npy,23,1490,1042823.0
Vitis_riparia.npy,24,1489,1042833.0
Vitis_riparia.npy,25,1489,1042833.0
Vitis_riparia.npy,26,1489,1042833.0
Vitis_riparia.npy,27,1489,1042833.0
Vitis_riparia.npy,28,1489,1042833.0
Vitis_riparia.npy,29,1489,1042833.0
Vitis_riparia.npy,30,1489,1042833.0
Vitis_riparia.npy,31,1489,1042833.0
Vitis_riparia.npy,32,1489,1042833.0
Vitis_riparia.npy,33,1486,1042863.0
Vitis_riparia.npy,34,1486,1042863.0
Vitis_riparia.npy,35,1486,1042863.0
Vitis_riparia.npy,36,1486,1042863.0
Vitis_riparia.npy,37,1486,1042863.0
Vitis_riparia.npy,38,1486,1042863.0
Vitis_riparia.npy,39,1486,1042863.0
Vitis_riparia.npy,40,1486,1042863.0
Vitis_riparia.npy,41,1485,1042873.0
Vitis_riparia.npy,42,1485,1042873.0
Vitis_riparia.npy,43,1485,1042873.0
Vitis_riparia.npy,44,1485,1042873.0
Vitis_riparia.npy,45,1485,1042873.0
Vitis_riparia.npy,46,1485,1042873.0
Vitis_riparia.npy,47,1485,1042873.0
Vitis_riparia.npy,48,1485,1042873.0
Vitis_riparia.npy,49,1485,1042873.0
Vitis_riparia.npy,50,1485,1042873.0
Vitis_riparia.npy,51,1485,1042873.0
Vitis_riparia.npy,52,1485,1042873.0
Vitis_riparia.npy,53,1485,1042873.0
Vitis_vinifera.npy,0,2958,2783262.0
Vitis_vinifera.npy,1,2659,2786252.0
Vitis_vinifera.npy,2,2567,2787172.0
Vitis_vinifera.npy,3,2567,2787172.0
Vitis_vinifera.npy,4,2535,2787492.0
Vitis_vinifera.npy,5,2535,2787492.0
Vitis_vinifera.npy,6,2467,2788172.0
Vitis_vinifera.npy,7,2467,2788172.0
Vitis_vinifera.npy,8,2467,2788172.0
Vitis_vinifera.npy,9,2467,2788172.0
Vitis_vinifera.npy,10,2467,2788172.0
Vitis_vinifera.npy,11,2453,2788312.0
Vitis_vinifera.npy,12,2453,2788312.0
Vitis_vinifera.npy,13,2413,2788712.0
Vitis_vinifera.npy,14,2413,2788712.0
Vitis_vinifera.npy,15,2390,2788942.0
Vitis_vinifera.npy,16,2380,2789042.0
Vitis_vinifera.npy,17,2370,2789142.0
Vitis_vinifera.npy,18,2370,2789142.0
Vitis_vinifera.npy,19,2370,2789142.0
Vitis_vinifera.npy,20,2351,2789332.0
Vitis_vinifera.npy,21,2351,2789332.0
Vitis_vinifera.npy,22,2351,2789332.0
Vitis_vinifera.npy,23,2343,2789412.0
Vitis_vinifera.npy,24,2343,2789412.0
Vitis_vinifera.npy,25,2339,2789452.0
Vitis_vinifera.npy,26,2339,2789452.0
Vitis_vinifera.npy,27,2338,2789462.0
Vitis_vinifera.npy,28,2332,2789522.0
Vitis_vinifera.npy,29,2332,2789522.0
Vitis_vinifera.npy,30,2332,2789522.0
Vitis_vinifera.npy,31,2332,2789522.0
Vitis_vinifera.npy,32,2331,2789532.0
Vitis_vinifera.npy,33,2331,2789532.0
Vitis_vinifera.npy,34,2331,2789532.0
Vitis_vinifera.npy,35,2331,2789532.0
Vitis_vinifera.npy,36,2331,2789532.0
Vitis_vinifera.npy,37,2331,2789532.0
Vitis_vinifera.npy,38,2331,2789532.0
Vitis_vinifera.npy,39,2331,2789532.0
Vitis_vinifera.npy,40,2331,2789532.0
Vitis_vinifera.npy,41,2331,2789532.0
Vitis_vinifera.npy,42,2331,2789532.0
Vitis_vinifera.npy,43,2331,2789532.0
Vitis_vinifera.npy,44,2331,2789532.0
Weigela_florida.npy,0,195,49420.0
Weigela_florida.npy,1,193,49440.0
Weigela_florida.npy,2,193,49440.0
Weigela_florida.npy,3,192,49450.0
Weigela_florida.npy,4,190,49470.0
Weigela_florida.npy,5,190,49470.0
Weigela_florida.npy,6,190,49470.0
Weigela_florida.npy,7,190,49470.0
Weigela_florida.npy,8,190,49470.0
Weigela_florida.npy,9,190,49470.0
Weigela_florida.npy,10,190,49470.0
Weigela_florida.npy,11,190,49470.0
Weigela_florida.npy,12,190,49470.0
Weigela_florida.npy,13,190,49470.0
Weigela_florida.npy,14,190,49470.0
Weigela_florida.npy,15,190,49470.0
Weigela_florida.npy,16,190,49470.0
Wisteria_sinensis.npy,0,501,348415.0
Wisteria_sinensis.npy,1,493,348495.0
Wisteria_sinensis.npy,2,492,348505.0
Wisteria_sinensis.npy,3,492,348505.0
Wisteria_sinensis.npy,4,490,348525.0
Wisteria_sinensis.npy,5,490,348525.0
Wisteria_sinensis.npy,6,489,348535.0
Wisteria_sinensis.npy,7,489,348535.0
Wisteria_sinensis.npy,8,489,348535.0
Wisteria_sinensis.npy,9,489,348535.0
Wisteria_sinensis.npy,10,489,348535.0
Wisteria_sinensis.npy,11,489,348535.0
Wisteria_sinensis.npy,12,489,348535.0
Wisteria_sinensis.npy,13,489,348535.0
Wisteria_sinensis.npy,14,489,348535.0
Wisteria_sinensis.npy,15,489,348535.0
Wisteria_sinensis.npy,16,489,348535.0
Wisteria_sinensis.npy,17,489,348535.0
Wisteria_sinensis.npy,18,489,348535.0
Zelkova_serrata.npy,0,965,756016.0
Zelkova_serrata.npy,1,942,756246.0
Zelkova_serrata.npy,2,939,756276.0
Zelkova_serrata.npy,3,928,756386.0
Zelkova_serrata.npy,4,924,756426.0
Zelkova_serrata.npy,5,924,756426.0
Zelkova_serrata.npy,6,921,756456.0
Zelkova_serrata.npy,7,921,756456.0
Zelkova_serrata.npy,8,917,756496.0
Zelkova_serrata.npy,9,917,756496.0
Zelkova_serrata.npy,10,917,756496.0
Zelkova_serrata.npy,11,916,756506.0
Zelkova_serrata.npy,12,916,756506.0
Zelkova_serrata.npy,13,916,756506.0
Zelkova_serrata.npy,14,916,756506.0
Zelkova_serrata.npy,15,916,756506.0
Zelkova_serrata.npy,16,916,756506.0
Zelkova_serrata.npy,17,916,756506.0
Zelkova_serrata.npy,18,916,756506.0
Zelkova_serrata.npy,19,916,756506.0
Zelkova_serrata.npy,20,916,756506.0
Zelkova_serrata.npy,21,916,756506.0
Zelkova_serrata.npy,22,916,756506.0
Zelkova_serrata.npy,23,916,756506.0
