image_name,generation,best_rectangle_count,fitness
Bone-10_binary.npy,0,411,27270.0
Bone-10_binary.npy,1,411,27270.0
Bone-10_binary.npy,2,411,27270.0
Bone-10_binary.npy,3,411,27270.0
Bone-10_binary.npy,4,398,27400.0
Bone-10_binary.npy,5,398,27400.0
Bone-10_binary.npy,6,398,27400.0
Bone-10_binary.npy,7,398,27400.0
Bone-10_binary.npy,8,393,27450.0
Bone-10_binary.npy,9,393,27450.0
Bone-10_binary.npy,10,393,27450.0
Bone-10_binary.npy,11,393,27450.0
Bone-10_binary.npy,12,393,27450.0
Bone-10_binary.npy,13,393,27450.0
Bone-10_binary.npy,14,393,27450.0
Bone-10_binary.npy,15,392,27460.0
Bone-10_binary.npy,16,392,27460.0
Bone-10_binary.npy,17,392,27460.0
Bone-10_binary.npy,18,392,27460.0
Bone-10_binary.npy,19,392,27460.0
Bone-10_binary.npy,20,392,27460.0
Bone-10_binary.npy,21,391,27470.0
Bone-10_binary.npy,22,391,27470.0
Bone-10_binary.npy,23,391,27470.0
Bone-10_binary.npy,24,391,27470.0
Bone-10_binary.npy,25,391,27470.0
Bone-10_binary.npy,26,391,27470.0
Bone-10_binary.npy,27,391,27470.0
Bone-10_binary.npy,28,391,27470.0
Bone-10_binary.npy,29,391,27470.0
Bone-13_binary.npy,0,334,17600.0
Bone-13_binary.npy,1,317,17770.0
Bone-13_binary.npy,2,317,17770.0
Bone-13_binary.npy,3,317,17770.0
Bone-13_binary.npy,4,317,17770.0
Bone-13_binary.npy,5,317,17770.0
Bone-13_binary.npy,6,317,17770.0
Bone-13_binary.npy,7,317,17770.0
Bone-13_binary.npy,8,317,17770.0
Bone-13_binary.npy,9,305,17890.0
Bone-13_binary.npy,10,305,17890.0
Bone-13_binary.npy,11,305,17890.0
Bone-13_binary.npy,12,305,17890.0
Bone-13_binary.npy,13,305,17890.0
Bone-13_binary.npy,14,299,17950.0
Bone-13_binary.npy,15,299,17950.0
Bone-13_binary.npy,16,299,17950.0
Bone-13_binary.npy,17,299,17950.0
Bone-13_binary.npy,18,299,17950.0
Bone-13_binary.npy,19,299,17950.0
Bone-13_binary.npy,20,299,17950.0
Bone-13_binary.npy,21,299,17950.0
Bone-13_binary.npy,22,299,17950.0
Bone-17_binary.npy,0,387,25006.0
Bone-17_binary.npy,1,387,25006.0
Bone-17_binary.npy,2,387,25006.0
Bone-17_binary.npy,3,387,25006.0
Bone-17_binary.npy,4,387,25006.0
Bone-17_binary.npy,5,387,25006.0
Bone-17_binary.npy,6,387,25006.0
Bone-17_binary.npy,7,380,25076.0
Bone-17_binary.npy,8,380,25076.0
Bone-17_binary.npy,9,380,25076.0
Bone-17_binary.npy,10,380,25076.0
Bone-17_binary.npy,11,380,25076.0
Bone-17_binary.npy,12,380,25076.0
Bone-17_binary.npy,13,380,25076.0
Bone-17_binary.npy,14,321,25666.0
Bone-17_binary.npy,15,321,25666.0
Bone-17_binary.npy,16,321,25666.0
Bone-17_binary.npy,17,314,25736.0
Bone-17_binary.npy,18,314,25736.0
Bone-17_binary.npy,19,314,25736.0
Bone-17_binary.npy,20,314,25736.0
Bone-17_binary.npy,21,314,25736.0
Bone-17_binary.npy,22,287,26006.0
Bone-17_binary.npy,23,287,26006.0
Bone-17_binary.npy,24,287,26006.0
Bone-17_binary.npy,25,287,26006.0
Bone-17_binary.npy,26,279,26086.0
Bone-17_binary.npy,27,279,26086.0
Bone-17_binary.npy,28,279,26086.0
Bone-17_binary.npy,29,279,26086.0
Bone-17_binary.npy,30,279,26086.0
Bone-17_binary.npy,31,273,26146.0
Bone-17_binary.npy,32,273,26146.0
Bone-17_binary.npy,33,273,26146.0
Bone-17_binary.npy,34,272,26156.0
Bone-17_binary.npy,35,271,26166.0
Bone-17_binary.npy,36,271,26166.0
Bone-17_binary.npy,37,271,26166.0
Bone-17_binary.npy,38,271,26166.0
Bone-17_binary.npy,39,271,26166.0
Bone-17_binary.npy,40,270,26176.0
Bone-17_binary.npy,41,270,26176.0
Bone-17_binary.npy,42,270,26176.0
Bone-17_binary.npy,43,270,26176.0
Bone-17_binary.npy,44,267,26206.0
Bone-17_binary.npy,45,267,26206.0
Bone-17_binary.npy,46,267,26206.0
Bone-17_binary.npy,47,267,26206.0
Bone-17_binary.npy,48,267,26206.0
Bone-17_binary.npy,49,267,26206.0
Bone-17_binary.npy,50,267,26206.0
Bone-17_binary.npy,51,266,26216.0
Bone-17_binary.npy,52,266,26216.0
Bone-17_binary.npy,53,266,26216.0
Bone-17_binary.npy,54,266,26216.0
Bone-17_binary.npy,55,266,26216.0
Bone-17_binary.npy,56,266,26216.0
Bone-17_binary.npy,57,266,26216.0
Bone-17_binary.npy,58,266,26216.0
Bone-17_binary.npy,59,266,26216.0
Bone-18_binary.npy,0,311,18614.0
Bone-18_binary.npy,1,311,18614.0
Bone-18_binary.npy,2,311,18614.0
Bone-18_binary.npy,3,311,18614.0
Bone-18_binary.npy,4,311,18614.0
Bone-18_binary.npy,5,311,18614.0
Bone-18_binary.npy,6,311,18614.0
Bone-18_binary.npy,7,311,18614.0
Bone-18_binary.npy,8,311,18614.0
Comma-12_binary.npy,0,412,63558.0
Comma-12_binary.npy,1,409,63588.0
Comma-12_binary.npy,2,350,64178.0
Comma-12_binary.npy,3,350,64178.0
Comma-12_binary.npy,4,336,64318.0
Comma-12_binary.npy,5,336,64318.0
Comma-12_binary.npy,6,336,64318.0
Comma-12_binary.npy,7,336,64318.0
Comma-12_binary.npy,8,298,64698.0
Comma-12_binary.npy,9,298,64698.0
Comma-12_binary.npy,10,298,64698.0
Comma-12_binary.npy,11,268,64998.0
Comma-12_binary.npy,12,268,64998.0
Comma-12_binary.npy,13,268,64998.0
Comma-12_binary.npy,14,257,65108.0
Comma-12_binary.npy,15,257,65108.0
Comma-12_binary.npy,16,257,65108.0
Comma-12_binary.npy,17,257,65108.0
Comma-12_binary.npy,18,215,65528.0
Comma-12_binary.npy,19,215,65528.0
Comma-12_binary.npy,20,215,65528.0
Comma-12_binary.npy,21,215,65528.0
Comma-12_binary.npy,22,215,65528.0
Comma-12_binary.npy,23,215,65528.0
Comma-12_binary.npy,24,215,65528.0
Comma-12_binary.npy,25,190,65778.0
Comma-12_binary.npy,26,190,65778.0
Comma-12_binary.npy,27,190,65778.0
Comma-12_binary.npy,28,190,65778.0
Comma-12_binary.npy,29,185,65828.0
Comma-12_binary.npy,30,185,65828.0
Comma-12_binary.npy,31,185,65828.0
Comma-12_binary.npy,32,185,65828.0
Comma-12_binary.npy,33,185,65828.0
Comma-12_binary.npy,34,185,65828.0
Comma-12_binary.npy,35,185,65828.0
Comma-12_binary.npy,36,185,65828.0
Comma-12_binary.npy,37,170,65978.0
Comma-12_binary.npy,38,166,66018.0
Comma-12_binary.npy,39,166,66018.0
Comma-12_binary.npy,40,166,66018.0
Comma-12_binary.npy,41,163,66048.0
Comma-12_binary.npy,42,163,66048.0
Comma-12_binary.npy,43,163,66048.0
Comma-12_binary.npy,44,163,66048.0
Comma-12_binary.npy,45,163,66048.0
Comma-12_binary.npy,46,163,66048.0
Comma-12_binary.npy,47,163,66048.0
Comma-12_binary.npy,48,163,66048.0
Comma-12_binary.npy,49,163,66048.0
Comma-13_binary.npy,0,289,63176.0
Comma-13_binary.npy,1,289,63176.0
Comma-13_binary.npy,2,289,63176.0
Comma-13_binary.npy,3,286,63206.0
Comma-13_binary.npy,4,286,63206.0
Comma-13_binary.npy,5,266,63406.0
Comma-13_binary.npy,6,266,63406.0
Comma-13_binary.npy,7,266,63406.0
Comma-13_binary.npy,8,266,63406.0
Comma-13_binary.npy,9,266,63406.0
Comma-13_binary.npy,10,266,63406.0
Comma-13_binary.npy,11,253,63536.0
Comma-13_binary.npy,12,253,63536.0
Comma-13_binary.npy,13,253,63536.0
Comma-13_binary.npy,14,253,63536.0
Comma-13_binary.npy,15,253,63536.0
Comma-13_binary.npy,16,253,63536.0
Comma-13_binary.npy,17,240,63666.0
Comma-13_binary.npy,18,240,63666.0
Comma-13_binary.npy,19,227,63796.0
Comma-13_binary.npy,20,227,63796.0
Comma-13_binary.npy,21,227,63796.0
Comma-13_binary.npy,22,227,63796.0
Comma-13_binary.npy,23,227,63796.0
Comma-13_binary.npy,24,218,63886.0
Comma-13_binary.npy,25,218,63886.0
Comma-13_binary.npy,26,218,63886.0
Comma-13_binary.npy,27,218,63886.0
Comma-13_binary.npy,28,218,63886.0
Comma-13_binary.npy,29,218,63886.0
Comma-13_binary.npy,30,218,63886.0
Comma-13_binary.npy,31,218,63886.0
Comma-13_binary.npy,32,218,63886.0
Comma-14_binary.npy,0,289,70838.0
Comma-14_binary.npy,1,289,70838.0
Comma-14_binary.npy,2,245,71278.0
Comma-14_binary.npy,3,245,71278.0
Comma-14_binary.npy,4,245,71278.0
Comma-14_binary.npy,5,238,71348.0
Comma-14_binary.npy,6,238,71348.0
Comma-14_binary.npy,7,238,71348.0
Comma-14_binary.npy,8,238,71348.0
Comma-14_binary.npy,9,238,71348.0
Comma-14_binary.npy,10,207,71658.0
Comma-14_binary.npy,11,207,71658.0
Comma-14_binary.npy,12,207,71658.0
Comma-14_binary.npy,13,207,71658.0
Comma-14_binary.npy,14,207,71658.0
Comma-14_binary.npy,15,207,71658.0
Comma-14_binary.npy,16,198,71748.0
Comma-14_binary.npy,17,198,71748.0
Comma-14_binary.npy,18,198,71748.0
Comma-14_binary.npy,19,189,71838.0
Comma-14_binary.npy,20,189,71838.0
Comma-14_binary.npy,21,189,71838.0
Comma-14_binary.npy,22,187,71858.0
Comma-14_binary.npy,23,187,71858.0
Comma-14_binary.npy,24,187,71858.0
Comma-14_binary.npy,25,187,71858.0
Comma-14_binary.npy,26,187,71858.0
Comma-14_binary.npy,27,187,71858.0
Comma-14_binary.npy,28,187,71858.0
Comma-14_binary.npy,29,187,71858.0
Comma-14_binary.npy,30,187,71858.0
Comma-17_binary.npy,0,297,68621.0
Comma-17_binary.npy,1,297,68621.0
Comma-17_binary.npy,2,297,68621.0
Comma-17_binary.npy,3,296,68631.0
Comma-17_binary.npy,4,296,68631.0
Comma-17_binary.npy,5,296,68631.0
Comma-17_binary.npy,6,284,68751.0
Comma-17_binary.npy,7,269,68901.0
Comma-17_binary.npy,8,269,68901.0
Comma-17_binary.npy,9,269,68901.0
Comma-17_binary.npy,10,269,68901.0
Comma-17_binary.npy,11,269,68901.0
Comma-17_binary.npy,12,269,68901.0
Comma-17_binary.npy,13,255,69041.0
Comma-17_binary.npy,14,255,69041.0
Comma-17_binary.npy,15,255,69041.0
Comma-17_binary.npy,16,255,69041.0
Comma-17_binary.npy,17,254,69051.0
Comma-17_binary.npy,18,254,69051.0
Comma-17_binary.npy,19,254,69051.0
Comma-17_binary.npy,20,235,69241.0
Comma-17_binary.npy,21,235,69241.0
Comma-17_binary.npy,22,235,69241.0
Comma-17_binary.npy,23,235,69241.0
Comma-17_binary.npy,24,235,69241.0
Comma-17_binary.npy,25,235,69241.0
Comma-17_binary.npy,26,232,69271.0
Comma-17_binary.npy,27,232,69271.0
Comma-17_binary.npy,28,232,69271.0
Comma-17_binary.npy,29,232,69271.0
Comma-17_binary.npy,30,232,69271.0
Comma-17_binary.npy,31,231,69281.0
Comma-17_binary.npy,32,230,69291.0
Comma-17_binary.npy,33,230,69291.0
Comma-17_binary.npy,34,230,69291.0
Comma-17_binary.npy,35,228,69311.0
Comma-17_binary.npy,36,228,69311.0
Comma-17_binary.npy,37,228,69311.0
Comma-17_binary.npy,38,228,69311.0
Comma-17_binary.npy,39,228,69311.0
Comma-17_binary.npy,40,228,69311.0
Comma-17_binary.npy,41,228,69311.0
Comma-17_binary.npy,42,228,69311.0
Comma-17_binary.npy,43,228,69311.0
Glas-10_binary.npy,0,549,46205.0
Glas-10_binary.npy,1,549,46205.0
Glas-10_binary.npy,2,549,46205.0
Glas-10_binary.npy,3,549,46205.0
Glas-10_binary.npy,4,549,46205.0
Glas-10_binary.npy,5,548,46215.0
Glas-10_binary.npy,6,548,46215.0
Glas-10_binary.npy,7,548,46215.0
Glas-10_binary.npy,8,548,46215.0
Glas-10_binary.npy,9,387,47825.0
Glas-10_binary.npy,10,387,47825.0
Glas-10_binary.npy,11,387,47825.0
Glas-10_binary.npy,12,351,48185.0
Glas-10_binary.npy,13,351,48185.0
Glas-10_binary.npy,14,351,48185.0
Glas-10_binary.npy,15,351,48185.0
Glas-10_binary.npy,16,351,48185.0
Glas-10_binary.npy,17,316,48535.0
Glas-10_binary.npy,18,316,48535.0
Glas-10_binary.npy,19,316,48535.0
Glas-10_binary.npy,20,316,48535.0
Glas-10_binary.npy,21,316,48535.0
Glas-10_binary.npy,22,316,48535.0
Glas-10_binary.npy,23,316,48535.0
Glas-10_binary.npy,24,316,48535.0
Glas-10_binary.npy,25,302,48675.0
Glas-10_binary.npy,26,302,48675.0
Glas-10_binary.npy,27,302,48675.0
Glas-10_binary.npy,28,302,48675.0
Glas-10_binary.npy,29,291,48785.0
Glas-10_binary.npy,30,291,48785.0
Glas-10_binary.npy,31,291,48785.0
Glas-10_binary.npy,32,291,48785.0
Glas-10_binary.npy,33,291,48785.0
Glas-10_binary.npy,34,291,48785.0
Glas-10_binary.npy,35,291,48785.0
Glas-10_binary.npy,36,291,48785.0
Glas-10_binary.npy,37,291,48785.0
Glas-11_binary.npy,0,292,42932.0
Glas-11_binary.npy,1,292,42932.0
Glas-11_binary.npy,2,292,42932.0
Glas-11_binary.npy,3,292,42932.0
Glas-11_binary.npy,4,292,42932.0
Glas-11_binary.npy,5,292,42932.0
Glas-11_binary.npy,6,292,42932.0
Glas-11_binary.npy,7,292,42932.0
Glas-11_binary.npy,8,292,42932.0
Glas-3_binary.npy,0,364,52106.0
Glas-3_binary.npy,1,262,53126.0
Glas-3_binary.npy,2,262,53126.0
Glas-3_binary.npy,3,262,53126.0
Glas-3_binary.npy,4,262,53126.0
Glas-3_binary.npy,5,262,53126.0
Glas-3_binary.npy,6,262,53126.0
Glas-3_binary.npy,7,234,53406.0
Glas-3_binary.npy,8,234,53406.0
Glas-3_binary.npy,9,212,53626.0
Glas-3_binary.npy,10,212,53626.0
Glas-3_binary.npy,11,212,53626.0
Glas-3_binary.npy,12,212,53626.0
Glas-3_binary.npy,13,212,53626.0
Glas-3_binary.npy,14,208,53666.0
Glas-3_binary.npy,15,208,53666.0
Glas-3_binary.npy,16,208,53666.0
Glas-3_binary.npy,17,208,53666.0
Glas-3_binary.npy,18,208,53666.0
Glas-3_binary.npy,19,208,53666.0
Glas-3_binary.npy,20,202,53726.0
Glas-3_binary.npy,21,202,53726.0
Glas-3_binary.npy,22,202,53726.0
Glas-3_binary.npy,23,202,53726.0
Glas-3_binary.npy,24,202,53726.0
Glas-3_binary.npy,25,202,53726.0
Glas-3_binary.npy,26,202,53726.0
Glas-3_binary.npy,27,202,53726.0
Glas-3_binary.npy,28,202,53726.0
Glas-8_binary.npy,0,364,59981.0
Glas-8_binary.npy,1,278,60841.0
Glas-8_binary.npy,2,278,60841.0
Glas-8_binary.npy,3,278,60841.0
Glas-8_binary.npy,4,278,60841.0
Glas-8_binary.npy,5,262,61001.0
Glas-8_binary.npy,6,262,61001.0
Glas-8_binary.npy,7,244,61181.0
Glas-8_binary.npy,8,244,61181.0
Glas-8_binary.npy,9,244,61181.0
Glas-8_binary.npy,10,244,61181.0
Glas-8_binary.npy,11,244,61181.0
Glas-8_binary.npy,12,244,61181.0
Glas-8_binary.npy,13,244,61181.0
Glas-8_binary.npy,14,244,61181.0
Glas-8_binary.npy,15,244,61181.0
HCircle-12_binary.npy,0,194,45005.0
HCircle-12_binary.npy,1,194,45005.0
HCircle-12_binary.npy,2,194,45005.0
HCircle-12_binary.npy,3,194,45005.0
HCircle-12_binary.npy,4,194,45005.0
HCircle-12_binary.npy,5,194,45005.0
HCircle-12_binary.npy,6,194,45005.0
HCircle-12_binary.npy,7,194,45005.0
HCircle-12_binary.npy,8,194,45005.0
HCircle-16_binary.npy,0,227,46694.0
HCircle-16_binary.npy,1,188,47084.0
HCircle-16_binary.npy,2,188,47084.0
HCircle-16_binary.npy,3,188,47084.0
HCircle-16_binary.npy,4,188,47084.0
HCircle-16_binary.npy,5,188,47084.0
HCircle-16_binary.npy,6,188,47084.0
HCircle-16_binary.npy,7,188,47084.0
HCircle-16_binary.npy,8,188,47084.0
HCircle-16_binary.npy,9,177,47194.0
HCircle-16_binary.npy,10,177,47194.0
HCircle-16_binary.npy,11,177,47194.0
HCircle-16_binary.npy,12,177,47194.0
HCircle-16_binary.npy,13,177,47194.0
HCircle-16_binary.npy,14,175,47214.0
HCircle-16_binary.npy,15,175,47214.0
HCircle-16_binary.npy,16,175,47214.0
HCircle-16_binary.npy,17,171,47254.0
HCircle-16_binary.npy,18,171,47254.0
HCircle-16_binary.npy,19,171,47254.0
HCircle-16_binary.npy,20,171,47254.0
HCircle-16_binary.npy,21,171,47254.0
HCircle-16_binary.npy,22,170,47264.0
HCircle-16_binary.npy,23,170,47264.0
HCircle-16_binary.npy,24,170,47264.0
HCircle-16_binary.npy,25,170,47264.0
HCircle-16_binary.npy,26,170,47264.0
HCircle-16_binary.npy,27,170,47264.0
HCircle-16_binary.npy,28,170,47264.0
HCircle-16_binary.npy,29,170,47264.0
HCircle-16_binary.npy,30,170,47264.0
HCircle-17_binary.npy,0,231,46432.0
HCircle-17_binary.npy,1,231,46432.0
HCircle-17_binary.npy,2,231,46432.0
HCircle-17_binary.npy,3,231,46432.0
HCircle-17_binary.npy,4,231,46432.0
HCircle-17_binary.npy,5,231,46432.0
HCircle-17_binary.npy,6,231,46432.0
HCircle-17_binary.npy,7,231,46432.0
HCircle-17_binary.npy,8,231,46432.0
HCircle-6_binary.npy,0,194,40823.0
HCircle-6_binary.npy,1,194,40823.0
HCircle-6_binary.npy,2,194,40823.0
HCircle-6_binary.npy,3,194,40823.0
HCircle-6_binary.npy,4,194,40823.0
HCircle-6_binary.npy,5,194,40823.0
HCircle-6_binary.npy,6,186,40903.0
HCircle-6_binary.npy,7,186,40903.0
HCircle-6_binary.npy,8,186,40903.0
HCircle-6_binary.npy,9,186,40903.0
HCircle-6_binary.npy,10,186,40903.0
HCircle-6_binary.npy,11,186,40903.0
HCircle-6_binary.npy,12,186,40903.0
HCircle-6_binary.npy,13,186,40903.0
HCircle-6_binary.npy,14,186,40903.0
Heart-10_binary.npy,0,505,98899.0
Heart-10_binary.npy,1,505,98899.0
Heart-10_binary.npy,2,505,98899.0
Heart-10_binary.npy,3,496,98989.0
Heart-10_binary.npy,4,496,98989.0
Heart-10_binary.npy,5,460,99349.0
Heart-10_binary.npy,6,460,99349.0
Heart-10_binary.npy,7,460,99349.0
Heart-10_binary.npy,8,460,99349.0
Heart-10_binary.npy,9,460,99349.0
Heart-10_binary.npy,10,453,99419.0
Heart-10_binary.npy,11,453,99419.0
Heart-10_binary.npy,12,452,99429.0
Heart-10_binary.npy,13,445,99499.0
Heart-10_binary.npy,14,443,99519.0
Heart-10_binary.npy,15,443,99519.0
Heart-10_binary.npy,16,443,99519.0
Heart-10_binary.npy,17,439,99559.0
Heart-10_binary.npy,18,439,99559.0
Heart-10_binary.npy,19,439,99559.0
Heart-10_binary.npy,20,439,99559.0
Heart-10_binary.npy,21,439,99559.0
Heart-10_binary.npy,22,439,99559.0
Heart-10_binary.npy,23,439,99559.0
Heart-10_binary.npy,24,439,99559.0
Heart-10_binary.npy,25,439,99559.0
Heart-16_binary.npy,0,464,98526.0
Heart-16_binary.npy,1,464,98526.0
Heart-16_binary.npy,2,464,98526.0
Heart-16_binary.npy,3,464,98526.0
Heart-16_binary.npy,4,464,98526.0
Heart-16_binary.npy,5,464,98526.0
Heart-16_binary.npy,6,464,98526.0
Heart-16_binary.npy,7,464,98526.0
Heart-16_binary.npy,8,455,98616.0
Heart-16_binary.npy,9,391,99256.0
Heart-16_binary.npy,10,391,99256.0
Heart-16_binary.npy,11,391,99256.0
Heart-16_binary.npy,12,391,99256.0
Heart-16_binary.npy,13,391,99256.0
Heart-16_binary.npy,14,391,99256.0
Heart-16_binary.npy,15,391,99256.0
Heart-16_binary.npy,16,391,99256.0
Heart-16_binary.npy,17,360,99566.0
Heart-16_binary.npy,18,360,99566.0
Heart-16_binary.npy,19,360,99566.0
Heart-16_binary.npy,20,360,99566.0
Heart-16_binary.npy,21,360,99566.0
Heart-16_binary.npy,22,360,99566.0
Heart-16_binary.npy,23,360,99566.0
Heart-16_binary.npy,24,360,99566.0
Heart-16_binary.npy,25,360,99566.0
Heart-7_binary.npy,0,506,112080.0
Heart-7_binary.npy,1,483,112310.0
Heart-7_binary.npy,2,483,112310.0
Heart-7_binary.npy,3,483,112310.0
Heart-7_binary.npy,4,441,112730.0
Heart-7_binary.npy,5,441,112730.0
Heart-7_binary.npy,6,441,112730.0
Heart-7_binary.npy,7,441,112730.0
Heart-7_binary.npy,8,441,112730.0
Heart-7_binary.npy,9,423,112910.0
Heart-7_binary.npy,10,423,112910.0
Heart-7_binary.npy,11,423,112910.0
Heart-7_binary.npy,12,409,113050.0
Heart-7_binary.npy,13,409,113050.0
Heart-7_binary.npy,14,409,113050.0
Heart-7_binary.npy,15,409,113050.0
Heart-7_binary.npy,16,409,113050.0
Heart-7_binary.npy,17,409,113050.0
Heart-7_binary.npy,18,409,113050.0
Heart-7_binary.npy,19,409,113050.0
Heart-7_binary.npy,20,409,113050.0
Heart-9_binary.npy,0,423,97629.0
Heart-9_binary.npy,1,423,97629.0
Heart-9_binary.npy,2,423,97629.0
Heart-9_binary.npy,3,412,97739.0
Heart-9_binary.npy,4,412,97739.0
Heart-9_binary.npy,5,412,97739.0
Heart-9_binary.npy,6,412,97739.0
Heart-9_binary.npy,7,412,97739.0
Heart-9_binary.npy,8,412,97739.0
Heart-9_binary.npy,9,412,97739.0
Heart-9_binary.npy,10,412,97739.0
Heart-9_binary.npy,11,410,97759.0
Heart-9_binary.npy,12,410,97759.0
Heart-9_binary.npy,13,410,97759.0
Heart-9_binary.npy,14,409,97769.0
Heart-9_binary.npy,15,409,97769.0
Heart-9_binary.npy,16,408,97779.0
Heart-9_binary.npy,17,408,97779.0
Heart-9_binary.npy,18,408,97779.0
Heart-9_binary.npy,19,408,97779.0
Heart-9_binary.npy,20,408,97779.0
Heart-9_binary.npy,21,408,97779.0
Heart-9_binary.npy,22,405,97809.0
Heart-9_binary.npy,23,402,97839.0
Heart-9_binary.npy,24,402,97839.0
Heart-9_binary.npy,25,402,97839.0
Heart-9_binary.npy,26,402,97839.0
Heart-9_binary.npy,27,401,97849.0
Heart-9_binary.npy,28,401,97849.0
Heart-9_binary.npy,29,401,97849.0
Heart-9_binary.npy,30,401,97849.0
Heart-9_binary.npy,31,401,97849.0
Heart-9_binary.npy,32,401,97849.0
Heart-9_binary.npy,33,401,97849.0
Heart-9_binary.npy,34,401,97849.0
Heart-9_binary.npy,35,401,97849.0
Misk-17_binary.npy,0,423,77417.0
Misk-17_binary.npy,1,423,77417.0
Misk-17_binary.npy,2,423,77417.0
Misk-17_binary.npy,3,423,77417.0
Misk-17_binary.npy,4,423,77417.0
Misk-17_binary.npy,5,423,77417.0
Misk-17_binary.npy,6,423,77417.0
Misk-17_binary.npy,7,423,77417.0
Misk-17_binary.npy,8,392,77727.0
Misk-17_binary.npy,9,392,77727.0
Misk-17_binary.npy,10,392,77727.0
Misk-17_binary.npy,11,385,77797.0
Misk-17_binary.npy,12,385,77797.0
Misk-17_binary.npy,13,385,77797.0
Misk-17_binary.npy,14,385,77797.0
Misk-17_binary.npy,15,385,77797.0
Misk-17_binary.npy,16,385,77797.0
Misk-17_binary.npy,17,385,77797.0
Misk-17_binary.npy,18,379,77857.0
Misk-17_binary.npy,19,379,77857.0
Misk-17_binary.npy,20,379,77857.0
Misk-17_binary.npy,21,379,77857.0
Misk-17_binary.npy,22,379,77857.0
Misk-17_binary.npy,23,376,77887.0
Misk-17_binary.npy,24,375,77897.0
Misk-17_binary.npy,25,375,77897.0
Misk-17_binary.npy,26,374,77907.0
Misk-17_binary.npy,27,372,77927.0
Misk-17_binary.npy,28,372,77927.0
Misk-17_binary.npy,29,372,77927.0
Misk-17_binary.npy,30,372,77927.0
Misk-17_binary.npy,31,372,77927.0
Misk-17_binary.npy,32,372,77927.0
Misk-17_binary.npy,33,372,77927.0
Misk-17_binary.npy,34,372,77927.0
Misk-17_binary.npy,35,372,77927.0
Misk-3_binary.npy,0,426,93124.0
Misk-3_binary.npy,1,386,93524.0
Misk-3_binary.npy,2,386,93524.0
Misk-3_binary.npy,3,386,93524.0
Misk-3_binary.npy,4,386,93524.0
Misk-3_binary.npy,5,386,93524.0
Misk-3_binary.npy,6,383,93554.0
Misk-3_binary.npy,7,383,93554.0
Misk-3_binary.npy,8,383,93554.0
Misk-3_binary.npy,9,383,93554.0
Misk-3_binary.npy,10,383,93554.0
Misk-3_binary.npy,11,383,93554.0
Misk-3_binary.npy,12,383,93554.0
Misk-3_binary.npy,13,383,93554.0
Misk-3_binary.npy,14,383,93554.0
Misk-4_binary.npy,0,389,82558.0
Misk-4_binary.npy,1,389,82558.0
Misk-4_binary.npy,2,389,82558.0
Misk-4_binary.npy,3,377,82678.0
Misk-4_binary.npy,4,377,82678.0
Misk-4_binary.npy,5,377,82678.0
Misk-4_binary.npy,6,377,82678.0
Misk-4_binary.npy,7,362,82828.0
Misk-4_binary.npy,8,362,82828.0
Misk-4_binary.npy,9,362,82828.0
Misk-4_binary.npy,10,362,82828.0
Misk-4_binary.npy,11,362,82828.0
Misk-4_binary.npy,12,362,82828.0
Misk-4_binary.npy,13,362,82828.0
Misk-4_binary.npy,14,342,83028.0
Misk-4_binary.npy,15,342,83028.0
Misk-4_binary.npy,16,342,83028.0
Misk-4_binary.npy,17,342,83028.0
Misk-4_binary.npy,18,337,83078.0
Misk-4_binary.npy,19,337,83078.0
Misk-4_binary.npy,20,337,83078.0
Misk-4_binary.npy,21,337,83078.0
Misk-4_binary.npy,22,337,83078.0
Misk-4_binary.npy,23,337,83078.0
Misk-4_binary.npy,24,337,83078.0
Misk-4_binary.npy,25,337,83078.0
Misk-4_binary.npy,26,329,83158.0
Misk-4_binary.npy,27,329,83158.0
Misk-4_binary.npy,28,329,83158.0
Misk-4_binary.npy,29,329,83158.0
Misk-4_binary.npy,30,329,83158.0
Misk-4_binary.npy,31,328,83168.0
Misk-4_binary.npy,32,328,83168.0
Misk-4_binary.npy,33,328,83168.0
Misk-4_binary.npy,34,327,83178.0
Misk-4_binary.npy,35,327,83178.0
Misk-4_binary.npy,36,327,83178.0
Misk-4_binary.npy,37,327,83178.0
Misk-4_binary.npy,38,325,83198.0
Misk-4_binary.npy,39,325,83198.0
Misk-4_binary.npy,40,325,83198.0
Misk-4_binary.npy,41,325,83198.0
Misk-4_binary.npy,42,325,83198.0
Misk-4_binary.npy,43,325,83198.0
Misk-4_binary.npy,44,322,83228.0
Misk-4_binary.npy,45,322,83228.0
Misk-4_binary.npy,46,322,83228.0
Misk-4_binary.npy,47,321,83238.0
Misk-4_binary.npy,48,321,83238.0
Misk-4_binary.npy,49,321,83238.0
Misk-4_binary.npy,50,321,83238.0
Misk-4_binary.npy,51,321,83238.0
Misk-4_binary.npy,52,321,83238.0
Misk-4_binary.npy,53,321,83238.0
Misk-4_binary.npy,54,321,83238.0
Misk-4_binary.npy,55,321,83238.0
Misk-7_binary.npy,0,554,83856.0
Misk-7_binary.npy,1,554,83856.0
Misk-7_binary.npy,2,463,84766.0
Misk-7_binary.npy,3,463,84766.0
Misk-7_binary.npy,4,463,84766.0
Misk-7_binary.npy,5,457,84826.0
Misk-7_binary.npy,6,423,85166.0
Misk-7_binary.npy,7,423,85166.0
Misk-7_binary.npy,8,423,85166.0
Misk-7_binary.npy,9,423,85166.0
Misk-7_binary.npy,10,423,85166.0
Misk-7_binary.npy,11,423,85166.0
Misk-7_binary.npy,12,423,85166.0
Misk-7_binary.npy,13,423,85166.0
Misk-7_binary.npy,14,423,85166.0
apple-10_binary.npy,0,214,25877.0
apple-10_binary.npy,1,214,25877.0
apple-10_binary.npy,2,214,25877.0
apple-10_binary.npy,3,214,25877.0
apple-10_binary.npy,4,195,26067.0
apple-10_binary.npy,5,195,26067.0
apple-10_binary.npy,6,195,26067.0
apple-10_binary.npy,7,195,26067.0
apple-10_binary.npy,8,195,26067.0
apple-10_binary.npy,9,195,26067.0
apple-10_binary.npy,10,171,26307.0
apple-10_binary.npy,11,171,26307.0
apple-10_binary.npy,12,171,26307.0
apple-10_binary.npy,13,171,26307.0
apple-10_binary.npy,14,171,26307.0
apple-10_binary.npy,15,171,26307.0
apple-10_binary.npy,16,171,26307.0
apple-10_binary.npy,17,171,26307.0
apple-10_binary.npy,18,171,26307.0
apple-15_binary.npy,0,295,34644.0
apple-15_binary.npy,1,256,35034.0
apple-15_binary.npy,2,256,35034.0
apple-15_binary.npy,3,256,35034.0
apple-15_binary.npy,4,240,35194.0
apple-15_binary.npy,5,213,35464.0
apple-15_binary.npy,6,213,35464.0
apple-15_binary.npy,7,213,35464.0
apple-15_binary.npy,8,213,35464.0
apple-15_binary.npy,9,202,35574.0
apple-15_binary.npy,10,202,35574.0
apple-15_binary.npy,11,202,35574.0
apple-15_binary.npy,12,202,35574.0
apple-15_binary.npy,13,180,35794.0
apple-15_binary.npy,14,180,35794.0
apple-15_binary.npy,15,180,35794.0
apple-15_binary.npy,16,180,35794.0
apple-15_binary.npy,17,180,35794.0
apple-15_binary.npy,18,180,35794.0
apple-15_binary.npy,19,180,35794.0
apple-15_binary.npy,20,180,35794.0
apple-15_binary.npy,21,180,35794.0
apple-18_binary.npy,0,241,32402.0
apple-18_binary.npy,1,241,32402.0
apple-18_binary.npy,2,241,32402.0
apple-18_binary.npy,3,224,32572.0
apple-18_binary.npy,4,221,32602.0
apple-18_binary.npy,5,194,32872.0
apple-18_binary.npy,6,194,32872.0
apple-18_binary.npy,7,194,32872.0
apple-18_binary.npy,8,194,32872.0
apple-18_binary.npy,9,194,32872.0
apple-18_binary.npy,10,192,32892.0
apple-18_binary.npy,11,192,32892.0
apple-18_binary.npy,12,192,32892.0
apple-18_binary.npy,13,192,32892.0
apple-18_binary.npy,14,192,32892.0
apple-18_binary.npy,15,177,33042.0
apple-18_binary.npy,16,177,33042.0
apple-18_binary.npy,17,177,33042.0
apple-18_binary.npy,18,170,33112.0
apple-18_binary.npy,19,170,33112.0
apple-18_binary.npy,20,170,33112.0
apple-18_binary.npy,21,170,33112.0
apple-18_binary.npy,22,169,33122.0
apple-18_binary.npy,23,163,33182.0
apple-18_binary.npy,24,163,33182.0
apple-18_binary.npy,25,163,33182.0
apple-18_binary.npy,26,163,33182.0
apple-18_binary.npy,27,162,33192.0
apple-18_binary.npy,28,162,33192.0
apple-18_binary.npy,29,159,33222.0
apple-18_binary.npy,30,159,33222.0
apple-18_binary.npy,31,159,33222.0
apple-18_binary.npy,32,159,33222.0
apple-18_binary.npy,33,159,33222.0
apple-18_binary.npy,34,159,33222.0
apple-18_binary.npy,35,159,33222.0
apple-18_binary.npy,36,159,33222.0
apple-18_binary.npy,37,155,33262.0
apple-18_binary.npy,38,151,33302.0
apple-18_binary.npy,39,151,33302.0
apple-18_binary.npy,40,151,33302.0
apple-18_binary.npy,41,151,33302.0
apple-18_binary.npy,42,151,33302.0
apple-18_binary.npy,43,151,33302.0
apple-18_binary.npy,44,148,33332.0
apple-18_binary.npy,45,148,33332.0
apple-18_binary.npy,46,148,33332.0
apple-18_binary.npy,47,148,33332.0
apple-18_binary.npy,48,148,33332.0
apple-18_binary.npy,49,148,33332.0
apple-18_binary.npy,50,148,33332.0
apple-18_binary.npy,51,148,33332.0
apple-18_binary.npy,52,148,33332.0
apple-8_binary.npy,0,201,29067.0
apple-8_binary.npy,1,201,29067.0
apple-8_binary.npy,2,201,29067.0
apple-8_binary.npy,3,201,29067.0
apple-8_binary.npy,4,184,29237.0
apple-8_binary.npy,5,184,29237.0
apple-8_binary.npy,6,184,29237.0
apple-8_binary.npy,7,184,29237.0
apple-8_binary.npy,8,184,29237.0
apple-8_binary.npy,9,152,29557.0
apple-8_binary.npy,10,152,29557.0
apple-8_binary.npy,11,152,29557.0
apple-8_binary.npy,12,144,29637.0
apple-8_binary.npy,13,144,29637.0
apple-8_binary.npy,14,144,29637.0
apple-8_binary.npy,15,144,29637.0
apple-8_binary.npy,16,144,29637.0
apple-8_binary.npy,17,135,29727.0
apple-8_binary.npy,18,135,29727.0
apple-8_binary.npy,19,135,29727.0
apple-8_binary.npy,20,135,29727.0
apple-8_binary.npy,21,135,29727.0
apple-8_binary.npy,22,135,29727.0
apple-8_binary.npy,23,135,29727.0
apple-8_binary.npy,24,135,29727.0
apple-8_binary.npy,25,135,29727.0
bat-14_binary.npy,0,808,97316.0
bat-14_binary.npy,1,808,97316.0
bat-14_binary.npy,2,808,97316.0
bat-14_binary.npy,3,807,97326.0
bat-14_binary.npy,4,807,97326.0
bat-14_binary.npy,5,807,97326.0
bat-14_binary.npy,6,807,97326.0
bat-14_binary.npy,7,795,97446.0
bat-14_binary.npy,8,795,97446.0
bat-14_binary.npy,9,795,97446.0
bat-14_binary.npy,10,795,97446.0
bat-14_binary.npy,11,776,97636.0
bat-14_binary.npy,12,776,97636.0
bat-14_binary.npy,13,756,97836.0
bat-14_binary.npy,14,724,98156.0
bat-14_binary.npy,15,724,98156.0
bat-14_binary.npy,16,724,98156.0
bat-14_binary.npy,17,724,98156.0
bat-14_binary.npy,18,720,98196.0
bat-14_binary.npy,19,697,98426.0
bat-14_binary.npy,20,697,98426.0
bat-14_binary.npy,21,697,98426.0
bat-14_binary.npy,22,697,98426.0
bat-14_binary.npy,23,697,98426.0
bat-14_binary.npy,24,697,98426.0
bat-14_binary.npy,25,697,98426.0
bat-14_binary.npy,26,697,98426.0
bat-14_binary.npy,27,697,98426.0
bat-18_binary.npy,0,638,82949.0
bat-18_binary.npy,1,552,83809.0
bat-18_binary.npy,2,552,83809.0
bat-18_binary.npy,3,552,83809.0
bat-18_binary.npy,4,552,83809.0
bat-18_binary.npy,5,523,84099.0
bat-18_binary.npy,6,503,84299.0
bat-18_binary.npy,7,503,84299.0
bat-18_binary.npy,8,503,84299.0
bat-18_binary.npy,9,503,84299.0
bat-18_binary.npy,10,503,84299.0
bat-18_binary.npy,11,503,84299.0
bat-18_binary.npy,12,500,84329.0
bat-18_binary.npy,13,499,84339.0
bat-18_binary.npy,14,499,84339.0
bat-18_binary.npy,15,495,84379.0
bat-18_binary.npy,16,495,84379.0
bat-18_binary.npy,17,495,84379.0
bat-18_binary.npy,18,495,84379.0
bat-18_binary.npy,19,495,84379.0
bat-18_binary.npy,20,495,84379.0
bat-18_binary.npy,21,493,84399.0
bat-18_binary.npy,22,493,84399.0
bat-18_binary.npy,23,493,84399.0
bat-18_binary.npy,24,493,84399.0
bat-18_binary.npy,25,493,84399.0
bat-18_binary.npy,26,493,84399.0
bat-18_binary.npy,27,492,84409.0
bat-18_binary.npy,28,492,84409.0
bat-18_binary.npy,29,492,84409.0
bat-18_binary.npy,30,492,84409.0
bat-18_binary.npy,31,492,84409.0
bat-18_binary.npy,32,491,84419.0
bat-18_binary.npy,33,491,84419.0
bat-18_binary.npy,34,491,84419.0
bat-18_binary.npy,35,491,84419.0
bat-18_binary.npy,36,491,84419.0
bat-18_binary.npy,37,491,84419.0
bat-18_binary.npy,38,491,84419.0
bat-18_binary.npy,39,491,84419.0
bat-18_binary.npy,40,491,84419.0
bat-1_binary.npy,0,590,84044.0
bat-1_binary.npy,1,525,84694.0
bat-1_binary.npy,2,525,84694.0
bat-1_binary.npy,3,525,84694.0
bat-1_binary.npy,4,525,84694.0
bat-1_binary.npy,5,491,85034.0
bat-1_binary.npy,6,491,85034.0
bat-1_binary.npy,7,491,85034.0
bat-1_binary.npy,8,491,85034.0
bat-1_binary.npy,9,491,85034.0
bat-1_binary.npy,10,491,85034.0
bat-1_binary.npy,11,476,85184.0
bat-1_binary.npy,12,476,85184.0
bat-1_binary.npy,13,476,85184.0
bat-1_binary.npy,14,476,85184.0
bat-1_binary.npy,15,476,85184.0
bat-1_binary.npy,16,476,85184.0
bat-1_binary.npy,17,458,85364.0
bat-1_binary.npy,18,458,85364.0
bat-1_binary.npy,19,458,85364.0
bat-1_binary.npy,20,458,85364.0
bat-1_binary.npy,21,458,85364.0
bat-1_binary.npy,22,442,85524.0
bat-1_binary.npy,23,442,85524.0
bat-1_binary.npy,24,442,85524.0
bat-1_binary.npy,25,440,85544.0
bat-1_binary.npy,26,440,85544.0
bat-1_binary.npy,27,440,85544.0
bat-1_binary.npy,28,440,85544.0
bat-1_binary.npy,29,437,85574.0
bat-1_binary.npy,30,437,85574.0
bat-1_binary.npy,31,437,85574.0
bat-1_binary.npy,32,437,85574.0
bat-1_binary.npy,33,437,85574.0
bat-1_binary.npy,34,437,85574.0
bat-1_binary.npy,35,437,85574.0
bat-1_binary.npy,36,437,85574.0
bat-1_binary.npy,37,437,85574.0
bat-3_binary.npy,0,578,72573.0
bat-3_binary.npy,1,578,72573.0
bat-3_binary.npy,2,532,73033.0
bat-3_binary.npy,3,532,73033.0
bat-3_binary.npy,4,517,73183.0
bat-3_binary.npy,5,517,73183.0
bat-3_binary.npy,6,517,73183.0
bat-3_binary.npy,7,517,73183.0
bat-3_binary.npy,8,517,73183.0
bat-3_binary.npy,9,499,73363.0
bat-3_binary.npy,10,499,73363.0
bat-3_binary.npy,11,499,73363.0
bat-3_binary.npy,12,499,73363.0
bat-3_binary.npy,13,474,73613.0
bat-3_binary.npy,14,474,73613.0
bat-3_binary.npy,15,474,73613.0
bat-3_binary.npy,16,474,73613.0
bat-3_binary.npy,17,474,73613.0
bat-3_binary.npy,18,474,73613.0
bat-3_binary.npy,19,471,73643.0
bat-3_binary.npy,20,471,73643.0
bat-3_binary.npy,21,471,73643.0
bat-3_binary.npy,22,471,73643.0
bat-3_binary.npy,23,471,73643.0
bat-3_binary.npy,24,471,73643.0
bat-3_binary.npy,25,471,73643.0
bat-3_binary.npy,26,471,73643.0
bat-3_binary.npy,27,469,73663.0
bat-3_binary.npy,28,469,73663.0
bat-3_binary.npy,29,469,73663.0
bat-3_binary.npy,30,469,73663.0
bat-3_binary.npy,31,469,73663.0
bat-3_binary.npy,32,469,73663.0
bat-3_binary.npy,33,469,73663.0
bat-3_binary.npy,34,465,73703.0
bat-3_binary.npy,35,465,73703.0
bat-3_binary.npy,36,465,73703.0
bat-3_binary.npy,37,465,73703.0
bat-3_binary.npy,38,465,73703.0
bat-3_binary.npy,39,465,73703.0
bat-3_binary.npy,40,465,73703.0
bat-3_binary.npy,41,464,73713.0
bat-3_binary.npy,42,464,73713.0
bat-3_binary.npy,43,463,73723.0
bat-3_binary.npy,44,463,73723.0
bat-3_binary.npy,45,463,73723.0
bat-3_binary.npy,46,463,73723.0
bat-3_binary.npy,47,463,73723.0
bat-3_binary.npy,48,463,73723.0
bat-3_binary.npy,49,463,73723.0
bat-3_binary.npy,50,463,73723.0
bat-3_binary.npy,51,463,73723.0
beetle-12_binary.npy,0,435,7401.0
beetle-12_binary.npy,1,434,7411.0
beetle-12_binary.npy,2,434,7411.0
beetle-12_binary.npy,3,410,7651.0
beetle-12_binary.npy,4,410,7651.0
beetle-12_binary.npy,5,410,7651.0
beetle-12_binary.npy,6,341,8341.0
beetle-12_binary.npy,7,341,8341.0
beetle-12_binary.npy,8,341,8341.0
beetle-12_binary.npy,9,341,8341.0
beetle-12_binary.npy,10,320,8551.0
beetle-12_binary.npy,11,320,8551.0
beetle-12_binary.npy,12,320,8551.0
beetle-12_binary.npy,13,320,8551.0
beetle-12_binary.npy,14,320,8551.0
beetle-12_binary.npy,15,320,8551.0
beetle-12_binary.npy,16,320,8551.0
beetle-12_binary.npy,17,315,8601.0
beetle-12_binary.npy,18,315,8601.0
beetle-12_binary.npy,19,315,8601.0
beetle-12_binary.npy,20,315,8601.0
beetle-12_binary.npy,21,303,8721.0
beetle-12_binary.npy,22,303,8721.0
beetle-12_binary.npy,23,303,8721.0
beetle-12_binary.npy,24,303,8721.0
beetle-12_binary.npy,25,303,8721.0
beetle-12_binary.npy,26,303,8721.0
beetle-12_binary.npy,27,303,8721.0
beetle-12_binary.npy,28,303,8721.0
beetle-12_binary.npy,29,296,8791.0
beetle-12_binary.npy,30,296,8791.0
beetle-12_binary.npy,31,296,8791.0
beetle-12_binary.npy,32,296,8791.0
beetle-12_binary.npy,33,277,8981.0
beetle-12_binary.npy,34,277,8981.0
beetle-12_binary.npy,35,277,8981.0
beetle-12_binary.npy,36,265,9101.0
beetle-12_binary.npy,37,265,9101.0
beetle-12_binary.npy,38,265,9101.0
beetle-12_binary.npy,39,265,9101.0
beetle-12_binary.npy,40,265,9101.0
beetle-12_binary.npy,41,265,9101.0
beetle-12_binary.npy,42,265,9101.0
beetle-12_binary.npy,43,265,9101.0
beetle-12_binary.npy,44,265,9101.0
beetle-13_binary.npy,0,535,8580.0
beetle-13_binary.npy,1,535,8580.0
beetle-13_binary.npy,2,479,9140.0
beetle-13_binary.npy,3,479,9140.0
beetle-13_binary.npy,4,479,9140.0
beetle-13_binary.npy,5,479,9140.0
beetle-13_binary.npy,6,479,9140.0
beetle-13_binary.npy,7,479,9140.0
beetle-13_binary.npy,8,455,9380.0
beetle-13_binary.npy,9,433,9600.0
beetle-13_binary.npy,10,433,9600.0
beetle-13_binary.npy,11,433,9600.0
beetle-13_binary.npy,12,433,9600.0
beetle-13_binary.npy,13,433,9600.0
beetle-13_binary.npy,14,433,9600.0
beetle-13_binary.npy,15,410,9830.0
beetle-13_binary.npy,16,407,9860.0
beetle-13_binary.npy,17,407,9860.0
beetle-13_binary.npy,18,407,9860.0
beetle-13_binary.npy,19,406,9870.0
beetle-13_binary.npy,20,406,9870.0
beetle-13_binary.npy,21,406,9870.0
beetle-13_binary.npy,22,400,9930.0
beetle-13_binary.npy,23,400,9930.0
beetle-13_binary.npy,24,400,9930.0
beetle-13_binary.npy,25,400,9930.0
beetle-13_binary.npy,26,400,9930.0
beetle-13_binary.npy,27,400,9930.0
beetle-13_binary.npy,28,400,9930.0
beetle-13_binary.npy,29,400,9930.0
beetle-13_binary.npy,30,400,9930.0
beetle-16_binary.npy,0,348,9879.0
beetle-16_binary.npy,1,348,9879.0
beetle-16_binary.npy,2,348,9879.0
beetle-16_binary.npy,3,316,10199.0
beetle-16_binary.npy,4,316,10199.0
beetle-16_binary.npy,5,316,10199.0
beetle-16_binary.npy,6,316,10199.0
beetle-16_binary.npy,7,316,10199.0
beetle-16_binary.npy,8,316,10199.0
beetle-16_binary.npy,9,316,10199.0
beetle-16_binary.npy,10,316,10199.0
beetle-16_binary.npy,11,316,10199.0
beetle-1_binary.npy,0,1201,48809.0
beetle-1_binary.npy,1,1191,48909.0
beetle-1_binary.npy,2,1158,49239.0
beetle-1_binary.npy,3,1158,49239.0
beetle-1_binary.npy,4,1158,49239.0
beetle-1_binary.npy,5,1052,50299.0
beetle-1_binary.npy,6,959,51229.0
beetle-1_binary.npy,7,959,51229.0
beetle-1_binary.npy,8,959,51229.0
beetle-1_binary.npy,9,847,52349.0
beetle-1_binary.npy,10,847,52349.0
beetle-1_binary.npy,11,847,52349.0
beetle-1_binary.npy,12,847,52349.0
beetle-1_binary.npy,13,784,52979.0
beetle-1_binary.npy,14,784,52979.0
beetle-1_binary.npy,15,755,53269.0
beetle-1_binary.npy,16,755,53269.0
beetle-1_binary.npy,17,755,53269.0
beetle-1_binary.npy,18,755,53269.0
beetle-1_binary.npy,19,699,53829.0
beetle-1_binary.npy,20,699,53829.0
beetle-1_binary.npy,21,699,53829.0
beetle-1_binary.npy,22,699,53829.0
beetle-1_binary.npy,23,699,53829.0
beetle-1_binary.npy,24,699,53829.0
beetle-1_binary.npy,25,699,53829.0
beetle-1_binary.npy,26,699,53829.0
beetle-1_binary.npy,27,648,54339.0
beetle-1_binary.npy,28,648,54339.0
beetle-1_binary.npy,29,648,54339.0
beetle-1_binary.npy,30,648,54339.0
beetle-1_binary.npy,31,648,54339.0
beetle-1_binary.npy,32,640,54419.0
beetle-1_binary.npy,33,640,54419.0
beetle-1_binary.npy,34,640,54419.0
beetle-1_binary.npy,35,640,54419.0
beetle-1_binary.npy,36,640,54419.0
beetle-1_binary.npy,37,640,54419.0
beetle-1_binary.npy,38,640,54419.0
beetle-1_binary.npy,39,632,54499.0
beetle-1_binary.npy,40,632,54499.0
beetle-1_binary.npy,41,632,54499.0
beetle-1_binary.npy,42,632,54499.0
beetle-1_binary.npy,43,632,54499.0
beetle-1_binary.npy,44,632,54499.0
beetle-1_binary.npy,45,632,54499.0
beetle-1_binary.npy,46,632,54499.0
beetle-1_binary.npy,47,632,54499.0
bell-13_binary.npy,0,253,23736.0
bell-13_binary.npy,1,238,23886.0
bell-13_binary.npy,2,237,23896.0
bell-13_binary.npy,3,237,23896.0
bell-13_binary.npy,4,237,23896.0
bell-13_binary.npy,5,232,23946.0
bell-13_binary.npy,6,232,23946.0
bell-13_binary.npy,7,232,23946.0
bell-13_binary.npy,8,232,23946.0
bell-13_binary.npy,9,232,23946.0
bell-13_binary.npy,10,186,24406.0
bell-13_binary.npy,11,186,24406.0
bell-13_binary.npy,12,186,24406.0
bell-13_binary.npy,13,186,24406.0
bell-13_binary.npy,14,186,24406.0
bell-13_binary.npy,15,186,24406.0
bell-13_binary.npy,16,186,24406.0
bell-13_binary.npy,17,161,24656.0
bell-13_binary.npy,18,161,24656.0
bell-13_binary.npy,19,157,24696.0
bell-13_binary.npy,20,154,24726.0
bell-13_binary.npy,21,154,24726.0
bell-13_binary.npy,22,144,24826.0
bell-13_binary.npy,23,144,24826.0
bell-13_binary.npy,24,144,24826.0
bell-13_binary.npy,25,144,24826.0
bell-13_binary.npy,26,142,24846.0
bell-13_binary.npy,27,142,24846.0
bell-13_binary.npy,28,142,24846.0
bell-13_binary.npy,29,142,24846.0
bell-13_binary.npy,30,142,24846.0
bell-13_binary.npy,31,142,24846.0
bell-13_binary.npy,32,142,24846.0
bell-13_binary.npy,33,136,24906.0
bell-13_binary.npy,34,136,24906.0
bell-13_binary.npy,35,136,24906.0
bell-13_binary.npy,36,136,24906.0
bell-13_binary.npy,37,136,24906.0
bell-13_binary.npy,38,136,24906.0
bell-13_binary.npy,39,136,24906.0
bell-13_binary.npy,40,136,24906.0
bell-13_binary.npy,41,136,24906.0
bell-20_binary.npy,0,257,22900.0
bell-20_binary.npy,1,242,23050.0
bell-20_binary.npy,2,242,23050.0
bell-20_binary.npy,3,242,23050.0
bell-20_binary.npy,4,227,23200.0
bell-20_binary.npy,5,227,23200.0
bell-20_binary.npy,6,227,23200.0
bell-20_binary.npy,7,227,23200.0
bell-20_binary.npy,8,227,23200.0
bell-20_binary.npy,9,227,23200.0
bell-20_binary.npy,10,187,23600.0
bell-20_binary.npy,11,187,23600.0
bell-20_binary.npy,12,187,23600.0
bell-20_binary.npy,13,187,23600.0
bell-20_binary.npy,14,187,23600.0
bell-20_binary.npy,15,168,23790.0
bell-20_binary.npy,16,168,23790.0
bell-20_binary.npy,17,166,23810.0
bell-20_binary.npy,18,166,23810.0
bell-20_binary.npy,19,166,23810.0
bell-20_binary.npy,20,166,23810.0
bell-20_binary.npy,21,166,23810.0
bell-20_binary.npy,22,166,23810.0
bell-20_binary.npy,23,155,23920.0
bell-20_binary.npy,24,155,23920.0
bell-20_binary.npy,25,155,23920.0
bell-20_binary.npy,26,154,23930.0
bell-20_binary.npy,27,154,23930.0
bell-20_binary.npy,28,154,23930.0
bell-20_binary.npy,29,154,23930.0
bell-20_binary.npy,30,153,23940.0
bell-20_binary.npy,31,153,23940.0
bell-20_binary.npy,32,153,23940.0
bell-20_binary.npy,33,153,23940.0
bell-20_binary.npy,34,153,23940.0
bell-20_binary.npy,35,152,23950.0
bell-20_binary.npy,36,152,23950.0
bell-20_binary.npy,37,152,23950.0
bell-20_binary.npy,38,152,23950.0
bell-20_binary.npy,39,152,23950.0
bell-20_binary.npy,40,152,23950.0
bell-20_binary.npy,41,152,23950.0
bell-20_binary.npy,42,152,23950.0
bell-20_binary.npy,43,152,23950.0
bell-2_binary.npy,0,59,1693.0
bell-2_binary.npy,1,53,1753.0
bell-2_binary.npy,2,53,1753.0
bell-2_binary.npy,3,46,1823.0
bell-2_binary.npy,4,46,1823.0
bell-2_binary.npy,5,46,1823.0
bell-2_binary.npy,6,46,1823.0
bell-2_binary.npy,7,45,1833.0
bell-2_binary.npy,8,45,1833.0
bell-2_binary.npy,9,45,1833.0
bell-2_binary.npy,10,45,1833.0
bell-2_binary.npy,11,42,1863.0
bell-2_binary.npy,12,42,1863.0
bell-2_binary.npy,13,42,1863.0
bell-2_binary.npy,14,42,1863.0
bell-2_binary.npy,15,40,1883.0
bell-2_binary.npy,16,40,1883.0
bell-2_binary.npy,17,40,1883.0
bell-2_binary.npy,18,40,1883.0
bell-2_binary.npy,19,40,1883.0
bell-2_binary.npy,20,40,1883.0
bell-2_binary.npy,21,40,1883.0
bell-2_binary.npy,22,40,1883.0
bell-2_binary.npy,23,40,1883.0
bell-7_binary.npy,0,115,8360.0
bell-7_binary.npy,1,103,8480.0
bell-7_binary.npy,2,103,8480.0
bell-7_binary.npy,3,103,8480.0
bell-7_binary.npy,4,103,8480.0
bell-7_binary.npy,5,103,8480.0
bell-7_binary.npy,6,103,8480.0
bell-7_binary.npy,7,103,8480.0
bell-7_binary.npy,8,103,8480.0
bell-7_binary.npy,9,100,8510.0
bell-7_binary.npy,10,100,8510.0
bell-7_binary.npy,11,100,8510.0
bell-7_binary.npy,12,100,8510.0
bell-7_binary.npy,13,100,8510.0
bell-7_binary.npy,14,100,8510.0
bell-7_binary.npy,15,100,8510.0
bell-7_binary.npy,16,100,8510.0
bell-7_binary.npy,17,100,8510.0
bird-11_binary.npy,0,330,23118.0
bird-11_binary.npy,1,330,23118.0
bird-11_binary.npy,2,330,23118.0
bird-11_binary.npy,3,330,23118.0
bird-11_binary.npy,4,330,23118.0
bird-11_binary.npy,5,322,23198.0
bird-11_binary.npy,6,322,23198.0
bird-11_binary.npy,7,322,23198.0
bird-11_binary.npy,8,322,23198.0
bird-11_binary.npy,9,322,23198.0
bird-11_binary.npy,10,322,23198.0
bird-11_binary.npy,11,322,23198.0
bird-11_binary.npy,12,321,23208.0
bird-11_binary.npy,13,321,23208.0
bird-11_binary.npy,14,321,23208.0
bird-11_binary.npy,15,293,23488.0
bird-11_binary.npy,16,293,23488.0
bird-11_binary.npy,17,292,23498.0
bird-11_binary.npy,18,291,23508.0
bird-11_binary.npy,19,291,23508.0
bird-11_binary.npy,20,291,23508.0
bird-11_binary.npy,21,280,23618.0
bird-11_binary.npy,22,280,23618.0
bird-11_binary.npy,23,280,23618.0
bird-11_binary.npy,24,280,23618.0
bird-11_binary.npy,25,280,23618.0
bird-11_binary.npy,26,280,23618.0
bird-11_binary.npy,27,280,23618.0
bird-11_binary.npy,28,280,23618.0
bird-11_binary.npy,29,280,23618.0
bird-18_binary.npy,0,270,15231.0
bird-18_binary.npy,1,270,15231.0
bird-18_binary.npy,2,270,15231.0
bird-18_binary.npy,3,270,15231.0
bird-18_binary.npy,4,244,15491.0
bird-18_binary.npy,5,244,15491.0
bird-18_binary.npy,6,244,15491.0
bird-18_binary.npy,7,244,15491.0
bird-18_binary.npy,8,244,15491.0
bird-18_binary.npy,9,244,15491.0
bird-18_binary.npy,10,244,15491.0
bird-18_binary.npy,11,244,15491.0
bird-18_binary.npy,12,226,15671.0
bird-18_binary.npy,13,212,15811.0
bird-18_binary.npy,14,212,15811.0
bird-18_binary.npy,15,212,15811.0
bird-18_binary.npy,16,212,15811.0
bird-18_binary.npy,17,212,15811.0
bird-18_binary.npy,18,212,15811.0
bird-18_binary.npy,19,212,15811.0
bird-18_binary.npy,20,212,15811.0
bird-18_binary.npy,21,212,15811.0
bird-4_binary.npy,0,485,85141.0
bird-4_binary.npy,1,485,85141.0
bird-4_binary.npy,2,443,85561.0
bird-4_binary.npy,3,443,85561.0
bird-4_binary.npy,4,443,85561.0
bird-4_binary.npy,5,429,85701.0
bird-4_binary.npy,6,428,85711.0
bird-4_binary.npy,7,428,85711.0
bird-4_binary.npy,8,428,85711.0
bird-4_binary.npy,9,428,85711.0
bird-4_binary.npy,10,421,85781.0
bird-4_binary.npy,11,421,85781.0
bird-4_binary.npy,12,415,85841.0
bird-4_binary.npy,13,412,85871.0
bird-4_binary.npy,14,412,85871.0
bird-4_binary.npy,15,412,85871.0
bird-4_binary.npy,16,412,85871.0
bird-4_binary.npy,17,412,85871.0
bird-4_binary.npy,18,412,85871.0
bird-4_binary.npy,19,412,85871.0
bird-4_binary.npy,20,412,85871.0
bird-4_binary.npy,21,409,85901.0
bird-4_binary.npy,22,409,85901.0
bird-4_binary.npy,23,409,85901.0
bird-4_binary.npy,24,409,85901.0
bird-4_binary.npy,25,409,85901.0
bird-4_binary.npy,26,405,85941.0
bird-4_binary.npy,27,402,85971.0
bird-4_binary.npy,28,402,85971.0
bird-4_binary.npy,29,402,85971.0
bird-4_binary.npy,30,402,85971.0
bird-4_binary.npy,31,402,85971.0
bird-4_binary.npy,32,402,85971.0
bird-4_binary.npy,33,402,85971.0
bird-4_binary.npy,34,402,85971.0
bird-4_binary.npy,35,402,85971.0
bird-9_binary.npy,0,317,23407.0
bird-9_binary.npy,1,317,23407.0
bird-9_binary.npy,2,300,23577.0
bird-9_binary.npy,3,300,23577.0
bird-9_binary.npy,4,300,23577.0
bird-9_binary.npy,5,277,23807.0
bird-9_binary.npy,6,277,23807.0
bird-9_binary.npy,7,277,23807.0
bird-9_binary.npy,8,277,23807.0
bird-9_binary.npy,9,277,23807.0
bird-9_binary.npy,10,277,23807.0
bird-9_binary.npy,11,277,23807.0
bird-9_binary.npy,12,277,23807.0
bird-9_binary.npy,13,277,23807.0
bottle-03_binary.npy,0,50,5087.0
bottle-03_binary.npy,1,50,5087.0
bottle-03_binary.npy,2,48,5107.0
bottle-03_binary.npy,3,48,5107.0
bottle-03_binary.npy,4,48,5107.0
bottle-03_binary.npy,5,48,5107.0
bottle-03_binary.npy,6,48,5107.0
bottle-03_binary.npy,7,48,5107.0
bottle-03_binary.npy,8,48,5107.0
bottle-03_binary.npy,9,48,5107.0
bottle-03_binary.npy,10,48,5107.0
bottle-04_binary.npy,0,52,5336.0
bottle-04_binary.npy,1,52,5336.0
bottle-04_binary.npy,2,52,5336.0
bottle-04_binary.npy,3,52,5336.0
bottle-04_binary.npy,4,52,5336.0
bottle-04_binary.npy,5,52,5336.0
bottle-04_binary.npy,6,52,5336.0
bottle-04_binary.npy,7,52,5336.0
bottle-04_binary.npy,8,52,5336.0
bottle-13_binary.npy,0,145,3006.0
bottle-13_binary.npy,1,145,3006.0
bottle-13_binary.npy,2,145,3006.0
bottle-13_binary.npy,3,145,3006.0
bottle-13_binary.npy,4,145,3006.0
bottle-13_binary.npy,5,145,3006.0
bottle-13_binary.npy,6,145,3006.0
bottle-13_binary.npy,7,97,3486.0
bottle-13_binary.npy,8,97,3486.0
bottle-13_binary.npy,9,97,3486.0
bottle-13_binary.npy,10,96,3496.0
bottle-13_binary.npy,11,71,3746.0
bottle-13_binary.npy,12,71,3746.0
bottle-13_binary.npy,13,71,3746.0
bottle-13_binary.npy,14,71,3746.0
bottle-13_binary.npy,15,69,3766.0
bottle-13_binary.npy,16,69,3766.0
bottle-13_binary.npy,17,57,3886.0
bottle-13_binary.npy,18,57,3886.0
bottle-13_binary.npy,19,57,3886.0
bottle-13_binary.npy,20,57,3886.0
bottle-13_binary.npy,21,54,3916.0
bottle-13_binary.npy,22,54,3916.0
bottle-13_binary.npy,23,54,3916.0
bottle-13_binary.npy,24,54,3916.0
bottle-13_binary.npy,25,50,3956.0
bottle-13_binary.npy,26,50,3956.0
bottle-13_binary.npy,27,48,3976.0
bottle-13_binary.npy,28,46,3996.0
bottle-13_binary.npy,29,46,3996.0
bottle-13_binary.npy,30,46,3996.0
bottle-13_binary.npy,31,46,3996.0
bottle-13_binary.npy,32,46,3996.0
bottle-13_binary.npy,33,46,3996.0
bottle-13_binary.npy,34,46,3996.0
bottle-13_binary.npy,35,45,4006.0
bottle-13_binary.npy,36,45,4006.0
bottle-13_binary.npy,37,45,4006.0
bottle-13_binary.npy,38,45,4006.0
bottle-13_binary.npy,39,45,4006.0
bottle-13_binary.npy,40,45,4006.0
bottle-13_binary.npy,41,45,4006.0
bottle-13_binary.npy,42,45,4006.0
bottle-13_binary.npy,43,45,4006.0
bottle-18_binary.npy,0,55,5171.0
bottle-18_binary.npy,1,55,5171.0
bottle-18_binary.npy,2,55,5171.0
bottle-18_binary.npy,3,55,5171.0
bottle-18_binary.npy,4,55,5171.0
bottle-18_binary.npy,5,55,5171.0
bottle-18_binary.npy,6,55,5171.0
bottle-18_binary.npy,7,55,5171.0
bottle-18_binary.npy,8,55,5171.0
brick-07_binary.npy,0,131,14211.0
brick-07_binary.npy,1,131,14211.0
brick-07_binary.npy,2,131,14211.0
brick-07_binary.npy,3,130,14221.0
brick-07_binary.npy,4,130,14221.0
brick-07_binary.npy,5,130,14221.0
brick-07_binary.npy,6,130,14221.0
brick-07_binary.npy,7,130,14221.0
brick-07_binary.npy,8,128,14241.0
brick-07_binary.npy,9,128,14241.0
brick-07_binary.npy,10,128,14241.0
brick-07_binary.npy,11,128,14241.0
brick-07_binary.npy,12,128,14241.0
brick-07_binary.npy,13,128,14241.0
brick-07_binary.npy,14,128,14241.0
brick-07_binary.npy,15,128,14241.0
brick-07_binary.npy,16,128,14241.0
brick-10_binary.npy,0,105,9091.0
brick-10_binary.npy,1,105,9091.0
brick-10_binary.npy,2,105,9091.0
brick-10_binary.npy,3,105,9091.0
brick-10_binary.npy,4,104,9101.0
brick-10_binary.npy,5,104,9101.0
brick-10_binary.npy,6,104,9101.0
brick-10_binary.npy,7,104,9101.0
brick-10_binary.npy,8,104,9101.0
brick-10_binary.npy,9,104,9101.0
brick-10_binary.npy,10,104,9101.0
brick-10_binary.npy,11,104,9101.0
brick-10_binary.npy,12,104,9101.0
brick-12_binary.npy,0,109,10507.0
brick-12_binary.npy,1,109,10507.0
brick-12_binary.npy,2,107,10527.0
brick-12_binary.npy,3,107,10527.0
brick-12_binary.npy,4,107,10527.0
brick-12_binary.npy,5,107,10527.0
brick-12_binary.npy,6,105,10547.0
brick-12_binary.npy,7,104,10557.0
brick-12_binary.npy,8,104,10557.0
brick-12_binary.npy,9,103,10567.0
brick-12_binary.npy,10,103,10567.0
brick-12_binary.npy,11,103,10567.0
brick-12_binary.npy,12,103,10567.0
brick-12_binary.npy,13,103,10567.0
brick-12_binary.npy,14,103,10567.0
brick-12_binary.npy,15,103,10567.0
brick-12_binary.npy,16,103,10567.0
brick-12_binary.npy,17,103,10567.0
brick-18_binary.npy,0,103,10396.0
brick-18_binary.npy,1,103,10396.0
brick-18_binary.npy,2,103,10396.0
brick-18_binary.npy,3,102,10406.0
brick-18_binary.npy,4,102,10406.0
brick-18_binary.npy,5,102,10406.0
brick-18_binary.npy,6,102,10406.0
brick-18_binary.npy,7,102,10406.0
brick-18_binary.npy,8,102,10406.0
brick-18_binary.npy,9,98,10446.0
brick-18_binary.npy,10,98,10446.0
brick-18_binary.npy,11,98,10446.0
brick-18_binary.npy,12,98,10446.0
brick-18_binary.npy,13,98,10446.0
brick-18_binary.npy,14,98,10446.0
brick-18_binary.npy,15,98,10446.0
brick-18_binary.npy,16,95,10476.0
brick-18_binary.npy,17,95,10476.0
brick-18_binary.npy,18,95,10476.0
brick-18_binary.npy,19,95,10476.0
brick-18_binary.npy,20,95,10476.0
brick-18_binary.npy,21,95,10476.0
brick-18_binary.npy,22,95,10476.0
brick-18_binary.npy,23,95,10476.0
brick-18_binary.npy,24,95,10476.0
butterfly-11_binary.npy,0,875,41467.0
butterfly-11_binary.npy,1,875,41467.0
butterfly-11_binary.npy,2,733,42887.0
butterfly-11_binary.npy,3,733,42887.0
butterfly-11_binary.npy,4,733,42887.0
butterfly-11_binary.npy,5,733,42887.0
butterfly-11_binary.npy,6,733,42887.0
butterfly-11_binary.npy,7,733,42887.0
butterfly-11_binary.npy,8,733,42887.0
butterfly-11_binary.npy,9,733,42887.0
butterfly-11_binary.npy,10,733,42887.0
butterfly-12_binary.npy,0,540,65644.0
butterfly-12_binary.npy,1,540,65644.0
butterfly-12_binary.npy,2,540,65644.0
butterfly-12_binary.npy,3,540,65644.0
butterfly-12_binary.npy,4,540,65644.0
butterfly-12_binary.npy,5,540,65644.0
butterfly-12_binary.npy,6,540,65644.0
butterfly-12_binary.npy,7,536,65684.0
butterfly-12_binary.npy,8,536,65684.0
butterfly-12_binary.npy,9,470,66344.0
butterfly-12_binary.npy,10,470,66344.0
butterfly-12_binary.npy,11,470,66344.0
butterfly-12_binary.npy,12,470,66344.0
butterfly-12_binary.npy,13,470,66344.0
butterfly-12_binary.npy,14,440,66644.0
butterfly-12_binary.npy,15,440,66644.0
butterfly-12_binary.npy,16,429,66754.0
butterfly-12_binary.npy,17,429,66754.0
butterfly-12_binary.npy,18,429,66754.0
butterfly-12_binary.npy,19,412,66924.0
butterfly-12_binary.npy,20,412,66924.0
butterfly-12_binary.npy,21,412,66924.0
butterfly-12_binary.npy,22,404,67004.0
butterfly-12_binary.npy,23,404,67004.0
butterfly-12_binary.npy,24,404,67004.0
butterfly-12_binary.npy,25,404,67004.0
butterfly-12_binary.npy,26,404,67004.0
butterfly-12_binary.npy,27,404,67004.0
butterfly-12_binary.npy,28,404,67004.0
butterfly-12_binary.npy,29,404,67004.0
butterfly-12_binary.npy,30,404,67004.0
butterfly-17_binary.npy,0,855,75444.0
butterfly-17_binary.npy,1,855,75444.0
butterfly-17_binary.npy,2,752,76474.0
butterfly-17_binary.npy,3,703,76964.0
butterfly-17_binary.npy,4,692,77074.0
butterfly-17_binary.npy,5,629,77704.0
butterfly-17_binary.npy,6,629,77704.0
butterfly-17_binary.npy,7,629,77704.0
butterfly-17_binary.npy,8,629,77704.0
butterfly-17_binary.npy,9,629,77704.0
butterfly-17_binary.npy,10,623,77764.0
butterfly-17_binary.npy,11,603,77964.0
butterfly-17_binary.npy,12,603,77964.0
butterfly-17_binary.npy,13,603,77964.0
butterfly-17_binary.npy,14,603,77964.0
butterfly-17_binary.npy,15,603,77964.0
butterfly-17_binary.npy,16,601,77984.0
butterfly-17_binary.npy,17,601,77984.0
butterfly-17_binary.npy,18,601,77984.0
butterfly-17_binary.npy,19,601,77984.0
butterfly-17_binary.npy,20,601,77984.0
butterfly-17_binary.npy,21,601,77984.0
butterfly-17_binary.npy,22,601,77984.0
butterfly-17_binary.npy,23,601,77984.0
butterfly-17_binary.npy,24,601,77984.0
butterfly-19_binary.npy,0,435,48342.0
butterfly-19_binary.npy,1,435,48342.0
butterfly-19_binary.npy,2,435,48342.0
butterfly-19_binary.npy,3,435,48342.0
butterfly-19_binary.npy,4,407,48622.0
butterfly-19_binary.npy,5,407,48622.0
butterfly-19_binary.npy,6,407,48622.0
butterfly-19_binary.npy,7,407,48622.0
butterfly-19_binary.npy,8,407,48622.0
butterfly-19_binary.npy,9,390,48792.0
butterfly-19_binary.npy,10,390,48792.0
butterfly-19_binary.npy,11,390,48792.0
butterfly-19_binary.npy,12,390,48792.0
butterfly-19_binary.npy,13,390,48792.0
butterfly-19_binary.npy,14,390,48792.0
butterfly-19_binary.npy,15,390,48792.0
butterfly-19_binary.npy,16,390,48792.0
butterfly-19_binary.npy,17,390,48792.0
camel-12_binary.npy,0,306,27777.0
camel-12_binary.npy,1,293,27907.0
camel-12_binary.npy,2,293,27907.0
camel-12_binary.npy,3,293,27907.0
camel-12_binary.npy,4,293,27907.0
camel-12_binary.npy,5,291,27927.0
camel-12_binary.npy,6,291,27927.0
camel-12_binary.npy,7,291,27927.0
camel-12_binary.npy,8,291,27927.0
camel-12_binary.npy,9,291,27927.0
camel-12_binary.npy,10,288,27957.0
camel-12_binary.npy,11,288,27957.0
camel-12_binary.npy,12,282,28017.0
camel-12_binary.npy,13,282,28017.0
camel-12_binary.npy,14,282,28017.0
camel-12_binary.npy,15,271,28127.0
camel-12_binary.npy,16,271,28127.0
camel-12_binary.npy,17,271,28127.0
camel-12_binary.npy,18,271,28127.0
camel-12_binary.npy,19,271,28127.0
camel-12_binary.npy,20,271,28127.0
camel-12_binary.npy,21,271,28127.0
camel-12_binary.npy,22,271,28127.0
camel-12_binary.npy,23,270,28137.0
camel-12_binary.npy,24,270,28137.0
camel-12_binary.npy,25,270,28137.0
camel-12_binary.npy,26,270,28137.0
camel-12_binary.npy,27,270,28137.0
camel-12_binary.npy,28,270,28137.0
camel-12_binary.npy,29,269,28147.0
camel-12_binary.npy,30,269,28147.0
camel-12_binary.npy,31,269,28147.0
camel-12_binary.npy,32,269,28147.0
camel-12_binary.npy,33,269,28147.0
camel-12_binary.npy,34,269,28147.0
camel-12_binary.npy,35,269,28147.0
camel-12_binary.npy,36,268,28157.0
camel-12_binary.npy,37,268,28157.0
camel-12_binary.npy,38,268,28157.0
camel-12_binary.npy,39,268,28157.0
camel-12_binary.npy,40,268,28157.0
camel-12_binary.npy,41,268,28157.0
camel-12_binary.npy,42,266,28177.0
camel-12_binary.npy,43,266,28177.0
camel-12_binary.npy,44,266,28177.0
camel-12_binary.npy,45,266,28177.0
camel-12_binary.npy,46,266,28177.0
camel-12_binary.npy,47,265,28187.0
camel-12_binary.npy,48,265,28187.0
camel-12_binary.npy,49,265,28187.0
camel-12_binary.npy,50,265,28187.0
camel-12_binary.npy,51,265,28187.0
camel-12_binary.npy,52,265,28187.0
camel-12_binary.npy,53,265,28187.0
camel-12_binary.npy,54,265,28187.0
camel-12_binary.npy,55,262,28217.0
camel-12_binary.npy,56,262,28217.0
camel-12_binary.npy,57,262,28217.0
camel-12_binary.npy,58,262,28217.0
camel-12_binary.npy,59,262,28217.0
camel-12_binary.npy,60,262,28217.0
camel-12_binary.npy,61,262,28217.0
camel-12_binary.npy,62,262,28217.0
camel-12_binary.npy,63,261,28227.0
camel-12_binary.npy,64,260,28237.0
camel-12_binary.npy,65,260,28237.0
camel-12_binary.npy,66,258,28257.0
camel-12_binary.npy,67,258,28257.0
camel-12_binary.npy,68,258,28257.0
camel-12_binary.npy,69,258,28257.0
camel-12_binary.npy,70,258,28257.0
camel-12_binary.npy,71,258,28257.0
camel-12_binary.npy,72,257,28267.0
camel-12_binary.npy,73,257,28267.0
camel-12_binary.npy,74,257,28267.0
camel-12_binary.npy,75,257,28267.0
camel-12_binary.npy,76,257,28267.0
camel-12_binary.npy,77,257,28267.0
camel-12_binary.npy,78,257,28267.0
camel-12_binary.npy,79,257,28267.0
camel-12_binary.npy,80,257,28267.0
camel-13_binary.npy,0,363,41436.0
camel-13_binary.npy,1,363,41436.0
camel-13_binary.npy,2,363,41436.0
camel-13_binary.npy,3,363,41436.0
camel-13_binary.npy,4,363,41436.0
camel-13_binary.npy,5,363,41436.0
camel-13_binary.npy,6,325,41816.0
camel-13_binary.npy,7,325,41816.0
camel-13_binary.npy,8,325,41816.0
camel-13_binary.npy,9,325,41816.0
camel-13_binary.npy,10,325,41816.0
camel-13_binary.npy,11,325,41816.0
camel-13_binary.npy,12,300,42066.0
camel-13_binary.npy,13,300,42066.0
camel-13_binary.npy,14,300,42066.0
camel-13_binary.npy,15,300,42066.0
camel-13_binary.npy,16,300,42066.0
camel-13_binary.npy,17,300,42066.0
camel-13_binary.npy,18,300,42066.0
camel-13_binary.npy,19,300,42066.0
camel-13_binary.npy,20,292,42146.0
camel-13_binary.npy,21,292,42146.0
camel-13_binary.npy,22,292,42146.0
camel-13_binary.npy,23,292,42146.0
camel-13_binary.npy,24,292,42146.0
camel-13_binary.npy,25,292,42146.0
camel-13_binary.npy,26,292,42146.0
camel-13_binary.npy,27,292,42146.0
camel-13_binary.npy,28,292,42146.0
camel-17_binary.npy,0,403,29710.0
camel-17_binary.npy,1,403,29710.0
camel-17_binary.npy,2,403,29710.0
camel-17_binary.npy,3,402,29720.0
camel-17_binary.npy,4,402,29720.0
camel-17_binary.npy,5,402,29720.0
camel-17_binary.npy,6,398,29760.0
camel-17_binary.npy,7,398,29760.0
camel-17_binary.npy,8,373,30010.0
camel-17_binary.npy,9,373,30010.0
camel-17_binary.npy,10,373,30010.0
camel-17_binary.npy,11,373,30010.0
camel-17_binary.npy,12,367,30070.0
camel-17_binary.npy,13,367,30070.0
camel-17_binary.npy,14,355,30190.0
camel-17_binary.npy,15,355,30190.0
camel-17_binary.npy,16,355,30190.0
camel-17_binary.npy,17,355,30190.0
camel-17_binary.npy,18,355,30190.0
camel-17_binary.npy,19,355,30190.0
camel-17_binary.npy,20,355,30190.0
camel-17_binary.npy,21,355,30190.0
camel-17_binary.npy,22,355,30190.0
camel-2_binary.npy,0,448,30826.0
camel-2_binary.npy,1,448,30826.0
camel-2_binary.npy,2,448,30826.0
camel-2_binary.npy,3,448,30826.0
camel-2_binary.npy,4,448,30826.0
camel-2_binary.npy,5,403,31276.0
camel-2_binary.npy,6,403,31276.0
camel-2_binary.npy,7,403,31276.0
camel-2_binary.npy,8,403,31276.0
camel-2_binary.npy,9,403,31276.0
camel-2_binary.npy,10,403,31276.0
camel-2_binary.npy,11,386,31446.0
camel-2_binary.npy,12,386,31446.0
camel-2_binary.npy,13,386,31446.0
camel-2_binary.npy,14,382,31486.0
camel-2_binary.npy,15,375,31556.0
camel-2_binary.npy,16,363,31676.0
camel-2_binary.npy,17,363,31676.0
camel-2_binary.npy,18,363,31676.0
camel-2_binary.npy,19,363,31676.0
camel-2_binary.npy,20,363,31676.0
camel-2_binary.npy,21,348,31826.0
camel-2_binary.npy,22,348,31826.0
camel-2_binary.npy,23,348,31826.0
camel-2_binary.npy,24,348,31826.0
camel-2_binary.npy,25,348,31826.0
camel-2_binary.npy,26,339,31916.0
camel-2_binary.npy,27,339,31916.0
camel-2_binary.npy,28,339,31916.0
camel-2_binary.npy,29,339,31916.0
camel-2_binary.npy,30,339,31916.0
camel-2_binary.npy,31,334,31966.0
camel-2_binary.npy,32,334,31966.0
camel-2_binary.npy,33,334,31966.0
camel-2_binary.npy,34,334,31966.0
camel-2_binary.npy,35,334,31966.0
camel-2_binary.npy,36,333,31976.0
camel-2_binary.npy,37,333,31976.0
camel-2_binary.npy,38,332,31986.0
camel-2_binary.npy,39,332,31986.0
camel-2_binary.npy,40,332,31986.0
camel-2_binary.npy,41,332,31986.0
camel-2_binary.npy,42,332,31986.0
camel-2_binary.npy,43,332,31986.0
camel-2_binary.npy,44,332,31986.0
camel-2_binary.npy,45,332,31986.0
camel-2_binary.npy,46,332,31986.0
car-06_binary.npy,0,98,8451.0
car-06_binary.npy,1,98,8451.0
car-06_binary.npy,2,98,8451.0
car-06_binary.npy,3,98,8451.0
car-06_binary.npy,4,98,8451.0
car-06_binary.npy,5,98,8451.0
car-06_binary.npy,6,98,8451.0
car-06_binary.npy,7,98,8451.0
car-06_binary.npy,8,98,8451.0
car-09_binary.npy,0,98,9483.0
car-09_binary.npy,1,98,9483.0
car-09_binary.npy,2,98,9483.0
car-09_binary.npy,3,98,9483.0
car-09_binary.npy,4,98,9483.0
car-09_binary.npy,5,98,9483.0
car-09_binary.npy,6,97,9493.0
car-09_binary.npy,7,92,9543.0
car-09_binary.npy,8,90,9563.0
car-09_binary.npy,9,90,9563.0
car-09_binary.npy,10,90,9563.0
car-09_binary.npy,11,90,9563.0
car-09_binary.npy,12,90,9563.0
car-09_binary.npy,13,90,9563.0
car-09_binary.npy,14,90,9563.0
car-09_binary.npy,15,90,9563.0
car-09_binary.npy,16,90,9563.0
car-12_binary.npy,0,117,10554.0
car-12_binary.npy,1,117,10554.0
car-12_binary.npy,2,117,10554.0
car-12_binary.npy,3,108,10644.0
car-12_binary.npy,4,108,10644.0
car-12_binary.npy,5,108,10644.0
car-12_binary.npy,6,108,10644.0
car-12_binary.npy,7,102,10704.0
car-12_binary.npy,8,95,10774.0
car-12_binary.npy,9,95,10774.0
car-12_binary.npy,10,95,10774.0
car-12_binary.npy,11,95,10774.0
car-12_binary.npy,12,95,10774.0
car-12_binary.npy,13,95,10774.0
car-12_binary.npy,14,95,10774.0
car-12_binary.npy,15,92,10804.0
car-12_binary.npy,16,92,10804.0
car-12_binary.npy,17,92,10804.0
car-12_binary.npy,18,92,10804.0
car-12_binary.npy,19,90,10824.0
car-12_binary.npy,20,90,10824.0
car-12_binary.npy,21,90,10824.0
car-12_binary.npy,22,90,10824.0
car-12_binary.npy,23,90,10824.0
car-12_binary.npy,24,90,10824.0
car-12_binary.npy,25,90,10824.0
car-12_binary.npy,26,90,10824.0
car-12_binary.npy,27,90,10824.0
car-15_binary.npy,0,195,10249.0
car-15_binary.npy,1,194,10259.0
car-15_binary.npy,2,194,10259.0
car-15_binary.npy,3,194,10259.0
car-15_binary.npy,4,141,10789.0
car-15_binary.npy,5,141,10789.0
car-15_binary.npy,6,141,10789.0
car-15_binary.npy,7,141,10789.0
car-15_binary.npy,8,141,10789.0
car-15_binary.npy,9,141,10789.0
car-15_binary.npy,10,126,10939.0
car-15_binary.npy,11,126,10939.0
car-15_binary.npy,12,126,10939.0
car-15_binary.npy,13,126,10939.0
car-15_binary.npy,14,113,11069.0
car-15_binary.npy,15,113,11069.0
car-15_binary.npy,16,113,11069.0
car-15_binary.npy,17,113,11069.0
car-15_binary.npy,18,113,11069.0
car-15_binary.npy,19,113,11069.0
car-15_binary.npy,20,104,11159.0
car-15_binary.npy,21,104,11159.0
car-15_binary.npy,22,104,11159.0
car-15_binary.npy,23,104,11159.0
car-15_binary.npy,24,104,11159.0
car-15_binary.npy,25,104,11159.0
car-15_binary.npy,26,103,11169.0
car-15_binary.npy,27,103,11169.0
car-15_binary.npy,28,99,11209.0
car-15_binary.npy,29,99,11209.0
car-15_binary.npy,30,99,11209.0
car-15_binary.npy,31,99,11209.0
car-15_binary.npy,32,99,11209.0
car-15_binary.npy,33,93,11269.0
car-15_binary.npy,34,93,11269.0
car-15_binary.npy,35,93,11269.0
car-15_binary.npy,36,93,11269.0
car-15_binary.npy,37,93,11269.0
car-15_binary.npy,38,93,11269.0
car-15_binary.npy,39,93,11269.0
car-15_binary.npy,40,93,11269.0
car-15_binary.npy,41,93,11269.0
carriage-07_binary.npy,0,224,6983.0
carriage-07_binary.npy,1,224,6983.0
carriage-07_binary.npy,2,199,7233.0
carriage-07_binary.npy,3,199,7233.0
carriage-07_binary.npy,4,199,7233.0
carriage-07_binary.npy,5,199,7233.0
carriage-07_binary.npy,6,199,7233.0
carriage-07_binary.npy,7,199,7233.0
carriage-07_binary.npy,8,199,7233.0
carriage-07_binary.npy,9,192,7303.0
carriage-07_binary.npy,10,192,7303.0
carriage-07_binary.npy,11,192,7303.0
carriage-07_binary.npy,12,192,7303.0
carriage-07_binary.npy,13,189,7333.0
carriage-07_binary.npy,14,189,7333.0
carriage-07_binary.npy,15,189,7333.0
carriage-07_binary.npy,16,189,7333.0
carriage-07_binary.npy,17,189,7333.0
carriage-07_binary.npy,18,178,7443.0
carriage-07_binary.npy,19,171,7513.0
carriage-07_binary.npy,20,171,7513.0
carriage-07_binary.npy,21,171,7513.0
carriage-07_binary.npy,22,171,7513.0
carriage-07_binary.npy,23,171,7513.0
carriage-07_binary.npy,24,171,7513.0
carriage-07_binary.npy,25,168,7543.0
carriage-07_binary.npy,26,168,7543.0
carriage-07_binary.npy,27,168,7543.0
carriage-07_binary.npy,28,168,7543.0
carriage-07_binary.npy,29,166,7563.0
carriage-07_binary.npy,30,166,7563.0
carriage-07_binary.npy,31,165,7573.0
carriage-07_binary.npy,32,165,7573.0
carriage-07_binary.npy,33,165,7573.0
carriage-07_binary.npy,34,165,7573.0
carriage-07_binary.npy,35,165,7573.0
carriage-07_binary.npy,36,165,7573.0
carriage-07_binary.npy,37,165,7573.0
carriage-07_binary.npy,38,165,7573.0
carriage-07_binary.npy,39,165,7573.0
carriage-09_binary.npy,0,208,6242.0
carriage-09_binary.npy,1,208,6242.0
carriage-09_binary.npy,2,195,6372.0
carriage-09_binary.npy,3,195,6372.0
carriage-09_binary.npy,4,195,6372.0
carriage-09_binary.npy,5,195,6372.0
carriage-09_binary.npy,6,195,6372.0
carriage-09_binary.npy,7,195,6372.0
carriage-09_binary.npy,8,188,6442.0
carriage-09_binary.npy,9,188,6442.0
carriage-09_binary.npy,10,169,6632.0
carriage-09_binary.npy,11,169,6632.0
carriage-09_binary.npy,12,169,6632.0
carriage-09_binary.npy,13,160,6722.0
carriage-09_binary.npy,14,160,6722.0
carriage-09_binary.npy,15,155,6772.0
carriage-09_binary.npy,16,155,6772.0
carriage-09_binary.npy,17,155,6772.0
carriage-09_binary.npy,18,155,6772.0
carriage-09_binary.npy,19,155,6772.0
carriage-09_binary.npy,20,155,6772.0
carriage-09_binary.npy,21,155,6772.0
carriage-09_binary.npy,22,155,6772.0
carriage-09_binary.npy,23,155,6772.0
carriage-12_binary.npy,0,250,5603.0
carriage-12_binary.npy,1,250,5603.0
carriage-12_binary.npy,2,250,5603.0
carriage-12_binary.npy,3,247,5633.0
carriage-12_binary.npy,4,247,5633.0
carriage-12_binary.npy,5,247,5633.0
carriage-12_binary.npy,6,247,5633.0
carriage-12_binary.npy,7,245,5653.0
carriage-12_binary.npy,8,245,5653.0
carriage-12_binary.npy,9,245,5653.0
carriage-12_binary.npy,10,245,5653.0
carriage-12_binary.npy,11,245,5653.0
carriage-12_binary.npy,12,204,6063.0
carriage-12_binary.npy,13,204,6063.0
carriage-12_binary.npy,14,204,6063.0
carriage-12_binary.npy,15,201,6093.0
carriage-12_binary.npy,16,201,6093.0
carriage-12_binary.npy,17,201,6093.0
carriage-12_binary.npy,18,201,6093.0
carriage-12_binary.npy,19,201,6093.0
carriage-12_binary.npy,20,191,6193.0
carriage-12_binary.npy,21,191,6193.0
carriage-12_binary.npy,22,176,6343.0
carriage-12_binary.npy,23,176,6343.0
carriage-12_binary.npy,24,176,6343.0
carriage-12_binary.npy,25,176,6343.0
carriage-12_binary.npy,26,176,6343.0
carriage-12_binary.npy,27,176,6343.0
carriage-12_binary.npy,28,176,6343.0
carriage-12_binary.npy,29,175,6353.0
carriage-12_binary.npy,30,170,6403.0
carriage-12_binary.npy,31,170,6403.0
carriage-12_binary.npy,32,160,6503.0
carriage-12_binary.npy,33,160,6503.0
carriage-12_binary.npy,34,160,6503.0
carriage-12_binary.npy,35,160,6503.0
carriage-12_binary.npy,36,160,6503.0
carriage-12_binary.npy,37,160,6503.0
carriage-12_binary.npy,38,155,6553.0
carriage-12_binary.npy,39,155,6553.0
carriage-12_binary.npy,40,152,6583.0
carriage-12_binary.npy,41,152,6583.0
carriage-12_binary.npy,42,152,6583.0
carriage-12_binary.npy,43,152,6583.0
carriage-12_binary.npy,44,152,6583.0
carriage-12_binary.npy,45,152,6583.0
carriage-12_binary.npy,46,152,6583.0
carriage-12_binary.npy,47,152,6583.0
carriage-12_binary.npy,48,152,6583.0
carriage-20_binary.npy,0,216,6305.0
carriage-20_binary.npy,1,216,6305.0
carriage-20_binary.npy,2,216,6305.0
carriage-20_binary.npy,3,216,6305.0
carriage-20_binary.npy,4,216,6305.0
carriage-20_binary.npy,5,216,6305.0
carriage-20_binary.npy,6,209,6375.0
carriage-20_binary.npy,7,209,6375.0
carriage-20_binary.npy,8,209,6375.0
carriage-20_binary.npy,9,209,6375.0
carriage-20_binary.npy,10,209,6375.0
carriage-20_binary.npy,11,209,6375.0
carriage-20_binary.npy,12,209,6375.0
carriage-20_binary.npy,13,209,6375.0
carriage-20_binary.npy,14,203,6435.0
carriage-20_binary.npy,15,203,6435.0
carriage-20_binary.npy,16,203,6435.0
carriage-20_binary.npy,17,203,6435.0
carriage-20_binary.npy,18,203,6435.0
carriage-20_binary.npy,19,202,6445.0
carriage-20_binary.npy,20,202,6445.0
carriage-20_binary.npy,21,202,6445.0
carriage-20_binary.npy,22,201,6455.0
carriage-20_binary.npy,23,201,6455.0
carriage-20_binary.npy,24,201,6455.0
carriage-20_binary.npy,25,200,6465.0
carriage-20_binary.npy,26,200,6465.0
carriage-20_binary.npy,27,200,6465.0
carriage-20_binary.npy,28,200,6465.0
carriage-20_binary.npy,29,183,6635.0
carriage-20_binary.npy,30,183,6635.0
carriage-20_binary.npy,31,183,6635.0
carriage-20_binary.npy,32,173,6735.0
carriage-20_binary.npy,33,173,6735.0
carriage-20_binary.npy,34,171,6755.0
carriage-20_binary.npy,35,171,6755.0
carriage-20_binary.npy,36,171,6755.0
carriage-20_binary.npy,37,171,6755.0
carriage-20_binary.npy,38,168,6785.0
carriage-20_binary.npy,39,165,6815.0
carriage-20_binary.npy,40,165,6815.0
carriage-20_binary.npy,41,165,6815.0
carriage-20_binary.npy,42,162,6845.0
carriage-20_binary.npy,43,162,6845.0
carriage-20_binary.npy,44,161,6855.0
carriage-20_binary.npy,45,161,6855.0
carriage-20_binary.npy,46,161,6855.0
carriage-20_binary.npy,47,161,6855.0
carriage-20_binary.npy,48,161,6855.0
carriage-20_binary.npy,49,161,6855.0
carriage-20_binary.npy,50,160,6865.0
carriage-20_binary.npy,51,160,6865.0
carriage-20_binary.npy,52,160,6865.0
carriage-20_binary.npy,53,160,6865.0
carriage-20_binary.npy,54,160,6865.0
carriage-20_binary.npy,55,160,6865.0
carriage-20_binary.npy,56,160,6865.0
carriage-20_binary.npy,57,160,6865.0
carriage-20_binary.npy,58,160,6865.0
cattle-12_binary.npy,0,698,58174.0
cattle-12_binary.npy,1,686,58294.0
cattle-12_binary.npy,2,686,58294.0
cattle-12_binary.npy,3,686,58294.0
cattle-12_binary.npy,4,675,58404.0
cattle-12_binary.npy,5,675,58404.0
cattle-12_binary.npy,6,675,58404.0
cattle-12_binary.npy,7,611,59044.0
cattle-12_binary.npy,8,611,59044.0
cattle-12_binary.npy,9,611,59044.0
cattle-12_binary.npy,10,611,59044.0
cattle-12_binary.npy,11,608,59074.0
cattle-12_binary.npy,12,608,59074.0
cattle-12_binary.npy,13,608,59074.0
cattle-12_binary.npy,14,608,59074.0
cattle-12_binary.npy,15,526,59894.0
cattle-12_binary.npy,16,526,59894.0
cattle-12_binary.npy,17,526,59894.0
cattle-12_binary.npy,18,526,59894.0
cattle-12_binary.npy,19,526,59894.0
cattle-12_binary.npy,20,526,59894.0
cattle-12_binary.npy,21,526,59894.0
cattle-12_binary.npy,22,522,59934.0
cattle-12_binary.npy,23,522,59934.0
cattle-12_binary.npy,24,512,60034.0
cattle-12_binary.npy,25,512,60034.0
cattle-12_binary.npy,26,512,60034.0
cattle-12_binary.npy,27,512,60034.0
cattle-12_binary.npy,28,512,60034.0
cattle-12_binary.npy,29,512,60034.0
cattle-12_binary.npy,30,512,60034.0
cattle-12_binary.npy,31,512,60034.0
cattle-12_binary.npy,32,472,60434.0
cattle-12_binary.npy,33,472,60434.0
cattle-12_binary.npy,34,472,60434.0
cattle-12_binary.npy,35,472,60434.0
cattle-12_binary.npy,36,472,60434.0
cattle-12_binary.npy,37,424,60914.0
cattle-12_binary.npy,38,424,60914.0
cattle-12_binary.npy,39,424,60914.0
cattle-12_binary.npy,40,424,60914.0
cattle-12_binary.npy,41,423,60924.0
cattle-12_binary.npy,42,420,60954.0
cattle-12_binary.npy,43,420,60954.0
cattle-12_binary.npy,44,420,60954.0
cattle-12_binary.npy,45,420,60954.0
cattle-12_binary.npy,46,420,60954.0
cattle-12_binary.npy,47,406,61094.0
cattle-12_binary.npy,48,406,61094.0
cattle-12_binary.npy,49,406,61094.0
cattle-12_binary.npy,50,404,61114.0
cattle-12_binary.npy,51,378,61374.0
cattle-12_binary.npy,52,378,61374.0
cattle-12_binary.npy,53,378,61374.0
cattle-12_binary.npy,54,378,61374.0
cattle-12_binary.npy,55,378,61374.0
cattle-12_binary.npy,56,378,61374.0
cattle-12_binary.npy,57,378,61374.0
cattle-12_binary.npy,58,378,61374.0
cattle-12_binary.npy,59,378,61374.0
cattle-15_binary.npy,0,951,55082.0
cattle-15_binary.npy,1,937,55222.0
cattle-15_binary.npy,2,937,55222.0
cattle-15_binary.npy,3,937,55222.0
cattle-15_binary.npy,4,937,55222.0
cattle-15_binary.npy,5,937,55222.0
cattle-15_binary.npy,6,937,55222.0
cattle-15_binary.npy,7,937,55222.0
cattle-15_binary.npy,8,937,55222.0
cattle-15_binary.npy,9,936,55232.0
cattle-15_binary.npy,10,936,55232.0
cattle-15_binary.npy,11,901,55582.0
cattle-15_binary.npy,12,901,55582.0
cattle-15_binary.npy,13,901,55582.0
cattle-15_binary.npy,14,901,55582.0
cattle-15_binary.npy,15,901,55582.0
cattle-15_binary.npy,16,899,55602.0
cattle-15_binary.npy,17,897,55622.0
cattle-15_binary.npy,18,887,55722.0
cattle-15_binary.npy,19,887,55722.0
cattle-15_binary.npy,20,887,55722.0
cattle-15_binary.npy,21,887,55722.0
cattle-15_binary.npy,22,887,55722.0
cattle-15_binary.npy,23,887,55722.0
cattle-15_binary.npy,24,887,55722.0
cattle-15_binary.npy,25,887,55722.0
cattle-15_binary.npy,26,875,55842.0
cattle-15_binary.npy,27,875,55842.0
cattle-15_binary.npy,28,851,56082.0
cattle-15_binary.npy,29,851,56082.0
cattle-15_binary.npy,30,851,56082.0
cattle-15_binary.npy,31,851,56082.0
cattle-15_binary.npy,32,851,56082.0
cattle-15_binary.npy,33,851,56082.0
cattle-15_binary.npy,34,851,56082.0
cattle-15_binary.npy,35,844,56152.0
cattle-15_binary.npy,36,813,56462.0
cattle-15_binary.npy,37,813,56462.0
cattle-15_binary.npy,38,813,56462.0
cattle-15_binary.npy,39,813,56462.0
cattle-15_binary.npy,40,813,56462.0
cattle-15_binary.npy,41,813,56462.0
cattle-15_binary.npy,42,767,56922.0
cattle-15_binary.npy,43,767,56922.0
cattle-15_binary.npy,44,767,56922.0
cattle-15_binary.npy,45,766,56932.0
cattle-15_binary.npy,46,766,56932.0
cattle-15_binary.npy,47,766,56932.0
cattle-15_binary.npy,48,750,57092.0
cattle-15_binary.npy,49,750,57092.0
cattle-15_binary.npy,50,750,57092.0
cattle-15_binary.npy,51,750,57092.0
cattle-15_binary.npy,52,750,57092.0
cattle-15_binary.npy,53,750,57092.0
cattle-15_binary.npy,54,750,57092.0
cattle-15_binary.npy,55,749,57102.0
cattle-15_binary.npy,56,745,57142.0
cattle-15_binary.npy,57,743,57162.0
cattle-15_binary.npy,58,732,57272.0
cattle-15_binary.npy,59,732,57272.0
cattle-15_binary.npy,60,732,57272.0
cattle-15_binary.npy,61,732,57272.0
cattle-15_binary.npy,62,732,57272.0
cattle-15_binary.npy,63,732,57272.0
cattle-15_binary.npy,64,727,57322.0
cattle-15_binary.npy,65,727,57322.0
cattle-15_binary.npy,66,727,57322.0
cattle-15_binary.npy,67,727,57322.0
cattle-15_binary.npy,68,727,57322.0
cattle-15_binary.npy,69,727,57322.0
cattle-15_binary.npy,70,726,57332.0
cattle-15_binary.npy,71,726,57332.0
cattle-15_binary.npy,72,725,57342.0
cattle-15_binary.npy,73,725,57342.0
cattle-15_binary.npy,74,725,57342.0
cattle-15_binary.npy,75,725,57342.0
cattle-15_binary.npy,76,725,57342.0
cattle-15_binary.npy,77,725,57342.0
cattle-15_binary.npy,78,725,57342.0
cattle-15_binary.npy,79,725,57342.0
cattle-15_binary.npy,80,725,57342.0
cattle-17_binary.npy,0,806,113280.0
cattle-17_binary.npy,1,806,113280.0
cattle-17_binary.npy,2,734,114000.0
cattle-17_binary.npy,3,734,114000.0
cattle-17_binary.npy,4,734,114000.0
cattle-17_binary.npy,5,734,114000.0
cattle-17_binary.npy,6,734,114000.0
cattle-17_binary.npy,7,717,114170.0
cattle-17_binary.npy,8,711,114230.0
cattle-17_binary.npy,9,711,114230.0
cattle-17_binary.npy,10,711,114230.0
cattle-17_binary.npy,11,711,114230.0
cattle-17_binary.npy,12,711,114230.0
cattle-17_binary.npy,13,711,114230.0
cattle-17_binary.npy,14,711,114230.0
cattle-17_binary.npy,15,705,114290.0
cattle-17_binary.npy,16,705,114290.0
cattle-17_binary.npy,17,705,114290.0
cattle-17_binary.npy,18,705,114290.0
cattle-17_binary.npy,19,705,114290.0
cattle-17_binary.npy,20,705,114290.0
cattle-17_binary.npy,21,705,114290.0
cattle-17_binary.npy,22,705,114290.0
cattle-17_binary.npy,23,705,114290.0
cattle-7_binary.npy,0,787,50128.0
cattle-7_binary.npy,1,787,50128.0
cattle-7_binary.npy,2,786,50138.0
cattle-7_binary.npy,3,686,51138.0
cattle-7_binary.npy,4,686,51138.0
cattle-7_binary.npy,5,686,51138.0
cattle-7_binary.npy,6,686,51138.0
cattle-7_binary.npy,7,686,51138.0
cattle-7_binary.npy,8,686,51138.0
cattle-7_binary.npy,9,686,51138.0
cattle-7_binary.npy,10,686,51138.0
cattle-7_binary.npy,11,685,51148.0
cattle-7_binary.npy,12,685,51148.0
cattle-7_binary.npy,13,670,51298.0
cattle-7_binary.npy,14,670,51298.0
cattle-7_binary.npy,15,660,51398.0
cattle-7_binary.npy,16,660,51398.0
cattle-7_binary.npy,17,660,51398.0
cattle-7_binary.npy,18,644,51558.0
cattle-7_binary.npy,19,644,51558.0
cattle-7_binary.npy,20,639,51608.0
cattle-7_binary.npy,21,639,51608.0
cattle-7_binary.npy,22,620,51798.0
cattle-7_binary.npy,23,620,51798.0
cattle-7_binary.npy,24,620,51798.0
cattle-7_binary.npy,25,620,51798.0
cattle-7_binary.npy,26,620,51798.0
cattle-7_binary.npy,27,620,51798.0
cattle-7_binary.npy,28,620,51798.0
cattle-7_binary.npy,29,619,51808.0
cattle-7_binary.npy,30,618,51818.0
cattle-7_binary.npy,31,618,51818.0
cattle-7_binary.npy,32,618,51818.0
cattle-7_binary.npy,33,618,51818.0
cattle-7_binary.npy,34,618,51818.0
cattle-7_binary.npy,35,618,51818.0
cattle-7_binary.npy,36,618,51818.0
cattle-7_binary.npy,37,618,51818.0
cattle-7_binary.npy,38,618,51818.0
cellular_phone-15_binary.npy,0,109,26478.0
cellular_phone-15_binary.npy,1,109,26478.0
cellular_phone-15_binary.npy,2,78,26788.0
cellular_phone-15_binary.npy,3,78,26788.0
cellular_phone-15_binary.npy,4,78,26788.0
cellular_phone-15_binary.npy,5,78,26788.0
cellular_phone-15_binary.npy,6,78,26788.0
cellular_phone-15_binary.npy,7,78,26788.0
cellular_phone-15_binary.npy,8,75,26818.0
cellular_phone-15_binary.npy,9,75,26818.0
cellular_phone-15_binary.npy,10,75,26818.0
cellular_phone-15_binary.npy,11,75,26818.0
cellular_phone-15_binary.npy,12,75,26818.0
cellular_phone-15_binary.npy,13,75,26818.0
cellular_phone-15_binary.npy,14,75,26818.0
cellular_phone-15_binary.npy,15,75,26818.0
cellular_phone-15_binary.npy,16,75,26818.0
cellular_phone-18_binary.npy,0,119,35650.0
cellular_phone-18_binary.npy,1,119,35650.0
cellular_phone-18_binary.npy,2,119,35650.0
cellular_phone-18_binary.npy,3,119,35650.0
cellular_phone-18_binary.npy,4,89,35950.0
cellular_phone-18_binary.npy,5,89,35950.0
cellular_phone-18_binary.npy,6,89,35950.0
cellular_phone-18_binary.npy,7,68,36160.0
cellular_phone-18_binary.npy,8,68,36160.0
cellular_phone-18_binary.npy,9,68,36160.0
cellular_phone-18_binary.npy,10,68,36160.0
cellular_phone-18_binary.npy,11,68,36160.0
cellular_phone-18_binary.npy,12,68,36160.0
cellular_phone-18_binary.npy,13,60,36240.0
cellular_phone-18_binary.npy,14,60,36240.0
cellular_phone-18_binary.npy,15,60,36240.0
cellular_phone-18_binary.npy,16,52,36320.0
cellular_phone-18_binary.npy,17,52,36320.0
cellular_phone-18_binary.npy,18,52,36320.0
cellular_phone-18_binary.npy,19,52,36320.0
cellular_phone-18_binary.npy,20,52,36320.0
cellular_phone-18_binary.npy,21,52,36320.0
cellular_phone-18_binary.npy,22,52,36320.0
cellular_phone-18_binary.npy,23,52,36320.0
cellular_phone-18_binary.npy,24,52,36320.0
cellular_phone-2_binary.npy,0,108,27356.0
cellular_phone-2_binary.npy,1,108,27356.0
cellular_phone-2_binary.npy,2,108,27356.0
cellular_phone-2_binary.npy,3,108,27356.0
cellular_phone-2_binary.npy,4,100,27436.0
cellular_phone-2_binary.npy,5,100,27436.0
cellular_phone-2_binary.npy,6,100,27436.0
cellular_phone-2_binary.npy,7,100,27436.0
cellular_phone-2_binary.npy,8,100,27436.0
cellular_phone-2_binary.npy,9,100,27436.0
cellular_phone-2_binary.npy,10,91,27526.0
cellular_phone-2_binary.npy,11,91,27526.0
cellular_phone-2_binary.npy,12,91,27526.0
cellular_phone-2_binary.npy,13,91,27526.0
cellular_phone-2_binary.npy,14,91,27526.0
cellular_phone-2_binary.npy,15,91,27526.0
cellular_phone-2_binary.npy,16,91,27526.0
cellular_phone-2_binary.npy,17,91,27526.0
cellular_phone-2_binary.npy,18,91,27526.0
cellular_phone-4_binary.npy,0,133,43019.0
cellular_phone-4_binary.npy,1,133,43019.0
cellular_phone-4_binary.npy,2,99,43359.0
cellular_phone-4_binary.npy,3,99,43359.0
cellular_phone-4_binary.npy,4,99,43359.0
cellular_phone-4_binary.npy,5,99,43359.0
cellular_phone-4_binary.npy,6,99,43359.0
cellular_phone-4_binary.npy,7,99,43359.0
cellular_phone-4_binary.npy,8,78,43569.0
cellular_phone-4_binary.npy,9,78,43569.0
cellular_phone-4_binary.npy,10,78,43569.0
cellular_phone-4_binary.npy,11,78,43569.0
cellular_phone-4_binary.npy,12,78,43569.0
cellular_phone-4_binary.npy,13,77,43579.0
cellular_phone-4_binary.npy,14,77,43579.0
cellular_phone-4_binary.npy,15,68,43669.0
cellular_phone-4_binary.npy,16,68,43669.0
cellular_phone-4_binary.npy,17,68,43669.0
cellular_phone-4_binary.npy,18,68,43669.0
cellular_phone-4_binary.npy,19,68,43669.0
cellular_phone-4_binary.npy,20,64,43709.0
cellular_phone-4_binary.npy,21,62,43729.0
cellular_phone-4_binary.npy,22,62,43729.0
cellular_phone-4_binary.npy,23,62,43729.0
cellular_phone-4_binary.npy,24,62,43729.0
cellular_phone-4_binary.npy,25,57,43779.0
cellular_phone-4_binary.npy,26,57,43779.0
cellular_phone-4_binary.npy,27,57,43779.0
cellular_phone-4_binary.npy,28,57,43779.0
cellular_phone-4_binary.npy,29,57,43779.0
cellular_phone-4_binary.npy,30,57,43779.0
cellular_phone-4_binary.npy,31,54,43809.0
cellular_phone-4_binary.npy,32,54,43809.0
cellular_phone-4_binary.npy,33,54,43809.0
cellular_phone-4_binary.npy,34,53,43819.0
cellular_phone-4_binary.npy,35,53,43819.0
cellular_phone-4_binary.npy,36,53,43819.0
cellular_phone-4_binary.npy,37,53,43819.0
cellular_phone-4_binary.npy,38,53,43819.0
cellular_phone-4_binary.npy,39,52,43829.0
cellular_phone-4_binary.npy,40,52,43829.0
cellular_phone-4_binary.npy,41,52,43829.0
cellular_phone-4_binary.npy,42,52,43829.0
cellular_phone-4_binary.npy,43,52,43829.0
cellular_phone-4_binary.npy,44,52,43829.0
cellular_phone-4_binary.npy,45,51,43839.0
cellular_phone-4_binary.npy,46,51,43839.0
cellular_phone-4_binary.npy,47,51,43839.0
cellular_phone-4_binary.npy,48,51,43839.0
cellular_phone-4_binary.npy,49,49,43859.0
cellular_phone-4_binary.npy,50,49,43859.0
cellular_phone-4_binary.npy,51,49,43859.0
cellular_phone-4_binary.npy,52,49,43859.0
cellular_phone-4_binary.npy,53,49,43859.0
cellular_phone-4_binary.npy,54,49,43859.0
cellular_phone-4_binary.npy,55,49,43859.0
cellular_phone-4_binary.npy,56,49,43859.0
cellular_phone-4_binary.npy,57,49,43859.0
chicken-11_binary.npy,0,144,6085.0
chicken-11_binary.npy,1,143,6095.0
chicken-11_binary.npy,2,134,6185.0
chicken-11_binary.npy,3,134,6185.0
chicken-11_binary.npy,4,134,6185.0
chicken-11_binary.npy,5,119,6335.0
chicken-11_binary.npy,6,118,6345.0
chicken-11_binary.npy,7,118,6345.0
chicken-11_binary.npy,8,118,6345.0
chicken-11_binary.npy,9,118,6345.0
chicken-11_binary.npy,10,108,6445.0
chicken-11_binary.npy,11,108,6445.0
chicken-11_binary.npy,12,108,6445.0
chicken-11_binary.npy,13,108,6445.0
chicken-11_binary.npy,14,108,6445.0
chicken-11_binary.npy,15,108,6445.0
chicken-11_binary.npy,16,108,6445.0
chicken-11_binary.npy,17,105,6475.0
chicken-11_binary.npy,18,105,6475.0
chicken-11_binary.npy,19,105,6475.0
chicken-11_binary.npy,20,105,6475.0
chicken-11_binary.npy,21,105,6475.0
chicken-11_binary.npy,22,103,6495.0
chicken-11_binary.npy,23,103,6495.0
chicken-11_binary.npy,24,103,6495.0
chicken-11_binary.npy,25,103,6495.0
chicken-11_binary.npy,26,103,6495.0
chicken-11_binary.npy,27,103,6495.0
chicken-11_binary.npy,28,103,6495.0
chicken-11_binary.npy,29,103,6495.0
chicken-11_binary.npy,30,103,6495.0
chicken-17_binary.npy,0,399,29056.0
chicken-17_binary.npy,1,399,29056.0
chicken-17_binary.npy,2,343,29616.0
chicken-17_binary.npy,3,343,29616.0
chicken-17_binary.npy,4,343,29616.0
chicken-17_binary.npy,5,343,29616.0
chicken-17_binary.npy,6,343,29616.0
chicken-17_binary.npy,7,322,29826.0
chicken-17_binary.npy,8,322,29826.0
chicken-17_binary.npy,9,322,29826.0
chicken-17_binary.npy,10,303,30016.0
chicken-17_binary.npy,11,303,30016.0
chicken-17_binary.npy,12,303,30016.0
chicken-17_binary.npy,13,303,30016.0
chicken-17_binary.npy,14,303,30016.0
chicken-17_binary.npy,15,303,30016.0
chicken-17_binary.npy,16,303,30016.0
chicken-17_binary.npy,17,289,30156.0
chicken-17_binary.npy,18,289,30156.0
chicken-17_binary.npy,19,279,30256.0
chicken-17_binary.npy,20,270,30346.0
chicken-17_binary.npy,21,270,30346.0
chicken-17_binary.npy,22,266,30386.0
chicken-17_binary.npy,23,266,30386.0
chicken-17_binary.npy,24,266,30386.0
chicken-17_binary.npy,25,266,30386.0
chicken-17_binary.npy,26,266,30386.0
chicken-17_binary.npy,27,266,30386.0
chicken-17_binary.npy,28,265,30396.0
chicken-17_binary.npy,29,265,30396.0
chicken-17_binary.npy,30,265,30396.0
chicken-17_binary.npy,31,265,30396.0
chicken-17_binary.npy,32,265,30396.0
chicken-17_binary.npy,33,265,30396.0
chicken-17_binary.npy,34,265,30396.0
chicken-17_binary.npy,35,265,30396.0
chicken-17_binary.npy,36,264,30406.0
chicken-17_binary.npy,37,264,30406.0
chicken-17_binary.npy,38,264,30406.0
chicken-17_binary.npy,39,264,30406.0
chicken-17_binary.npy,40,264,30406.0
chicken-17_binary.npy,41,264,30406.0
chicken-17_binary.npy,42,264,30406.0
chicken-17_binary.npy,43,264,30406.0
chicken-17_binary.npy,44,264,30406.0
chicken-1_binary.npy,0,556,63953.0
chicken-1_binary.npy,1,495,64563.0
chicken-1_binary.npy,2,495,64563.0
chicken-1_binary.npy,3,495,64563.0
chicken-1_binary.npy,4,488,64633.0
chicken-1_binary.npy,5,488,64633.0
chicken-1_binary.npy,6,479,64723.0
chicken-1_binary.npy,7,479,64723.0
chicken-1_binary.npy,8,477,64743.0
chicken-1_binary.npy,9,477,64743.0
chicken-1_binary.npy,10,477,64743.0
chicken-1_binary.npy,11,477,64743.0
chicken-1_binary.npy,12,452,64993.0
chicken-1_binary.npy,13,452,64993.0
chicken-1_binary.npy,14,452,64993.0
chicken-1_binary.npy,15,447,65043.0
chicken-1_binary.npy,16,422,65293.0
chicken-1_binary.npy,17,422,65293.0
chicken-1_binary.npy,18,422,65293.0
chicken-1_binary.npy,19,422,65293.0
chicken-1_binary.npy,20,422,65293.0
chicken-1_binary.npy,21,412,65393.0
chicken-1_binary.npy,22,402,65493.0
chicken-1_binary.npy,23,402,65493.0
chicken-1_binary.npy,24,402,65493.0
chicken-1_binary.npy,25,402,65493.0
chicken-1_binary.npy,26,402,65493.0
chicken-1_binary.npy,27,402,65493.0
chicken-1_binary.npy,28,402,65493.0
chicken-1_binary.npy,29,402,65493.0
chicken-1_binary.npy,30,401,65503.0
chicken-1_binary.npy,31,401,65503.0
chicken-1_binary.npy,32,401,65503.0
chicken-1_binary.npy,33,401,65503.0
chicken-1_binary.npy,34,401,65503.0
chicken-1_binary.npy,35,398,65533.0
chicken-1_binary.npy,36,398,65533.0
chicken-1_binary.npy,37,398,65533.0
chicken-1_binary.npy,38,398,65533.0
chicken-1_binary.npy,39,397,65543.0
chicken-1_binary.npy,40,397,65543.0
chicken-1_binary.npy,41,397,65543.0
chicken-1_binary.npy,42,397,65543.0
chicken-1_binary.npy,43,396,65553.0
chicken-1_binary.npy,44,396,65553.0
chicken-1_binary.npy,45,396,65553.0
chicken-1_binary.npy,46,396,65553.0
chicken-1_binary.npy,47,396,65553.0
chicken-1_binary.npy,48,396,65553.0
chicken-1_binary.npy,49,395,65563.0
chicken-1_binary.npy,50,395,65563.0
chicken-1_binary.npy,51,395,65563.0
chicken-1_binary.npy,52,395,65563.0
chicken-1_binary.npy,53,395,65563.0
chicken-1_binary.npy,54,395,65563.0
chicken-1_binary.npy,55,395,65563.0
chicken-1_binary.npy,56,394,65573.0
chicken-1_binary.npy,57,394,65573.0
chicken-1_binary.npy,58,394,65573.0
chicken-1_binary.npy,59,394,65573.0
chicken-1_binary.npy,60,394,65573.0
chicken-1_binary.npy,61,394,65573.0
chicken-1_binary.npy,62,394,65573.0
chicken-1_binary.npy,63,394,65573.0
chicken-1_binary.npy,64,394,65573.0
chicken-7_binary.npy,0,127,4100.0
chicken-7_binary.npy,1,127,4100.0
chicken-7_binary.npy,2,127,4100.0
chicken-7_binary.npy,3,127,4100.0
chicken-7_binary.npy,4,101,4360.0
chicken-7_binary.npy,5,101,4360.0
chicken-7_binary.npy,6,101,4360.0
chicken-7_binary.npy,7,101,4360.0
chicken-7_binary.npy,8,101,4360.0
chicken-7_binary.npy,9,101,4360.0
chicken-7_binary.npy,10,101,4360.0
chicken-7_binary.npy,11,101,4360.0
chicken-7_binary.npy,12,100,4370.0
chicken-7_binary.npy,13,100,4370.0
chicken-7_binary.npy,14,98,4390.0
chicken-7_binary.npy,15,98,4390.0
chicken-7_binary.npy,16,98,4390.0
chicken-7_binary.npy,17,98,4390.0
chicken-7_binary.npy,18,98,4390.0
chicken-7_binary.npy,19,98,4390.0
chicken-7_binary.npy,20,98,4390.0
chicken-7_binary.npy,21,98,4390.0
chicken-7_binary.npy,22,98,4390.0
children-11_binary.npy,0,87,5618.0
children-11_binary.npy,1,84,5648.0
children-11_binary.npy,2,84,5648.0
children-11_binary.npy,3,79,5698.0
children-11_binary.npy,4,79,5698.0
children-11_binary.npy,5,79,5698.0
children-11_binary.npy,6,73,5758.0
children-11_binary.npy,7,72,5768.0
children-11_binary.npy,8,71,5778.0
children-11_binary.npy,9,71,5778.0
children-11_binary.npy,10,71,5778.0
children-11_binary.npy,11,71,5778.0
children-11_binary.npy,12,71,5778.0
children-11_binary.npy,13,71,5778.0
children-11_binary.npy,14,71,5778.0
children-11_binary.npy,15,71,5778.0
children-11_binary.npy,16,71,5778.0
children-17_binary.npy,0,97,5378.0
children-17_binary.npy,1,96,5388.0
children-17_binary.npy,2,96,5388.0
children-17_binary.npy,3,96,5388.0
children-17_binary.npy,4,96,5388.0
children-17_binary.npy,5,96,5388.0
children-17_binary.npy,6,96,5388.0
children-17_binary.npy,7,96,5388.0
children-17_binary.npy,8,96,5388.0
children-17_binary.npy,9,82,5528.0
children-17_binary.npy,10,81,5538.0
children-17_binary.npy,11,81,5538.0
children-17_binary.npy,12,81,5538.0
children-17_binary.npy,13,81,5538.0
children-17_binary.npy,14,81,5538.0
children-17_binary.npy,15,80,5548.0
children-17_binary.npy,16,80,5548.0
children-17_binary.npy,17,80,5548.0
children-17_binary.npy,18,79,5558.0
children-17_binary.npy,19,79,5558.0
children-17_binary.npy,20,79,5558.0
children-17_binary.npy,21,79,5558.0
children-17_binary.npy,22,79,5558.0
children-17_binary.npy,23,79,5558.0
children-17_binary.npy,24,79,5558.0
children-17_binary.npy,25,79,5558.0
children-17_binary.npy,26,79,5558.0
children-1_binary.npy,0,87,5550.0
children-1_binary.npy,1,87,5550.0
children-1_binary.npy,2,87,5550.0
children-1_binary.npy,3,87,5550.0
children-1_binary.npy,4,87,5550.0
children-1_binary.npy,5,87,5550.0
children-1_binary.npy,6,87,5550.0
children-1_binary.npy,7,87,5550.0
children-1_binary.npy,8,87,5550.0
children-2_binary.npy,0,87,5588.0
children-2_binary.npy,1,87,5588.0
children-2_binary.npy,2,87,5588.0
children-2_binary.npy,3,80,5658.0
children-2_binary.npy,4,80,5658.0
children-2_binary.npy,5,80,5658.0
children-2_binary.npy,6,80,5658.0
children-2_binary.npy,7,80,5658.0
children-2_binary.npy,8,80,5658.0
children-2_binary.npy,9,73,5728.0
children-2_binary.npy,10,73,5728.0
children-2_binary.npy,11,73,5728.0
children-2_binary.npy,12,73,5728.0
children-2_binary.npy,13,73,5728.0
children-2_binary.npy,14,73,5728.0
children-2_binary.npy,15,73,5728.0
children-2_binary.npy,16,70,5758.0
children-2_binary.npy,17,70,5758.0
children-2_binary.npy,18,70,5758.0
children-2_binary.npy,19,70,5758.0
children-2_binary.npy,20,70,5758.0
children-2_binary.npy,21,70,5758.0
children-2_binary.npy,22,70,5758.0
children-2_binary.npy,23,70,5758.0
children-2_binary.npy,24,69,5768.0
children-2_binary.npy,25,69,5768.0
children-2_binary.npy,26,69,5768.0
children-2_binary.npy,27,69,5768.0
children-2_binary.npy,28,69,5768.0
children-2_binary.npy,29,69,5768.0
children-2_binary.npy,30,69,5768.0
children-2_binary.npy,31,69,5768.0
children-2_binary.npy,32,69,5768.0
chopper-03_binary.npy,0,158,11122.0
chopper-03_binary.npy,1,158,11122.0
chopper-03_binary.npy,2,158,11122.0
chopper-03_binary.npy,3,158,11122.0
chopper-03_binary.npy,4,158,11122.0
chopper-03_binary.npy,5,156,11142.0
chopper-03_binary.npy,6,144,11262.0
chopper-03_binary.npy,7,144,11262.0
chopper-03_binary.npy,8,144,11262.0
chopper-03_binary.npy,9,144,11262.0
chopper-03_binary.npy,10,144,11262.0
chopper-03_binary.npy,11,139,11312.0
chopper-03_binary.npy,12,139,11312.0
chopper-03_binary.npy,13,139,11312.0
chopper-03_binary.npy,14,134,11362.0
chopper-03_binary.npy,15,134,11362.0
chopper-03_binary.npy,16,134,11362.0
chopper-03_binary.npy,17,134,11362.0
chopper-03_binary.npy,18,134,11362.0
chopper-03_binary.npy,19,134,11362.0
chopper-03_binary.npy,20,134,11362.0
chopper-03_binary.npy,21,134,11362.0
chopper-03_binary.npy,22,134,11362.0
chopper-07_binary.npy,0,153,10656.0
chopper-07_binary.npy,1,153,10656.0
chopper-07_binary.npy,2,153,10656.0
chopper-07_binary.npy,3,143,10756.0
chopper-07_binary.npy,4,141,10776.0
chopper-07_binary.npy,5,141,10776.0
chopper-07_binary.npy,6,141,10776.0
chopper-07_binary.npy,7,141,10776.0
chopper-07_binary.npy,8,141,10776.0
chopper-07_binary.npy,9,130,10886.0
chopper-07_binary.npy,10,128,10906.0
chopper-07_binary.npy,11,128,10906.0
chopper-07_binary.npy,12,128,10906.0
chopper-07_binary.npy,13,128,10906.0
chopper-07_binary.npy,14,128,10906.0
chopper-07_binary.npy,15,128,10906.0
chopper-07_binary.npy,16,128,10906.0
chopper-07_binary.npy,17,128,10906.0
chopper-07_binary.npy,18,128,10906.0
chopper-09_binary.npy,0,143,11236.0
chopper-09_binary.npy,1,143,11236.0
chopper-09_binary.npy,2,143,11236.0
chopper-09_binary.npy,3,143,11236.0
chopper-09_binary.npy,4,143,11236.0
chopper-09_binary.npy,5,143,11236.0
chopper-09_binary.npy,6,140,11266.0
chopper-09_binary.npy,7,140,11266.0
chopper-09_binary.npy,8,136,11306.0
chopper-09_binary.npy,9,136,11306.0
chopper-09_binary.npy,10,135,11316.0
chopper-09_binary.npy,11,131,11356.0
chopper-09_binary.npy,12,131,11356.0
chopper-09_binary.npy,13,131,11356.0
chopper-09_binary.npy,14,131,11356.0
chopper-09_binary.npy,15,126,11406.0
chopper-09_binary.npy,16,124,11426.0
chopper-09_binary.npy,17,123,11436.0
chopper-09_binary.npy,18,123,11436.0
chopper-09_binary.npy,19,123,11436.0
chopper-09_binary.npy,20,123,11436.0
chopper-09_binary.npy,21,121,11456.0
chopper-09_binary.npy,22,121,11456.0
chopper-09_binary.npy,23,121,11456.0
chopper-09_binary.npy,24,120,11466.0
chopper-09_binary.npy,25,120,11466.0
chopper-09_binary.npy,26,120,11466.0
chopper-09_binary.npy,27,120,11466.0
chopper-09_binary.npy,28,120,11466.0
chopper-09_binary.npy,29,120,11466.0
chopper-09_binary.npy,30,120,11466.0
chopper-09_binary.npy,31,120,11466.0
chopper-09_binary.npy,32,120,11466.0
chopper-11_binary.npy,0,149,11520.0
chopper-11_binary.npy,1,149,11520.0
chopper-11_binary.npy,2,149,11520.0
chopper-11_binary.npy,3,149,11520.0
chopper-11_binary.npy,4,149,11520.0
chopper-11_binary.npy,5,140,11610.0
chopper-11_binary.npy,6,137,11640.0
chopper-11_binary.npy,7,137,11640.0
chopper-11_binary.npy,8,137,11640.0
chopper-11_binary.npy,9,137,11640.0
chopper-11_binary.npy,10,128,11730.0
chopper-11_binary.npy,11,128,11730.0
chopper-11_binary.npy,12,128,11730.0
chopper-11_binary.npy,13,128,11730.0
chopper-11_binary.npy,14,128,11730.0
chopper-11_binary.npy,15,128,11730.0
chopper-11_binary.npy,16,123,11780.0
chopper-11_binary.npy,17,123,11780.0
chopper-11_binary.npy,18,123,11780.0
chopper-11_binary.npy,19,123,11780.0
chopper-11_binary.npy,20,123,11780.0
chopper-11_binary.npy,21,122,11790.0
chopper-11_binary.npy,22,122,11790.0
chopper-11_binary.npy,23,122,11790.0
chopper-11_binary.npy,24,121,11800.0
chopper-11_binary.npy,25,121,11800.0
chopper-11_binary.npy,26,121,11800.0
chopper-11_binary.npy,27,121,11800.0
chopper-11_binary.npy,28,121,11800.0
chopper-11_binary.npy,29,121,11800.0
chopper-11_binary.npy,30,121,11800.0
chopper-11_binary.npy,31,121,11800.0
chopper-11_binary.npy,32,121,11800.0
classic-16_binary.npy,0,184,33857.0
classic-16_binary.npy,1,179,33907.0
classic-16_binary.npy,2,179,33907.0
classic-16_binary.npy,3,161,34087.0
classic-16_binary.npy,4,161,34087.0
classic-16_binary.npy,5,161,34087.0
classic-16_binary.npy,6,161,34087.0
classic-16_binary.npy,7,161,34087.0
classic-16_binary.npy,8,161,34087.0
classic-16_binary.npy,9,161,34087.0
classic-16_binary.npy,10,156,34137.0
classic-16_binary.npy,11,156,34137.0
classic-16_binary.npy,12,156,34137.0
classic-16_binary.npy,13,156,34137.0
classic-16_binary.npy,14,156,34137.0
classic-16_binary.npy,15,156,34137.0
classic-16_binary.npy,16,156,34137.0
classic-16_binary.npy,17,156,34137.0
classic-16_binary.npy,18,146,34237.0
classic-16_binary.npy,19,146,34237.0
classic-16_binary.npy,20,146,34237.0
classic-16_binary.npy,21,146,34237.0
classic-16_binary.npy,22,146,34237.0
classic-16_binary.npy,23,146,34237.0
classic-16_binary.npy,24,146,34237.0
classic-16_binary.npy,25,146,34237.0
classic-16_binary.npy,26,146,34237.0
classic-2_binary.npy,0,192,33798.0
classic-2_binary.npy,1,192,33798.0
classic-2_binary.npy,2,192,33798.0
classic-2_binary.npy,3,166,34058.0
classic-2_binary.npy,4,166,34058.0
classic-2_binary.npy,5,160,34118.0
classic-2_binary.npy,6,160,34118.0
classic-2_binary.npy,7,160,34118.0
classic-2_binary.npy,8,160,34118.0
classic-2_binary.npy,9,160,34118.0
classic-2_binary.npy,10,159,34128.0
classic-2_binary.npy,11,148,34238.0
classic-2_binary.npy,12,148,34238.0
classic-2_binary.npy,13,148,34238.0
classic-2_binary.npy,14,148,34238.0
classic-2_binary.npy,15,148,34238.0
classic-2_binary.npy,16,148,34238.0
classic-2_binary.npy,17,148,34238.0
classic-2_binary.npy,18,148,34238.0
classic-2_binary.npy,19,148,34238.0
classic-4_binary.npy,0,468,171200.0
classic-4_binary.npy,1,468,171200.0
classic-4_binary.npy,2,410,171780.0
classic-4_binary.npy,3,410,171780.0
classic-4_binary.npy,4,410,171780.0
classic-4_binary.npy,5,410,171780.0
classic-4_binary.npy,6,382,172060.0
classic-4_binary.npy,7,382,172060.0
classic-4_binary.npy,8,382,172060.0
classic-4_binary.npy,9,382,172060.0
classic-4_binary.npy,10,382,172060.0
classic-4_binary.npy,11,382,172060.0
classic-4_binary.npy,12,382,172060.0
classic-4_binary.npy,13,382,172060.0
classic-4_binary.npy,14,377,172110.0
classic-4_binary.npy,15,333,172550.0
classic-4_binary.npy,16,333,172550.0
classic-4_binary.npy,17,333,172550.0
classic-4_binary.npy,18,333,172550.0
classic-4_binary.npy,19,333,172550.0
classic-4_binary.npy,20,333,172550.0
classic-4_binary.npy,21,333,172550.0
classic-4_binary.npy,22,333,172550.0
classic-4_binary.npy,23,329,172590.0
classic-4_binary.npy,24,329,172590.0
classic-4_binary.npy,25,314,172740.0
classic-4_binary.npy,26,314,172740.0
classic-4_binary.npy,27,314,172740.0
classic-4_binary.npy,28,314,172740.0
classic-4_binary.npy,29,314,172740.0
classic-4_binary.npy,30,314,172740.0
classic-4_binary.npy,31,314,172740.0
classic-4_binary.npy,32,314,172740.0
classic-4_binary.npy,33,314,172740.0
classic-5_binary.npy,0,468,171200.0
classic-5_binary.npy,1,468,171200.0
classic-5_binary.npy,2,410,171780.0
classic-5_binary.npy,3,410,171780.0
classic-5_binary.npy,4,410,171780.0
classic-5_binary.npy,5,410,171780.0
classic-5_binary.npy,6,410,171780.0
classic-5_binary.npy,7,410,171780.0
classic-5_binary.npy,8,373,172150.0
classic-5_binary.npy,9,351,172370.0
classic-5_binary.npy,10,351,172370.0
classic-5_binary.npy,11,351,172370.0
classic-5_binary.npy,12,351,172370.0
classic-5_binary.npy,13,351,172370.0
classic-5_binary.npy,14,351,172370.0
classic-5_binary.npy,15,351,172370.0
classic-5_binary.npy,16,351,172370.0
classic-5_binary.npy,17,351,172370.0
confusions_binary.npy,0,1839,95846.0
confusions_binary.npy,1,1370,100536.0
confusions_binary.npy,2,1370,100536.0
confusions_binary.npy,3,1370,100536.0
confusions_binary.npy,4,1370,100536.0
confusions_binary.npy,5,1370,100536.0
confusions_binary.npy,6,1370,100536.0
confusions_binary.npy,7,1370,100536.0
confusions_binary.npy,8,1370,100536.0
confusions_binary.npy,9,1370,100536.0
crown-14_binary.npy,0,151,4761.0
crown-14_binary.npy,1,151,4761.0
crown-14_binary.npy,2,151,4761.0
crown-14_binary.npy,3,150,4771.0
crown-14_binary.npy,4,150,4771.0
crown-14_binary.npy,5,150,4771.0
crown-14_binary.npy,6,141,4861.0
crown-14_binary.npy,7,141,4861.0
crown-14_binary.npy,8,141,4861.0
crown-14_binary.npy,9,141,4861.0
crown-14_binary.npy,10,141,4861.0
crown-14_binary.npy,11,136,4911.0
crown-14_binary.npy,12,136,4911.0
crown-14_binary.npy,13,116,5111.0
crown-14_binary.npy,14,116,5111.0
crown-14_binary.npy,15,116,5111.0
crown-14_binary.npy,16,116,5111.0
crown-14_binary.npy,17,116,5111.0
crown-14_binary.npy,18,116,5111.0
crown-14_binary.npy,19,115,5121.0
crown-14_binary.npy,20,115,5121.0
crown-14_binary.npy,21,115,5121.0
crown-14_binary.npy,22,115,5121.0
crown-14_binary.npy,23,115,5121.0
crown-14_binary.npy,24,115,5121.0
crown-14_binary.npy,25,101,5261.0
crown-14_binary.npy,26,101,5261.0
crown-14_binary.npy,27,88,5391.0
crown-14_binary.npy,28,88,5391.0
crown-14_binary.npy,29,88,5391.0
crown-14_binary.npy,30,88,5391.0
crown-14_binary.npy,31,88,5391.0
crown-14_binary.npy,32,88,5391.0
crown-14_binary.npy,33,88,5391.0
crown-14_binary.npy,34,87,5401.0
crown-14_binary.npy,35,87,5401.0
crown-14_binary.npy,36,87,5401.0
crown-14_binary.npy,37,87,5401.0
crown-14_binary.npy,38,87,5401.0
crown-14_binary.npy,39,85,5421.0
crown-14_binary.npy,40,85,5421.0
crown-14_binary.npy,41,85,5421.0
crown-14_binary.npy,42,85,5421.0
crown-14_binary.npy,43,85,5421.0
crown-14_binary.npy,44,85,5421.0
crown-14_binary.npy,45,85,5421.0
crown-14_binary.npy,46,85,5421.0
crown-14_binary.npy,47,85,5421.0
crown-17_binary.npy,0,231,7264.0
crown-17_binary.npy,1,231,7264.0
crown-17_binary.npy,2,231,7264.0
crown-17_binary.npy,3,231,7264.0
crown-17_binary.npy,4,231,7264.0
crown-17_binary.npy,5,231,7264.0
crown-17_binary.npy,6,231,7264.0
crown-17_binary.npy,7,231,7264.0
crown-17_binary.npy,8,218,7394.0
crown-17_binary.npy,9,218,7394.0
crown-17_binary.npy,10,218,7394.0
crown-17_binary.npy,11,218,7394.0
crown-17_binary.npy,12,168,7894.0
crown-17_binary.npy,13,168,7894.0
crown-17_binary.npy,14,168,7894.0
crown-17_binary.npy,15,168,7894.0
crown-17_binary.npy,16,168,7894.0
crown-17_binary.npy,17,168,7894.0
crown-17_binary.npy,18,168,7894.0
crown-17_binary.npy,19,168,7894.0
crown-17_binary.npy,20,168,7894.0
crown-18_binary.npy,0,410,14449.0
crown-18_binary.npy,1,390,14649.0
crown-18_binary.npy,2,375,14799.0
crown-18_binary.npy,3,375,14799.0
crown-18_binary.npy,4,375,14799.0
crown-18_binary.npy,5,375,14799.0
crown-18_binary.npy,6,375,14799.0
crown-18_binary.npy,7,342,15129.0
crown-18_binary.npy,8,342,15129.0
crown-18_binary.npy,9,331,15239.0
crown-18_binary.npy,10,331,15239.0
crown-18_binary.npy,11,331,15239.0
crown-18_binary.npy,12,331,15239.0
crown-18_binary.npy,13,331,15239.0
crown-18_binary.npy,14,331,15239.0
crown-18_binary.npy,15,317,15379.0
crown-18_binary.npy,16,317,15379.0
crown-18_binary.npy,17,317,15379.0
crown-18_binary.npy,18,297,15579.0
crown-18_binary.npy,19,297,15579.0
crown-18_binary.npy,20,295,15599.0
crown-18_binary.npy,21,292,15629.0
crown-18_binary.npy,22,292,15629.0
crown-18_binary.npy,23,292,15629.0
crown-18_binary.npy,24,292,15629.0
crown-18_binary.npy,25,292,15629.0
crown-18_binary.npy,26,292,15629.0
crown-18_binary.npy,27,292,15629.0
crown-18_binary.npy,28,279,15759.0
crown-18_binary.npy,29,279,15759.0
crown-18_binary.npy,30,279,15759.0
crown-18_binary.npy,31,279,15759.0
crown-18_binary.npy,32,279,15759.0
crown-18_binary.npy,33,279,15759.0
crown-18_binary.npy,34,279,15759.0
crown-18_binary.npy,35,279,15759.0
crown-18_binary.npy,36,279,15759.0
crown-9_binary.npy,0,46,1618.0
crown-9_binary.npy,1,46,1618.0
crown-9_binary.npy,2,46,1618.0
crown-9_binary.npy,3,33,1748.0
crown-9_binary.npy,4,33,1748.0
crown-9_binary.npy,5,33,1748.0
crown-9_binary.npy,6,31,1768.0
crown-9_binary.npy,7,31,1768.0
crown-9_binary.npy,8,31,1768.0
crown-9_binary.npy,9,30,1778.0
crown-9_binary.npy,10,30,1778.0
crown-9_binary.npy,11,29,1788.0
crown-9_binary.npy,12,29,1788.0
crown-9_binary.npy,13,29,1788.0
crown-9_binary.npy,14,29,1788.0
crown-9_binary.npy,15,29,1788.0
crown-9_binary.npy,16,29,1788.0
crown-9_binary.npy,17,29,1788.0
crown-9_binary.npy,18,29,1788.0
crown-9_binary.npy,19,27,1808.0
crown-9_binary.npy,20,27,1808.0
crown-9_binary.npy,21,27,1808.0
crown-9_binary.npy,22,27,1808.0
crown-9_binary.npy,23,27,1808.0
crown-9_binary.npy,24,27,1808.0
crown-9_binary.npy,25,27,1808.0
crown-9_binary.npy,26,27,1808.0
crown-9_binary.npy,27,27,1808.0
cup-20_binary.npy,0,373,60105.0
cup-20_binary.npy,1,373,60105.0
cup-20_binary.npy,2,372,60115.0
cup-20_binary.npy,3,372,60115.0
cup-20_binary.npy,4,372,60115.0
cup-20_binary.npy,5,321,60625.0
cup-20_binary.npy,6,321,60625.0
cup-20_binary.npy,7,321,60625.0
cup-20_binary.npy,8,321,60625.0
cup-20_binary.npy,9,321,60625.0
cup-20_binary.npy,10,321,60625.0
cup-20_binary.npy,11,321,60625.0
cup-20_binary.npy,12,321,60625.0
cup-20_binary.npy,13,288,60955.0
cup-20_binary.npy,14,263,61205.0
cup-20_binary.npy,15,255,61285.0
cup-20_binary.npy,16,255,61285.0
cup-20_binary.npy,17,255,61285.0
cup-20_binary.npy,18,243,61405.0
cup-20_binary.npy,19,243,61405.0
cup-20_binary.npy,20,243,61405.0
cup-20_binary.npy,21,243,61405.0
cup-20_binary.npy,22,243,61405.0
cup-20_binary.npy,23,240,61435.0
cup-20_binary.npy,24,240,61435.0
cup-20_binary.npy,25,240,61435.0
cup-20_binary.npy,26,240,61435.0
cup-20_binary.npy,27,238,61455.0
cup-20_binary.npy,28,225,61585.0
cup-20_binary.npy,29,225,61585.0
cup-20_binary.npy,30,225,61585.0
cup-20_binary.npy,31,225,61585.0
cup-20_binary.npy,32,221,61625.0
cup-20_binary.npy,33,220,61635.0
cup-20_binary.npy,34,220,61635.0
cup-20_binary.npy,35,220,61635.0
cup-20_binary.npy,36,220,61635.0
cup-20_binary.npy,37,219,61645.0
cup-20_binary.npy,38,219,61645.0
cup-20_binary.npy,39,219,61645.0
cup-20_binary.npy,40,215,61685.0
cup-20_binary.npy,41,215,61685.0
cup-20_binary.npy,42,215,61685.0
cup-20_binary.npy,43,215,61685.0
cup-20_binary.npy,44,215,61685.0
cup-20_binary.npy,45,215,61685.0
cup-20_binary.npy,46,214,61695.0
cup-20_binary.npy,47,214,61695.0
cup-20_binary.npy,48,214,61695.0
cup-20_binary.npy,49,214,61695.0
cup-20_binary.npy,50,214,61695.0
cup-20_binary.npy,51,214,61695.0
cup-20_binary.npy,52,214,61695.0
cup-20_binary.npy,53,213,61705.0
cup-20_binary.npy,54,213,61705.0
cup-20_binary.npy,55,213,61705.0
cup-20_binary.npy,56,213,61705.0
cup-20_binary.npy,57,213,61705.0
cup-20_binary.npy,58,213,61705.0
cup-20_binary.npy,59,213,61705.0
cup-20_binary.npy,60,213,61705.0
cup-20_binary.npy,61,213,61705.0
cup-2_binary.npy,0,471,61559.0
cup-2_binary.npy,1,471,61559.0
cup-2_binary.npy,2,471,61559.0
cup-2_binary.npy,3,471,61559.0
cup-2_binary.npy,4,384,62429.0
cup-2_binary.npy,5,384,62429.0
cup-2_binary.npy,6,384,62429.0
cup-2_binary.npy,7,384,62429.0
cup-2_binary.npy,8,384,62429.0
cup-2_binary.npy,9,384,62429.0
cup-2_binary.npy,10,384,62429.0
cup-2_binary.npy,11,344,62829.0
cup-2_binary.npy,12,344,62829.0
cup-2_binary.npy,13,344,62829.0
cup-2_binary.npy,14,344,62829.0
cup-2_binary.npy,15,344,62829.0
cup-2_binary.npy,16,344,62829.0
cup-2_binary.npy,17,344,62829.0
cup-2_binary.npy,18,344,62829.0
cup-2_binary.npy,19,344,62829.0
cup-3_binary.npy,0,330,35376.0
cup-3_binary.npy,1,283,35846.0
cup-3_binary.npy,2,283,35846.0
cup-3_binary.npy,3,283,35846.0
cup-3_binary.npy,4,283,35846.0
cup-3_binary.npy,5,259,36086.0
cup-3_binary.npy,6,259,36086.0
cup-3_binary.npy,7,259,36086.0
cup-3_binary.npy,8,242,36256.0
cup-3_binary.npy,9,242,36256.0
cup-3_binary.npy,10,237,36306.0
cup-3_binary.npy,11,237,36306.0
cup-3_binary.npy,12,237,36306.0
cup-3_binary.npy,13,236,36316.0
cup-3_binary.npy,14,236,36316.0
cup-3_binary.npy,15,236,36316.0
cup-3_binary.npy,16,227,36406.0
cup-3_binary.npy,17,227,36406.0
cup-3_binary.npy,18,227,36406.0
cup-3_binary.npy,19,227,36406.0
cup-3_binary.npy,20,227,36406.0
cup-3_binary.npy,21,211,36566.0
cup-3_binary.npy,22,211,36566.0
cup-3_binary.npy,23,203,36646.0
cup-3_binary.npy,24,203,36646.0
cup-3_binary.npy,25,203,36646.0
cup-3_binary.npy,26,203,36646.0
cup-3_binary.npy,27,203,36646.0
cup-3_binary.npy,28,203,36646.0
cup-3_binary.npy,29,203,36646.0
cup-3_binary.npy,30,202,36656.0
cup-3_binary.npy,31,202,36656.0
cup-3_binary.npy,32,202,36656.0
cup-3_binary.npy,33,202,36656.0
cup-3_binary.npy,34,202,36656.0
cup-3_binary.npy,35,202,36656.0
cup-3_binary.npy,36,202,36656.0
cup-3_binary.npy,37,201,36666.0
cup-3_binary.npy,38,201,36666.0
cup-3_binary.npy,39,195,36726.0
cup-3_binary.npy,40,195,36726.0
cup-3_binary.npy,41,195,36726.0
cup-3_binary.npy,42,195,36726.0
cup-3_binary.npy,43,195,36726.0
cup-3_binary.npy,44,195,36726.0
cup-3_binary.npy,45,195,36726.0
cup-3_binary.npy,46,195,36726.0
cup-3_binary.npy,47,195,36726.0
cup-8_binary.npy,0,398,41103.0
cup-8_binary.npy,1,398,41103.0
cup-8_binary.npy,2,398,41103.0
cup-8_binary.npy,3,366,41423.0
cup-8_binary.npy,4,328,41803.0
cup-8_binary.npy,5,328,41803.0
cup-8_binary.npy,6,328,41803.0
cup-8_binary.npy,7,328,41803.0
cup-8_binary.npy,8,328,41803.0
cup-8_binary.npy,9,328,41803.0
cup-8_binary.npy,10,328,41803.0
cup-8_binary.npy,11,269,42393.0
cup-8_binary.npy,12,269,42393.0
cup-8_binary.npy,13,269,42393.0
cup-8_binary.npy,14,260,42483.0
cup-8_binary.npy,15,260,42483.0
cup-8_binary.npy,16,260,42483.0
cup-8_binary.npy,17,253,42553.0
cup-8_binary.npy,18,233,42753.0
cup-8_binary.npy,19,233,42753.0
cup-8_binary.npy,20,233,42753.0
cup-8_binary.npy,21,233,42753.0
cup-8_binary.npy,22,232,42763.0
cup-8_binary.npy,23,232,42763.0
cup-8_binary.npy,24,232,42763.0
cup-8_binary.npy,25,232,42763.0
cup-8_binary.npy,26,232,42763.0
cup-8_binary.npy,27,232,42763.0
cup-8_binary.npy,28,232,42763.0
cup-8_binary.npy,29,231,42773.0
cup-8_binary.npy,30,231,42773.0
cup-8_binary.npy,31,231,42773.0
cup-8_binary.npy,32,231,42773.0
cup-8_binary.npy,33,231,42773.0
cup-8_binary.npy,34,231,42773.0
cup-8_binary.npy,35,224,42843.0
cup-8_binary.npy,36,224,42843.0
cup-8_binary.npy,37,224,42843.0
cup-8_binary.npy,38,224,42843.0
cup-8_binary.npy,39,224,42843.0
cup-8_binary.npy,40,224,42843.0
cup-8_binary.npy,41,224,42843.0
cup-8_binary.npy,42,224,42843.0
cup-8_binary.npy,43,224,42843.0
deer-14_binary.npy,0,512,20791.0
deer-14_binary.npy,1,512,20791.0
deer-14_binary.npy,2,429,21621.0
deer-14_binary.npy,3,429,21621.0
deer-14_binary.npy,4,429,21621.0
deer-14_binary.npy,5,429,21621.0
deer-14_binary.npy,6,404,21871.0
deer-14_binary.npy,7,404,21871.0
deer-14_binary.npy,8,404,21871.0
deer-14_binary.npy,9,404,21871.0
deer-14_binary.npy,10,399,21921.0
deer-14_binary.npy,11,399,21921.0
deer-14_binary.npy,12,396,21951.0
deer-14_binary.npy,13,396,21951.0
deer-14_binary.npy,14,396,21951.0
deer-14_binary.npy,15,396,21951.0
deer-14_binary.npy,16,396,21951.0
deer-14_binary.npy,17,396,21951.0
deer-14_binary.npy,18,396,21951.0
deer-14_binary.npy,19,396,21951.0
deer-14_binary.npy,20,392,21991.0
deer-14_binary.npy,21,392,21991.0
deer-14_binary.npy,22,392,21991.0
deer-14_binary.npy,23,392,21991.0
deer-14_binary.npy,24,391,22001.0
deer-14_binary.npy,25,391,22001.0
deer-14_binary.npy,26,391,22001.0
deer-14_binary.npy,27,382,22091.0
deer-14_binary.npy,28,382,22091.0
deer-14_binary.npy,29,382,22091.0
deer-14_binary.npy,30,382,22091.0
deer-14_binary.npy,31,382,22091.0
deer-14_binary.npy,32,380,22111.0
deer-14_binary.npy,33,380,22111.0
deer-14_binary.npy,34,380,22111.0
deer-14_binary.npy,35,380,22111.0
deer-14_binary.npy,36,380,22111.0
deer-14_binary.npy,37,380,22111.0
deer-14_binary.npy,38,380,22111.0
deer-14_binary.npy,39,379,22121.0
deer-14_binary.npy,40,379,22121.0
deer-14_binary.npy,41,379,22121.0
deer-14_binary.npy,42,379,22121.0
deer-14_binary.npy,43,377,22141.0
deer-14_binary.npy,44,377,22141.0
deer-14_binary.npy,45,374,22171.0
deer-14_binary.npy,46,374,22171.0
deer-14_binary.npy,47,374,22171.0
deer-14_binary.npy,48,374,22171.0
deer-14_binary.npy,49,374,22171.0
deer-14_binary.npy,50,374,22171.0
deer-14_binary.npy,51,374,22171.0
deer-14_binary.npy,52,374,22171.0
deer-14_binary.npy,53,374,22171.0
deer-17_binary.npy,0,1283,87965.0
deer-17_binary.npy,1,1273,88065.0
deer-17_binary.npy,2,1273,88065.0
deer-17_binary.npy,3,1273,88065.0
deer-17_binary.npy,4,1130,89495.0
deer-17_binary.npy,5,1130,89495.0
deer-17_binary.npy,6,1130,89495.0
deer-17_binary.npy,7,1130,89495.0
deer-17_binary.npy,8,1130,89495.0
deer-17_binary.npy,9,1130,89495.0
deer-17_binary.npy,10,1130,89495.0
deer-17_binary.npy,11,1068,90115.0
deer-17_binary.npy,12,1065,90145.0
deer-17_binary.npy,13,1064,90155.0
deer-17_binary.npy,14,1059,90205.0
deer-17_binary.npy,15,1059,90205.0
deer-17_binary.npy,16,1059,90205.0
deer-17_binary.npy,17,1059,90205.0
deer-17_binary.npy,18,1059,90205.0
deer-17_binary.npy,19,1059,90205.0
deer-17_binary.npy,20,1059,90205.0
deer-17_binary.npy,21,1016,90635.0
deer-17_binary.npy,22,1016,90635.0
deer-17_binary.npy,23,1016,90635.0
deer-17_binary.npy,24,1016,90635.0
deer-17_binary.npy,25,991,90885.0
deer-17_binary.npy,26,991,90885.0
deer-17_binary.npy,27,991,90885.0
deer-17_binary.npy,28,991,90885.0
deer-17_binary.npy,29,991,90885.0
deer-17_binary.npy,30,991,90885.0
deer-17_binary.npy,31,991,90885.0
deer-17_binary.npy,32,991,90885.0
deer-17_binary.npy,33,991,90885.0
deer-5_binary.npy,0,1579,138661.0
deer-5_binary.npy,1,1579,138661.0
deer-5_binary.npy,2,1575,138701.0
deer-5_binary.npy,3,1572,138731.0
deer-5_binary.npy,4,1572,138731.0
deer-5_binary.npy,5,1572,138731.0
deer-5_binary.npy,6,1558,138871.0
deer-5_binary.npy,7,1513,139321.0
deer-5_binary.npy,8,1375,140701.0
deer-5_binary.npy,9,1375,140701.0
deer-5_binary.npy,10,1375,140701.0
deer-5_binary.npy,11,1375,140701.0
deer-5_binary.npy,12,1375,140701.0
deer-5_binary.npy,13,1375,140701.0
deer-5_binary.npy,14,1327,141181.0
deer-5_binary.npy,15,1327,141181.0
deer-5_binary.npy,16,1327,141181.0
deer-5_binary.npy,17,1327,141181.0
deer-5_binary.npy,18,1327,141181.0
deer-5_binary.npy,19,1327,141181.0
deer-5_binary.npy,20,1327,141181.0
deer-5_binary.npy,21,1327,141181.0
deer-5_binary.npy,22,1327,141181.0
deer-6_binary.npy,0,1291,83963.0
deer-6_binary.npy,1,1291,83963.0
deer-6_binary.npy,2,1291,83963.0
deer-6_binary.npy,3,1291,83963.0
deer-6_binary.npy,4,1227,84603.0
deer-6_binary.npy,5,1227,84603.0
deer-6_binary.npy,6,1227,84603.0
deer-6_binary.npy,7,1227,84603.0
deer-6_binary.npy,8,1199,84883.0
deer-6_binary.npy,9,1197,84903.0
deer-6_binary.npy,10,1197,84903.0
deer-6_binary.npy,11,1194,84933.0
deer-6_binary.npy,12,1194,84933.0
deer-6_binary.npy,13,1185,85023.0
deer-6_binary.npy,14,1184,85033.0
deer-6_binary.npy,15,1172,85153.0
deer-6_binary.npy,16,1172,85153.0
deer-6_binary.npy,17,1172,85153.0
deer-6_binary.npy,18,1172,85153.0
deer-6_binary.npy,19,1172,85153.0
deer-6_binary.npy,20,1155,85323.0
deer-6_binary.npy,21,1155,85323.0
deer-6_binary.npy,22,1080,86073.0
deer-6_binary.npy,23,1080,86073.0
deer-6_binary.npy,24,1080,86073.0
deer-6_binary.npy,25,1080,86073.0
deer-6_binary.npy,26,1012,86753.0
deer-6_binary.npy,27,1012,86753.0
deer-6_binary.npy,28,1012,86753.0
deer-6_binary.npy,29,1012,86753.0
deer-6_binary.npy,30,1012,86753.0
deer-6_binary.npy,31,986,87013.0
deer-6_binary.npy,32,986,87013.0
deer-6_binary.npy,33,986,87013.0
deer-6_binary.npy,34,986,87013.0
deer-6_binary.npy,35,984,87033.0
deer-6_binary.npy,36,984,87033.0
deer-6_binary.npy,37,984,87033.0
deer-6_binary.npy,38,983,87043.0
deer-6_binary.npy,39,983,87043.0
deer-6_binary.npy,40,983,87043.0
deer-6_binary.npy,41,983,87043.0
deer-6_binary.npy,42,982,87053.0
deer-6_binary.npy,43,982,87053.0
deer-6_binary.npy,44,982,87053.0
deer-6_binary.npy,45,982,87053.0
deer-6_binary.npy,46,982,87053.0
deer-6_binary.npy,47,980,87073.0
deer-6_binary.npy,48,980,87073.0
deer-6_binary.npy,49,953,87343.0
deer-6_binary.npy,50,953,87343.0
deer-6_binary.npy,51,953,87343.0
deer-6_binary.npy,52,953,87343.0
deer-6_binary.npy,53,918,87693.0
deer-6_binary.npy,54,918,87693.0
deer-6_binary.npy,55,918,87693.0
deer-6_binary.npy,56,918,87693.0
deer-6_binary.npy,57,918,87693.0
deer-6_binary.npy,58,862,88253.0
deer-6_binary.npy,59,862,88253.0
deer-6_binary.npy,60,862,88253.0
deer-6_binary.npy,61,862,88253.0
deer-6_binary.npy,62,838,88493.0
deer-6_binary.npy,63,838,88493.0
deer-6_binary.npy,64,834,88533.0
deer-6_binary.npy,65,833,88543.0
deer-6_binary.npy,66,833,88543.0
deer-6_binary.npy,67,833,88543.0
deer-6_binary.npy,68,833,88543.0
deer-6_binary.npy,69,833,88543.0
deer-6_binary.npy,70,833,88543.0
deer-6_binary.npy,71,833,88543.0
deer-6_binary.npy,72,827,88603.0
deer-6_binary.npy,73,827,88603.0
deer-6_binary.npy,74,827,88603.0
deer-6_binary.npy,75,827,88603.0
deer-6_binary.npy,76,827,88603.0
deer-6_binary.npy,77,827,88603.0
deer-6_binary.npy,78,827,88603.0
deer-6_binary.npy,79,822,88653.0
deer-6_binary.npy,80,822,88653.0
deer-6_binary.npy,81,822,88653.0
deer-6_binary.npy,82,822,88653.0
deer-6_binary.npy,83,822,88653.0
deer-6_binary.npy,84,821,88663.0
deer-6_binary.npy,85,821,88663.0
deer-6_binary.npy,86,820,88673.0
deer-6_binary.npy,87,820,88673.0
deer-6_binary.npy,88,820,88673.0
deer-6_binary.npy,89,820,88673.0
deer-6_binary.npy,90,817,88703.0
deer-6_binary.npy,91,817,88703.0
deer-6_binary.npy,92,816,88713.0
deer-6_binary.npy,93,816,88713.0
deer-6_binary.npy,94,815,88723.0
deer-6_binary.npy,95,815,88723.0
deer-6_binary.npy,96,815,88723.0
deer-6_binary.npy,97,815,88723.0
deer-6_binary.npy,98,815,88723.0
deer-6_binary.npy,99,815,88723.0
device0-11_binary.npy,0,588,43722.0
device0-11_binary.npy,1,588,43722.0
device0-11_binary.npy,2,572,43882.0
device0-11_binary.npy,3,572,43882.0
device0-11_binary.npy,4,572,43882.0
device0-11_binary.npy,5,572,43882.0
device0-11_binary.npy,6,572,43882.0
device0-11_binary.npy,7,572,43882.0
device0-11_binary.npy,8,563,43972.0
device0-11_binary.npy,9,563,43972.0
device0-11_binary.npy,10,563,43972.0
device0-11_binary.npy,11,563,43972.0
device0-11_binary.npy,12,475,44852.0
device0-11_binary.npy,13,475,44852.0
device0-11_binary.npy,14,475,44852.0
device0-11_binary.npy,15,475,44852.0
device0-11_binary.npy,16,454,45062.0
device0-11_binary.npy,17,454,45062.0
device0-11_binary.npy,18,451,45092.0
device0-11_binary.npy,19,442,45182.0
device0-11_binary.npy,20,442,45182.0
device0-11_binary.npy,21,442,45182.0
device0-11_binary.npy,22,442,45182.0
device0-11_binary.npy,23,442,45182.0
device0-11_binary.npy,24,442,45182.0
device0-11_binary.npy,25,442,45182.0
device0-11_binary.npy,26,432,45282.0
device0-11_binary.npy,27,427,45332.0
device0-11_binary.npy,28,427,45332.0
device0-11_binary.npy,29,427,45332.0
device0-11_binary.npy,30,427,45332.0
device0-11_binary.npy,31,427,45332.0
device0-11_binary.npy,32,427,45332.0
device0-11_binary.npy,33,427,45332.0
device0-11_binary.npy,34,427,45332.0
device0-11_binary.npy,35,427,45332.0
device0-12_binary.npy,0,610,44830.0
device0-12_binary.npy,1,602,44910.0
device0-12_binary.npy,2,597,44960.0
device0-12_binary.npy,3,569,45240.0
device0-12_binary.npy,4,569,45240.0
device0-12_binary.npy,5,569,45240.0
device0-12_binary.npy,6,569,45240.0
device0-12_binary.npy,7,546,45470.0
device0-12_binary.npy,8,546,45470.0
device0-12_binary.npy,9,506,45870.0
device0-12_binary.npy,10,506,45870.0
device0-12_binary.npy,11,506,45870.0
device0-12_binary.npy,12,506,45870.0
device0-12_binary.npy,13,506,45870.0
device0-12_binary.npy,14,506,45870.0
device0-12_binary.npy,15,506,45870.0
device0-12_binary.npy,16,506,45870.0
device0-12_binary.npy,17,470,46230.0
device0-12_binary.npy,18,470,46230.0
device0-12_binary.npy,19,470,46230.0
device0-12_binary.npy,20,470,46230.0
device0-12_binary.npy,21,470,46230.0
device0-12_binary.npy,22,463,46300.0
device0-12_binary.npy,23,463,46300.0
device0-12_binary.npy,24,463,46300.0
device0-12_binary.npy,25,460,46330.0
device0-12_binary.npy,26,460,46330.0
device0-12_binary.npy,27,460,46330.0
device0-12_binary.npy,28,458,46350.0
device0-12_binary.npy,29,458,46350.0
device0-12_binary.npy,30,458,46350.0
device0-12_binary.npy,31,458,46350.0
device0-12_binary.npy,32,456,46370.0
device0-12_binary.npy,33,456,46370.0
device0-12_binary.npy,34,456,46370.0
device0-12_binary.npy,35,456,46370.0
device0-12_binary.npy,36,445,46480.0
device0-12_binary.npy,37,445,46480.0
device0-12_binary.npy,38,445,46480.0
device0-12_binary.npy,39,445,46480.0
device0-12_binary.npy,40,445,46480.0
device0-12_binary.npy,41,445,46480.0
device0-12_binary.npy,42,445,46480.0
device0-12_binary.npy,43,443,46500.0
device0-12_binary.npy,44,443,46500.0
device0-12_binary.npy,45,443,46500.0
device0-12_binary.npy,46,443,46500.0
device0-12_binary.npy,47,443,46500.0
device0-12_binary.npy,48,443,46500.0
device0-12_binary.npy,49,443,46500.0
device0-12_binary.npy,50,443,46500.0
device0-12_binary.npy,51,443,46500.0
device0-13_binary.npy,0,730,44515.0
device0-13_binary.npy,1,662,45195.0
device0-13_binary.npy,2,662,45195.0
device0-13_binary.npy,3,662,45195.0
device0-13_binary.npy,4,598,45835.0
device0-13_binary.npy,5,598,45835.0
device0-13_binary.npy,6,598,45835.0
device0-13_binary.npy,7,598,45835.0
device0-13_binary.npy,8,586,45955.0
device0-13_binary.npy,9,586,45955.0
device0-13_binary.npy,10,584,45975.0
device0-13_binary.npy,11,584,45975.0
device0-13_binary.npy,12,584,45975.0
device0-13_binary.npy,13,584,45975.0
device0-13_binary.npy,14,577,46045.0
device0-13_binary.npy,15,577,46045.0
device0-13_binary.npy,16,553,46285.0
device0-13_binary.npy,17,553,46285.0
device0-13_binary.npy,18,553,46285.0
device0-13_binary.npy,19,552,46295.0
device0-13_binary.npy,20,531,46505.0
device0-13_binary.npy,21,531,46505.0
device0-13_binary.npy,22,531,46505.0
device0-13_binary.npy,23,520,46615.0
device0-13_binary.npy,24,520,46615.0
device0-13_binary.npy,25,518,46635.0
device0-13_binary.npy,26,518,46635.0
device0-13_binary.npy,27,518,46635.0
device0-13_binary.npy,28,511,46705.0
device0-13_binary.npy,29,511,46705.0
device0-13_binary.npy,30,511,46705.0
device0-13_binary.npy,31,511,46705.0
device0-13_binary.npy,32,508,46735.0
device0-13_binary.npy,33,508,46735.0
device0-13_binary.npy,34,508,46735.0
device0-13_binary.npy,35,508,46735.0
device0-13_binary.npy,36,508,46735.0
device0-13_binary.npy,37,508,46735.0
device0-13_binary.npy,38,508,46735.0
device0-13_binary.npy,39,508,46735.0
device0-13_binary.npy,40,508,46735.0
device0-14_binary.npy,0,547,53563.0
device0-14_binary.npy,1,547,53563.0
device0-14_binary.npy,2,547,53563.0
device0-14_binary.npy,3,503,54003.0
device0-14_binary.npy,4,503,54003.0
device0-14_binary.npy,5,503,54003.0
device0-14_binary.npy,6,474,54293.0
device0-14_binary.npy,7,474,54293.0
device0-14_binary.npy,8,474,54293.0
device0-14_binary.npy,9,474,54293.0
device0-14_binary.npy,10,474,54293.0
device0-14_binary.npy,11,474,54293.0
device0-14_binary.npy,12,474,54293.0
device0-14_binary.npy,13,474,54293.0
device0-14_binary.npy,14,428,54753.0
device0-14_binary.npy,15,428,54753.0
device0-14_binary.npy,16,428,54753.0
device0-14_binary.npy,17,428,54753.0
device0-14_binary.npy,18,428,54753.0
device0-14_binary.npy,19,428,54753.0
device0-14_binary.npy,20,428,54753.0
device0-14_binary.npy,21,428,54753.0
device0-14_binary.npy,22,428,54753.0
device1-12_binary.npy,0,447,48811.0
device1-12_binary.npy,1,447,48811.0
device1-12_binary.npy,2,447,48811.0
device1-12_binary.npy,3,447,48811.0
device1-12_binary.npy,4,447,48811.0
device1-12_binary.npy,5,393,49351.0
device1-12_binary.npy,6,393,49351.0
device1-12_binary.npy,7,393,49351.0
device1-12_binary.npy,8,393,49351.0
device1-12_binary.npy,9,393,49351.0
device1-12_binary.npy,10,393,49351.0
device1-12_binary.npy,11,393,49351.0
device1-12_binary.npy,12,393,49351.0
device1-12_binary.npy,13,393,49351.0
device1-15_binary.npy,0,505,95074.0
device1-15_binary.npy,1,505,95074.0
device1-15_binary.npy,2,505,95074.0
device1-15_binary.npy,3,505,95074.0
device1-15_binary.npy,4,505,95074.0
device1-15_binary.npy,5,505,95074.0
device1-15_binary.npy,6,505,95074.0
device1-15_binary.npy,7,505,95074.0
device1-15_binary.npy,8,463,95494.0
device1-15_binary.npy,9,458,95544.0
device1-15_binary.npy,10,458,95544.0
device1-15_binary.npy,11,458,95544.0
device1-15_binary.npy,12,442,95704.0
device1-15_binary.npy,13,442,95704.0
device1-15_binary.npy,14,440,95724.0
device1-15_binary.npy,15,440,95724.0
device1-15_binary.npy,16,440,95724.0
device1-15_binary.npy,17,440,95724.0
device1-15_binary.npy,18,437,95754.0
device1-15_binary.npy,19,428,95844.0
device1-15_binary.npy,20,428,95844.0
device1-15_binary.npy,21,428,95844.0
device1-15_binary.npy,22,428,95844.0
device1-15_binary.npy,23,428,95844.0
device1-15_binary.npy,24,424,95884.0
device1-15_binary.npy,25,424,95884.0
device1-15_binary.npy,26,424,95884.0
device1-15_binary.npy,27,424,95884.0
device1-15_binary.npy,28,424,95884.0
device1-15_binary.npy,29,424,95884.0
device1-15_binary.npy,30,424,95884.0
device1-15_binary.npy,31,424,95884.0
device1-15_binary.npy,32,424,95884.0
device1-2_binary.npy,0,474,99820.0
device1-2_binary.npy,1,472,99840.0
device1-2_binary.npy,2,467,99890.0
device1-2_binary.npy,3,406,100500.0
device1-2_binary.npy,4,406,100500.0
device1-2_binary.npy,5,406,100500.0
device1-2_binary.npy,6,335,101210.0
device1-2_binary.npy,7,335,101210.0
device1-2_binary.npy,8,330,101260.0
device1-2_binary.npy,9,330,101260.0
device1-2_binary.npy,10,330,101260.0
device1-2_binary.npy,11,288,101680.0
device1-2_binary.npy,12,288,101680.0
device1-2_binary.npy,13,288,101680.0
device1-2_binary.npy,14,277,101790.0
device1-2_binary.npy,15,277,101790.0
device1-2_binary.npy,16,277,101790.0
device1-2_binary.npy,17,277,101790.0
device1-2_binary.npy,18,277,101790.0
device1-2_binary.npy,19,277,101790.0
device1-2_binary.npy,20,277,101790.0
device1-2_binary.npy,21,277,101790.0
device1-2_binary.npy,22,253,102030.0
device1-2_binary.npy,23,253,102030.0
device1-2_binary.npy,24,253,102030.0
device1-2_binary.npy,25,253,102030.0
device1-2_binary.npy,26,252,102040.0
device1-2_binary.npy,27,247,102090.0
device1-2_binary.npy,28,242,102140.0
device1-2_binary.npy,29,242,102140.0
device1-2_binary.npy,30,242,102140.0
device1-2_binary.npy,31,242,102140.0
device1-2_binary.npy,32,242,102140.0
device1-2_binary.npy,33,242,102140.0
device1-2_binary.npy,34,242,102140.0
device1-2_binary.npy,35,242,102140.0
device1-2_binary.npy,36,239,102170.0
device1-2_binary.npy,37,239,102170.0
device1-2_binary.npy,38,239,102170.0
device1-2_binary.npy,39,239,102170.0
device1-2_binary.npy,40,237,102190.0
device1-2_binary.npy,41,237,102190.0
device1-2_binary.npy,42,237,102190.0
device1-2_binary.npy,43,233,102230.0
device1-2_binary.npy,44,233,102230.0
device1-2_binary.npy,45,233,102230.0
device1-2_binary.npy,46,233,102230.0
device1-2_binary.npy,47,233,102230.0
device1-2_binary.npy,48,233,102230.0
device1-2_binary.npy,49,233,102230.0
device1-2_binary.npy,50,233,102230.0
device1-2_binary.npy,51,233,102230.0
device1-3_binary.npy,0,506,113311.0
device1-3_binary.npy,1,506,113311.0
device1-3_binary.npy,2,428,114091.0
device1-3_binary.npy,3,428,114091.0
device1-3_binary.npy,4,428,114091.0
device1-3_binary.npy,5,428,114091.0
device1-3_binary.npy,6,390,114471.0
device1-3_binary.npy,7,390,114471.0
device1-3_binary.npy,8,390,114471.0
device1-3_binary.npy,9,390,114471.0
device1-3_binary.npy,10,390,114471.0
device1-3_binary.npy,11,390,114471.0
device1-3_binary.npy,12,390,114471.0
device1-3_binary.npy,13,390,114471.0
device1-3_binary.npy,14,381,114561.0
device1-3_binary.npy,15,381,114561.0
device1-3_binary.npy,16,380,114571.0
device1-3_binary.npy,17,380,114571.0
device1-3_binary.npy,18,378,114591.0
device1-3_binary.npy,19,370,114671.0
device1-3_binary.npy,20,370,114671.0
device1-3_binary.npy,21,370,114671.0
device1-3_binary.npy,22,370,114671.0
device1-3_binary.npy,23,370,114671.0
device1-3_binary.npy,24,370,114671.0
device1-3_binary.npy,25,370,114671.0
device1-3_binary.npy,26,369,114681.0
device1-3_binary.npy,27,364,114731.0
device1-3_binary.npy,28,364,114731.0
device1-3_binary.npy,29,364,114731.0
device1-3_binary.npy,30,364,114731.0
device1-3_binary.npy,31,363,114741.0
device1-3_binary.npy,32,363,114741.0
device1-3_binary.npy,33,358,114791.0
device1-3_binary.npy,34,357,114801.0
device1-3_binary.npy,35,357,114801.0
device1-3_binary.npy,36,357,114801.0
device1-3_binary.npy,37,357,114801.0
device1-3_binary.npy,38,357,114801.0
device1-3_binary.npy,39,357,114801.0
device1-3_binary.npy,40,357,114801.0
device1-3_binary.npy,41,356,114811.0
device1-3_binary.npy,42,356,114811.0
device1-3_binary.npy,43,356,114811.0
device1-3_binary.npy,44,356,114811.0
device1-3_binary.npy,45,354,114831.0
device1-3_binary.npy,46,354,114831.0
device1-3_binary.npy,47,354,114831.0
device1-3_binary.npy,48,354,114831.0
device1-3_binary.npy,49,353,114841.0
device1-3_binary.npy,50,353,114841.0
device1-3_binary.npy,51,352,114851.0
device1-3_binary.npy,52,352,114851.0
device1-3_binary.npy,53,351,114861.0
device1-3_binary.npy,54,351,114861.0
device1-3_binary.npy,55,351,114861.0
device1-3_binary.npy,56,351,114861.0
device1-3_binary.npy,57,351,114861.0
device1-3_binary.npy,58,351,114861.0
device1-3_binary.npy,59,351,114861.0
device1-3_binary.npy,60,351,114861.0
device1-3_binary.npy,61,351,114861.0
device2-18_binary.npy,0,815,88439.0
device2-18_binary.npy,1,815,88439.0
device2-18_binary.npy,2,815,88439.0
device2-18_binary.npy,3,815,88439.0
device2-18_binary.npy,4,708,89509.0
device2-18_binary.npy,5,708,89509.0
device2-18_binary.npy,6,708,89509.0
device2-18_binary.npy,7,708,89509.0
device2-18_binary.npy,8,708,89509.0
device2-18_binary.npy,9,708,89509.0
device2-18_binary.npy,10,696,89629.0
device2-18_binary.npy,11,662,89969.0
device2-18_binary.npy,12,662,89969.0
device2-18_binary.npy,13,662,89969.0
device2-18_binary.npy,14,662,89969.0
device2-18_binary.npy,15,662,89969.0
device2-18_binary.npy,16,662,89969.0
device2-18_binary.npy,17,662,89969.0
device2-18_binary.npy,18,662,89969.0
device2-18_binary.npy,19,615,90439.0
device2-18_binary.npy,20,615,90439.0
device2-18_binary.npy,21,615,90439.0
device2-18_binary.npy,22,615,90439.0
device2-18_binary.npy,23,605,90539.0
device2-18_binary.npy,24,605,90539.0
device2-18_binary.npy,25,605,90539.0
device2-18_binary.npy,26,582,90769.0
device2-18_binary.npy,27,582,90769.0
device2-18_binary.npy,28,582,90769.0
device2-18_binary.npy,29,582,90769.0
device2-18_binary.npy,30,582,90769.0
device2-18_binary.npy,31,582,90769.0
device2-18_binary.npy,32,582,90769.0
device2-18_binary.npy,33,582,90769.0
device2-18_binary.npy,34,563,90959.0
device2-18_binary.npy,35,563,90959.0
device2-18_binary.npy,36,563,90959.0
device2-18_binary.npy,37,563,90959.0
device2-18_binary.npy,38,563,90959.0
device2-18_binary.npy,39,563,90959.0
device2-18_binary.npy,40,560,90989.0
device2-18_binary.npy,41,560,90989.0
device2-18_binary.npy,42,560,90989.0
device2-18_binary.npy,43,560,90989.0
device2-18_binary.npy,44,560,90989.0
device2-18_binary.npy,45,560,90989.0
device2-18_binary.npy,46,560,90989.0
device2-18_binary.npy,47,559,90999.0
device2-18_binary.npy,48,559,90999.0
device2-18_binary.npy,49,552,91069.0
device2-18_binary.npy,50,552,91069.0
device2-18_binary.npy,51,552,91069.0
device2-18_binary.npy,52,552,91069.0
device2-18_binary.npy,53,552,91069.0
device2-18_binary.npy,54,552,91069.0
device2-18_binary.npy,55,552,91069.0
device2-18_binary.npy,56,552,91069.0
device2-18_binary.npy,57,544,91149.0
device2-18_binary.npy,58,544,91149.0
device2-18_binary.npy,59,544,91149.0
device2-18_binary.npy,60,544,91149.0
device2-18_binary.npy,61,544,91149.0
device2-18_binary.npy,62,543,91159.0
device2-18_binary.npy,63,543,91159.0
device2-18_binary.npy,64,543,91159.0
device2-18_binary.npy,65,543,91159.0
device2-18_binary.npy,66,543,91159.0
device2-18_binary.npy,67,543,91159.0
device2-18_binary.npy,68,541,91179.0
device2-18_binary.npy,69,541,91179.0
device2-18_binary.npy,70,541,91179.0
device2-18_binary.npy,71,541,91179.0
device2-18_binary.npy,72,541,91179.0
device2-18_binary.npy,73,541,91179.0
device2-18_binary.npy,74,541,91179.0
device2-18_binary.npy,75,541,91179.0
device2-18_binary.npy,76,541,91179.0
device2-2_binary.npy,0,452,53039.0
device2-2_binary.npy,1,452,53039.0
device2-2_binary.npy,2,452,53039.0
device2-2_binary.npy,3,446,53099.0
device2-2_binary.npy,4,399,53569.0
device2-2_binary.npy,5,399,53569.0
device2-2_binary.npy,6,399,53569.0
device2-2_binary.npy,7,383,53729.0
device2-2_binary.npy,8,383,53729.0
device2-2_binary.npy,9,383,53729.0
device2-2_binary.npy,10,383,53729.0
device2-2_binary.npy,11,366,53899.0
device2-2_binary.npy,12,366,53899.0
device2-2_binary.npy,13,366,53899.0
device2-2_binary.npy,14,366,53899.0
device2-2_binary.npy,15,366,53899.0
device2-2_binary.npy,16,366,53899.0
device2-2_binary.npy,17,366,53899.0
device2-2_binary.npy,18,366,53899.0
device2-2_binary.npy,19,360,53959.0
device2-2_binary.npy,20,360,53959.0
device2-2_binary.npy,21,360,53959.0
device2-2_binary.npy,22,359,53969.0
device2-2_binary.npy,23,358,53979.0
device2-2_binary.npy,24,358,53979.0
device2-2_binary.npy,25,358,53979.0
device2-2_binary.npy,26,358,53979.0
device2-2_binary.npy,27,358,53979.0
device2-2_binary.npy,28,358,53979.0
device2-2_binary.npy,29,358,53979.0
device2-2_binary.npy,30,357,53989.0
device2-2_binary.npy,31,357,53989.0
device2-2_binary.npy,32,357,53989.0
device2-2_binary.npy,33,357,53989.0
device2-2_binary.npy,34,357,53989.0
device2-2_binary.npy,35,357,53989.0
device2-2_binary.npy,36,357,53989.0
device2-2_binary.npy,37,356,53999.0
device2-2_binary.npy,38,356,53999.0
device2-2_binary.npy,39,356,53999.0
device2-2_binary.npy,40,356,53999.0
device2-2_binary.npy,41,356,53999.0
device2-2_binary.npy,42,356,53999.0
device2-2_binary.npy,43,356,53999.0
device2-2_binary.npy,44,356,53999.0
device2-2_binary.npy,45,356,53999.0
device2-4_binary.npy,0,781,37710.0
device2-4_binary.npy,1,781,37710.0
device2-4_binary.npy,2,781,37710.0
device2-4_binary.npy,3,772,37800.0
device2-4_binary.npy,4,683,38690.0
device2-4_binary.npy,5,683,38690.0
device2-4_binary.npy,6,683,38690.0
device2-4_binary.npy,7,683,38690.0
device2-4_binary.npy,8,683,38690.0
device2-4_binary.npy,9,651,39010.0
device2-4_binary.npy,10,651,39010.0
device2-4_binary.npy,11,651,39010.0
device2-4_binary.npy,12,651,39010.0
device2-4_binary.npy,13,651,39010.0
device2-4_binary.npy,14,651,39010.0
device2-4_binary.npy,15,651,39010.0
device2-4_binary.npy,16,651,39010.0
device2-4_binary.npy,17,649,39030.0
device2-4_binary.npy,18,648,39040.0
device2-4_binary.npy,19,647,39050.0
device2-4_binary.npy,20,647,39050.0
device2-4_binary.npy,21,646,39060.0
device2-4_binary.npy,22,646,39060.0
device2-4_binary.npy,23,642,39100.0
device2-4_binary.npy,24,642,39100.0
device2-4_binary.npy,25,642,39100.0
device2-4_binary.npy,26,642,39100.0
device2-4_binary.npy,27,642,39100.0
device2-4_binary.npy,28,641,39110.0
device2-4_binary.npy,29,641,39110.0
device2-4_binary.npy,30,641,39110.0
device2-4_binary.npy,31,641,39110.0
device2-4_binary.npy,32,641,39110.0
device2-4_binary.npy,33,635,39170.0
device2-4_binary.npy,34,635,39170.0
device2-4_binary.npy,35,611,39410.0
device2-4_binary.npy,36,611,39410.0
device2-4_binary.npy,37,611,39410.0
device2-4_binary.npy,38,611,39410.0
device2-4_binary.npy,39,611,39410.0
device2-4_binary.npy,40,611,39410.0
device2-4_binary.npy,41,611,39410.0
device2-4_binary.npy,42,603,39490.0
device2-4_binary.npy,43,581,39710.0
device2-4_binary.npy,44,581,39710.0
device2-4_binary.npy,45,581,39710.0
device2-4_binary.npy,46,581,39710.0
device2-4_binary.npy,47,581,39710.0
device2-4_binary.npy,48,581,39710.0
device2-4_binary.npy,49,581,39710.0
device2-4_binary.npy,50,581,39710.0
device2-4_binary.npy,51,571,39810.0
device2-4_binary.npy,52,571,39810.0
device2-4_binary.npy,53,571,39810.0
device2-4_binary.npy,54,566,39860.0
device2-4_binary.npy,55,564,39880.0
device2-4_binary.npy,56,564,39880.0
device2-4_binary.npy,57,564,39880.0
device2-4_binary.npy,58,564,39880.0
device2-4_binary.npy,59,564,39880.0
device2-4_binary.npy,60,564,39880.0
device2-4_binary.npy,61,561,39910.0
device2-4_binary.npy,62,561,39910.0
device2-4_binary.npy,63,561,39910.0
device2-4_binary.npy,64,561,39910.0
device2-4_binary.npy,65,561,39910.0
device2-4_binary.npy,66,557,39950.0
device2-4_binary.npy,67,557,39950.0
device2-4_binary.npy,68,557,39950.0
device2-4_binary.npy,69,556,39960.0
device2-4_binary.npy,70,554,39980.0
device2-4_binary.npy,71,554,39980.0
device2-4_binary.npy,72,554,39980.0
device2-4_binary.npy,73,554,39980.0
device2-4_binary.npy,74,554,39980.0
device2-4_binary.npy,75,554,39980.0
device2-4_binary.npy,76,554,39980.0
device2-4_binary.npy,77,554,39980.0
device2-4_binary.npy,78,554,39980.0
device2-6_binary.npy,0,880,66020.0
device2-6_binary.npy,1,781,67010.0
device2-6_binary.npy,2,781,67010.0
device2-6_binary.npy,3,781,67010.0
device2-6_binary.npy,4,781,67010.0
device2-6_binary.npy,5,781,67010.0
device2-6_binary.npy,6,781,67010.0
device2-6_binary.npy,7,781,67010.0
device2-6_binary.npy,8,764,67180.0
device2-6_binary.npy,9,764,67180.0
device2-6_binary.npy,10,719,67630.0
device2-6_binary.npy,11,719,67630.0
device2-6_binary.npy,12,719,67630.0
device2-6_binary.npy,13,719,67630.0
device2-6_binary.npy,14,719,67630.0
device2-6_binary.npy,15,719,67630.0
device2-6_binary.npy,16,692,67900.0
device2-6_binary.npy,17,692,67900.0
device2-6_binary.npy,18,692,67900.0
device2-6_binary.npy,19,692,67900.0
device2-6_binary.npy,20,692,67900.0
device2-6_binary.npy,21,692,67900.0
device2-6_binary.npy,22,692,67900.0
device2-6_binary.npy,23,691,67910.0
device2-6_binary.npy,24,688,67940.0
device2-6_binary.npy,25,688,67940.0
device2-6_binary.npy,26,688,67940.0
device2-6_binary.npy,27,688,67940.0
device2-6_binary.npy,28,688,67940.0
device2-6_binary.npy,29,676,68060.0
device2-6_binary.npy,30,676,68060.0
device2-6_binary.npy,31,676,68060.0
device2-6_binary.npy,32,676,68060.0
device2-6_binary.npy,33,671,68110.0
device2-6_binary.npy,34,671,68110.0
device2-6_binary.npy,35,671,68110.0
device2-6_binary.npy,36,671,68110.0
device2-6_binary.npy,37,671,68110.0
device2-6_binary.npy,38,669,68130.0
device2-6_binary.npy,39,669,68130.0
device2-6_binary.npy,40,663,68190.0
device2-6_binary.npy,41,662,68200.0
device2-6_binary.npy,42,661,68210.0
device2-6_binary.npy,43,661,68210.0
device2-6_binary.npy,44,661,68210.0
device2-6_binary.npy,45,661,68210.0
device2-6_binary.npy,46,661,68210.0
device2-6_binary.npy,47,661,68210.0
device2-6_binary.npy,48,661,68210.0
device2-6_binary.npy,49,661,68210.0
device2-6_binary.npy,50,661,68210.0
device3-10_binary.npy,0,393,131672.0
device3-10_binary.npy,1,393,131672.0
device3-10_binary.npy,2,306,132542.0
device3-10_binary.npy,3,306,132542.0
device3-10_binary.npy,4,306,132542.0
device3-10_binary.npy,5,306,132542.0
device3-10_binary.npy,6,306,132542.0
device3-10_binary.npy,7,306,132542.0
device3-10_binary.npy,8,218,133422.0
device3-10_binary.npy,9,218,133422.0
device3-10_binary.npy,10,218,133422.0
device3-10_binary.npy,11,218,133422.0
device3-10_binary.npy,12,218,133422.0
device3-10_binary.npy,13,218,133422.0
device3-10_binary.npy,14,218,133422.0
device3-10_binary.npy,15,192,133682.0
device3-10_binary.npy,16,192,133682.0
device3-10_binary.npy,17,192,133682.0
device3-10_binary.npy,18,170,133902.0
device3-10_binary.npy,19,164,133962.0
device3-10_binary.npy,20,164,133962.0
device3-10_binary.npy,21,164,133962.0
device3-10_binary.npy,22,164,133962.0
device3-10_binary.npy,23,164,133962.0
device3-10_binary.npy,24,164,133962.0
device3-10_binary.npy,25,164,133962.0
device3-10_binary.npy,26,164,133962.0
device3-10_binary.npy,27,164,133962.0
device3-13_binary.npy,0,684,115113.0
device3-13_binary.npy,1,657,115383.0
device3-13_binary.npy,2,657,115383.0
device3-13_binary.npy,3,657,115383.0
device3-13_binary.npy,4,657,115383.0
device3-13_binary.npy,5,657,115383.0
device3-13_binary.npy,6,657,115383.0
device3-13_binary.npy,7,644,115513.0
device3-13_binary.npy,8,644,115513.0
device3-13_binary.npy,9,644,115513.0
device3-13_binary.npy,10,627,115683.0
device3-13_binary.npy,11,627,115683.0
device3-13_binary.npy,12,627,115683.0
device3-13_binary.npy,13,627,115683.0
device3-13_binary.npy,14,627,115683.0
device3-13_binary.npy,15,627,115683.0
device3-13_binary.npy,16,627,115683.0
device3-13_binary.npy,17,627,115683.0
device3-13_binary.npy,18,627,115683.0
device3-18_binary.npy,0,874,112941.0
device3-18_binary.npy,1,874,112941.0
device3-18_binary.npy,2,868,113001.0
device3-18_binary.npy,3,868,113001.0
device3-18_binary.npy,4,826,113421.0
device3-18_binary.npy,5,826,113421.0
device3-18_binary.npy,6,826,113421.0
device3-18_binary.npy,7,826,113421.0
device3-18_binary.npy,8,743,114251.0
device3-18_binary.npy,9,743,114251.0
device3-18_binary.npy,10,743,114251.0
device3-18_binary.npy,11,743,114251.0
device3-18_binary.npy,12,743,114251.0
device3-18_binary.npy,13,743,114251.0
device3-18_binary.npy,14,743,114251.0
device3-18_binary.npy,15,743,114251.0
device3-18_binary.npy,16,743,114251.0
device3-7_binary.npy,0,425,166086.0
device3-7_binary.npy,1,425,166086.0
device3-7_binary.npy,2,348,166856.0
device3-7_binary.npy,3,348,166856.0
device3-7_binary.npy,4,348,166856.0
device3-7_binary.npy,5,348,166856.0
device3-7_binary.npy,6,348,166856.0
device3-7_binary.npy,7,348,166856.0
device3-7_binary.npy,8,348,166856.0
device3-7_binary.npy,9,348,166856.0
device3-7_binary.npy,10,271,167626.0
device3-7_binary.npy,11,271,167626.0
device3-7_binary.npy,12,271,167626.0
device3-7_binary.npy,13,271,167626.0
device3-7_binary.npy,14,271,167626.0
device3-7_binary.npy,15,270,167636.0
device3-7_binary.npy,16,222,168116.0
device3-7_binary.npy,17,222,168116.0
device3-7_binary.npy,18,222,168116.0
device3-7_binary.npy,19,222,168116.0
device3-7_binary.npy,20,222,168116.0
device3-7_binary.npy,21,222,168116.0
device3-7_binary.npy,22,222,168116.0
device3-7_binary.npy,23,222,168116.0
device3-7_binary.npy,24,182,168516.0
device3-7_binary.npy,25,182,168516.0
device3-7_binary.npy,26,182,168516.0
device3-7_binary.npy,27,182,168516.0
device3-7_binary.npy,28,182,168516.0
device3-7_binary.npy,29,160,168736.0
device3-7_binary.npy,30,160,168736.0
device3-7_binary.npy,31,160,168736.0
device3-7_binary.npy,32,160,168736.0
device3-7_binary.npy,33,160,168736.0
device3-7_binary.npy,34,160,168736.0
device3-7_binary.npy,35,160,168736.0
device3-7_binary.npy,36,160,168736.0
device3-7_binary.npy,37,160,168736.0
device4-13_binary.npy,0,418,67387.0
device4-13_binary.npy,1,418,67387.0
device4-13_binary.npy,2,418,67387.0
device4-13_binary.npy,3,418,67387.0
device4-13_binary.npy,4,418,67387.0
device4-13_binary.npy,5,374,67827.0
device4-13_binary.npy,6,374,67827.0
device4-13_binary.npy,7,374,67827.0
device4-13_binary.npy,8,374,67827.0
device4-13_binary.npy,9,358,67987.0
device4-13_binary.npy,10,358,67987.0
device4-13_binary.npy,11,346,68107.0
device4-13_binary.npy,12,344,68127.0
device4-13_binary.npy,13,344,68127.0
device4-13_binary.npy,14,344,68127.0
device4-13_binary.npy,15,338,68187.0
device4-13_binary.npy,16,338,68187.0
device4-13_binary.npy,17,338,68187.0
device4-13_binary.npy,18,338,68187.0
device4-13_binary.npy,19,336,68207.0
device4-13_binary.npy,20,336,68207.0
device4-13_binary.npy,21,336,68207.0
device4-13_binary.npy,22,336,68207.0
device4-13_binary.npy,23,336,68207.0
device4-13_binary.npy,24,336,68207.0
device4-13_binary.npy,25,336,68207.0
device4-13_binary.npy,26,336,68207.0
device4-13_binary.npy,27,335,68217.0
device4-13_binary.npy,28,335,68217.0
device4-13_binary.npy,29,335,68217.0
device4-13_binary.npy,30,335,68217.0
device4-13_binary.npy,31,335,68217.0
device4-13_binary.npy,32,335,68217.0
device4-13_binary.npy,33,335,68217.0
device4-13_binary.npy,34,335,68217.0
device4-13_binary.npy,35,335,68217.0
device4-19_binary.npy,0,584,69446.0
device4-19_binary.npy,1,584,69446.0
device4-19_binary.npy,2,584,69446.0
device4-19_binary.npy,3,584,69446.0
device4-19_binary.npy,4,584,69446.0
device4-19_binary.npy,5,584,69446.0
device4-19_binary.npy,6,584,69446.0
device4-19_binary.npy,7,584,69446.0
device4-19_binary.npy,8,584,69446.0
device4-1_binary.npy,0,361,81356.0
device4-1_binary.npy,1,346,81506.0
device4-1_binary.npy,2,346,81506.0
device4-1_binary.npy,3,346,81506.0
device4-1_binary.npy,4,300,81966.0
device4-1_binary.npy,5,300,81966.0
device4-1_binary.npy,6,300,81966.0
device4-1_binary.npy,7,300,81966.0
device4-1_binary.npy,8,300,81966.0
device4-1_binary.npy,9,300,81966.0
device4-1_binary.npy,10,300,81966.0
device4-1_binary.npy,11,300,81966.0
device4-1_binary.npy,12,300,81966.0
device4-3_binary.npy,0,363,81408.0
device4-3_binary.npy,1,319,81848.0
device4-3_binary.npy,2,319,81848.0
device4-3_binary.npy,3,319,81848.0
device4-3_binary.npy,4,319,81848.0
device4-3_binary.npy,5,319,81848.0
device4-3_binary.npy,6,319,81848.0
device4-3_binary.npy,7,307,81968.0
device4-3_binary.npy,8,307,81968.0
device4-3_binary.npy,9,307,81968.0
device4-3_binary.npy,10,307,81968.0
device4-3_binary.npy,11,307,81968.0
device4-3_binary.npy,12,307,81968.0
device4-3_binary.npy,13,307,81968.0
device4-3_binary.npy,14,307,81968.0
device4-3_binary.npy,15,307,81968.0
device5-10_binary.npy,0,605,87331.0
device5-10_binary.npy,1,605,87331.0
device5-10_binary.npy,2,605,87331.0
device5-10_binary.npy,3,579,87591.0
device5-10_binary.npy,4,579,87591.0
device5-10_binary.npy,5,399,89391.0
device5-10_binary.npy,6,399,89391.0
device5-10_binary.npy,7,399,89391.0
device5-10_binary.npy,8,399,89391.0
device5-10_binary.npy,9,399,89391.0
device5-10_binary.npy,10,399,89391.0
device5-10_binary.npy,11,399,89391.0
device5-10_binary.npy,12,399,89391.0
device5-10_binary.npy,13,372,89661.0
device5-10_binary.npy,14,333,90051.0
device5-10_binary.npy,15,333,90051.0
device5-10_binary.npy,16,277,90611.0
device5-10_binary.npy,17,277,90611.0
device5-10_binary.npy,18,277,90611.0
device5-10_binary.npy,19,277,90611.0
device5-10_binary.npy,20,277,90611.0
device5-10_binary.npy,21,277,90611.0
device5-10_binary.npy,22,277,90611.0
device5-10_binary.npy,23,277,90611.0
device5-10_binary.npy,24,277,90611.0
device5-15_binary.npy,0,520,66195.0
device5-15_binary.npy,1,520,66195.0
device5-15_binary.npy,2,428,67115.0
device5-15_binary.npy,3,428,67115.0
device5-15_binary.npy,4,428,67115.0
device5-15_binary.npy,5,428,67115.0
device5-15_binary.npy,6,366,67735.0
device5-15_binary.npy,7,366,67735.0
device5-15_binary.npy,8,366,67735.0
device5-15_binary.npy,9,366,67735.0
device5-15_binary.npy,10,366,67735.0
device5-15_binary.npy,11,366,67735.0
device5-15_binary.npy,12,366,67735.0
device5-15_binary.npy,13,366,67735.0
device5-15_binary.npy,14,366,67735.0
device5-18_binary.npy,0,556,33938.0
device5-18_binary.npy,1,553,33968.0
device5-18_binary.npy,2,553,33968.0
device5-18_binary.npy,3,553,33968.0
device5-18_binary.npy,4,451,34988.0
device5-18_binary.npy,5,451,34988.0
device5-18_binary.npy,6,451,34988.0
device5-18_binary.npy,7,451,34988.0
device5-18_binary.npy,8,451,34988.0
device5-18_binary.npy,9,451,34988.0
device5-18_binary.npy,10,451,34988.0
device5-18_binary.npy,11,415,35348.0
device5-18_binary.npy,12,415,35348.0
device5-18_binary.npy,13,415,35348.0
device5-18_binary.npy,14,415,35348.0
device5-18_binary.npy,15,406,35438.0
device5-18_binary.npy,16,406,35438.0
device5-18_binary.npy,17,406,35438.0
device5-18_binary.npy,18,406,35438.0
device5-18_binary.npy,19,404,35458.0
device5-18_binary.npy,20,404,35458.0
device5-18_binary.npy,21,404,35458.0
device5-18_binary.npy,22,404,35458.0
device5-18_binary.npy,23,404,35458.0
device5-18_binary.npy,24,404,35458.0
device5-18_binary.npy,25,404,35458.0
device5-18_binary.npy,26,404,35458.0
device5-18_binary.npy,27,404,35458.0
device5-4_binary.npy,0,740,46224.0
device5-4_binary.npy,1,663,46994.0
device5-4_binary.npy,2,663,46994.0
device5-4_binary.npy,3,663,46994.0
device5-4_binary.npy,4,663,46994.0
device5-4_binary.npy,5,663,46994.0
device5-4_binary.npy,6,663,46994.0
device5-4_binary.npy,7,522,48404.0
device5-4_binary.npy,8,522,48404.0
device5-4_binary.npy,9,522,48404.0
device5-4_binary.npy,10,522,48404.0
device5-4_binary.npy,11,522,48404.0
device5-4_binary.npy,12,522,48404.0
device5-4_binary.npy,13,459,49034.0
device5-4_binary.npy,14,459,49034.0
device5-4_binary.npy,15,459,49034.0
device5-4_binary.npy,16,459,49034.0
device5-4_binary.npy,17,459,49034.0
device5-4_binary.npy,18,459,49034.0
device5-4_binary.npy,19,459,49034.0
device5-4_binary.npy,20,403,49594.0
device5-4_binary.npy,21,403,49594.0
device5-4_binary.npy,22,403,49594.0
device5-4_binary.npy,23,403,49594.0
device5-4_binary.npy,24,403,49594.0
device5-4_binary.npy,25,403,49594.0
device5-4_binary.npy,26,403,49594.0
device5-4_binary.npy,27,403,49594.0
device5-4_binary.npy,28,403,49594.0
device6-13_binary.npy,0,975,72360.0
device6-13_binary.npy,1,975,72360.0
device6-13_binary.npy,2,946,72650.0
device6-13_binary.npy,3,927,72840.0
device6-13_binary.npy,4,927,72840.0
device6-13_binary.npy,5,927,72840.0
device6-13_binary.npy,6,923,72880.0
device6-13_binary.npy,7,838,73730.0
device6-13_binary.npy,8,814,73970.0
device6-13_binary.npy,9,814,73970.0
device6-13_binary.npy,10,814,73970.0
device6-13_binary.npy,11,814,73970.0
device6-13_binary.npy,12,796,74150.0
device6-13_binary.npy,13,796,74150.0
device6-13_binary.npy,14,796,74150.0
device6-13_binary.npy,15,796,74150.0
device6-13_binary.npy,16,796,74150.0
device6-13_binary.npy,17,783,74280.0
device6-13_binary.npy,18,783,74280.0
device6-13_binary.npy,19,744,74670.0
device6-13_binary.npy,20,744,74670.0
device6-13_binary.npy,21,744,74670.0
device6-13_binary.npy,22,744,74670.0
device6-13_binary.npy,23,744,74670.0
device6-13_binary.npy,24,744,74670.0
device6-13_binary.npy,25,744,74670.0
device6-13_binary.npy,26,743,74680.0
device6-13_binary.npy,27,743,74680.0
device6-13_binary.npy,28,731,74800.0
device6-13_binary.npy,29,731,74800.0
device6-13_binary.npy,30,731,74800.0
device6-13_binary.npy,31,730,74810.0
device6-13_binary.npy,32,730,74810.0
device6-13_binary.npy,33,725,74860.0
device6-13_binary.npy,34,725,74860.0
device6-13_binary.npy,35,725,74860.0
device6-13_binary.npy,36,725,74860.0
device6-13_binary.npy,37,725,74860.0
device6-13_binary.npy,38,725,74860.0
device6-13_binary.npy,39,725,74860.0
device6-13_binary.npy,40,725,74860.0
device6-13_binary.npy,41,725,74860.0
device6-15_binary.npy,0,415,96869.0
device6-15_binary.npy,1,374,97279.0
device6-15_binary.npy,2,374,97279.0
device6-15_binary.npy,3,361,97409.0
device6-15_binary.npy,4,361,97409.0
device6-15_binary.npy,5,361,97409.0
device6-15_binary.npy,6,361,97409.0
device6-15_binary.npy,7,361,97409.0
device6-15_binary.npy,8,361,97409.0
device6-15_binary.npy,9,361,97409.0
device6-15_binary.npy,10,360,97419.0
device6-15_binary.npy,11,351,97509.0
device6-15_binary.npy,12,351,97509.0
device6-15_binary.npy,13,351,97509.0
device6-15_binary.npy,14,351,97509.0
device6-15_binary.npy,15,351,97509.0
device6-15_binary.npy,16,351,97509.0
device6-15_binary.npy,17,335,97669.0
device6-15_binary.npy,18,335,97669.0
device6-15_binary.npy,19,335,97669.0
device6-15_binary.npy,20,335,97669.0
device6-15_binary.npy,21,331,97709.0
device6-15_binary.npy,22,325,97769.0
device6-15_binary.npy,23,325,97769.0
device6-15_binary.npy,24,325,97769.0
device6-15_binary.npy,25,325,97769.0
device6-15_binary.npy,26,325,97769.0
device6-15_binary.npy,27,325,97769.0
device6-15_binary.npy,28,325,97769.0
device6-15_binary.npy,29,325,97769.0
device6-15_binary.npy,30,325,97769.0
device6-6_binary.npy,0,377,97340.0
device6-6_binary.npy,1,348,97630.0
device6-6_binary.npy,2,348,97630.0
device6-6_binary.npy,3,348,97630.0
device6-6_binary.npy,4,348,97630.0
device6-6_binary.npy,5,348,97630.0
device6-6_binary.npy,6,348,97630.0
device6-6_binary.npy,7,348,97630.0
device6-6_binary.npy,8,348,97630.0
device6-6_binary.npy,9,342,97690.0
device6-6_binary.npy,10,342,97690.0
device6-6_binary.npy,11,342,97690.0
device6-6_binary.npy,12,296,98150.0
device6-6_binary.npy,13,296,98150.0
device6-6_binary.npy,14,296,98150.0
device6-6_binary.npy,15,296,98150.0
device6-6_binary.npy,16,296,98150.0
device6-6_binary.npy,17,296,98150.0
device6-6_binary.npy,18,296,98150.0
device6-6_binary.npy,19,296,98150.0
device6-6_binary.npy,20,286,98250.0
device6-6_binary.npy,21,286,98250.0
device6-6_binary.npy,22,286,98250.0
device6-6_binary.npy,23,286,98250.0
device6-6_binary.npy,24,281,98300.0
device6-6_binary.npy,25,277,98340.0
device6-6_binary.npy,26,277,98340.0
device6-6_binary.npy,27,277,98340.0
device6-6_binary.npy,28,277,98340.0
device6-6_binary.npy,29,275,98360.0
device6-6_binary.npy,30,275,98360.0
device6-6_binary.npy,31,275,98360.0
device6-6_binary.npy,32,275,98360.0
device6-6_binary.npy,33,275,98360.0
device6-6_binary.npy,34,275,98360.0
device6-6_binary.npy,35,275,98360.0
device6-6_binary.npy,36,275,98360.0
device6-6_binary.npy,37,275,98360.0
device6-9_binary.npy,0,582,49776.0
device6-9_binary.npy,1,582,49776.0
device6-9_binary.npy,2,582,49776.0
device6-9_binary.npy,3,582,49776.0
device6-9_binary.npy,4,582,49776.0
device6-9_binary.npy,5,582,49776.0
device6-9_binary.npy,6,577,49826.0
device6-9_binary.npy,7,577,49826.0
device6-9_binary.npy,8,577,49826.0
device6-9_binary.npy,9,577,49826.0
device6-9_binary.npy,10,577,49826.0
device6-9_binary.npy,11,577,49826.0
device6-9_binary.npy,12,577,49826.0
device6-9_binary.npy,13,577,49826.0
device6-9_binary.npy,14,574,49856.0
device6-9_binary.npy,15,573,49866.0
device6-9_binary.npy,16,573,49866.0
device6-9_binary.npy,17,573,49866.0
device6-9_binary.npy,18,573,49866.0
device6-9_binary.npy,19,573,49866.0
device6-9_binary.npy,20,573,49866.0
device6-9_binary.npy,21,573,49866.0
device6-9_binary.npy,22,573,49866.0
device6-9_binary.npy,23,573,49866.0
device7-14_binary.npy,0,1313,52637.0
device7-14_binary.npy,1,1309,52677.0
device7-14_binary.npy,2,1264,53127.0
device7-14_binary.npy,3,1264,53127.0
device7-14_binary.npy,4,1264,53127.0
device7-14_binary.npy,5,1250,53267.0
device7-14_binary.npy,6,1250,53267.0
device7-14_binary.npy,7,1228,53487.0
device7-14_binary.npy,8,1228,53487.0
device7-14_binary.npy,9,1228,53487.0
device7-14_binary.npy,10,1228,53487.0
device7-14_binary.npy,11,1119,54577.0
device7-14_binary.npy,12,1119,54577.0
device7-14_binary.npy,13,1033,55437.0
device7-14_binary.npy,14,1033,55437.0
device7-14_binary.npy,15,1033,55437.0
device7-14_binary.npy,16,1033,55437.0
device7-14_binary.npy,17,1033,55437.0
device7-14_binary.npy,18,1033,55437.0
device7-14_binary.npy,19,1033,55437.0
device7-14_binary.npy,20,1033,55437.0
device7-14_binary.npy,21,1033,55437.0
device7-16_binary.npy,0,1041,90492.0
device7-16_binary.npy,1,967,91232.0
device7-16_binary.npy,2,967,91232.0
device7-16_binary.npy,3,864,92262.0
device7-16_binary.npy,4,864,92262.0
device7-16_binary.npy,5,864,92262.0
device7-16_binary.npy,6,864,92262.0
device7-16_binary.npy,7,850,92402.0
device7-16_binary.npy,8,850,92402.0
device7-16_binary.npy,9,850,92402.0
device7-16_binary.npy,10,818,92722.0
device7-16_binary.npy,11,818,92722.0
device7-16_binary.npy,12,818,92722.0
device7-16_binary.npy,13,818,92722.0
device7-16_binary.npy,14,818,92722.0
device7-16_binary.npy,15,818,92722.0
device7-16_binary.npy,16,818,92722.0
device7-16_binary.npy,17,783,93072.0
device7-16_binary.npy,18,783,93072.0
device7-16_binary.npy,19,783,93072.0
device7-16_binary.npy,20,783,93072.0
device7-16_binary.npy,21,763,93272.0
device7-16_binary.npy,22,763,93272.0
device7-16_binary.npy,23,763,93272.0
device7-16_binary.npy,24,748,93422.0
device7-16_binary.npy,25,748,93422.0
device7-16_binary.npy,26,748,93422.0
device7-16_binary.npy,27,729,93612.0
device7-16_binary.npy,28,729,93612.0
device7-16_binary.npy,29,729,93612.0
device7-16_binary.npy,30,729,93612.0
device7-16_binary.npy,31,729,93612.0
device7-16_binary.npy,32,729,93612.0
device7-16_binary.npy,33,729,93612.0
device7-16_binary.npy,34,729,93612.0
device7-16_binary.npy,35,729,93612.0
device7-19_binary.npy,0,937,105646.0
device7-19_binary.npy,1,801,107006.0
device7-19_binary.npy,2,801,107006.0
device7-19_binary.npy,3,801,107006.0
device7-19_binary.npy,4,801,107006.0
device7-19_binary.npy,5,801,107006.0
device7-19_binary.npy,6,801,107006.0
device7-19_binary.npy,7,736,107656.0
device7-19_binary.npy,8,736,107656.0
device7-19_binary.npy,9,736,107656.0
device7-19_binary.npy,10,736,107656.0
device7-19_binary.npy,11,724,107776.0
device7-19_binary.npy,12,722,107796.0
device7-19_binary.npy,13,722,107796.0
device7-19_binary.npy,14,722,107796.0
device7-19_binary.npy,15,722,107796.0
device7-19_binary.npy,16,722,107796.0
device7-19_binary.npy,17,722,107796.0
device7-19_binary.npy,18,722,107796.0
device7-19_binary.npy,19,722,107796.0
device7-19_binary.npy,20,722,107796.0
device7-6_binary.npy,0,969,105892.0
device7-6_binary.npy,1,869,106892.0
device7-6_binary.npy,2,869,106892.0
device7-6_binary.npy,3,869,106892.0
device7-6_binary.npy,4,860,106982.0
device7-6_binary.npy,5,849,107092.0
device7-6_binary.npy,6,849,107092.0
device7-6_binary.npy,7,849,107092.0
device7-6_binary.npy,8,849,107092.0
device7-6_binary.npy,9,849,107092.0
device7-6_binary.npy,10,849,107092.0
device7-6_binary.npy,11,848,107102.0
device7-6_binary.npy,12,848,107102.0
device7-6_binary.npy,13,784,107742.0
device7-6_binary.npy,14,784,107742.0
device7-6_binary.npy,15,784,107742.0
device7-6_binary.npy,16,783,107752.0
device7-6_binary.npy,17,763,107952.0
device7-6_binary.npy,18,763,107952.0
device7-6_binary.npy,19,752,108062.0
device7-6_binary.npy,20,752,108062.0
device7-6_binary.npy,21,752,108062.0
device7-6_binary.npy,22,752,108062.0
device7-6_binary.npy,23,752,108062.0
device7-6_binary.npy,24,752,108062.0
device7-6_binary.npy,25,744,108142.0
device7-6_binary.npy,26,744,108142.0
device7-6_binary.npy,27,744,108142.0
device7-6_binary.npy,28,744,108142.0
device7-6_binary.npy,29,734,108242.0
device7-6_binary.npy,30,734,108242.0
device7-6_binary.npy,31,734,108242.0
device7-6_binary.npy,32,734,108242.0
device7-6_binary.npy,33,734,108242.0
device7-6_binary.npy,34,734,108242.0
device7-6_binary.npy,35,734,108242.0
device7-6_binary.npy,36,734,108242.0
device7-6_binary.npy,37,734,108242.0
device8-15_binary.npy,0,521,78840.0
device8-15_binary.npy,1,382,80230.0
device8-15_binary.npy,2,382,80230.0
device8-15_binary.npy,3,356,80490.0
device8-15_binary.npy,4,343,80620.0
device8-15_binary.npy,5,343,80620.0
device8-15_binary.npy,6,343,80620.0
device8-15_binary.npy,7,343,80620.0
device8-15_binary.npy,8,343,80620.0
device8-15_binary.npy,9,331,80740.0
device8-15_binary.npy,10,331,80740.0
device8-15_binary.npy,11,331,80740.0
device8-15_binary.npy,12,331,80740.0
device8-15_binary.npy,13,331,80740.0
device8-15_binary.npy,14,331,80740.0
device8-15_binary.npy,15,331,80740.0
device8-15_binary.npy,16,331,80740.0
device8-15_binary.npy,17,331,80740.0
device8-20_binary.npy,0,387,79977.0
device8-20_binary.npy,1,220,81647.0
device8-20_binary.npy,2,220,81647.0
device8-20_binary.npy,3,220,81647.0
device8-20_binary.npy,4,220,81647.0
device8-20_binary.npy,5,220,81647.0
device8-20_binary.npy,6,220,81647.0
device8-20_binary.npy,7,220,81647.0
device8-20_binary.npy,8,220,81647.0
device8-20_binary.npy,9,220,81647.0
device8-6_binary.npy,0,539,73580.0
device8-6_binary.npy,1,539,73580.0
device8-6_binary.npy,2,539,73580.0
device8-6_binary.npy,3,538,73590.0
device8-6_binary.npy,4,470,74270.0
device8-6_binary.npy,5,470,74270.0
device8-6_binary.npy,6,470,74270.0
device8-6_binary.npy,7,407,74900.0
device8-6_binary.npy,8,407,74900.0
device8-6_binary.npy,9,407,74900.0
device8-6_binary.npy,10,407,74900.0
device8-6_binary.npy,11,407,74900.0
device8-6_binary.npy,12,407,74900.0
device8-6_binary.npy,13,407,74900.0
device8-6_binary.npy,14,369,75280.0
device8-6_binary.npy,15,369,75280.0
device8-6_binary.npy,16,368,75290.0
device8-6_binary.npy,17,368,75290.0
device8-6_binary.npy,18,368,75290.0
device8-6_binary.npy,19,368,75290.0
device8-6_binary.npy,20,368,75290.0
device8-6_binary.npy,21,368,75290.0
device8-6_binary.npy,22,321,75760.0
device8-6_binary.npy,23,321,75760.0
device8-6_binary.npy,24,321,75760.0
device8-6_binary.npy,25,321,75760.0
device8-6_binary.npy,26,321,75760.0
device8-6_binary.npy,27,321,75760.0
device8-6_binary.npy,28,321,75760.0
device8-6_binary.npy,29,313,75840.0
device8-6_binary.npy,30,313,75840.0
device8-6_binary.npy,31,303,75940.0
device8-6_binary.npy,32,303,75940.0
device8-6_binary.npy,33,303,75940.0
device8-6_binary.npy,34,303,75940.0
device8-6_binary.npy,35,303,75940.0
device8-6_binary.npy,36,292,76050.0
device8-6_binary.npy,37,292,76050.0
device8-6_binary.npy,38,292,76050.0
device8-6_binary.npy,39,292,76050.0
device8-6_binary.npy,40,292,76050.0
device8-6_binary.npy,41,292,76050.0
device8-6_binary.npy,42,287,76100.0
device8-6_binary.npy,43,287,76100.0
device8-6_binary.npy,44,283,76140.0
device8-6_binary.npy,45,283,76140.0
device8-6_binary.npy,46,283,76140.0
device8-6_binary.npy,47,283,76140.0
device8-6_binary.npy,48,283,76140.0
device8-6_binary.npy,49,283,76140.0
device8-6_binary.npy,50,283,76140.0
device8-6_binary.npy,51,283,76140.0
device8-6_binary.npy,52,283,76140.0
device8-7_binary.npy,0,403,51195.0
device8-7_binary.npy,1,403,51195.0
device8-7_binary.npy,2,365,51575.0
device8-7_binary.npy,3,365,51575.0
device8-7_binary.npy,4,291,52315.0
device8-7_binary.npy,5,291,52315.0
device8-7_binary.npy,6,291,52315.0
device8-7_binary.npy,7,291,52315.0
device8-7_binary.npy,8,288,52345.0
device8-7_binary.npy,9,288,52345.0
device8-7_binary.npy,10,288,52345.0
device8-7_binary.npy,11,288,52345.0
device8-7_binary.npy,12,288,52345.0
device8-7_binary.npy,13,288,52345.0
device8-7_binary.npy,14,270,52525.0
device8-7_binary.npy,15,270,52525.0
device8-7_binary.npy,16,270,52525.0
device8-7_binary.npy,17,270,52525.0
device8-7_binary.npy,18,270,52525.0
device8-7_binary.npy,19,270,52525.0
device8-7_binary.npy,20,270,52525.0
device8-7_binary.npy,21,253,52695.0
device8-7_binary.npy,22,253,52695.0
device8-7_binary.npy,23,253,52695.0
device8-7_binary.npy,24,237,52855.0
device8-7_binary.npy,25,237,52855.0
device8-7_binary.npy,26,237,52855.0
device8-7_binary.npy,27,237,52855.0
device8-7_binary.npy,28,223,52995.0
device8-7_binary.npy,29,223,52995.0
device8-7_binary.npy,30,223,52995.0
device8-7_binary.npy,31,223,52995.0
device8-7_binary.npy,32,223,52995.0
device8-7_binary.npy,33,221,53015.0
device8-7_binary.npy,34,221,53015.0
device8-7_binary.npy,35,221,53015.0
device8-7_binary.npy,36,221,53015.0
device8-7_binary.npy,37,221,53015.0
device8-7_binary.npy,38,221,53015.0
device8-7_binary.npy,39,221,53015.0
device8-7_binary.npy,40,221,53015.0
device8-7_binary.npy,41,216,53065.0
device8-7_binary.npy,42,216,53065.0
device8-7_binary.npy,43,216,53065.0
device8-7_binary.npy,44,213,53095.0
device8-7_binary.npy,45,213,53095.0
device8-7_binary.npy,46,213,53095.0
device8-7_binary.npy,47,213,53095.0
device8-7_binary.npy,48,213,53095.0
device8-7_binary.npy,49,213,53095.0
device8-7_binary.npy,50,213,53095.0
device8-7_binary.npy,51,213,53095.0
device8-7_binary.npy,52,213,53095.0
device9-10_binary.npy,0,403,113835.0
device9-10_binary.npy,1,403,113835.0
device9-10_binary.npy,2,403,113835.0
device9-10_binary.npy,3,403,113835.0
device9-10_binary.npy,4,403,113835.0
device9-10_binary.npy,5,339,114475.0
device9-10_binary.npy,6,339,114475.0
device9-10_binary.npy,7,339,114475.0
device9-10_binary.npy,8,339,114475.0
device9-10_binary.npy,9,339,114475.0
device9-10_binary.npy,10,336,114505.0
device9-10_binary.npy,11,321,114655.0
device9-10_binary.npy,12,321,114655.0
device9-10_binary.npy,13,301,114855.0
device9-10_binary.npy,14,294,114925.0
device9-10_binary.npy,15,294,114925.0
device9-10_binary.npy,16,294,114925.0
device9-10_binary.npy,17,294,114925.0
device9-10_binary.npy,18,294,114925.0
device9-10_binary.npy,19,294,114925.0
device9-10_binary.npy,20,294,114925.0
device9-10_binary.npy,21,294,114925.0
device9-10_binary.npy,22,294,114925.0
device9-1_binary.npy,0,395,119331.0
device9-1_binary.npy,1,395,119331.0
device9-1_binary.npy,2,349,119791.0
device9-1_binary.npy,3,349,119791.0
device9-1_binary.npy,4,349,119791.0
device9-1_binary.npy,5,335,119931.0
device9-1_binary.npy,6,316,120121.0
device9-1_binary.npy,7,304,120241.0
device9-1_binary.npy,8,304,120241.0
device9-1_binary.npy,9,304,120241.0
device9-1_binary.npy,10,304,120241.0
device9-1_binary.npy,11,304,120241.0
device9-1_binary.npy,12,304,120241.0
device9-1_binary.npy,13,304,120241.0
device9-1_binary.npy,14,304,120241.0
device9-1_binary.npy,15,304,120241.0
device9-5_binary.npy,0,743,108348.0
device9-5_binary.npy,1,743,108348.0
device9-5_binary.npy,2,731,108468.0
device9-5_binary.npy,3,684,108938.0
device9-5_binary.npy,4,684,108938.0
device9-5_binary.npy,5,684,108938.0
device9-5_binary.npy,6,549,110288.0
device9-5_binary.npy,7,549,110288.0
device9-5_binary.npy,8,549,110288.0
device9-5_binary.npy,9,549,110288.0
device9-5_binary.npy,10,549,110288.0
device9-5_binary.npy,11,549,110288.0
device9-5_binary.npy,12,549,110288.0
device9-5_binary.npy,13,525,110528.0
device9-5_binary.npy,14,509,110688.0
device9-5_binary.npy,15,491,110868.0
device9-5_binary.npy,16,491,110868.0
device9-5_binary.npy,17,491,110868.0
device9-5_binary.npy,18,491,110868.0
device9-5_binary.npy,19,491,110868.0
device9-5_binary.npy,20,491,110868.0
device9-5_binary.npy,21,491,110868.0
device9-5_binary.npy,22,491,110868.0
device9-5_binary.npy,23,450,111278.0
device9-5_binary.npy,24,450,111278.0
device9-5_binary.npy,25,450,111278.0
device9-5_binary.npy,26,450,111278.0
device9-5_binary.npy,27,450,111278.0
device9-5_binary.npy,28,450,111278.0
device9-5_binary.npy,29,450,111278.0
device9-5_binary.npy,30,450,111278.0
device9-5_binary.npy,31,450,111278.0
device9-9_binary.npy,0,829,107916.0
device9-9_binary.npy,1,829,107916.0
device9-9_binary.npy,2,829,107916.0
device9-9_binary.npy,3,829,107916.0
device9-9_binary.npy,4,829,107916.0
device9-9_binary.npy,5,829,107916.0
device9-9_binary.npy,6,727,108936.0
device9-9_binary.npy,7,640,109806.0
device9-9_binary.npy,8,640,109806.0
device9-9_binary.npy,9,640,109806.0
device9-9_binary.npy,10,640,109806.0
device9-9_binary.npy,11,640,109806.0
device9-9_binary.npy,12,640,109806.0
device9-9_binary.npy,13,595,110256.0
device9-9_binary.npy,14,595,110256.0
device9-9_binary.npy,15,595,110256.0
device9-9_binary.npy,16,595,110256.0
device9-9_binary.npy,17,595,110256.0
device9-9_binary.npy,18,595,110256.0
device9-9_binary.npy,19,595,110256.0
device9-9_binary.npy,20,531,110896.0
device9-9_binary.npy,21,514,111066.0
device9-9_binary.npy,22,514,111066.0
device9-9_binary.npy,23,514,111066.0
device9-9_binary.npy,24,514,111066.0
device9-9_binary.npy,25,514,111066.0
device9-9_binary.npy,26,514,111066.0
device9-9_binary.npy,27,514,111066.0
device9-9_binary.npy,28,514,111066.0
device9-9_binary.npy,29,514,111066.0
dog-13_binary.npy,0,199,5622.0
dog-13_binary.npy,1,199,5622.0
dog-13_binary.npy,2,171,5902.0
dog-13_binary.npy,3,171,5902.0
dog-13_binary.npy,4,171,5902.0
dog-13_binary.npy,5,171,5902.0
dog-13_binary.npy,6,171,5902.0
dog-13_binary.npy,7,170,5912.0
dog-13_binary.npy,8,160,6012.0
dog-13_binary.npy,9,160,6012.0
dog-13_binary.npy,10,160,6012.0
dog-13_binary.npy,11,160,6012.0
dog-13_binary.npy,12,160,6012.0
dog-13_binary.npy,13,160,6012.0
dog-13_binary.npy,14,160,6012.0
dog-13_binary.npy,15,160,6012.0
dog-13_binary.npy,16,160,6012.0
dog-17_binary.npy,0,184,2452.0
dog-17_binary.npy,1,161,2682.0
dog-17_binary.npy,2,161,2682.0
dog-17_binary.npy,3,161,2682.0
dog-17_binary.npy,4,161,2682.0
dog-17_binary.npy,5,161,2682.0
dog-17_binary.npy,6,161,2682.0
dog-17_binary.npy,7,161,2682.0
dog-17_binary.npy,8,161,2682.0
dog-17_binary.npy,9,148,2812.0
dog-17_binary.npy,10,148,2812.0
dog-17_binary.npy,11,148,2812.0
dog-17_binary.npy,12,148,2812.0
dog-17_binary.npy,13,148,2812.0
dog-17_binary.npy,14,148,2812.0
dog-17_binary.npy,15,148,2812.0
dog-17_binary.npy,16,148,2812.0
dog-17_binary.npy,17,148,2812.0
dog-19_binary.npy,0,1927,30954.0
dog-19_binary.npy,1,1439,35834.0
dog-19_binary.npy,2,1439,35834.0
dog-19_binary.npy,3,1439,35834.0
dog-19_binary.npy,4,1439,35834.0
dog-19_binary.npy,5,1439,35834.0
dog-19_binary.npy,6,1439,35834.0
dog-19_binary.npy,7,1439,35834.0
dog-19_binary.npy,8,1439,35834.0
dog-19_binary.npy,9,1439,35834.0
dog-20_binary.npy,0,282,17627.0
dog-20_binary.npy,1,282,17627.0
dog-20_binary.npy,2,264,17807.0
dog-20_binary.npy,3,264,17807.0
dog-20_binary.npy,4,264,17807.0
dog-20_binary.npy,5,264,17807.0
dog-20_binary.npy,6,264,17807.0
dog-20_binary.npy,7,263,17817.0
dog-20_binary.npy,8,263,17817.0
dog-20_binary.npy,9,263,17817.0
dog-20_binary.npy,10,262,17827.0
dog-20_binary.npy,11,231,18137.0
dog-20_binary.npy,12,231,18137.0
dog-20_binary.npy,13,231,18137.0
dog-20_binary.npy,14,231,18137.0
dog-20_binary.npy,15,231,18137.0
dog-20_binary.npy,16,221,18237.0
dog-20_binary.npy,17,221,18237.0
dog-20_binary.npy,18,221,18237.0
dog-20_binary.npy,19,221,18237.0
dog-20_binary.npy,20,221,18237.0
dog-20_binary.npy,21,221,18237.0
dog-20_binary.npy,22,221,18237.0
dog-20_binary.npy,23,221,18237.0
dog-20_binary.npy,24,221,18237.0
elephant-11_binary.npy,0,448,47208.0
elephant-11_binary.npy,1,411,47578.0
elephant-11_binary.npy,2,411,47578.0
elephant-11_binary.npy,3,411,47578.0
elephant-11_binary.npy,4,411,47578.0
elephant-11_binary.npy,5,411,47578.0
elephant-11_binary.npy,6,411,47578.0
elephant-11_binary.npy,7,410,47588.0
elephant-11_binary.npy,8,410,47588.0
elephant-11_binary.npy,9,366,48028.0
elephant-11_binary.npy,10,366,48028.0
elephant-11_binary.npy,11,366,48028.0
elephant-11_binary.npy,12,366,48028.0
elephant-11_binary.npy,13,328,48408.0
elephant-11_binary.npy,14,328,48408.0
elephant-11_binary.npy,15,328,48408.0
elephant-11_binary.npy,16,328,48408.0
elephant-11_binary.npy,17,328,48408.0
elephant-11_binary.npy,18,328,48408.0
elephant-11_binary.npy,19,328,48408.0
elephant-11_binary.npy,20,328,48408.0
elephant-11_binary.npy,21,328,48408.0
elephant-12_binary.npy,0,1203,206762.0
elephant-12_binary.npy,1,938,209412.0
elephant-12_binary.npy,2,938,209412.0
elephant-12_binary.npy,3,938,209412.0
elephant-12_binary.npy,4,938,209412.0
elephant-12_binary.npy,5,938,209412.0
elephant-12_binary.npy,6,938,209412.0
elephant-12_binary.npy,7,914,209652.0
elephant-12_binary.npy,8,914,209652.0
elephant-12_binary.npy,9,914,209652.0
elephant-12_binary.npy,10,914,209652.0
elephant-12_binary.npy,11,897,209822.0
elephant-12_binary.npy,12,897,209822.0
elephant-12_binary.npy,13,897,209822.0
elephant-12_binary.npy,14,897,209822.0
elephant-12_binary.npy,15,897,209822.0
elephant-12_binary.npy,16,848,210312.0
elephant-12_binary.npy,17,848,210312.0
elephant-12_binary.npy,18,848,210312.0
elephant-12_binary.npy,19,848,210312.0
elephant-12_binary.npy,20,848,210312.0
elephant-12_binary.npy,21,848,210312.0
elephant-12_binary.npy,22,848,210312.0
elephant-12_binary.npy,23,848,210312.0
elephant-12_binary.npy,24,848,210312.0
elephant-17_binary.npy,0,264,21707.0
elephant-17_binary.npy,1,264,21707.0
elephant-17_binary.npy,2,246,21887.0
elephant-17_binary.npy,3,246,21887.0
elephant-17_binary.npy,4,225,22097.0
elephant-17_binary.npy,5,225,22097.0
elephant-17_binary.npy,6,225,22097.0
elephant-17_binary.npy,7,225,22097.0
elephant-17_binary.npy,8,225,22097.0
elephant-17_binary.npy,9,225,22097.0
elephant-17_binary.npy,10,225,22097.0
elephant-17_binary.npy,11,220,22147.0
elephant-17_binary.npy,12,220,22147.0
elephant-17_binary.npy,13,220,22147.0
elephant-17_binary.npy,14,220,22147.0
elephant-17_binary.npy,15,219,22157.0
elephant-17_binary.npy,16,219,22157.0
elephant-17_binary.npy,17,219,22157.0
elephant-17_binary.npy,18,219,22157.0
elephant-17_binary.npy,19,219,22157.0
elephant-17_binary.npy,20,219,22157.0
elephant-17_binary.npy,21,219,22157.0
elephant-17_binary.npy,22,219,22157.0
elephant-17_binary.npy,23,212,22227.0
elephant-17_binary.npy,24,209,22257.0
elephant-17_binary.npy,25,209,22257.0
elephant-17_binary.npy,26,209,22257.0
elephant-17_binary.npy,27,209,22257.0
elephant-17_binary.npy,28,209,22257.0
elephant-17_binary.npy,29,209,22257.0
elephant-17_binary.npy,30,209,22257.0
elephant-17_binary.npy,31,209,22257.0
elephant-17_binary.npy,32,209,22257.0
elephant-7_binary.npy,0,754,119295.0
elephant-7_binary.npy,1,726,119575.0
elephant-7_binary.npy,2,726,119575.0
elephant-7_binary.npy,3,726,119575.0
elephant-7_binary.npy,4,718,119655.0
elephant-7_binary.npy,5,718,119655.0
elephant-7_binary.npy,6,718,119655.0
elephant-7_binary.npy,7,718,119655.0
elephant-7_binary.npy,8,718,119655.0
elephant-7_binary.npy,9,678,120055.0
elephant-7_binary.npy,10,678,120055.0
elephant-7_binary.npy,11,678,120055.0
elephant-7_binary.npy,12,678,120055.0
elephant-7_binary.npy,13,672,120115.0
elephant-7_binary.npy,14,672,120115.0
elephant-7_binary.npy,15,672,120115.0
elephant-7_binary.npy,16,672,120115.0
elephant-7_binary.npy,17,671,120125.0
elephant-7_binary.npy,18,671,120125.0
elephant-7_binary.npy,19,671,120125.0
elephant-7_binary.npy,20,671,120125.0
elephant-7_binary.npy,21,671,120125.0
elephant-7_binary.npy,22,671,120125.0
elephant-7_binary.npy,23,671,120125.0
elephant-7_binary.npy,24,671,120125.0
elephant-7_binary.npy,25,667,120165.0
elephant-7_binary.npy,26,667,120165.0
elephant-7_binary.npy,27,667,120165.0
elephant-7_binary.npy,28,667,120165.0
elephant-7_binary.npy,29,667,120165.0
elephant-7_binary.npy,30,667,120165.0
elephant-7_binary.npy,31,661,120225.0
elephant-7_binary.npy,32,661,120225.0
elephant-7_binary.npy,33,661,120225.0
elephant-7_binary.npy,34,661,120225.0
elephant-7_binary.npy,35,661,120225.0
elephant-7_binary.npy,36,661,120225.0
elephant-7_binary.npy,37,660,120235.0
elephant-7_binary.npy,38,658,120255.0
elephant-7_binary.npy,39,658,120255.0
elephant-7_binary.npy,40,658,120255.0
elephant-7_binary.npy,41,658,120255.0
elephant-7_binary.npy,42,657,120265.0
elephant-7_binary.npy,43,657,120265.0
elephant-7_binary.npy,44,657,120265.0
elephant-7_binary.npy,45,657,120265.0
elephant-7_binary.npy,46,657,120265.0
elephant-7_binary.npy,47,657,120265.0
elephant-7_binary.npy,48,657,120265.0
elephant-7_binary.npy,49,657,120265.0
elephant-7_binary.npy,50,657,120265.0
face-12_binary.npy,0,189,38007.0
face-12_binary.npy,1,189,38007.0
face-12_binary.npy,2,189,38007.0
face-12_binary.npy,3,187,38027.0
face-12_binary.npy,4,180,38097.0
face-12_binary.npy,5,180,38097.0
face-12_binary.npy,6,178,38117.0
face-12_binary.npy,7,178,38117.0
face-12_binary.npy,8,178,38117.0
face-12_binary.npy,9,169,38207.0
face-12_binary.npy,10,169,38207.0
face-12_binary.npy,11,169,38207.0
face-12_binary.npy,12,169,38207.0
face-12_binary.npy,13,169,38207.0
face-12_binary.npy,14,169,38207.0
face-12_binary.npy,15,169,38207.0
face-12_binary.npy,16,169,38207.0
face-12_binary.npy,17,169,38207.0
face-14_binary.npy,0,185,37156.0
face-14_binary.npy,1,185,37156.0
face-14_binary.npy,2,185,37156.0
face-14_binary.npy,3,185,37156.0
face-14_binary.npy,4,185,37156.0
face-14_binary.npy,5,173,37276.0
face-14_binary.npy,6,173,37276.0
face-14_binary.npy,7,169,37316.0
face-14_binary.npy,8,169,37316.0
face-14_binary.npy,9,169,37316.0
face-14_binary.npy,10,169,37316.0
face-14_binary.npy,11,169,37316.0
face-14_binary.npy,12,169,37316.0
face-14_binary.npy,13,169,37316.0
face-14_binary.npy,14,169,37316.0
face-14_binary.npy,15,169,37316.0
face-5_binary.npy,0,194,36831.0
face-5_binary.npy,1,194,36831.0
face-5_binary.npy,2,194,36831.0
face-5_binary.npy,3,194,36831.0
face-5_binary.npy,4,194,36831.0
face-5_binary.npy,5,194,36831.0
face-5_binary.npy,6,194,36831.0
face-5_binary.npy,7,194,36831.0
face-5_binary.npy,8,186,36911.0
face-5_binary.npy,9,186,36911.0
face-5_binary.npy,10,186,36911.0
face-5_binary.npy,11,186,36911.0
face-5_binary.npy,12,186,36911.0
face-5_binary.npy,13,186,36911.0
face-5_binary.npy,14,186,36911.0
face-5_binary.npy,15,186,36911.0
face-5_binary.npy,16,186,36911.0
face-7_binary.npy,0,191,37527.0
face-7_binary.npy,1,191,37527.0
face-7_binary.npy,2,191,37527.0
face-7_binary.npy,3,191,37527.0
face-7_binary.npy,4,191,37527.0
face-7_binary.npy,5,191,37527.0
face-7_binary.npy,6,182,37617.0
face-7_binary.npy,7,182,37617.0
face-7_binary.npy,8,182,37617.0
face-7_binary.npy,9,180,37637.0
face-7_binary.npy,10,180,37637.0
face-7_binary.npy,11,180,37637.0
face-7_binary.npy,12,180,37637.0
face-7_binary.npy,13,180,37637.0
face-7_binary.npy,14,180,37637.0
face-7_binary.npy,15,180,37637.0
face-7_binary.npy,16,180,37637.0
face-7_binary.npy,17,176,37677.0
face-7_binary.npy,18,176,37677.0
face-7_binary.npy,19,176,37677.0
face-7_binary.npy,20,169,37747.0
face-7_binary.npy,21,169,37747.0
face-7_binary.npy,22,169,37747.0
face-7_binary.npy,23,169,37747.0
face-7_binary.npy,24,169,37747.0
face-7_binary.npy,25,169,37747.0
face-7_binary.npy,26,169,37747.0
face-7_binary.npy,27,169,37747.0
face-7_binary.npy,28,169,37747.0
fish-14_binary.npy,0,127,17802.0
fish-14_binary.npy,1,127,17802.0
fish-14_binary.npy,2,127,17802.0
fish-14_binary.npy,3,119,17882.0
fish-14_binary.npy,4,119,17882.0
fish-14_binary.npy,5,114,17932.0
fish-14_binary.npy,6,114,17932.0
fish-14_binary.npy,7,114,17932.0
fish-14_binary.npy,8,109,17982.0
fish-14_binary.npy,9,107,18002.0
fish-14_binary.npy,10,107,18002.0
fish-14_binary.npy,11,107,18002.0
fish-14_binary.npy,12,107,18002.0
fish-14_binary.npy,13,107,18002.0
fish-14_binary.npy,14,107,18002.0
fish-14_binary.npy,15,107,18002.0
fish-14_binary.npy,16,107,18002.0
fish-14_binary.npy,17,107,18002.0
fish-15_binary.npy,0,75,6769.0
fish-15_binary.npy,1,70,6819.0
fish-15_binary.npy,2,70,6819.0
fish-15_binary.npy,3,70,6819.0
fish-15_binary.npy,4,70,6819.0
fish-15_binary.npy,5,70,6819.0
fish-15_binary.npy,6,70,6819.0
fish-15_binary.npy,7,70,6819.0
fish-15_binary.npy,8,70,6819.0
fish-15_binary.npy,9,70,6819.0
fish-5_binary.npy,0,145,13411.0
fish-5_binary.npy,1,145,13411.0
fish-5_binary.npy,2,131,13551.0
fish-5_binary.npy,3,131,13551.0
fish-5_binary.npy,4,131,13551.0
fish-5_binary.npy,5,131,13551.0
fish-5_binary.npy,6,130,13561.0
fish-5_binary.npy,7,130,13561.0
fish-5_binary.npy,8,130,13561.0
fish-5_binary.npy,9,130,13561.0
fish-5_binary.npy,10,130,13561.0
fish-5_binary.npy,11,130,13561.0
fish-5_binary.npy,12,130,13561.0
fish-5_binary.npy,13,130,13561.0
fish-5_binary.npy,14,130,13561.0
fish-7_binary.npy,0,198,18763.0
fish-7_binary.npy,1,198,18763.0
fish-7_binary.npy,2,198,18763.0
fish-7_binary.npy,3,196,18783.0
fish-7_binary.npy,4,196,18783.0
fish-7_binary.npy,5,196,18783.0
fish-7_binary.npy,6,194,18803.0
fish-7_binary.npy,7,194,18803.0
fish-7_binary.npy,8,194,18803.0
fish-7_binary.npy,9,194,18803.0
fish-7_binary.npy,10,194,18803.0
fish-7_binary.npy,11,194,18803.0
fish-7_binary.npy,12,194,18803.0
fish-7_binary.npy,13,185,18893.0
fish-7_binary.npy,14,185,18893.0
fish-7_binary.npy,15,176,18983.0
fish-7_binary.npy,16,172,19023.0
fish-7_binary.npy,17,172,19023.0
fish-7_binary.npy,18,172,19023.0
fish-7_binary.npy,19,172,19023.0
fish-7_binary.npy,20,168,19063.0
fish-7_binary.npy,21,168,19063.0
fish-7_binary.npy,22,168,19063.0
fish-7_binary.npy,23,168,19063.0
fish-7_binary.npy,24,168,19063.0
fish-7_binary.npy,25,168,19063.0
fish-7_binary.npy,26,168,19063.0
fish-7_binary.npy,27,168,19063.0
fish-7_binary.npy,28,168,19063.0
flatfish-16_binary.npy,0,219,41606.0
flatfish-16_binary.npy,1,219,41606.0
flatfish-16_binary.npy,2,217,41626.0
flatfish-16_binary.npy,3,217,41626.0
flatfish-16_binary.npy,4,217,41626.0
flatfish-16_binary.npy,5,217,41626.0
flatfish-16_binary.npy,6,217,41626.0
flatfish-16_binary.npy,7,217,41626.0
flatfish-16_binary.npy,8,217,41626.0
flatfish-16_binary.npy,9,217,41626.0
flatfish-16_binary.npy,10,212,41676.0
flatfish-16_binary.npy,11,212,41676.0
flatfish-16_binary.npy,12,212,41676.0
flatfish-16_binary.npy,13,212,41676.0
flatfish-16_binary.npy,14,212,41676.0
flatfish-16_binary.npy,15,212,41676.0
flatfish-16_binary.npy,16,212,41676.0
flatfish-16_binary.npy,17,212,41676.0
flatfish-16_binary.npy,18,212,41676.0
flatfish-18_binary.npy,0,223,43867.0
flatfish-18_binary.npy,1,223,43867.0
flatfish-18_binary.npy,2,221,43887.0
flatfish-18_binary.npy,3,221,43887.0
flatfish-18_binary.npy,4,221,43887.0
flatfish-18_binary.npy,5,221,43887.0
flatfish-18_binary.npy,6,221,43887.0
flatfish-18_binary.npy,7,221,43887.0
flatfish-18_binary.npy,8,221,43887.0
flatfish-18_binary.npy,9,221,43887.0
flatfish-18_binary.npy,10,221,43887.0
flatfish-3_binary.npy,0,294,55893.0
flatfish-3_binary.npy,1,284,55993.0
flatfish-3_binary.npy,2,284,55993.0
flatfish-3_binary.npy,3,284,55993.0
flatfish-3_binary.npy,4,284,55993.0
flatfish-3_binary.npy,5,277,56063.0
flatfish-3_binary.npy,6,277,56063.0
flatfish-3_binary.npy,7,277,56063.0
flatfish-3_binary.npy,8,277,56063.0
flatfish-3_binary.npy,9,277,56063.0
flatfish-3_binary.npy,10,276,56073.0
flatfish-3_binary.npy,11,276,56073.0
flatfish-3_binary.npy,12,276,56073.0
flatfish-3_binary.npy,13,276,56073.0
flatfish-3_binary.npy,14,276,56073.0
flatfish-3_binary.npy,15,275,56083.0
flatfish-3_binary.npy,16,275,56083.0
flatfish-3_binary.npy,17,273,56103.0
flatfish-3_binary.npy,18,273,56103.0
flatfish-3_binary.npy,19,273,56103.0
flatfish-3_binary.npy,20,273,56103.0
flatfish-3_binary.npy,21,273,56103.0
flatfish-3_binary.npy,22,273,56103.0
flatfish-3_binary.npy,23,273,56103.0
flatfish-3_binary.npy,24,273,56103.0
flatfish-3_binary.npy,25,273,56103.0
flatfish-6_binary.npy,0,220,44862.0
flatfish-6_binary.npy,1,220,44862.0
flatfish-6_binary.npy,2,220,44862.0
flatfish-6_binary.npy,3,220,44862.0
flatfish-6_binary.npy,4,220,44862.0
flatfish-6_binary.npy,5,220,44862.0
flatfish-6_binary.npy,6,220,44862.0
flatfish-6_binary.npy,7,220,44862.0
flatfish-6_binary.npy,8,220,44862.0
fly-16_binary.npy,0,558,15528.0
fly-16_binary.npy,1,505,16058.0
fly-16_binary.npy,2,505,16058.0
fly-16_binary.npy,3,505,16058.0
fly-16_binary.npy,4,505,16058.0
fly-16_binary.npy,5,505,16058.0
fly-16_binary.npy,6,505,16058.0
fly-16_binary.npy,7,505,16058.0
fly-16_binary.npy,8,502,16088.0
fly-16_binary.npy,9,502,16088.0
fly-16_binary.npy,10,485,16258.0
fly-16_binary.npy,11,485,16258.0
fly-16_binary.npy,12,485,16258.0
fly-16_binary.npy,13,485,16258.0
fly-16_binary.npy,14,485,16258.0
fly-16_binary.npy,15,485,16258.0
fly-16_binary.npy,16,485,16258.0
fly-16_binary.npy,17,485,16258.0
fly-16_binary.npy,18,485,16258.0
fly-19_binary.npy,0,431,10162.0
fly-19_binary.npy,1,411,10362.0
fly-19_binary.npy,2,411,10362.0
fly-19_binary.npy,3,411,10362.0
fly-19_binary.npy,4,411,10362.0
fly-19_binary.npy,5,411,10362.0
fly-19_binary.npy,6,411,10362.0
fly-19_binary.npy,7,353,10942.0
fly-19_binary.npy,8,353,10942.0
fly-19_binary.npy,9,353,10942.0
fly-19_binary.npy,10,344,11032.0
fly-19_binary.npy,11,344,11032.0
fly-19_binary.npy,12,344,11032.0
fly-19_binary.npy,13,342,11052.0
fly-19_binary.npy,14,342,11052.0
fly-19_binary.npy,15,342,11052.0
fly-19_binary.npy,16,342,11052.0
fly-19_binary.npy,17,342,11052.0
fly-19_binary.npy,18,342,11052.0
fly-19_binary.npy,19,342,11052.0
fly-19_binary.npy,20,342,11052.0
fly-19_binary.npy,21,341,11062.0
fly-19_binary.npy,22,341,11062.0
fly-19_binary.npy,23,339,11082.0
fly-19_binary.npy,24,339,11082.0
fly-19_binary.npy,25,339,11082.0
fly-19_binary.npy,26,339,11082.0
fly-19_binary.npy,27,339,11082.0
fly-19_binary.npy,28,339,11082.0
fly-19_binary.npy,29,335,11122.0
fly-19_binary.npy,30,335,11122.0
fly-19_binary.npy,31,335,11122.0
fly-19_binary.npy,32,335,11122.0
fly-19_binary.npy,33,335,11122.0
fly-19_binary.npy,34,335,11122.0
fly-19_binary.npy,35,333,11142.0
fly-19_binary.npy,36,316,11312.0
fly-19_binary.npy,37,316,11312.0
fly-19_binary.npy,38,316,11312.0
fly-19_binary.npy,39,316,11312.0
fly-19_binary.npy,40,316,11312.0
fly-19_binary.npy,41,316,11312.0
fly-19_binary.npy,42,315,11322.0
fly-19_binary.npy,43,315,11322.0
fly-19_binary.npy,44,304,11432.0
fly-19_binary.npy,45,304,11432.0
fly-19_binary.npy,46,304,11432.0
fly-19_binary.npy,47,304,11432.0
fly-19_binary.npy,48,304,11432.0
fly-19_binary.npy,49,304,11432.0
fly-19_binary.npy,50,304,11432.0
fly-19_binary.npy,51,304,11432.0
fly-19_binary.npy,52,304,11432.0
fly-2_binary.npy,0,396,14109.0
fly-2_binary.npy,1,396,14109.0
fly-2_binary.npy,2,396,14109.0
fly-2_binary.npy,3,374,14329.0
fly-2_binary.npy,4,374,14329.0
fly-2_binary.npy,5,374,14329.0
fly-2_binary.npy,6,374,14329.0
fly-2_binary.npy,7,374,14329.0
fly-2_binary.npy,8,348,14589.0
fly-2_binary.npy,9,348,14589.0
fly-2_binary.npy,10,348,14589.0
fly-2_binary.npy,11,348,14589.0
fly-2_binary.npy,12,348,14589.0
fly-2_binary.npy,13,348,14589.0
fly-2_binary.npy,14,348,14589.0
fly-2_binary.npy,15,348,14589.0
fly-2_binary.npy,16,323,14839.0
fly-2_binary.npy,17,323,14839.0
fly-2_binary.npy,18,285,15219.0
fly-2_binary.npy,19,285,15219.0
fly-2_binary.npy,20,285,15219.0
fly-2_binary.npy,21,285,15219.0
fly-2_binary.npy,22,285,15219.0
fly-2_binary.npy,23,285,15219.0
fly-2_binary.npy,24,285,15219.0
fly-2_binary.npy,25,284,15229.0
fly-2_binary.npy,26,284,15229.0
fly-2_binary.npy,27,280,15269.0
fly-2_binary.npy,28,280,15269.0
fly-2_binary.npy,29,280,15269.0
fly-2_binary.npy,30,270,15369.0
fly-2_binary.npy,31,270,15369.0
fly-2_binary.npy,32,270,15369.0
fly-2_binary.npy,33,270,15369.0
fly-2_binary.npy,34,270,15369.0
fly-2_binary.npy,35,255,15519.0
fly-2_binary.npy,36,255,15519.0
fly-2_binary.npy,37,254,15529.0
fly-2_binary.npy,38,253,15539.0
fly-2_binary.npy,39,253,15539.0
fly-2_binary.npy,40,248,15589.0
fly-2_binary.npy,41,248,15589.0
fly-2_binary.npy,42,248,15589.0
fly-2_binary.npy,43,246,15609.0
fly-2_binary.npy,44,246,15609.0
fly-2_binary.npy,45,246,15609.0
fly-2_binary.npy,46,246,15609.0
fly-2_binary.npy,47,246,15609.0
fly-2_binary.npy,48,245,15619.0
fly-2_binary.npy,49,245,15619.0
fly-2_binary.npy,50,245,15619.0
fly-2_binary.npy,51,245,15619.0
fly-2_binary.npy,52,245,15619.0
fly-2_binary.npy,53,245,15619.0
fly-2_binary.npy,54,245,15619.0
fly-2_binary.npy,55,245,15619.0
fly-2_binary.npy,56,245,15619.0
fly-7_binary.npy,0,530,14926.0
fly-7_binary.npy,1,530,14926.0
fly-7_binary.npy,2,466,15566.0
fly-7_binary.npy,3,466,15566.0
fly-7_binary.npy,4,466,15566.0
fly-7_binary.npy,5,466,15566.0
fly-7_binary.npy,6,466,15566.0
fly-7_binary.npy,7,466,15566.0
fly-7_binary.npy,8,455,15676.0
fly-7_binary.npy,9,455,15676.0
fly-7_binary.npy,10,454,15686.0
fly-7_binary.npy,11,454,15686.0
fly-7_binary.npy,12,454,15686.0
fly-7_binary.npy,13,454,15686.0
fly-7_binary.npy,14,454,15686.0
fly-7_binary.npy,15,454,15686.0
fly-7_binary.npy,16,445,15776.0
fly-7_binary.npy,17,445,15776.0
fly-7_binary.npy,18,445,15776.0
fly-7_binary.npy,19,420,16026.0
fly-7_binary.npy,20,420,16026.0
fly-7_binary.npy,21,420,16026.0
fly-7_binary.npy,22,420,16026.0
fly-7_binary.npy,23,420,16026.0
fly-7_binary.npy,24,419,16036.0
fly-7_binary.npy,25,419,16036.0
fly-7_binary.npy,26,419,16036.0
fly-7_binary.npy,27,419,16036.0
fly-7_binary.npy,28,417,16056.0
fly-7_binary.npy,29,417,16056.0
fly-7_binary.npy,30,417,16056.0
fly-7_binary.npy,31,417,16056.0
fly-7_binary.npy,32,417,16056.0
fly-7_binary.npy,33,417,16056.0
fly-7_binary.npy,34,417,16056.0
fly-7_binary.npy,35,417,16056.0
fly-7_binary.npy,36,413,16096.0
fly-7_binary.npy,37,413,16096.0
fly-7_binary.npy,38,413,16096.0
fly-7_binary.npy,39,413,16096.0
fly-7_binary.npy,40,413,16096.0
fly-7_binary.npy,41,413,16096.0
fly-7_binary.npy,42,410,16126.0
fly-7_binary.npy,43,410,16126.0
fly-7_binary.npy,44,410,16126.0
fly-7_binary.npy,45,410,16126.0
fly-7_binary.npy,46,410,16126.0
fly-7_binary.npy,47,409,16136.0
fly-7_binary.npy,48,406,16166.0
fly-7_binary.npy,49,406,16166.0
fly-7_binary.npy,50,406,16166.0
fly-7_binary.npy,51,406,16166.0
fly-7_binary.npy,52,406,16166.0
fly-7_binary.npy,53,406,16166.0
fly-7_binary.npy,54,406,16166.0
fly-7_binary.npy,55,406,16166.0
fly-7_binary.npy,56,406,16166.0
fork-20_binary.npy,0,159,11103.0
fork-20_binary.npy,1,159,11103.0
fork-20_binary.npy,2,159,11103.0
fork-20_binary.npy,3,158,11113.0
fork-20_binary.npy,4,158,11113.0
fork-20_binary.npy,5,157,11123.0
fork-20_binary.npy,6,157,11123.0
fork-20_binary.npy,7,157,11123.0
fork-20_binary.npy,8,157,11123.0
fork-20_binary.npy,9,157,11123.0
fork-20_binary.npy,10,156,11133.0
fork-20_binary.npy,11,156,11133.0
fork-20_binary.npy,12,156,11133.0
fork-20_binary.npy,13,156,11133.0
fork-20_binary.npy,14,156,11133.0
fork-20_binary.npy,15,156,11133.0
fork-20_binary.npy,16,156,11133.0
fork-20_binary.npy,17,154,11153.0
fork-20_binary.npy,18,154,11153.0
fork-20_binary.npy,19,154,11153.0
fork-20_binary.npy,20,154,11153.0
fork-20_binary.npy,21,154,11153.0
fork-20_binary.npy,22,154,11153.0
fork-20_binary.npy,23,154,11153.0
fork-20_binary.npy,24,154,11153.0
fork-20_binary.npy,25,154,11153.0
fork-4_binary.npy,0,253,24307.0
fork-4_binary.npy,1,248,24357.0
fork-4_binary.npy,2,248,24357.0
fork-4_binary.npy,3,248,24357.0
fork-4_binary.npy,4,248,24357.0
fork-4_binary.npy,5,248,24357.0
fork-4_binary.npy,6,248,24357.0
fork-4_binary.npy,7,248,24357.0
fork-4_binary.npy,8,248,24357.0
fork-4_binary.npy,9,248,24357.0
fork-6_binary.npy,0,221,22185.0
fork-6_binary.npy,1,221,22185.0
fork-6_binary.npy,2,221,22185.0
fork-6_binary.npy,3,221,22185.0
fork-6_binary.npy,4,214,22255.0
fork-6_binary.npy,5,214,22255.0
fork-6_binary.npy,6,214,22255.0
fork-6_binary.npy,7,214,22255.0
fork-6_binary.npy,8,214,22255.0
fork-6_binary.npy,9,214,22255.0
fork-6_binary.npy,10,214,22255.0
fork-6_binary.npy,11,214,22255.0
fork-6_binary.npy,12,214,22255.0
fork-8_binary.npy,0,160,12547.0
fork-8_binary.npy,1,160,12547.0
fork-8_binary.npy,2,159,12557.0
fork-8_binary.npy,3,151,12637.0
fork-8_binary.npy,4,151,12637.0
fork-8_binary.npy,5,151,12637.0
fork-8_binary.npy,6,149,12657.0
fork-8_binary.npy,7,149,12657.0
fork-8_binary.npy,8,149,12657.0
fork-8_binary.npy,9,149,12657.0
fork-8_binary.npy,10,144,12707.0
fork-8_binary.npy,11,144,12707.0
fork-8_binary.npy,12,144,12707.0
fork-8_binary.npy,13,140,12747.0
fork-8_binary.npy,14,140,12747.0
fork-8_binary.npy,15,140,12747.0
fork-8_binary.npy,16,140,12747.0
fork-8_binary.npy,17,140,12747.0
fork-8_binary.npy,18,140,12747.0
fork-8_binary.npy,19,140,12747.0
fork-8_binary.npy,20,140,12747.0
fork-8_binary.npy,21,136,12787.0
fork-8_binary.npy,22,136,12787.0
fork-8_binary.npy,23,136,12787.0
fork-8_binary.npy,24,136,12787.0
fork-8_binary.npy,25,136,12787.0
fork-8_binary.npy,26,136,12787.0
fork-8_binary.npy,27,136,12787.0
fork-8_binary.npy,28,135,12797.0
fork-8_binary.npy,29,135,12797.0
fork-8_binary.npy,30,134,12807.0
fork-8_binary.npy,31,134,12807.0
fork-8_binary.npy,32,134,12807.0
fork-8_binary.npy,33,134,12807.0
fork-8_binary.npy,34,134,12807.0
fork-8_binary.npy,35,134,12807.0
fork-8_binary.npy,36,134,12807.0
fork-8_binary.npy,37,134,12807.0
fork-8_binary.npy,38,134,12807.0
fountain-03_binary.npy,0,157,12784.0
fountain-03_binary.npy,1,157,12784.0
fountain-03_binary.npy,2,157,12784.0
fountain-03_binary.npy,3,157,12784.0
fountain-03_binary.npy,4,143,12924.0
fountain-03_binary.npy,5,143,12924.0
fountain-03_binary.npy,6,143,12924.0
fountain-03_binary.npy,7,143,12924.0
fountain-03_binary.npy,8,143,12924.0
fountain-03_binary.npy,9,143,12924.0
fountain-03_binary.npy,10,143,12924.0
fountain-03_binary.npy,11,143,12924.0
fountain-03_binary.npy,12,126,13094.0
fountain-03_binary.npy,13,126,13094.0
fountain-03_binary.npy,14,126,13094.0
fountain-03_binary.npy,15,126,13094.0
fountain-03_binary.npy,16,120,13154.0
fountain-03_binary.npy,17,120,13154.0
fountain-03_binary.npy,18,120,13154.0
fountain-03_binary.npy,19,112,13234.0
fountain-03_binary.npy,20,112,13234.0
fountain-03_binary.npy,21,112,13234.0
fountain-03_binary.npy,22,112,13234.0
fountain-03_binary.npy,23,112,13234.0
fountain-03_binary.npy,24,112,13234.0
fountain-03_binary.npy,25,104,13314.0
fountain-03_binary.npy,26,104,13314.0
fountain-03_binary.npy,27,104,13314.0
fountain-03_binary.npy,28,104,13314.0
fountain-03_binary.npy,29,104,13314.0
fountain-03_binary.npy,30,104,13314.0
fountain-03_binary.npy,31,104,13314.0
fountain-03_binary.npy,32,104,13314.0
fountain-03_binary.npy,33,104,13314.0
fountain-04_binary.npy,0,158,13523.0
fountain-04_binary.npy,1,158,13523.0
fountain-04_binary.npy,2,147,13633.0
fountain-04_binary.npy,3,128,13823.0
fountain-04_binary.npy,4,128,13823.0
fountain-04_binary.npy,5,128,13823.0
fountain-04_binary.npy,6,128,13823.0
fountain-04_binary.npy,7,128,13823.0
fountain-04_binary.npy,8,128,13823.0
fountain-04_binary.npy,9,128,13823.0
fountain-04_binary.npy,10,128,13823.0
fountain-04_binary.npy,11,128,13823.0
fountain-08_binary.npy,0,163,13801.0
fountain-08_binary.npy,1,163,13801.0
fountain-08_binary.npy,2,163,13801.0
fountain-08_binary.npy,3,163,13801.0
fountain-08_binary.npy,4,139,14041.0
fountain-08_binary.npy,5,137,14061.0
fountain-08_binary.npy,6,137,14061.0
fountain-08_binary.npy,7,137,14061.0
fountain-08_binary.npy,8,133,14101.0
fountain-08_binary.npy,9,133,14101.0
fountain-08_binary.npy,10,133,14101.0
fountain-08_binary.npy,11,129,14141.0
fountain-08_binary.npy,12,129,14141.0
fountain-08_binary.npy,13,117,14261.0
fountain-08_binary.npy,14,117,14261.0
fountain-08_binary.npy,15,117,14261.0
fountain-08_binary.npy,16,117,14261.0
fountain-08_binary.npy,17,117,14261.0
fountain-08_binary.npy,18,117,14261.0
fountain-08_binary.npy,19,117,14261.0
fountain-08_binary.npy,20,117,14261.0
fountain-08_binary.npy,21,117,14261.0
fountain-19_binary.npy,0,150,12329.0
fountain-19_binary.npy,1,150,12329.0
fountain-19_binary.npy,2,150,12329.0
fountain-19_binary.npy,3,150,12329.0
fountain-19_binary.npy,4,150,12329.0
fountain-19_binary.npy,5,150,12329.0
fountain-19_binary.npy,6,147,12359.0
fountain-19_binary.npy,7,147,12359.0
fountain-19_binary.npy,8,147,12359.0
fountain-19_binary.npy,9,147,12359.0
fountain-19_binary.npy,10,147,12359.0
fountain-19_binary.npy,11,147,12359.0
fountain-19_binary.npy,12,147,12359.0
fountain-19_binary.npy,13,147,12359.0
fountain-19_binary.npy,14,143,12399.0
fountain-19_binary.npy,15,143,12399.0
fountain-19_binary.npy,16,142,12409.0
fountain-19_binary.npy,17,142,12409.0
fountain-19_binary.npy,18,142,12409.0
fountain-19_binary.npy,19,118,12649.0
fountain-19_binary.npy,20,118,12649.0
fountain-19_binary.npy,21,118,12649.0
fountain-19_binary.npy,22,118,12649.0
fountain-19_binary.npy,23,118,12649.0
fountain-19_binary.npy,24,118,12649.0
fountain-19_binary.npy,25,118,12649.0
fountain-19_binary.npy,26,118,12649.0
fountain-19_binary.npy,27,118,12649.0
frog-10_binary.npy,0,314,37466.0
frog-10_binary.npy,1,313,37476.0
frog-10_binary.npy,2,313,37476.0
frog-10_binary.npy,3,313,37476.0
frog-10_binary.npy,4,313,37476.0
frog-10_binary.npy,5,313,37476.0
frog-10_binary.npy,6,313,37476.0
frog-10_binary.npy,7,313,37476.0
frog-10_binary.npy,8,313,37476.0
frog-10_binary.npy,9,289,37716.0
frog-10_binary.npy,10,289,37716.0
frog-10_binary.npy,11,289,37716.0
frog-10_binary.npy,12,289,37716.0
frog-10_binary.npy,13,289,37716.0
frog-10_binary.npy,14,289,37716.0
frog-10_binary.npy,15,289,37716.0
frog-10_binary.npy,16,278,37826.0
frog-10_binary.npy,17,278,37826.0
frog-10_binary.npy,18,278,37826.0
frog-10_binary.npy,19,265,37956.0
frog-10_binary.npy,20,259,38016.0
frog-10_binary.npy,21,259,38016.0
frog-10_binary.npy,22,259,38016.0
frog-10_binary.npy,23,259,38016.0
frog-10_binary.npy,24,259,38016.0
frog-10_binary.npy,25,259,38016.0
frog-10_binary.npy,26,249,38116.0
frog-10_binary.npy,27,249,38116.0
frog-10_binary.npy,28,249,38116.0
frog-10_binary.npy,29,249,38116.0
frog-10_binary.npy,30,249,38116.0
frog-10_binary.npy,31,249,38116.0
frog-10_binary.npy,32,247,38136.0
frog-10_binary.npy,33,247,38136.0
frog-10_binary.npy,34,247,38136.0
frog-10_binary.npy,35,247,38136.0
frog-10_binary.npy,36,247,38136.0
frog-10_binary.npy,37,247,38136.0
frog-10_binary.npy,38,247,38136.0
frog-10_binary.npy,39,247,38136.0
frog-10_binary.npy,40,247,38136.0
frog-17_binary.npy,0,286,20951.0
frog-17_binary.npy,1,274,21071.0
frog-17_binary.npy,2,274,21071.0
frog-17_binary.npy,3,260,21211.0
frog-17_binary.npy,4,260,21211.0
frog-17_binary.npy,5,260,21211.0
frog-17_binary.npy,6,260,21211.0
frog-17_binary.npy,7,251,21301.0
frog-17_binary.npy,8,251,21301.0
frog-17_binary.npy,9,251,21301.0
frog-17_binary.npy,10,240,21411.0
frog-17_binary.npy,11,240,21411.0
frog-17_binary.npy,12,240,21411.0
frog-17_binary.npy,13,240,21411.0
frog-17_binary.npy,14,240,21411.0
frog-17_binary.npy,15,240,21411.0
frog-17_binary.npy,16,240,21411.0
frog-17_binary.npy,17,240,21411.0
frog-17_binary.npy,18,240,21411.0
frog-1_binary.npy,0,329,38648.0
frog-1_binary.npy,1,329,38648.0
frog-1_binary.npy,2,329,38648.0
frog-1_binary.npy,3,329,38648.0
frog-1_binary.npy,4,327,38668.0
frog-1_binary.npy,5,327,38668.0
frog-1_binary.npy,6,327,38668.0
frog-1_binary.npy,7,306,38878.0
frog-1_binary.npy,8,306,38878.0
frog-1_binary.npy,9,306,38878.0
frog-1_binary.npy,10,306,38878.0
frog-1_binary.npy,11,306,38878.0
frog-1_binary.npy,12,306,38878.0
frog-1_binary.npy,13,288,39058.0
frog-1_binary.npy,14,288,39058.0
frog-1_binary.npy,15,288,39058.0
frog-1_binary.npy,16,288,39058.0
frog-1_binary.npy,17,288,39058.0
frog-1_binary.npy,18,288,39058.0
frog-1_binary.npy,19,269,39248.0
frog-1_binary.npy,20,269,39248.0
frog-1_binary.npy,21,269,39248.0
frog-1_binary.npy,22,269,39248.0
frog-1_binary.npy,23,269,39248.0
frog-1_binary.npy,24,269,39248.0
frog-1_binary.npy,25,269,39248.0
frog-1_binary.npy,26,269,39248.0
frog-1_binary.npy,27,269,39248.0
frog-7_binary.npy,0,401,53456.0
frog-7_binary.npy,1,401,53456.0
frog-7_binary.npy,2,401,53456.0
frog-7_binary.npy,3,399,53476.0
frog-7_binary.npy,4,399,53476.0
frog-7_binary.npy,5,399,53476.0
frog-7_binary.npy,6,387,53596.0
frog-7_binary.npy,7,387,53596.0
frog-7_binary.npy,8,387,53596.0
frog-7_binary.npy,9,387,53596.0
frog-7_binary.npy,10,387,53596.0
frog-7_binary.npy,11,361,53856.0
frog-7_binary.npy,12,349,53976.0
frog-7_binary.npy,13,344,54026.0
frog-7_binary.npy,14,344,54026.0
frog-7_binary.npy,15,344,54026.0
frog-7_binary.npy,16,344,54026.0
frog-7_binary.npy,17,344,54026.0
frog-7_binary.npy,18,341,54056.0
frog-7_binary.npy,19,341,54056.0
frog-7_binary.npy,20,339,54076.0
frog-7_binary.npy,21,339,54076.0
frog-7_binary.npy,22,339,54076.0
frog-7_binary.npy,23,338,54086.0
frog-7_binary.npy,24,338,54086.0
frog-7_binary.npy,25,336,54106.0
frog-7_binary.npy,26,336,54106.0
frog-7_binary.npy,27,336,54106.0
frog-7_binary.npy,28,336,54106.0
frog-7_binary.npy,29,336,54106.0
frog-7_binary.npy,30,336,54106.0
frog-7_binary.npy,31,336,54106.0
frog-7_binary.npy,32,336,54106.0
frog-7_binary.npy,33,336,54106.0
guitar-10_binary.npy,0,417,79149.0
guitar-10_binary.npy,1,417,79149.0
guitar-10_binary.npy,2,397,79349.0
guitar-10_binary.npy,3,397,79349.0
guitar-10_binary.npy,4,397,79349.0
guitar-10_binary.npy,5,397,79349.0
guitar-10_binary.npy,6,397,79349.0
guitar-10_binary.npy,7,397,79349.0
guitar-10_binary.npy,8,371,79609.0
guitar-10_binary.npy,9,371,79609.0
guitar-10_binary.npy,10,371,79609.0
guitar-10_binary.npy,11,371,79609.0
guitar-10_binary.npy,12,371,79609.0
guitar-10_binary.npy,13,365,79669.0
guitar-10_binary.npy,14,365,79669.0
guitar-10_binary.npy,15,362,79699.0
guitar-10_binary.npy,16,361,79709.0
guitar-10_binary.npy,17,361,79709.0
guitar-10_binary.npy,18,361,79709.0
guitar-10_binary.npy,19,361,79709.0
guitar-10_binary.npy,20,361,79709.0
guitar-10_binary.npy,21,358,79739.0
guitar-10_binary.npy,22,358,79739.0
guitar-10_binary.npy,23,358,79739.0
guitar-10_binary.npy,24,358,79739.0
guitar-10_binary.npy,25,358,79739.0
guitar-10_binary.npy,26,358,79739.0
guitar-10_binary.npy,27,358,79739.0
guitar-10_binary.npy,28,358,79739.0
guitar-10_binary.npy,29,358,79739.0
guitar-12_binary.npy,0,227,14619.0
guitar-12_binary.npy,1,225,14639.0
guitar-12_binary.npy,2,225,14639.0
guitar-12_binary.npy,3,225,14639.0
guitar-12_binary.npy,4,214,14749.0
guitar-12_binary.npy,5,214,14749.0
guitar-12_binary.npy,6,214,14749.0
guitar-12_binary.npy,7,214,14749.0
guitar-12_binary.npy,8,214,14749.0
guitar-12_binary.npy,9,214,14749.0
guitar-12_binary.npy,10,214,14749.0
guitar-12_binary.npy,11,210,14789.0
guitar-12_binary.npy,12,210,14789.0
guitar-12_binary.npy,13,210,14789.0
guitar-12_binary.npy,14,210,14789.0
guitar-12_binary.npy,15,205,14839.0
guitar-12_binary.npy,16,205,14839.0
guitar-12_binary.npy,17,205,14839.0
guitar-12_binary.npy,18,205,14839.0
guitar-12_binary.npy,19,205,14839.0
guitar-12_binary.npy,20,201,14879.0
guitar-12_binary.npy,21,201,14879.0
guitar-12_binary.npy,22,201,14879.0
guitar-12_binary.npy,23,201,14879.0
guitar-12_binary.npy,24,201,14879.0
guitar-12_binary.npy,25,201,14879.0
guitar-12_binary.npy,26,201,14879.0
guitar-12_binary.npy,27,201,14879.0
guitar-12_binary.npy,28,201,14879.0
guitar-17_binary.npy,0,357,41758.0
guitar-17_binary.npy,1,357,41758.0
guitar-17_binary.npy,2,355,41778.0
guitar-17_binary.npy,3,355,41778.0
guitar-17_binary.npy,4,340,41928.0
guitar-17_binary.npy,5,340,41928.0
guitar-17_binary.npy,6,340,41928.0
guitar-17_binary.npy,7,340,41928.0
guitar-17_binary.npy,8,340,41928.0
guitar-17_binary.npy,9,340,41928.0
guitar-17_binary.npy,10,340,41928.0
guitar-17_binary.npy,11,340,41928.0
guitar-17_binary.npy,12,340,41928.0
guitar-8_binary.npy,0,247,23968.0
guitar-8_binary.npy,1,247,23968.0
guitar-8_binary.npy,2,247,23968.0
guitar-8_binary.npy,3,247,23968.0
guitar-8_binary.npy,4,247,23968.0
guitar-8_binary.npy,5,245,23988.0
guitar-8_binary.npy,6,245,23988.0
guitar-8_binary.npy,7,243,24008.0
guitar-8_binary.npy,8,243,24008.0
guitar-8_binary.npy,9,243,24008.0
guitar-8_binary.npy,10,238,24058.0
guitar-8_binary.npy,11,238,24058.0
guitar-8_binary.npy,12,238,24058.0
guitar-8_binary.npy,13,238,24058.0
guitar-8_binary.npy,14,238,24058.0
guitar-8_binary.npy,15,238,24058.0
guitar-8_binary.npy,16,238,24058.0
guitar-8_binary.npy,17,238,24058.0
guitar-8_binary.npy,18,238,24058.0
hammer-11_binary.npy,0,182,4900.0
hammer-11_binary.npy,1,182,4900.0
hammer-11_binary.npy,2,182,4900.0
hammer-11_binary.npy,3,128,5440.0
hammer-11_binary.npy,4,128,5440.0
hammer-11_binary.npy,5,125,5470.0
hammer-11_binary.npy,6,125,5470.0
hammer-11_binary.npy,7,101,5710.0
hammer-11_binary.npy,8,101,5710.0
hammer-11_binary.npy,9,101,5710.0
hammer-11_binary.npy,10,101,5710.0
hammer-11_binary.npy,11,80,5920.0
hammer-11_binary.npy,12,80,5920.0
hammer-11_binary.npy,13,80,5920.0
hammer-11_binary.npy,14,80,5920.0
hammer-11_binary.npy,15,80,5920.0
hammer-11_binary.npy,16,80,5920.0
hammer-11_binary.npy,17,80,5920.0
hammer-11_binary.npy,18,80,5920.0
hammer-11_binary.npy,19,65,6070.0
hammer-11_binary.npy,20,65,6070.0
hammer-11_binary.npy,21,65,6070.0
hammer-11_binary.npy,22,65,6070.0
hammer-11_binary.npy,23,65,6070.0
hammer-11_binary.npy,24,65,6070.0
hammer-11_binary.npy,25,56,6160.0
hammer-11_binary.npy,26,56,6160.0
hammer-11_binary.npy,27,56,6160.0
hammer-11_binary.npy,28,50,6220.0
hammer-11_binary.npy,29,50,6220.0
hammer-11_binary.npy,30,50,6220.0
hammer-11_binary.npy,31,50,6220.0
hammer-11_binary.npy,32,50,6220.0
hammer-11_binary.npy,33,50,6220.0
hammer-11_binary.npy,34,50,6220.0
hammer-11_binary.npy,35,50,6220.0
hammer-11_binary.npy,36,50,6220.0
hammer-12_binary.npy,0,156,4536.0
hammer-12_binary.npy,1,156,4536.0
hammer-12_binary.npy,2,156,4536.0
hammer-12_binary.npy,3,97,5126.0
hammer-12_binary.npy,4,97,5126.0
hammer-12_binary.npy,5,97,5126.0
hammer-12_binary.npy,6,97,5126.0
hammer-12_binary.npy,7,97,5126.0
hammer-12_binary.npy,8,88,5216.0
hammer-12_binary.npy,9,88,5216.0
hammer-12_binary.npy,10,88,5216.0
hammer-12_binary.npy,11,88,5216.0
hammer-12_binary.npy,12,72,5376.0
hammer-12_binary.npy,13,72,5376.0
hammer-12_binary.npy,14,72,5376.0
hammer-12_binary.npy,15,72,5376.0
hammer-12_binary.npy,16,72,5376.0
hammer-12_binary.npy,17,72,5376.0
hammer-12_binary.npy,18,72,5376.0
hammer-12_binary.npy,19,72,5376.0
hammer-12_binary.npy,20,72,5376.0
hammer-17_binary.npy,0,209,4712.0
hammer-17_binary.npy,1,202,4782.0
hammer-17_binary.npy,2,202,4782.0
hammer-17_binary.npy,3,202,4782.0
hammer-17_binary.npy,4,202,4782.0
hammer-17_binary.npy,5,201,4792.0
hammer-17_binary.npy,6,201,4792.0
hammer-17_binary.npy,7,201,4792.0
hammer-17_binary.npy,8,201,4792.0
hammer-17_binary.npy,9,191,4892.0
hammer-17_binary.npy,10,115,5652.0
hammer-17_binary.npy,11,115,5652.0
hammer-17_binary.npy,12,115,5652.0
hammer-17_binary.npy,13,111,5692.0
hammer-17_binary.npy,14,111,5692.0
hammer-17_binary.npy,15,91,5892.0
hammer-17_binary.npy,16,91,5892.0
hammer-17_binary.npy,17,91,5892.0
hammer-17_binary.npy,18,91,5892.0
hammer-17_binary.npy,19,91,5892.0
hammer-17_binary.npy,20,85,5952.0
hammer-17_binary.npy,21,85,5952.0
hammer-17_binary.npy,22,85,5952.0
hammer-17_binary.npy,23,85,5952.0
hammer-17_binary.npy,24,85,5952.0
hammer-17_binary.npy,25,81,5992.0
hammer-17_binary.npy,26,81,5992.0
hammer-17_binary.npy,27,81,5992.0
hammer-17_binary.npy,28,81,5992.0
hammer-17_binary.npy,29,81,5992.0
hammer-17_binary.npy,30,65,6152.0
hammer-17_binary.npy,31,65,6152.0
hammer-17_binary.npy,32,64,6162.0
hammer-17_binary.npy,33,64,6162.0
hammer-17_binary.npy,34,64,6162.0
hammer-17_binary.npy,35,58,6222.0
hammer-17_binary.npy,36,53,6272.0
hammer-17_binary.npy,37,53,6272.0
hammer-17_binary.npy,38,53,6272.0
hammer-17_binary.npy,39,48,6322.0
hammer-17_binary.npy,40,48,6322.0
hammer-17_binary.npy,41,48,6322.0
hammer-17_binary.npy,42,48,6322.0
hammer-17_binary.npy,43,48,6322.0
hammer-17_binary.npy,44,48,6322.0
hammer-17_binary.npy,45,48,6322.0
hammer-17_binary.npy,46,47,6332.0
hammer-17_binary.npy,47,47,6332.0
hammer-17_binary.npy,48,47,6332.0
hammer-17_binary.npy,49,45,6352.0
hammer-17_binary.npy,50,43,6372.0
hammer-17_binary.npy,51,43,6372.0
hammer-17_binary.npy,52,43,6372.0
hammer-17_binary.npy,53,43,6372.0
hammer-17_binary.npy,54,43,6372.0
hammer-17_binary.npy,55,43,6372.0
hammer-17_binary.npy,56,43,6372.0
hammer-17_binary.npy,57,43,6372.0
hammer-17_binary.npy,58,43,6372.0
hammer-9_binary.npy,0,99,5730.0
hammer-9_binary.npy,1,99,5730.0
hammer-9_binary.npy,2,99,5730.0
hammer-9_binary.npy,3,99,5730.0
hammer-9_binary.npy,4,99,5730.0
hammer-9_binary.npy,5,99,5730.0
hammer-9_binary.npy,6,98,5740.0
hammer-9_binary.npy,7,98,5740.0
hammer-9_binary.npy,8,98,5740.0
hammer-9_binary.npy,9,77,5950.0
hammer-9_binary.npy,10,77,5950.0
hammer-9_binary.npy,11,77,5950.0
hammer-9_binary.npy,12,77,5950.0
hammer-9_binary.npy,13,77,5950.0
hammer-9_binary.npy,14,77,5950.0
hammer-9_binary.npy,15,77,5950.0
hammer-9_binary.npy,16,77,5950.0
hammer-9_binary.npy,17,71,6010.0
hammer-9_binary.npy,18,71,6010.0
hammer-9_binary.npy,19,71,6010.0
hammer-9_binary.npy,20,53,6190.0
hammer-9_binary.npy,21,53,6190.0
hammer-9_binary.npy,22,53,6190.0
hammer-9_binary.npy,23,52,6200.0
hammer-9_binary.npy,24,52,6200.0
hammer-9_binary.npy,25,52,6200.0
hammer-9_binary.npy,26,52,6200.0
hammer-9_binary.npy,27,52,6200.0
hammer-9_binary.npy,28,47,6250.0
hammer-9_binary.npy,29,47,6250.0
hammer-9_binary.npy,30,47,6250.0
hammer-9_binary.npy,31,47,6250.0
hammer-9_binary.npy,32,46,6260.0
hammer-9_binary.npy,33,44,6280.0
hammer-9_binary.npy,34,44,6280.0
hammer-9_binary.npy,35,44,6280.0
hammer-9_binary.npy,36,44,6280.0
hammer-9_binary.npy,37,44,6280.0
hammer-9_binary.npy,38,44,6280.0
hammer-9_binary.npy,39,44,6280.0
hammer-9_binary.npy,40,44,6280.0
hammer-9_binary.npy,41,42,6300.0
hammer-9_binary.npy,42,42,6300.0
hammer-9_binary.npy,43,42,6300.0
hammer-9_binary.npy,44,42,6300.0
hammer-9_binary.npy,45,42,6300.0
hammer-9_binary.npy,46,42,6300.0
hammer-9_binary.npy,47,42,6300.0
hammer-9_binary.npy,48,42,6300.0
hammer-9_binary.npy,49,42,6300.0
hat-12_binary.npy,0,114,10242.0
hat-12_binary.npy,1,114,10242.0
hat-12_binary.npy,2,81,10572.0
hat-12_binary.npy,3,81,10572.0
hat-12_binary.npy,4,81,10572.0
hat-12_binary.npy,5,81,10572.0
hat-12_binary.npy,6,81,10572.0
hat-12_binary.npy,7,73,10652.0
hat-12_binary.npy,8,63,10752.0
hat-12_binary.npy,9,63,10752.0
hat-12_binary.npy,10,57,10812.0
hat-12_binary.npy,11,52,10862.0
hat-12_binary.npy,12,52,10862.0
hat-12_binary.npy,13,52,10862.0
hat-12_binary.npy,14,52,10862.0
hat-12_binary.npy,15,52,10862.0
hat-12_binary.npy,16,52,10862.0
hat-12_binary.npy,17,52,10862.0
hat-12_binary.npy,18,52,10862.0
hat-12_binary.npy,19,47,10912.0
hat-12_binary.npy,20,47,10912.0
hat-12_binary.npy,21,47,10912.0
hat-12_binary.npy,22,47,10912.0
hat-12_binary.npy,23,47,10912.0
hat-12_binary.npy,24,47,10912.0
hat-12_binary.npy,25,46,10922.0
hat-12_binary.npy,26,46,10922.0
hat-12_binary.npy,27,46,10922.0
hat-12_binary.npy,28,46,10922.0
hat-12_binary.npy,29,46,10922.0
hat-12_binary.npy,30,46,10922.0
hat-12_binary.npy,31,46,10922.0
hat-12_binary.npy,32,46,10922.0
hat-12_binary.npy,33,46,10922.0
hat-17_binary.npy,0,130,21676.0
hat-17_binary.npy,1,130,21676.0
hat-17_binary.npy,2,130,21676.0
hat-17_binary.npy,3,121,21766.0
hat-17_binary.npy,4,121,21766.0
hat-17_binary.npy,5,121,21766.0
hat-17_binary.npy,6,102,21956.0
hat-17_binary.npy,7,102,21956.0
hat-17_binary.npy,8,102,21956.0
hat-17_binary.npy,9,102,21956.0
hat-17_binary.npy,10,102,21956.0
hat-17_binary.npy,11,102,21956.0
hat-17_binary.npy,12,95,22026.0
hat-17_binary.npy,13,90,22076.0
hat-17_binary.npy,14,90,22076.0
hat-17_binary.npy,15,90,22076.0
hat-17_binary.npy,16,90,22076.0
hat-17_binary.npy,17,88,22096.0
hat-17_binary.npy,18,88,22096.0
hat-17_binary.npy,19,88,22096.0
hat-17_binary.npy,20,88,22096.0
hat-17_binary.npy,21,88,22096.0
hat-17_binary.npy,22,87,22106.0
hat-17_binary.npy,23,87,22106.0
hat-17_binary.npy,24,87,22106.0
hat-17_binary.npy,25,81,22166.0
hat-17_binary.npy,26,81,22166.0
hat-17_binary.npy,27,81,22166.0
hat-17_binary.npy,28,81,22166.0
hat-17_binary.npy,29,81,22166.0
hat-17_binary.npy,30,81,22166.0
hat-17_binary.npy,31,81,22166.0
hat-17_binary.npy,32,81,22166.0
hat-17_binary.npy,33,81,22166.0
hat-1_binary.npy,0,247,27123.0
hat-1_binary.npy,1,181,27783.0
hat-1_binary.npy,2,181,27783.0
hat-1_binary.npy,3,181,27783.0
hat-1_binary.npy,4,181,27783.0
hat-1_binary.npy,5,181,27783.0
hat-1_binary.npy,6,181,27783.0
hat-1_binary.npy,7,181,27783.0
hat-1_binary.npy,8,181,27783.0
hat-1_binary.npy,9,181,27783.0
hat-6_binary.npy,0,77,3148.0
hat-6_binary.npy,1,77,3148.0
hat-6_binary.npy,2,77,3148.0
hat-6_binary.npy,3,77,3148.0
hat-6_binary.npy,4,77,3148.0
hat-6_binary.npy,5,77,3148.0
hat-6_binary.npy,6,77,3148.0
hat-6_binary.npy,7,77,3148.0
hat-6_binary.npy,8,67,3248.0
hat-6_binary.npy,9,67,3248.0
hat-6_binary.npy,10,67,3248.0
hat-6_binary.npy,11,67,3248.0
hat-6_binary.npy,12,67,3248.0
hat-6_binary.npy,13,50,3418.0
hat-6_binary.npy,14,50,3418.0
hat-6_binary.npy,15,50,3418.0
hat-6_binary.npy,16,50,3418.0
hat-6_binary.npy,17,50,3418.0
hat-6_binary.npy,18,50,3418.0
hat-6_binary.npy,19,50,3418.0
hat-6_binary.npy,20,50,3418.0
hat-6_binary.npy,21,41,3508.0
hat-6_binary.npy,22,41,3508.0
hat-6_binary.npy,23,41,3508.0
hat-6_binary.npy,24,41,3508.0
hat-6_binary.npy,25,41,3508.0
hat-6_binary.npy,26,41,3508.0
hat-6_binary.npy,27,41,3508.0
hat-6_binary.npy,28,41,3508.0
hat-6_binary.npy,29,41,3508.0
horse-14_binary.npy,0,1212,136499.0
horse-14_binary.npy,1,1212,136499.0
horse-14_binary.npy,2,1212,136499.0
horse-14_binary.npy,3,1166,136959.0
horse-14_binary.npy,4,1107,137549.0
horse-14_binary.npy,5,1107,137549.0
horse-14_binary.npy,6,1107,137549.0
horse-14_binary.npy,7,1107,137549.0
horse-14_binary.npy,8,1054,138079.0
horse-14_binary.npy,9,1054,138079.0
horse-14_binary.npy,10,1054,138079.0
horse-14_binary.npy,11,1054,138079.0
horse-14_binary.npy,12,1054,138079.0
horse-14_binary.npy,13,1052,138099.0
horse-14_binary.npy,14,1043,138189.0
horse-14_binary.npy,15,1043,138189.0
horse-14_binary.npy,16,1043,138189.0
horse-14_binary.npy,17,1040,138219.0
horse-14_binary.npy,18,1040,138219.0
horse-14_binary.npy,19,1040,138219.0
horse-14_binary.npy,20,1036,138259.0
horse-14_binary.npy,21,1036,138259.0
horse-14_binary.npy,22,1036,138259.0
horse-14_binary.npy,23,1027,138349.0
horse-14_binary.npy,24,1027,138349.0
horse-14_binary.npy,25,1027,138349.0
horse-14_binary.npy,26,1027,138349.0
horse-14_binary.npy,27,1027,138349.0
horse-14_binary.npy,28,1027,138349.0
horse-14_binary.npy,29,1027,138349.0
horse-14_binary.npy,30,1027,138349.0
horse-14_binary.npy,31,1027,138349.0
horse-16_binary.npy,0,1036,107482.0
horse-16_binary.npy,1,1036,107482.0
horse-16_binary.npy,2,991,107932.0
horse-16_binary.npy,3,991,107932.0
horse-16_binary.npy,4,991,107932.0
horse-16_binary.npy,5,926,108582.0
horse-16_binary.npy,6,926,108582.0
horse-16_binary.npy,7,926,108582.0
horse-16_binary.npy,8,926,108582.0
horse-16_binary.npy,9,926,108582.0
horse-16_binary.npy,10,926,108582.0
horse-16_binary.npy,11,926,108582.0
horse-16_binary.npy,12,924,108602.0
horse-16_binary.npy,13,924,108602.0
horse-16_binary.npy,14,924,108602.0
horse-16_binary.npy,15,924,108602.0
horse-16_binary.npy,16,924,108602.0
horse-16_binary.npy,17,924,108602.0
horse-16_binary.npy,18,924,108602.0
horse-16_binary.npy,19,924,108602.0
horse-16_binary.npy,20,894,108902.0
horse-16_binary.npy,21,894,108902.0
horse-16_binary.npy,22,894,108902.0
horse-16_binary.npy,23,894,108902.0
horse-16_binary.npy,24,894,108902.0
horse-16_binary.npy,25,894,108902.0
horse-16_binary.npy,26,894,108902.0
horse-16_binary.npy,27,894,108902.0
horse-16_binary.npy,28,894,108902.0
horse-18_binary.npy,0,512,27389.0
horse-18_binary.npy,1,449,28019.0
horse-18_binary.npy,2,449,28019.0
horse-18_binary.npy,3,449,28019.0
horse-18_binary.npy,4,449,28019.0
horse-18_binary.npy,5,449,28019.0
horse-18_binary.npy,6,449,28019.0
horse-18_binary.npy,7,449,28019.0
horse-18_binary.npy,8,449,28019.0
horse-18_binary.npy,9,449,28019.0
horse-5_binary.npy,0,551,25781.0
horse-5_binary.npy,1,480,26491.0
horse-5_binary.npy,2,480,26491.0
horse-5_binary.npy,3,447,26821.0
horse-5_binary.npy,4,424,27051.0
horse-5_binary.npy,5,424,27051.0
horse-5_binary.npy,6,424,27051.0
horse-5_binary.npy,7,424,27051.0
horse-5_binary.npy,8,421,27081.0
horse-5_binary.npy,9,421,27081.0
horse-5_binary.npy,10,421,27081.0
horse-5_binary.npy,11,421,27081.0
horse-5_binary.npy,12,421,27081.0
horse-5_binary.npy,13,421,27081.0
horse-5_binary.npy,14,421,27081.0
horse-5_binary.npy,15,421,27081.0
horse-5_binary.npy,16,421,27081.0
horseshoe-17_binary.npy,0,163,3134.0
horseshoe-17_binary.npy,1,163,3134.0
horseshoe-17_binary.npy,2,163,3134.0
horseshoe-17_binary.npy,3,163,3134.0
horseshoe-17_binary.npy,4,155,3214.0
horseshoe-17_binary.npy,5,155,3214.0
horseshoe-17_binary.npy,6,137,3394.0
horseshoe-17_binary.npy,7,137,3394.0
horseshoe-17_binary.npy,8,137,3394.0
horseshoe-17_binary.npy,9,137,3394.0
horseshoe-17_binary.npy,10,137,3394.0
horseshoe-17_binary.npy,11,129,3474.0
horseshoe-17_binary.npy,12,129,3474.0
horseshoe-17_binary.npy,13,129,3474.0
horseshoe-17_binary.npy,14,129,3474.0
horseshoe-17_binary.npy,15,125,3514.0
horseshoe-17_binary.npy,16,105,3714.0
horseshoe-17_binary.npy,17,105,3714.0
horseshoe-17_binary.npy,18,105,3714.0
horseshoe-17_binary.npy,19,105,3714.0
horseshoe-17_binary.npy,20,105,3714.0
horseshoe-17_binary.npy,21,105,3714.0
horseshoe-17_binary.npy,22,105,3714.0
horseshoe-17_binary.npy,23,105,3714.0
horseshoe-17_binary.npy,24,105,3714.0
horseshoe-5_binary.npy,0,173,1763.0
horseshoe-5_binary.npy,1,173,1763.0
horseshoe-5_binary.npy,2,148,2013.0
horseshoe-5_binary.npy,3,148,2013.0
horseshoe-5_binary.npy,4,146,2033.0
horseshoe-5_binary.npy,5,146,2033.0
horseshoe-5_binary.npy,6,146,2033.0
horseshoe-5_binary.npy,7,146,2033.0
horseshoe-5_binary.npy,8,146,2033.0
horseshoe-5_binary.npy,9,146,2033.0
horseshoe-5_binary.npy,10,146,2033.0
horseshoe-5_binary.npy,11,146,2033.0
horseshoe-5_binary.npy,12,146,2033.0
horseshoe-8_binary.npy,0,105,676.0
horseshoe-8_binary.npy,1,105,676.0
horseshoe-8_binary.npy,2,105,676.0
horseshoe-8_binary.npy,3,103,696.0
horseshoe-8_binary.npy,4,97,756.0
horseshoe-8_binary.npy,5,97,756.0
horseshoe-8_binary.npy,6,97,756.0
horseshoe-8_binary.npy,7,85,876.0
horseshoe-8_binary.npy,8,79,936.0
horseshoe-8_binary.npy,9,79,936.0
horseshoe-8_binary.npy,10,79,936.0
horseshoe-8_binary.npy,11,79,936.0
horseshoe-8_binary.npy,12,73,996.0
horseshoe-8_binary.npy,13,73,996.0
horseshoe-8_binary.npy,14,73,996.0
horseshoe-8_binary.npy,15,73,996.0
horseshoe-8_binary.npy,16,70,1026.0
horseshoe-8_binary.npy,17,70,1026.0
horseshoe-8_binary.npy,18,70,1026.0
horseshoe-8_binary.npy,19,66,1066.0
horseshoe-8_binary.npy,20,66,1066.0
horseshoe-8_binary.npy,21,66,1066.0
horseshoe-8_binary.npy,22,58,1146.0
horseshoe-8_binary.npy,23,58,1146.0
horseshoe-8_binary.npy,24,58,1146.0
horseshoe-8_binary.npy,25,57,1156.0
horseshoe-8_binary.npy,26,57,1156.0
horseshoe-8_binary.npy,27,56,1166.0
horseshoe-8_binary.npy,28,55,1176.0
horseshoe-8_binary.npy,29,53,1196.0
horseshoe-8_binary.npy,30,53,1196.0
horseshoe-8_binary.npy,31,50,1226.0
horseshoe-8_binary.npy,32,50,1226.0
horseshoe-8_binary.npy,33,50,1226.0
horseshoe-8_binary.npy,34,50,1226.0
horseshoe-8_binary.npy,35,50,1226.0
horseshoe-8_binary.npy,36,50,1226.0
horseshoe-8_binary.npy,37,50,1226.0
horseshoe-8_binary.npy,38,50,1226.0
horseshoe-8_binary.npy,39,50,1226.0
horseshoe-9_binary.npy,0,116,3604.0
horseshoe-9_binary.npy,1,116,3604.0
horseshoe-9_binary.npy,2,103,3734.0
horseshoe-9_binary.npy,3,103,3734.0
horseshoe-9_binary.npy,4,103,3734.0
horseshoe-9_binary.npy,5,103,3734.0
horseshoe-9_binary.npy,6,103,3734.0
horseshoe-9_binary.npy,7,103,3734.0
horseshoe-9_binary.npy,8,103,3734.0
horseshoe-9_binary.npy,9,96,3804.0
horseshoe-9_binary.npy,10,96,3804.0
horseshoe-9_binary.npy,11,96,3804.0
horseshoe-9_binary.npy,12,96,3804.0
horseshoe-9_binary.npy,13,96,3804.0
horseshoe-9_binary.npy,14,96,3804.0
horseshoe-9_binary.npy,15,96,3804.0
horseshoe-9_binary.npy,16,96,3804.0
horseshoe-9_binary.npy,17,96,3804.0
jar-13_binary.npy,0,375,79021.0
jar-13_binary.npy,1,375,79021.0
jar-13_binary.npy,2,375,79021.0
jar-13_binary.npy,3,375,79021.0
jar-13_binary.npy,4,375,79021.0
jar-13_binary.npy,5,375,79021.0
jar-13_binary.npy,6,375,79021.0
jar-13_binary.npy,7,375,79021.0
jar-13_binary.npy,8,354,79231.0
jar-13_binary.npy,9,321,79561.0
jar-13_binary.npy,10,321,79561.0
jar-13_binary.npy,11,321,79561.0
jar-13_binary.npy,12,321,79561.0
jar-13_binary.npy,13,321,79561.0
jar-13_binary.npy,14,321,79561.0
jar-13_binary.npy,15,321,79561.0
jar-13_binary.npy,16,321,79561.0
jar-13_binary.npy,17,308,79691.0
jar-13_binary.npy,18,308,79691.0
jar-13_binary.npy,19,308,79691.0
jar-13_binary.npy,20,308,79691.0
jar-13_binary.npy,21,308,79691.0
jar-13_binary.npy,22,308,79691.0
jar-13_binary.npy,23,297,79801.0
jar-13_binary.npy,24,282,79951.0
jar-13_binary.npy,25,282,79951.0
jar-13_binary.npy,26,282,79951.0
jar-13_binary.npy,27,282,79951.0
jar-13_binary.npy,28,282,79951.0
jar-13_binary.npy,29,278,79991.0
jar-13_binary.npy,30,277,80001.0
jar-13_binary.npy,31,277,80001.0
jar-13_binary.npy,32,277,80001.0
jar-13_binary.npy,33,277,80001.0
jar-13_binary.npy,34,275,80021.0
jar-13_binary.npy,35,275,80021.0
jar-13_binary.npy,36,275,80021.0
jar-13_binary.npy,37,262,80151.0
jar-13_binary.npy,38,262,80151.0
jar-13_binary.npy,39,261,80161.0
jar-13_binary.npy,40,261,80161.0
jar-13_binary.npy,41,258,80191.0
jar-13_binary.npy,42,258,80191.0
jar-13_binary.npy,43,258,80191.0
jar-13_binary.npy,44,258,80191.0
jar-13_binary.npy,45,258,80191.0
jar-13_binary.npy,46,258,80191.0
jar-13_binary.npy,47,258,80191.0
jar-13_binary.npy,48,258,80191.0
jar-13_binary.npy,49,258,80191.0
jar-16_binary.npy,0,644,117130.0
jar-16_binary.npy,1,475,118820.0
jar-16_binary.npy,2,475,118820.0
jar-16_binary.npy,3,475,118820.0
jar-16_binary.npy,4,475,118820.0
jar-16_binary.npy,5,475,118820.0
jar-16_binary.npy,6,475,118820.0
jar-16_binary.npy,7,475,118820.0
jar-16_binary.npy,8,475,118820.0
jar-16_binary.npy,9,475,118820.0
jar-3_binary.npy,0,295,66543.0
jar-3_binary.npy,1,295,66543.0
jar-3_binary.npy,2,295,66543.0
jar-3_binary.npy,3,271,66783.0
jar-3_binary.npy,4,271,66783.0
jar-3_binary.npy,5,271,66783.0
jar-3_binary.npy,6,255,66943.0
jar-3_binary.npy,7,255,66943.0
jar-3_binary.npy,8,255,66943.0
jar-3_binary.npy,9,255,66943.0
jar-3_binary.npy,10,255,66943.0
jar-3_binary.npy,11,255,66943.0
jar-3_binary.npy,12,255,66943.0
jar-3_binary.npy,13,255,66943.0
jar-3_binary.npy,14,255,66943.0
jar-5_binary.npy,0,244,44838.0
jar-5_binary.npy,1,196,45318.0
jar-5_binary.npy,2,196,45318.0
jar-5_binary.npy,3,196,45318.0
jar-5_binary.npy,4,196,45318.0
jar-5_binary.npy,5,196,45318.0
jar-5_binary.npy,6,196,45318.0
jar-5_binary.npy,7,196,45318.0
jar-5_binary.npy,8,196,45318.0
jar-5_binary.npy,9,180,45478.0
jar-5_binary.npy,10,170,45578.0
jar-5_binary.npy,11,169,45588.0
jar-5_binary.npy,12,169,45588.0
jar-5_binary.npy,13,169,45588.0
jar-5_binary.npy,14,169,45588.0
jar-5_binary.npy,15,169,45588.0
jar-5_binary.npy,16,169,45588.0
jar-5_binary.npy,17,169,45588.0
jar-5_binary.npy,18,169,45588.0
jar-5_binary.npy,19,166,45618.0
jar-5_binary.npy,20,166,45618.0
jar-5_binary.npy,21,166,45618.0
jar-5_binary.npy,22,163,45648.0
jar-5_binary.npy,23,163,45648.0
jar-5_binary.npy,24,163,45648.0
jar-5_binary.npy,25,163,45648.0
jar-5_binary.npy,26,163,45648.0
jar-5_binary.npy,27,163,45648.0
jar-5_binary.npy,28,163,45648.0
jar-5_binary.npy,29,163,45648.0
jar-5_binary.npy,30,163,45648.0
key-13_binary.npy,0,211,27458.0
key-13_binary.npy,1,211,27458.0
key-13_binary.npy,2,211,27458.0
key-13_binary.npy,3,211,27458.0
key-13_binary.npy,4,211,27458.0
key-13_binary.npy,5,211,27458.0
key-13_binary.npy,6,211,27458.0
key-13_binary.npy,7,211,27458.0
key-13_binary.npy,8,211,27458.0
key-20_binary.npy,0,168,20991.0
key-20_binary.npy,1,168,20991.0
key-20_binary.npy,2,168,20991.0
key-20_binary.npy,3,168,20991.0
key-20_binary.npy,4,168,20991.0
key-20_binary.npy,5,168,20991.0
key-20_binary.npy,6,168,20991.0
key-20_binary.npy,7,168,20991.0
key-20_binary.npy,8,168,20991.0
key-3_binary.npy,0,160,22525.0
key-3_binary.npy,1,160,22525.0
key-3_binary.npy,2,149,22635.0
key-3_binary.npy,3,149,22635.0
key-3_binary.npy,4,149,22635.0
key-3_binary.npy,5,145,22675.0
key-3_binary.npy,6,137,22755.0
key-3_binary.npy,7,136,22765.0
key-3_binary.npy,8,136,22765.0
key-3_binary.npy,9,136,22765.0
key-3_binary.npy,10,136,22765.0
key-3_binary.npy,11,136,22765.0
key-3_binary.npy,12,135,22775.0
key-3_binary.npy,13,133,22795.0
key-3_binary.npy,14,133,22795.0
key-3_binary.npy,15,132,22805.0
key-3_binary.npy,16,132,22805.0
key-3_binary.npy,17,132,22805.0
key-3_binary.npy,18,132,22805.0
key-3_binary.npy,19,132,22805.0
key-3_binary.npy,20,132,22805.0
key-3_binary.npy,21,132,22805.0
key-3_binary.npy,22,132,22805.0
key-3_binary.npy,23,132,22805.0
key-8_binary.npy,0,164,20871.0
key-8_binary.npy,1,164,20871.0
key-8_binary.npy,2,162,20891.0
key-8_binary.npy,3,162,20891.0
key-8_binary.npy,4,162,20891.0
key-8_binary.npy,5,162,20891.0
key-8_binary.npy,6,162,20891.0
key-8_binary.npy,7,162,20891.0
key-8_binary.npy,8,162,20891.0
key-8_binary.npy,9,162,20891.0
key-8_binary.npy,10,162,20891.0
lizzard-11_binary.npy,0,690,19721.0
lizzard-11_binary.npy,1,690,19721.0
lizzard-11_binary.npy,2,690,19721.0
lizzard-11_binary.npy,3,690,19721.0
lizzard-11_binary.npy,4,690,19721.0
lizzard-11_binary.npy,5,690,19721.0
lizzard-11_binary.npy,6,630,20321.0
lizzard-11_binary.npy,7,562,21001.0
lizzard-11_binary.npy,8,562,21001.0
lizzard-11_binary.npy,9,562,21001.0
lizzard-11_binary.npy,10,562,21001.0
lizzard-11_binary.npy,11,562,21001.0
lizzard-11_binary.npy,12,562,21001.0
lizzard-11_binary.npy,13,562,21001.0
lizzard-11_binary.npy,14,515,21471.0
lizzard-11_binary.npy,15,515,21471.0
lizzard-11_binary.npy,16,515,21471.0
lizzard-11_binary.npy,17,515,21471.0
lizzard-11_binary.npy,18,515,21471.0
lizzard-11_binary.npy,19,490,21721.0
lizzard-11_binary.npy,20,490,21721.0
lizzard-11_binary.npy,21,490,21721.0
lizzard-11_binary.npy,22,490,21721.0
lizzard-11_binary.npy,23,490,21721.0
lizzard-11_binary.npy,24,490,21721.0
lizzard-11_binary.npy,25,490,21721.0
lizzard-11_binary.npy,26,490,21721.0
lizzard-11_binary.npy,27,490,21721.0
lizzard-13_binary.npy,0,517,21620.0
lizzard-13_binary.npy,1,517,21620.0
lizzard-13_binary.npy,2,515,21640.0
lizzard-13_binary.npy,3,515,21640.0
lizzard-13_binary.npy,4,515,21640.0
lizzard-13_binary.npy,5,514,21650.0
lizzard-13_binary.npy,6,435,22440.0
lizzard-13_binary.npy,7,435,22440.0
lizzard-13_binary.npy,8,435,22440.0
lizzard-13_binary.npy,9,435,22440.0
lizzard-13_binary.npy,10,422,22570.0
lizzard-13_binary.npy,11,422,22570.0
lizzard-13_binary.npy,12,422,22570.0
lizzard-13_binary.npy,13,422,22570.0
lizzard-13_binary.npy,14,422,22570.0
lizzard-13_binary.npy,15,422,22570.0
lizzard-13_binary.npy,16,422,22570.0
lizzard-13_binary.npy,17,407,22720.0
lizzard-13_binary.npy,18,407,22720.0
lizzard-13_binary.npy,19,407,22720.0
lizzard-13_binary.npy,20,407,22720.0
lizzard-13_binary.npy,21,397,22820.0
lizzard-13_binary.npy,22,397,22820.0
lizzard-13_binary.npy,23,397,22820.0
lizzard-13_binary.npy,24,389,22900.0
lizzard-13_binary.npy,25,389,22900.0
lizzard-13_binary.npy,26,389,22900.0
lizzard-13_binary.npy,27,377,23020.0
lizzard-13_binary.npy,28,377,23020.0
lizzard-13_binary.npy,29,377,23020.0
lizzard-13_binary.npy,30,377,23020.0
lizzard-13_binary.npy,31,377,23020.0
lizzard-13_binary.npy,32,375,23040.0
lizzard-13_binary.npy,33,375,23040.0
lizzard-13_binary.npy,34,375,23040.0
lizzard-13_binary.npy,35,375,23040.0
lizzard-13_binary.npy,36,375,23040.0
lizzard-13_binary.npy,37,375,23040.0
lizzard-13_binary.npy,38,375,23040.0
lizzard-13_binary.npy,39,375,23040.0
lizzard-13_binary.npy,40,372,23070.0
lizzard-13_binary.npy,41,372,23070.0
lizzard-13_binary.npy,42,372,23070.0
lizzard-13_binary.npy,43,372,23070.0
lizzard-13_binary.npy,44,372,23070.0
lizzard-13_binary.npy,45,372,23070.0
lizzard-13_binary.npy,46,372,23070.0
lizzard-13_binary.npy,47,372,23070.0
lizzard-13_binary.npy,48,372,23070.0
lizzard-3_binary.npy,0,472,26976.0
lizzard-3_binary.npy,1,472,26976.0
lizzard-3_binary.npy,2,471,26986.0
lizzard-3_binary.npy,3,471,26986.0
lizzard-3_binary.npy,4,471,26986.0
lizzard-3_binary.npy,5,453,27166.0
lizzard-3_binary.npy,6,453,27166.0
lizzard-3_binary.npy,7,453,27166.0
lizzard-3_binary.npy,8,447,27226.0
lizzard-3_binary.npy,9,421,27486.0
lizzard-3_binary.npy,10,421,27486.0
lizzard-3_binary.npy,11,421,27486.0
lizzard-3_binary.npy,12,421,27486.0
lizzard-3_binary.npy,13,421,27486.0
lizzard-3_binary.npy,14,421,27486.0
lizzard-3_binary.npy,15,403,27666.0
lizzard-3_binary.npy,16,403,27666.0
lizzard-3_binary.npy,17,403,27666.0
lizzard-3_binary.npy,18,403,27666.0
lizzard-3_binary.npy,19,403,27666.0
lizzard-3_binary.npy,20,381,27886.0
lizzard-3_binary.npy,21,381,27886.0
lizzard-3_binary.npy,22,381,27886.0
lizzard-3_binary.npy,23,381,27886.0
lizzard-3_binary.npy,24,375,27946.0
lizzard-3_binary.npy,25,375,27946.0
lizzard-3_binary.npy,26,375,27946.0
lizzard-3_binary.npy,27,375,27946.0
lizzard-3_binary.npy,28,375,27946.0
lizzard-3_binary.npy,29,375,27946.0
lizzard-3_binary.npy,30,375,27946.0
lizzard-3_binary.npy,31,375,27946.0
lizzard-3_binary.npy,32,375,27946.0
lizzard-4_binary.npy,0,472,26976.0
lizzard-4_binary.npy,1,472,26976.0
lizzard-4_binary.npy,2,470,26996.0
lizzard-4_binary.npy,3,466,27036.0
lizzard-4_binary.npy,4,466,27036.0
lizzard-4_binary.npy,5,466,27036.0
lizzard-4_binary.npy,6,466,27036.0
lizzard-4_binary.npy,7,466,27036.0
lizzard-4_binary.npy,8,423,27466.0
lizzard-4_binary.npy,9,413,27566.0
lizzard-4_binary.npy,10,413,27566.0
lizzard-4_binary.npy,11,413,27566.0
lizzard-4_binary.npy,12,407,27626.0
lizzard-4_binary.npy,13,407,27626.0
lizzard-4_binary.npy,14,407,27626.0
lizzard-4_binary.npy,15,407,27626.0
lizzard-4_binary.npy,16,382,27876.0
lizzard-4_binary.npy,17,382,27876.0
lizzard-4_binary.npy,18,382,27876.0
lizzard-4_binary.npy,19,382,27876.0
lizzard-4_binary.npy,20,379,27906.0
lizzard-4_binary.npy,21,379,27906.0
lizzard-4_binary.npy,22,379,27906.0
lizzard-4_binary.npy,23,379,27906.0
lizzard-4_binary.npy,24,379,27906.0
lizzard-4_binary.npy,25,362,28076.0
lizzard-4_binary.npy,26,359,28106.0
lizzard-4_binary.npy,27,359,28106.0
lizzard-4_binary.npy,28,359,28106.0
lizzard-4_binary.npy,29,359,28106.0
lizzard-4_binary.npy,30,359,28106.0
lizzard-4_binary.npy,31,359,28106.0
lizzard-4_binary.npy,32,347,28226.0
lizzard-4_binary.npy,33,347,28226.0
lizzard-4_binary.npy,34,347,28226.0
lizzard-4_binary.npy,35,347,28226.0
lizzard-4_binary.npy,36,347,28226.0
lizzard-4_binary.npy,37,347,28226.0
lizzard-4_binary.npy,38,347,28226.0
lizzard-4_binary.npy,39,347,28226.0
lizzard-4_binary.npy,40,346,28236.0
lizzard-4_binary.npy,41,346,28236.0
lizzard-4_binary.npy,42,346,28236.0
lizzard-4_binary.npy,43,346,28236.0
lizzard-4_binary.npy,44,346,28236.0
lizzard-4_binary.npy,45,346,28236.0
lizzard-4_binary.npy,46,342,28276.0
lizzard-4_binary.npy,47,342,28276.0
lizzard-4_binary.npy,48,342,28276.0
lizzard-4_binary.npy,49,342,28276.0
lizzard-4_binary.npy,50,342,28276.0
lizzard-4_binary.npy,51,342,28276.0
lizzard-4_binary.npy,52,342,28276.0
lizzard-4_binary.npy,53,342,28276.0
lizzard-4_binary.npy,54,342,28276.0
lmfish-11_binary.npy,0,389,23696.0
lmfish-11_binary.npy,1,386,23726.0
lmfish-11_binary.npy,2,374,23846.0
lmfish-11_binary.npy,3,374,23846.0
lmfish-11_binary.npy,4,374,23846.0
lmfish-11_binary.npy,5,374,23846.0
lmfish-11_binary.npy,6,374,23846.0
lmfish-11_binary.npy,7,372,23866.0
lmfish-11_binary.npy,8,372,23866.0
lmfish-11_binary.npy,9,362,23966.0
lmfish-11_binary.npy,10,362,23966.0
lmfish-11_binary.npy,11,362,23966.0
lmfish-11_binary.npy,12,362,23966.0
lmfish-11_binary.npy,13,362,23966.0
lmfish-11_binary.npy,14,362,23966.0
lmfish-11_binary.npy,15,362,23966.0
lmfish-11_binary.npy,16,362,23966.0
lmfish-11_binary.npy,17,362,23966.0
lmfish-13_binary.npy,0,166,15770.0
lmfish-13_binary.npy,1,149,15940.0
lmfish-13_binary.npy,2,149,15940.0
lmfish-13_binary.npy,3,149,15940.0
lmfish-13_binary.npy,4,149,15940.0
lmfish-13_binary.npy,5,149,15940.0
lmfish-13_binary.npy,6,149,15940.0
lmfish-13_binary.npy,7,149,15940.0
lmfish-13_binary.npy,8,149,15940.0
lmfish-13_binary.npy,9,149,15940.0
lmfish-1_binary.npy,0,512,86340.0
lmfish-1_binary.npy,1,512,86340.0
lmfish-1_binary.npy,2,512,86340.0
lmfish-1_binary.npy,3,512,86340.0
lmfish-1_binary.npy,4,509,86370.0
lmfish-1_binary.npy,5,509,86370.0
lmfish-1_binary.npy,6,509,86370.0
lmfish-1_binary.npy,7,507,86390.0
lmfish-1_binary.npy,8,507,86390.0
lmfish-1_binary.npy,9,507,86390.0
lmfish-1_binary.npy,10,505,86410.0
lmfish-1_binary.npy,11,505,86410.0
lmfish-1_binary.npy,12,505,86410.0
lmfish-1_binary.npy,13,505,86410.0
lmfish-1_binary.npy,14,505,86410.0
lmfish-1_binary.npy,15,499,86470.0
lmfish-1_binary.npy,16,481,86650.0
lmfish-1_binary.npy,17,481,86650.0
lmfish-1_binary.npy,18,481,86650.0
lmfish-1_binary.npy,19,481,86650.0
lmfish-1_binary.npy,20,481,86650.0
lmfish-1_binary.npy,21,481,86650.0
lmfish-1_binary.npy,22,480,86660.0
lmfish-1_binary.npy,23,480,86660.0
lmfish-1_binary.npy,24,480,86660.0
lmfish-1_binary.npy,25,480,86660.0
lmfish-1_binary.npy,26,480,86660.0
lmfish-1_binary.npy,27,480,86660.0
lmfish-1_binary.npy,28,480,86660.0
lmfish-1_binary.npy,29,480,86660.0
lmfish-1_binary.npy,30,480,86660.0
lmfish-2_binary.npy,0,666,90227.0
lmfish-2_binary.npy,1,660,90287.0
lmfish-2_binary.npy,2,660,90287.0
lmfish-2_binary.npy,3,657,90317.0
lmfish-2_binary.npy,4,657,90317.0
lmfish-2_binary.npy,5,657,90317.0
lmfish-2_binary.npy,6,657,90317.0
lmfish-2_binary.npy,7,657,90317.0
lmfish-2_binary.npy,8,657,90317.0
lmfish-2_binary.npy,9,643,90457.0
lmfish-2_binary.npy,10,592,90967.0
lmfish-2_binary.npy,11,592,90967.0
lmfish-2_binary.npy,12,592,90967.0
lmfish-2_binary.npy,13,592,90967.0
lmfish-2_binary.npy,14,592,90967.0
lmfish-2_binary.npy,15,592,90967.0
lmfish-2_binary.npy,16,510,91787.0
lmfish-2_binary.npy,17,510,91787.0
lmfish-2_binary.npy,18,510,91787.0
lmfish-2_binary.npy,19,510,91787.0
lmfish-2_binary.npy,20,510,91787.0
lmfish-2_binary.npy,21,510,91787.0
lmfish-2_binary.npy,22,510,91787.0
lmfish-2_binary.npy,23,510,91787.0
lmfish-2_binary.npy,24,510,91787.0
octopus-16_binary.npy,0,596,13403.0
octopus-16_binary.npy,1,590,13463.0
octopus-16_binary.npy,2,590,13463.0
octopus-16_binary.npy,3,581,13553.0
octopus-16_binary.npy,4,581,13553.0
octopus-16_binary.npy,5,525,14113.0
octopus-16_binary.npy,6,525,14113.0
octopus-16_binary.npy,7,525,14113.0
octopus-16_binary.npy,8,525,14113.0
octopus-16_binary.npy,9,525,14113.0
octopus-16_binary.npy,10,525,14113.0
octopus-16_binary.npy,11,525,14113.0
octopus-16_binary.npy,12,510,14263.0
octopus-16_binary.npy,13,510,14263.0
octopus-16_binary.npy,14,510,14263.0
octopus-16_binary.npy,15,510,14263.0
octopus-16_binary.npy,16,510,14263.0
octopus-16_binary.npy,17,510,14263.0
octopus-16_binary.npy,18,510,14263.0
octopus-16_binary.npy,19,510,14263.0
octopus-16_binary.npy,20,510,14263.0
octopus-17_binary.npy,0,512,11625.0
octopus-17_binary.npy,1,512,11625.0
octopus-17_binary.npy,2,498,11765.0
octopus-17_binary.npy,3,498,11765.0
octopus-17_binary.npy,4,498,11765.0
octopus-17_binary.npy,5,498,11765.0
octopus-17_binary.npy,6,498,11765.0
octopus-17_binary.npy,7,498,11765.0
octopus-17_binary.npy,8,423,12515.0
octopus-17_binary.npy,9,423,12515.0
octopus-17_binary.npy,10,423,12515.0
octopus-17_binary.npy,11,423,12515.0
octopus-17_binary.npy,12,423,12515.0
octopus-17_binary.npy,13,423,12515.0
octopus-17_binary.npy,14,386,12885.0
octopus-17_binary.npy,15,386,12885.0
octopus-17_binary.npy,16,386,12885.0
octopus-17_binary.npy,17,386,12885.0
octopus-17_binary.npy,18,386,12885.0
octopus-17_binary.npy,19,386,12885.0
octopus-17_binary.npy,20,386,12885.0
octopus-17_binary.npy,21,386,12885.0
octopus-17_binary.npy,22,386,12885.0
octopus-4_binary.npy,0,343,21104.0
octopus-4_binary.npy,1,343,21104.0
octopus-4_binary.npy,2,343,21104.0
octopus-4_binary.npy,3,343,21104.0
octopus-4_binary.npy,4,343,21104.0
octopus-4_binary.npy,5,341,21124.0
octopus-4_binary.npy,6,341,21124.0
octopus-4_binary.npy,7,341,21124.0
octopus-4_binary.npy,8,341,21124.0
octopus-4_binary.npy,9,327,21264.0
octopus-4_binary.npy,10,327,21264.0
octopus-4_binary.npy,11,327,21264.0
octopus-4_binary.npy,12,325,21284.0
octopus-4_binary.npy,13,325,21284.0
octopus-4_binary.npy,14,320,21334.0
octopus-4_binary.npy,15,320,21334.0
octopus-4_binary.npy,16,320,21334.0
octopus-4_binary.npy,17,320,21334.0
octopus-4_binary.npy,18,320,21334.0
octopus-4_binary.npy,19,320,21334.0
octopus-4_binary.npy,20,320,21334.0
octopus-4_binary.npy,21,320,21334.0
octopus-4_binary.npy,22,320,21334.0
octopus-8_binary.npy,0,347,27796.0
octopus-8_binary.npy,1,347,27796.0
octopus-8_binary.npy,2,347,27796.0
octopus-8_binary.npy,3,347,27796.0
octopus-8_binary.npy,4,324,28026.0
octopus-8_binary.npy,5,324,28026.0
octopus-8_binary.npy,6,324,28026.0
octopus-8_binary.npy,7,315,28116.0
octopus-8_binary.npy,8,315,28116.0
octopus-8_binary.npy,9,315,28116.0
octopus-8_binary.npy,10,315,28116.0
octopus-8_binary.npy,11,315,28116.0
octopus-8_binary.npy,12,315,28116.0
octopus-8_binary.npy,13,315,28116.0
octopus-8_binary.npy,14,315,28116.0
octopus-8_binary.npy,15,315,28116.0
pencil-14_binary.npy,0,49,9895.0
pencil-14_binary.npy,1,49,9895.0
pencil-14_binary.npy,2,49,9895.0
pencil-14_binary.npy,3,49,9895.0
pencil-14_binary.npy,4,49,9895.0
pencil-14_binary.npy,5,49,9895.0
pencil-14_binary.npy,6,49,9895.0
pencil-14_binary.npy,7,49,9895.0
pencil-14_binary.npy,8,49,9895.0
pencil-15_binary.npy,0,100,6861.0
pencil-15_binary.npy,1,100,6861.0
pencil-15_binary.npy,2,100,6861.0
pencil-15_binary.npy,3,100,6861.0
pencil-15_binary.npy,4,100,6861.0
pencil-15_binary.npy,5,100,6861.0
pencil-15_binary.npy,6,100,6861.0
pencil-15_binary.npy,7,100,6861.0
pencil-15_binary.npy,8,100,6861.0
pencil-18_binary.npy,0,139,9137.0
pencil-18_binary.npy,1,139,9137.0
pencil-18_binary.npy,2,139,9137.0
pencil-18_binary.npy,3,139,9137.0
pencil-18_binary.npy,4,139,9137.0
pencil-18_binary.npy,5,139,9137.0
pencil-18_binary.npy,6,139,9137.0
pencil-18_binary.npy,7,139,9137.0
pencil-18_binary.npy,8,139,9137.0
pencil-3_binary.npy,0,73,13025.0
pencil-3_binary.npy,1,73,13025.0
pencil-3_binary.npy,2,73,13025.0
pencil-3_binary.npy,3,73,13025.0
pencil-3_binary.npy,4,73,13025.0
pencil-3_binary.npy,5,73,13025.0
pencil-3_binary.npy,6,69,13065.0
pencil-3_binary.npy,7,69,13065.0
pencil-3_binary.npy,8,69,13065.0
pencil-3_binary.npy,9,69,13065.0
pencil-3_binary.npy,10,69,13065.0
pencil-3_binary.npy,11,69,13065.0
pencil-3_binary.npy,12,69,13065.0
pencil-3_binary.npy,13,69,13065.0
pencil-3_binary.npy,14,69,13065.0
personal_car-12_binary.npy,0,174,35637.0
personal_car-12_binary.npy,1,174,35637.0
personal_car-12_binary.npy,2,174,35637.0
personal_car-12_binary.npy,3,174,35637.0
personal_car-12_binary.npy,4,174,35637.0
personal_car-12_binary.npy,5,167,35707.0
personal_car-12_binary.npy,6,167,35707.0
personal_car-12_binary.npy,7,162,35757.0
personal_car-12_binary.npy,8,162,35757.0
personal_car-12_binary.npy,9,162,35757.0
personal_car-12_binary.npy,10,162,35757.0
personal_car-12_binary.npy,11,162,35757.0
personal_car-12_binary.npy,12,162,35757.0
personal_car-12_binary.npy,13,162,35757.0
personal_car-12_binary.npy,14,162,35757.0
personal_car-12_binary.npy,15,160,35777.0
personal_car-12_binary.npy,16,160,35777.0
personal_car-12_binary.npy,17,159,35787.0
personal_car-12_binary.npy,18,159,35787.0
personal_car-12_binary.npy,19,159,35787.0
personal_car-12_binary.npy,20,159,35787.0
personal_car-12_binary.npy,21,159,35787.0
personal_car-12_binary.npy,22,159,35787.0
personal_car-12_binary.npy,23,159,35787.0
personal_car-12_binary.npy,24,159,35787.0
personal_car-12_binary.npy,25,159,35787.0
personal_car-17_binary.npy,0,240,51643.0
personal_car-17_binary.npy,1,240,51643.0
personal_car-17_binary.npy,2,240,51643.0
personal_car-17_binary.npy,3,218,51863.0
personal_car-17_binary.npy,4,218,51863.0
personal_car-17_binary.npy,5,218,51863.0
personal_car-17_binary.npy,6,218,51863.0
personal_car-17_binary.npy,7,218,51863.0
personal_car-17_binary.npy,8,218,51863.0
personal_car-17_binary.npy,9,218,51863.0
personal_car-17_binary.npy,10,218,51863.0
personal_car-17_binary.npy,11,218,51863.0
personal_car-4_binary.npy,0,134,20849.0
personal_car-4_binary.npy,1,134,20849.0
personal_car-4_binary.npy,2,134,20849.0
personal_car-4_binary.npy,3,134,20849.0
personal_car-4_binary.npy,4,134,20849.0
personal_car-4_binary.npy,5,134,20849.0
personal_car-4_binary.npy,6,130,20889.0
personal_car-4_binary.npy,7,123,20959.0
personal_car-4_binary.npy,8,123,20959.0
personal_car-4_binary.npy,9,120,20989.0
personal_car-4_binary.npy,10,120,20989.0
personal_car-4_binary.npy,11,116,21029.0
personal_car-4_binary.npy,12,116,21029.0
personal_car-4_binary.npy,13,116,21029.0
personal_car-4_binary.npy,14,116,21029.0
personal_car-4_binary.npy,15,116,21029.0
personal_car-4_binary.npy,16,116,21029.0
personal_car-4_binary.npy,17,116,21029.0
personal_car-4_binary.npy,18,115,21039.0
personal_car-4_binary.npy,19,115,21039.0
personal_car-4_binary.npy,20,115,21039.0
personal_car-4_binary.npy,21,115,21039.0
personal_car-4_binary.npy,22,115,21039.0
personal_car-4_binary.npy,23,115,21039.0
personal_car-4_binary.npy,24,115,21039.0
personal_car-4_binary.npy,25,114,21049.0
personal_car-4_binary.npy,26,114,21049.0
personal_car-4_binary.npy,27,114,21049.0
personal_car-4_binary.npy,28,114,21049.0
personal_car-4_binary.npy,29,114,21049.0
personal_car-4_binary.npy,30,114,21049.0
personal_car-4_binary.npy,31,114,21049.0
personal_car-4_binary.npy,32,114,21049.0
personal_car-4_binary.npy,33,114,21049.0
personal_car-9_binary.npy,0,196,37067.0
personal_car-9_binary.npy,1,196,37067.0
personal_car-9_binary.npy,2,196,37067.0
personal_car-9_binary.npy,3,196,37067.0
personal_car-9_binary.npy,4,181,37217.0
personal_car-9_binary.npy,5,181,37217.0
personal_car-9_binary.npy,6,181,37217.0
personal_car-9_binary.npy,7,181,37217.0
personal_car-9_binary.npy,8,181,37217.0
personal_car-9_binary.npy,9,181,37217.0
personal_car-9_binary.npy,10,181,37217.0
personal_car-9_binary.npy,11,181,37217.0
personal_car-9_binary.npy,12,181,37217.0
pocket-10_binary.npy,0,172,3959.0
pocket-10_binary.npy,1,166,4019.0
pocket-10_binary.npy,2,164,4039.0
pocket-10_binary.npy,3,164,4039.0
pocket-10_binary.npy,4,164,4039.0
pocket-10_binary.npy,5,162,4059.0
pocket-10_binary.npy,6,162,4059.0
pocket-10_binary.npy,7,162,4059.0
pocket-10_binary.npy,8,162,4059.0
pocket-10_binary.npy,9,160,4079.0
pocket-10_binary.npy,10,160,4079.0
pocket-10_binary.npy,11,160,4079.0
pocket-10_binary.npy,12,132,4359.0
pocket-10_binary.npy,13,132,4359.0
pocket-10_binary.npy,14,132,4359.0
pocket-10_binary.npy,15,132,4359.0
pocket-10_binary.npy,16,132,4359.0
pocket-10_binary.npy,17,132,4359.0
pocket-10_binary.npy,18,132,4359.0
pocket-10_binary.npy,19,132,4359.0
pocket-10_binary.npy,20,132,4359.0
pocket-11_binary.npy,0,1629,75508.0
pocket-11_binary.npy,1,1502,76778.0
pocket-11_binary.npy,2,1502,76778.0
pocket-11_binary.npy,3,1502,76778.0
pocket-11_binary.npy,4,1502,76778.0
pocket-11_binary.npy,5,1502,76778.0
pocket-11_binary.npy,6,1489,76908.0
pocket-11_binary.npy,7,1489,76908.0
pocket-11_binary.npy,8,1489,76908.0
pocket-11_binary.npy,9,1489,76908.0
pocket-11_binary.npy,10,1451,77288.0
pocket-11_binary.npy,11,1451,77288.0
pocket-11_binary.npy,12,1369,78108.0
pocket-11_binary.npy,13,1369,78108.0
pocket-11_binary.npy,14,1369,78108.0
pocket-11_binary.npy,15,1369,78108.0
pocket-11_binary.npy,16,1369,78108.0
pocket-11_binary.npy,17,1369,78108.0
pocket-11_binary.npy,18,1310,78698.0
pocket-11_binary.npy,19,1310,78698.0
pocket-11_binary.npy,20,1247,79328.0
pocket-11_binary.npy,21,1247,79328.0
pocket-11_binary.npy,22,1247,79328.0
pocket-11_binary.npy,23,1236,79438.0
pocket-11_binary.npy,24,1236,79438.0
pocket-11_binary.npy,25,1230,79498.0
pocket-11_binary.npy,26,1230,79498.0
pocket-11_binary.npy,27,1230,79498.0
pocket-11_binary.npy,28,1230,79498.0
pocket-11_binary.npy,29,1230,79498.0
pocket-11_binary.npy,30,1225,79548.0
pocket-11_binary.npy,31,1222,79578.0
pocket-11_binary.npy,32,1222,79578.0
pocket-11_binary.npy,33,1222,79578.0
pocket-11_binary.npy,34,1222,79578.0
pocket-11_binary.npy,35,1222,79578.0
pocket-11_binary.npy,36,1207,79728.0
pocket-11_binary.npy,37,1207,79728.0
pocket-11_binary.npy,38,1207,79728.0
pocket-11_binary.npy,39,1207,79728.0
pocket-11_binary.npy,40,1207,79728.0
pocket-11_binary.npy,41,1207,79728.0
pocket-11_binary.npy,42,1207,79728.0
pocket-11_binary.npy,43,1207,79728.0
pocket-11_binary.npy,44,1207,79728.0
pocket-13_binary.npy,0,319,25108.0
pocket-13_binary.npy,1,319,25108.0
pocket-13_binary.npy,2,319,25108.0
pocket-13_binary.npy,3,319,25108.0
pocket-13_binary.npy,4,319,25108.0
pocket-13_binary.npy,5,305,25248.0
pocket-13_binary.npy,6,305,25248.0
pocket-13_binary.npy,7,291,25388.0
pocket-13_binary.npy,8,291,25388.0
pocket-13_binary.npy,9,257,25728.0
pocket-13_binary.npy,10,257,25728.0
pocket-13_binary.npy,11,257,25728.0
pocket-13_binary.npy,12,257,25728.0
pocket-13_binary.npy,13,257,25728.0
pocket-13_binary.npy,14,257,25728.0
pocket-13_binary.npy,15,257,25728.0
pocket-13_binary.npy,16,243,25868.0
pocket-13_binary.npy,17,243,25868.0
pocket-13_binary.npy,18,243,25868.0
pocket-13_binary.npy,19,243,25868.0
pocket-13_binary.npy,20,243,25868.0
pocket-13_binary.npy,21,243,25868.0
pocket-13_binary.npy,22,235,25948.0
pocket-13_binary.npy,23,226,26038.0
pocket-13_binary.npy,24,226,26038.0
pocket-13_binary.npy,25,226,26038.0
pocket-13_binary.npy,26,226,26038.0
pocket-13_binary.npy,27,226,26038.0
pocket-13_binary.npy,28,226,26038.0
pocket-13_binary.npy,29,226,26038.0
pocket-13_binary.npy,30,226,26038.0
pocket-13_binary.npy,31,226,26038.0
pocket-7_binary.npy,0,271,6029.0
pocket-7_binary.npy,1,265,6089.0
pocket-7_binary.npy,2,245,6289.0
pocket-7_binary.npy,3,245,6289.0
pocket-7_binary.npy,4,245,6289.0
pocket-7_binary.npy,5,245,6289.0
pocket-7_binary.npy,6,245,6289.0
pocket-7_binary.npy,7,245,6289.0
pocket-7_binary.npy,8,226,6479.0
pocket-7_binary.npy,9,213,6609.0
pocket-7_binary.npy,10,194,6799.0
pocket-7_binary.npy,11,194,6799.0
pocket-7_binary.npy,12,194,6799.0
pocket-7_binary.npy,13,194,6799.0
pocket-7_binary.npy,14,194,6799.0
pocket-7_binary.npy,15,194,6799.0
pocket-7_binary.npy,16,194,6799.0
pocket-7_binary.npy,17,194,6799.0
pocket-7_binary.npy,18,190,6839.0
pocket-7_binary.npy,19,190,6839.0
pocket-7_binary.npy,20,190,6839.0
pocket-7_binary.npy,21,190,6839.0
pocket-7_binary.npy,22,189,6849.0
pocket-7_binary.npy,23,188,6859.0
pocket-7_binary.npy,24,184,6899.0
pocket-7_binary.npy,25,184,6899.0
pocket-7_binary.npy,26,176,6979.0
pocket-7_binary.npy,27,169,7049.0
pocket-7_binary.npy,28,169,7049.0
pocket-7_binary.npy,29,169,7049.0
pocket-7_binary.npy,30,169,7049.0
pocket-7_binary.npy,31,166,7079.0
pocket-7_binary.npy,32,166,7079.0
pocket-7_binary.npy,33,162,7119.0
pocket-7_binary.npy,34,162,7119.0
pocket-7_binary.npy,35,162,7119.0
pocket-7_binary.npy,36,162,7119.0
pocket-7_binary.npy,37,162,7119.0
pocket-7_binary.npy,38,162,7119.0
pocket-7_binary.npy,39,162,7119.0
pocket-7_binary.npy,40,162,7119.0
pocket-7_binary.npy,41,162,7119.0
rat-03_binary.npy,0,309,10410.0
rat-03_binary.npy,1,309,10410.0
rat-03_binary.npy,2,281,10690.0
rat-03_binary.npy,3,281,10690.0
rat-03_binary.npy,4,281,10690.0
rat-03_binary.npy,5,281,10690.0
rat-03_binary.npy,6,281,10690.0
rat-03_binary.npy,7,272,10780.0
rat-03_binary.npy,8,272,10780.0
rat-03_binary.npy,9,272,10780.0
rat-03_binary.npy,10,272,10780.0
rat-03_binary.npy,11,272,10780.0
rat-03_binary.npy,12,272,10780.0
rat-03_binary.npy,13,272,10780.0
rat-03_binary.npy,14,272,10780.0
rat-03_binary.npy,15,272,10780.0
rat-06_binary.npy,0,347,10328.0
rat-06_binary.npy,1,347,10328.0
rat-06_binary.npy,2,347,10328.0
rat-06_binary.npy,3,347,10328.0
rat-06_binary.npy,4,347,10328.0
rat-06_binary.npy,5,347,10328.0
rat-06_binary.npy,6,346,10338.0
rat-06_binary.npy,7,336,10438.0
rat-06_binary.npy,8,336,10438.0
rat-06_binary.npy,9,336,10438.0
rat-06_binary.npy,10,336,10438.0
rat-06_binary.npy,11,336,10438.0
rat-06_binary.npy,12,336,10438.0
rat-06_binary.npy,13,336,10438.0
rat-06_binary.npy,14,285,10948.0
rat-06_binary.npy,15,285,10948.0
rat-06_binary.npy,16,285,10948.0
rat-06_binary.npy,17,285,10948.0
rat-06_binary.npy,18,260,11198.0
rat-06_binary.npy,19,260,11198.0
rat-06_binary.npy,20,260,11198.0
rat-06_binary.npy,21,260,11198.0
rat-06_binary.npy,22,260,11198.0
rat-06_binary.npy,23,260,11198.0
rat-06_binary.npy,24,260,11198.0
rat-06_binary.npy,25,260,11198.0
rat-06_binary.npy,26,260,11198.0
rat-08_binary.npy,0,318,10271.0
rat-08_binary.npy,1,318,10271.0
rat-08_binary.npy,2,297,10481.0
rat-08_binary.npy,3,297,10481.0
rat-08_binary.npy,4,297,10481.0
rat-08_binary.npy,5,291,10541.0
rat-08_binary.npy,6,248,10971.0
rat-08_binary.npy,7,248,10971.0
rat-08_binary.npy,8,248,10971.0
rat-08_binary.npy,9,248,10971.0
rat-08_binary.npy,10,248,10971.0
rat-08_binary.npy,11,235,11101.0
rat-08_binary.npy,12,235,11101.0
rat-08_binary.npy,13,235,11101.0
rat-08_binary.npy,14,235,11101.0
rat-08_binary.npy,15,226,11191.0
rat-08_binary.npy,16,226,11191.0
rat-08_binary.npy,17,226,11191.0
rat-08_binary.npy,18,223,11221.0
rat-08_binary.npy,19,221,11241.0
rat-08_binary.npy,20,221,11241.0
rat-08_binary.npy,21,221,11241.0
rat-08_binary.npy,22,221,11241.0
rat-08_binary.npy,23,216,11291.0
rat-08_binary.npy,24,216,11291.0
rat-08_binary.npy,25,216,11291.0
rat-08_binary.npy,26,216,11291.0
rat-08_binary.npy,27,216,11291.0
rat-08_binary.npy,28,216,11291.0
rat-08_binary.npy,29,216,11291.0
rat-08_binary.npy,30,216,11291.0
rat-08_binary.npy,31,212,11331.0
rat-08_binary.npy,32,212,11331.0
rat-08_binary.npy,33,212,11331.0
rat-08_binary.npy,34,212,11331.0
rat-08_binary.npy,35,212,11331.0
rat-08_binary.npy,36,212,11331.0
rat-08_binary.npy,37,212,11331.0
rat-08_binary.npy,38,212,11331.0
rat-08_binary.npy,39,212,11331.0
rat-14_binary.npy,0,335,8947.0
rat-14_binary.npy,1,335,8947.0
rat-14_binary.npy,2,335,8947.0
rat-14_binary.npy,3,335,8947.0
rat-14_binary.npy,4,302,9277.0
rat-14_binary.npy,5,302,9277.0
rat-14_binary.npy,6,258,9717.0
rat-14_binary.npy,7,258,9717.0
rat-14_binary.npy,8,258,9717.0
rat-14_binary.npy,9,258,9717.0
rat-14_binary.npy,10,258,9717.0
rat-14_binary.npy,11,245,9847.0
rat-14_binary.npy,12,245,9847.0
rat-14_binary.npy,13,245,9847.0
rat-14_binary.npy,14,245,9847.0
rat-14_binary.npy,15,244,9857.0
rat-14_binary.npy,16,244,9857.0
rat-14_binary.npy,17,244,9857.0
rat-14_binary.npy,18,244,9857.0
rat-14_binary.npy,19,244,9857.0
rat-14_binary.npy,20,226,10037.0
rat-14_binary.npy,21,226,10037.0
rat-14_binary.npy,22,226,10037.0
rat-14_binary.npy,23,226,10037.0
rat-14_binary.npy,24,226,10037.0
rat-14_binary.npy,25,226,10037.0
rat-14_binary.npy,26,226,10037.0
rat-14_binary.npy,27,226,10037.0
rat-14_binary.npy,28,226,10037.0
ray-16_binary.npy,0,463,61849.0
ray-16_binary.npy,1,435,62129.0
ray-16_binary.npy,2,435,62129.0
ray-16_binary.npy,3,435,62129.0
ray-16_binary.npy,4,435,62129.0
ray-16_binary.npy,5,410,62379.0
ray-16_binary.npy,6,410,62379.0
ray-16_binary.npy,7,410,62379.0
ray-16_binary.npy,8,391,62569.0
ray-16_binary.npy,9,391,62569.0
ray-16_binary.npy,10,391,62569.0
ray-16_binary.npy,11,391,62569.0
ray-16_binary.npy,12,377,62709.0
ray-16_binary.npy,13,377,62709.0
ray-16_binary.npy,14,377,62709.0
ray-16_binary.npy,15,377,62709.0
ray-16_binary.npy,16,377,62709.0
ray-16_binary.npy,17,374,62739.0
ray-16_binary.npy,18,373,62749.0
ray-16_binary.npy,19,373,62749.0
ray-16_binary.npy,20,373,62749.0
ray-16_binary.npy,21,373,62749.0
ray-16_binary.npy,22,372,62759.0
ray-16_binary.npy,23,372,62759.0
ray-16_binary.npy,24,372,62759.0
ray-16_binary.npy,25,372,62759.0
ray-16_binary.npy,26,370,62779.0
ray-16_binary.npy,27,368,62799.0
ray-16_binary.npy,28,368,62799.0
ray-16_binary.npy,29,368,62799.0
ray-16_binary.npy,30,368,62799.0
ray-16_binary.npy,31,368,62799.0
ray-16_binary.npy,32,368,62799.0
ray-16_binary.npy,33,368,62799.0
ray-16_binary.npy,34,368,62799.0
ray-16_binary.npy,35,368,62799.0
ray-2_binary.npy,0,517,66885.0
ray-2_binary.npy,1,517,66885.0
ray-2_binary.npy,2,517,66885.0
ray-2_binary.npy,3,517,66885.0
ray-2_binary.npy,4,517,66885.0
ray-2_binary.npy,5,504,67015.0
ray-2_binary.npy,6,504,67015.0
ray-2_binary.npy,7,504,67015.0
ray-2_binary.npy,8,504,67015.0
ray-2_binary.npy,9,504,67015.0
ray-2_binary.npy,10,504,67015.0
ray-2_binary.npy,11,504,67015.0
ray-2_binary.npy,12,504,67015.0
ray-2_binary.npy,13,504,67015.0
ray-5_binary.npy,0,279,25722.0
ray-5_binary.npy,1,260,25912.0
ray-5_binary.npy,2,203,26482.0
ray-5_binary.npy,3,203,26482.0
ray-5_binary.npy,4,203,26482.0
ray-5_binary.npy,5,185,26662.0
ray-5_binary.npy,6,185,26662.0
ray-5_binary.npy,7,185,26662.0
ray-5_binary.npy,8,185,26662.0
ray-5_binary.npy,9,185,26662.0
ray-5_binary.npy,10,172,26792.0
ray-5_binary.npy,11,172,26792.0
ray-5_binary.npy,12,172,26792.0
ray-5_binary.npy,13,172,26792.0
ray-5_binary.npy,14,172,26792.0
ray-5_binary.npy,15,171,26802.0
ray-5_binary.npy,16,171,26802.0
ray-5_binary.npy,17,171,26802.0
ray-5_binary.npy,18,171,26802.0
ray-5_binary.npy,19,165,26862.0
ray-5_binary.npy,20,165,26862.0
ray-5_binary.npy,21,165,26862.0
ray-5_binary.npy,22,165,26862.0
ray-5_binary.npy,23,163,26882.0
ray-5_binary.npy,24,163,26882.0
ray-5_binary.npy,25,163,26882.0
ray-5_binary.npy,26,163,26882.0
ray-5_binary.npy,27,163,26882.0
ray-5_binary.npy,28,163,26882.0
ray-5_binary.npy,29,163,26882.0
ray-5_binary.npy,30,163,26882.0
ray-5_binary.npy,31,162,26892.0
ray-5_binary.npy,32,162,26892.0
ray-5_binary.npy,33,161,26902.0
ray-5_binary.npy,34,161,26902.0
ray-5_binary.npy,35,161,26902.0
ray-5_binary.npy,36,161,26902.0
ray-5_binary.npy,37,160,26912.0
ray-5_binary.npy,38,160,26912.0
ray-5_binary.npy,39,160,26912.0
ray-5_binary.npy,40,160,26912.0
ray-5_binary.npy,41,160,26912.0
ray-5_binary.npy,42,160,26912.0
ray-5_binary.npy,43,160,26912.0
ray-5_binary.npy,44,160,26912.0
ray-5_binary.npy,45,160,26912.0
ray-9_binary.npy,0,560,82699.0
ray-9_binary.npy,1,560,82699.0
ray-9_binary.npy,2,479,83509.0
ray-9_binary.npy,3,479,83509.0
ray-9_binary.npy,4,479,83509.0
ray-9_binary.npy,5,473,83569.0
ray-9_binary.npy,6,473,83569.0
ray-9_binary.npy,7,473,83569.0
ray-9_binary.npy,8,473,83569.0
ray-9_binary.npy,9,443,83869.0
ray-9_binary.npy,10,443,83869.0
ray-9_binary.npy,11,439,83909.0
ray-9_binary.npy,12,439,83909.0
ray-9_binary.npy,13,439,83909.0
ray-9_binary.npy,14,439,83909.0
ray-9_binary.npy,15,436,83939.0
ray-9_binary.npy,16,436,83939.0
ray-9_binary.npy,17,436,83939.0
ray-9_binary.npy,18,436,83939.0
ray-9_binary.npy,19,436,83939.0
ray-9_binary.npy,20,436,83939.0
ray-9_binary.npy,21,435,83949.0
ray-9_binary.npy,22,435,83949.0
ray-9_binary.npy,23,435,83949.0
ray-9_binary.npy,24,435,83949.0
ray-9_binary.npy,25,435,83949.0
ray-9_binary.npy,26,435,83949.0
ray-9_binary.npy,27,435,83949.0
ray-9_binary.npy,28,435,83949.0
ray-9_binary.npy,29,435,83949.0
sea_snake-10_binary.npy,0,158,1635.0
sea_snake-10_binary.npy,1,151,1705.0
sea_snake-10_binary.npy,2,151,1705.0
sea_snake-10_binary.npy,3,151,1705.0
sea_snake-10_binary.npy,4,141,1805.0
sea_snake-10_binary.npy,5,141,1805.0
sea_snake-10_binary.npy,6,139,1825.0
sea_snake-10_binary.npy,7,139,1825.0
sea_snake-10_binary.npy,8,139,1825.0
sea_snake-10_binary.npy,9,137,1845.0
sea_snake-10_binary.npy,10,132,1895.0
sea_snake-10_binary.npy,11,132,1895.0
sea_snake-10_binary.npy,12,132,1895.0
sea_snake-10_binary.npy,13,132,1895.0
sea_snake-10_binary.npy,14,132,1895.0
sea_snake-10_binary.npy,15,132,1895.0
sea_snake-10_binary.npy,16,132,1895.0
sea_snake-10_binary.npy,17,130,1915.0
sea_snake-10_binary.npy,18,130,1915.0
sea_snake-10_binary.npy,19,129,1925.0
sea_snake-10_binary.npy,20,129,1925.0
sea_snake-10_binary.npy,21,129,1925.0
sea_snake-10_binary.npy,22,128,1935.0
sea_snake-10_binary.npy,23,128,1935.0
sea_snake-10_binary.npy,24,128,1935.0
sea_snake-10_binary.npy,25,128,1935.0
sea_snake-10_binary.npy,26,128,1935.0
sea_snake-10_binary.npy,27,128,1935.0
sea_snake-10_binary.npy,28,128,1935.0
sea_snake-10_binary.npy,29,127,1945.0
sea_snake-10_binary.npy,30,127,1945.0
sea_snake-10_binary.npy,31,127,1945.0
sea_snake-10_binary.npy,32,127,1945.0
sea_snake-10_binary.npy,33,127,1945.0
sea_snake-10_binary.npy,34,127,1945.0
sea_snake-10_binary.npy,35,127,1945.0
sea_snake-10_binary.npy,36,127,1945.0
sea_snake-10_binary.npy,37,127,1945.0
sea_snake-11_binary.npy,0,353,19337.0
sea_snake-11_binary.npy,1,353,19337.0
sea_snake-11_binary.npy,2,344,19427.0
sea_snake-11_binary.npy,3,344,19427.0
sea_snake-11_binary.npy,4,344,19427.0
sea_snake-11_binary.npy,5,344,19427.0
sea_snake-11_binary.npy,6,344,19427.0
sea_snake-11_binary.npy,7,337,19497.0
sea_snake-11_binary.npy,8,337,19497.0
sea_snake-11_binary.npy,9,337,19497.0
sea_snake-11_binary.npy,10,337,19497.0
sea_snake-11_binary.npy,11,337,19497.0
sea_snake-11_binary.npy,12,337,19497.0
sea_snake-11_binary.npy,13,337,19497.0
sea_snake-11_binary.npy,14,337,19497.0
sea_snake-11_binary.npy,15,337,19497.0
sea_snake-15_binary.npy,0,463,18862.0
sea_snake-15_binary.npy,1,442,19072.0
sea_snake-15_binary.npy,2,341,20082.0
sea_snake-15_binary.npy,3,341,20082.0
sea_snake-15_binary.npy,4,341,20082.0
sea_snake-15_binary.npy,5,308,20412.0
sea_snake-15_binary.npy,6,284,20652.0
sea_snake-15_binary.npy,7,284,20652.0
sea_snake-15_binary.npy,8,284,20652.0
sea_snake-15_binary.npy,9,284,20652.0
sea_snake-15_binary.npy,10,275,20742.0
sea_snake-15_binary.npy,11,275,20742.0
sea_snake-15_binary.npy,12,273,20762.0
sea_snake-15_binary.npy,13,273,20762.0
sea_snake-15_binary.npy,14,273,20762.0
sea_snake-15_binary.npy,15,273,20762.0
sea_snake-15_binary.npy,16,272,20772.0
sea_snake-15_binary.npy,17,272,20772.0
sea_snake-15_binary.npy,18,272,20772.0
sea_snake-15_binary.npy,19,272,20772.0
sea_snake-15_binary.npy,20,272,20772.0
sea_snake-15_binary.npy,21,272,20772.0
sea_snake-15_binary.npy,22,272,20772.0
sea_snake-15_binary.npy,23,272,20772.0
sea_snake-15_binary.npy,24,272,20772.0
sea_snake-2_binary.npy,0,295,5570.0
sea_snake-2_binary.npy,1,295,5570.0
sea_snake-2_binary.npy,2,295,5570.0
sea_snake-2_binary.npy,3,295,5570.0
sea_snake-2_binary.npy,4,294,5580.0
sea_snake-2_binary.npy,5,288,5640.0
sea_snake-2_binary.npy,6,288,5640.0
sea_snake-2_binary.npy,7,273,5790.0
sea_snake-2_binary.npy,8,273,5790.0
sea_snake-2_binary.npy,9,273,5790.0
sea_snake-2_binary.npy,10,268,5840.0
sea_snake-2_binary.npy,11,268,5840.0
sea_snake-2_binary.npy,12,268,5840.0
sea_snake-2_binary.npy,13,268,5840.0
sea_snake-2_binary.npy,14,268,5840.0
sea_snake-2_binary.npy,15,257,5950.0
sea_snake-2_binary.npy,16,257,5950.0
sea_snake-2_binary.npy,17,257,5950.0
sea_snake-2_binary.npy,18,257,5950.0
sea_snake-2_binary.npy,19,257,5950.0
sea_snake-2_binary.npy,20,257,5950.0
sea_snake-2_binary.npy,21,257,5950.0
sea_snake-2_binary.npy,22,257,5950.0
sea_snake-2_binary.npy,23,257,5950.0
shapedata_binary.npy,0,2432,99977.0
shapedata_binary.npy,1,1662,107677.0
shapedata_binary.npy,2,1662,107677.0
shapedata_binary.npy,3,1662,107677.0
shapedata_binary.npy,4,1662,107677.0
shapedata_binary.npy,5,1662,107677.0
shapedata_binary.npy,6,1662,107677.0
shapedata_binary.npy,7,1662,107677.0
shapedata_binary.npy,8,1662,107677.0
shapedata_binary.npy,9,1662,107677.0
shoe-18_binary.npy,0,198,46071.0
shoe-18_binary.npy,1,198,46071.0
shoe-18_binary.npy,2,198,46071.0
shoe-18_binary.npy,3,198,46071.0
shoe-18_binary.npy,4,198,46071.0
shoe-18_binary.npy,5,198,46071.0
shoe-18_binary.npy,6,198,46071.0
shoe-18_binary.npy,7,198,46071.0
shoe-18_binary.npy,8,198,46071.0
shoe-19_binary.npy,0,224,62074.0
shoe-19_binary.npy,1,224,62074.0
shoe-19_binary.npy,2,211,62204.0
shoe-19_binary.npy,3,211,62204.0
shoe-19_binary.npy,4,211,62204.0
shoe-19_binary.npy,5,211,62204.0
shoe-19_binary.npy,6,208,62234.0
shoe-19_binary.npy,7,208,62234.0
shoe-19_binary.npy,8,208,62234.0
shoe-19_binary.npy,9,200,62314.0
shoe-19_binary.npy,10,200,62314.0
shoe-19_binary.npy,11,200,62314.0
shoe-19_binary.npy,12,200,62314.0
shoe-19_binary.npy,13,200,62314.0
shoe-19_binary.npy,14,195,62364.0
shoe-19_binary.npy,15,195,62364.0
shoe-19_binary.npy,16,195,62364.0
shoe-19_binary.npy,17,195,62364.0
shoe-19_binary.npy,18,195,62364.0
shoe-19_binary.npy,19,195,62364.0
shoe-19_binary.npy,20,195,62364.0
shoe-19_binary.npy,21,195,62364.0
shoe-19_binary.npy,22,195,62364.0
shoe-3_binary.npy,0,237,60992.0
shoe-3_binary.npy,1,237,60992.0
shoe-3_binary.npy,2,237,60992.0
shoe-3_binary.npy,3,237,60992.0
shoe-3_binary.npy,4,237,60992.0
shoe-3_binary.npy,5,237,60992.0
shoe-3_binary.npy,6,237,60992.0
shoe-3_binary.npy,7,237,60992.0
shoe-3_binary.npy,8,237,60992.0
shoe-4_binary.npy,0,182,47814.0
shoe-4_binary.npy,1,182,47814.0
shoe-4_binary.npy,2,182,47814.0
shoe-4_binary.npy,3,182,47814.0
shoe-4_binary.npy,4,182,47814.0
shoe-4_binary.npy,5,182,47814.0
shoe-4_binary.npy,6,182,47814.0
shoe-4_binary.npy,7,182,47814.0
shoe-4_binary.npy,8,181,47824.0
shoe-4_binary.npy,9,181,47824.0
shoe-4_binary.npy,10,181,47824.0
shoe-4_binary.npy,11,171,47924.0
shoe-4_binary.npy,12,171,47924.0
shoe-4_binary.npy,13,171,47924.0
shoe-4_binary.npy,14,171,47924.0
shoe-4_binary.npy,15,171,47924.0
shoe-4_binary.npy,16,171,47924.0
shoe-4_binary.npy,17,171,47924.0
shoe-4_binary.npy,18,167,47964.0
shoe-4_binary.npy,19,167,47964.0
shoe-4_binary.npy,20,167,47964.0
shoe-4_binary.npy,21,167,47964.0
shoe-4_binary.npy,22,165,47984.0
shoe-4_binary.npy,23,165,47984.0
shoe-4_binary.npy,24,165,47984.0
shoe-4_binary.npy,25,165,47984.0
shoe-4_binary.npy,26,165,47984.0
shoe-4_binary.npy,27,165,47984.0
shoe-4_binary.npy,28,163,48004.0
shoe-4_binary.npy,29,163,48004.0
shoe-4_binary.npy,30,163,48004.0
shoe-4_binary.npy,31,163,48004.0
shoe-4_binary.npy,32,163,48004.0
shoe-4_binary.npy,33,155,48084.0
shoe-4_binary.npy,34,155,48084.0
shoe-4_binary.npy,35,155,48084.0
shoe-4_binary.npy,36,155,48084.0
shoe-4_binary.npy,37,155,48084.0
shoe-4_binary.npy,38,155,48084.0
shoe-4_binary.npy,39,155,48084.0
shoe-4_binary.npy,40,155,48084.0
shoe-4_binary.npy,41,155,48084.0
spoon-14_binary.npy,0,96,10143.0
spoon-14_binary.npy,1,91,10193.0
spoon-14_binary.npy,2,91,10193.0
spoon-14_binary.npy,3,91,10193.0
spoon-14_binary.npy,4,91,10193.0
spoon-14_binary.npy,5,91,10193.0
spoon-14_binary.npy,6,91,10193.0
spoon-14_binary.npy,7,91,10193.0
spoon-14_binary.npy,8,91,10193.0
spoon-14_binary.npy,9,90,10203.0
spoon-14_binary.npy,10,90,10203.0
spoon-14_binary.npy,11,90,10203.0
spoon-14_binary.npy,12,90,10203.0
spoon-14_binary.npy,13,90,10203.0
spoon-14_binary.npy,14,90,10203.0
spoon-14_binary.npy,15,90,10203.0
spoon-14_binary.npy,16,90,10203.0
spoon-14_binary.npy,17,90,10203.0
spoon-16_binary.npy,0,248,10757.0
spoon-16_binary.npy,1,234,10897.0
spoon-16_binary.npy,2,234,10897.0
spoon-16_binary.npy,3,234,10897.0
spoon-16_binary.npy,4,228,10957.0
spoon-16_binary.npy,5,228,10957.0
spoon-16_binary.npy,6,228,10957.0
spoon-16_binary.npy,7,228,10957.0
spoon-16_binary.npy,8,228,10957.0
spoon-16_binary.npy,9,228,10957.0
spoon-16_binary.npy,10,227,10967.0
spoon-16_binary.npy,11,227,10967.0
spoon-16_binary.npy,12,225,10987.0
spoon-16_binary.npy,13,225,10987.0
spoon-16_binary.npy,14,225,10987.0
spoon-16_binary.npy,15,225,10987.0
spoon-16_binary.npy,16,225,10987.0
spoon-16_binary.npy,17,225,10987.0
spoon-16_binary.npy,18,225,10987.0
spoon-16_binary.npy,19,225,10987.0
spoon-16_binary.npy,20,220,11037.0
spoon-16_binary.npy,21,220,11037.0
spoon-16_binary.npy,22,220,11037.0
spoon-16_binary.npy,23,220,11037.0
spoon-16_binary.npy,24,220,11037.0
spoon-16_binary.npy,25,220,11037.0
spoon-16_binary.npy,26,214,11097.0
spoon-16_binary.npy,27,214,11097.0
spoon-16_binary.npy,28,214,11097.0
spoon-16_binary.npy,29,214,11097.0
spoon-16_binary.npy,30,214,11097.0
spoon-16_binary.npy,31,214,11097.0
spoon-16_binary.npy,32,214,11097.0
spoon-16_binary.npy,33,214,11097.0
spoon-16_binary.npy,34,214,11097.0
spoon-5_binary.npy,0,177,8768.0
spoon-5_binary.npy,1,173,8808.0
spoon-5_binary.npy,2,173,8808.0
spoon-5_binary.npy,3,171,8828.0
spoon-5_binary.npy,4,171,8828.0
spoon-5_binary.npy,5,171,8828.0
spoon-5_binary.npy,6,171,8828.0
spoon-5_binary.npy,7,171,8828.0
spoon-5_binary.npy,8,171,8828.0
spoon-5_binary.npy,9,171,8828.0
spoon-5_binary.npy,10,171,8828.0
spoon-5_binary.npy,11,171,8828.0
spoon-7_binary.npy,0,177,8768.0
spoon-7_binary.npy,1,177,8768.0
spoon-7_binary.npy,2,177,8768.0
spoon-7_binary.npy,3,177,8768.0
spoon-7_binary.npy,4,177,8768.0
spoon-7_binary.npy,5,176,8778.0
spoon-7_binary.npy,6,176,8778.0
spoon-7_binary.npy,7,176,8778.0
spoon-7_binary.npy,8,176,8778.0
spoon-7_binary.npy,9,176,8778.0
spoon-7_binary.npy,10,176,8778.0
spoon-7_binary.npy,11,176,8778.0
spoon-7_binary.npy,12,176,8778.0
spoon-7_binary.npy,13,175,8788.0
spoon-7_binary.npy,14,175,8788.0
spoon-7_binary.npy,15,175,8788.0
spoon-7_binary.npy,16,175,8788.0
spoon-7_binary.npy,17,175,8788.0
spoon-7_binary.npy,18,175,8788.0
spoon-7_binary.npy,19,175,8788.0
spoon-7_binary.npy,20,175,8788.0
spoon-7_binary.npy,21,175,8788.0
spring-11_binary.npy,0,494,1106.0
spring-11_binary.npy,1,494,1106.0
spring-11_binary.npy,2,494,1106.0
spring-11_binary.npy,3,494,1106.0
spring-11_binary.npy,4,494,1106.0
spring-11_binary.npy,5,395,2096.0
spring-11_binary.npy,6,395,2096.0
spring-11_binary.npy,7,393,2116.0
spring-11_binary.npy,8,393,2116.0
spring-11_binary.npy,9,393,2116.0
spring-11_binary.npy,10,393,2116.0
spring-11_binary.npy,11,336,2686.0
spring-11_binary.npy,12,336,2686.0
spring-11_binary.npy,13,336,2686.0
spring-11_binary.npy,14,336,2686.0
spring-11_binary.npy,15,336,2686.0
spring-11_binary.npy,16,336,2686.0
spring-11_binary.npy,17,336,2686.0
spring-11_binary.npy,18,335,2696.0
spring-11_binary.npy,19,335,2696.0
spring-11_binary.npy,20,335,2696.0
spring-11_binary.npy,21,335,2696.0
spring-11_binary.npy,22,335,2696.0
spring-11_binary.npy,23,335,2696.0
spring-11_binary.npy,24,334,2706.0
spring-11_binary.npy,25,334,2706.0
spring-11_binary.npy,26,334,2706.0
spring-11_binary.npy,27,321,2836.0
spring-11_binary.npy,28,321,2836.0
spring-11_binary.npy,29,321,2836.0
spring-11_binary.npy,30,321,2836.0
spring-11_binary.npy,31,314,2906.0
spring-11_binary.npy,32,314,2906.0
spring-11_binary.npy,33,295,3096.0
spring-11_binary.npy,34,295,3096.0
spring-11_binary.npy,35,295,3096.0
spring-11_binary.npy,36,295,3096.0
spring-11_binary.npy,37,295,3096.0
spring-11_binary.npy,38,295,3096.0
spring-11_binary.npy,39,292,3126.0
spring-11_binary.npy,40,292,3126.0
spring-11_binary.npy,41,292,3126.0
spring-11_binary.npy,42,292,3126.0
spring-11_binary.npy,43,292,3126.0
spring-11_binary.npy,44,279,3256.0
spring-11_binary.npy,45,279,3256.0
spring-11_binary.npy,46,279,3256.0
spring-11_binary.npy,47,274,3306.0
spring-11_binary.npy,48,274,3306.0
spring-11_binary.npy,49,274,3306.0
spring-11_binary.npy,50,274,3306.0
spring-11_binary.npy,51,274,3306.0
spring-11_binary.npy,52,273,3316.0
spring-11_binary.npy,53,270,3346.0
spring-11_binary.npy,54,270,3346.0
spring-11_binary.npy,55,270,3346.0
spring-11_binary.npy,56,262,3426.0
spring-11_binary.npy,57,262,3426.0
spring-11_binary.npy,58,262,3426.0
spring-11_binary.npy,59,262,3426.0
spring-11_binary.npy,60,262,3426.0
spring-11_binary.npy,61,262,3426.0
spring-11_binary.npy,62,261,3436.0
spring-11_binary.npy,63,261,3436.0
spring-11_binary.npy,64,261,3436.0
spring-11_binary.npy,65,261,3436.0
spring-11_binary.npy,66,261,3436.0
spring-11_binary.npy,67,261,3436.0
spring-11_binary.npy,68,261,3436.0
spring-11_binary.npy,69,261,3436.0
spring-11_binary.npy,70,260,3446.0
spring-11_binary.npy,71,260,3446.0
spring-11_binary.npy,72,260,3446.0
spring-11_binary.npy,73,260,3446.0
spring-11_binary.npy,74,257,3476.0
spring-11_binary.npy,75,257,3476.0
spring-11_binary.npy,76,257,3476.0
spring-11_binary.npy,77,254,3506.0
spring-11_binary.npy,78,254,3506.0
spring-11_binary.npy,79,254,3506.0
spring-11_binary.npy,80,254,3506.0
spring-11_binary.npy,81,254,3506.0
spring-11_binary.npy,82,254,3506.0
spring-11_binary.npy,83,254,3506.0
spring-11_binary.npy,84,254,3506.0
spring-11_binary.npy,85,254,3506.0
spring-16_binary.npy,0,347,3960.0
spring-16_binary.npy,1,342,4010.0
spring-16_binary.npy,2,342,4010.0
spring-16_binary.npy,3,312,4310.0
spring-16_binary.npy,4,312,4310.0
spring-16_binary.npy,5,312,4310.0
spring-16_binary.npy,6,312,4310.0
spring-16_binary.npy,7,312,4310.0
spring-16_binary.npy,8,312,4310.0
spring-16_binary.npy,9,312,4310.0
spring-16_binary.npy,10,312,4310.0
spring-16_binary.npy,11,312,4310.0
spring-19_binary.npy,0,576,7426.0
spring-19_binary.npy,1,576,7426.0
spring-19_binary.npy,2,576,7426.0
spring-19_binary.npy,3,576,7426.0
spring-19_binary.npy,4,576,7426.0
spring-19_binary.npy,5,486,8326.0
spring-19_binary.npy,6,486,8326.0
spring-19_binary.npy,7,486,8326.0
spring-19_binary.npy,8,486,8326.0
spring-19_binary.npy,9,486,8326.0
spring-19_binary.npy,10,486,8326.0
spring-19_binary.npy,11,486,8326.0
spring-19_binary.npy,12,486,8326.0
spring-19_binary.npy,13,486,8326.0
spring-7_binary.npy,0,609,10314.0
spring-7_binary.npy,1,609,10314.0
spring-7_binary.npy,2,609,10314.0
spring-7_binary.npy,3,609,10314.0
spring-7_binary.npy,4,609,10314.0
spring-7_binary.npy,5,609,10314.0
spring-7_binary.npy,6,609,10314.0
spring-7_binary.npy,7,600,10404.0
spring-7_binary.npy,8,600,10404.0
spring-7_binary.npy,9,600,10404.0
spring-7_binary.npy,10,600,10404.0
spring-7_binary.npy,11,600,10404.0
spring-7_binary.npy,12,600,10404.0
spring-7_binary.npy,13,587,10534.0
spring-7_binary.npy,14,587,10534.0
spring-7_binary.npy,15,587,10534.0
spring-7_binary.npy,16,587,10534.0
spring-7_binary.npy,17,587,10534.0
spring-7_binary.npy,18,587,10534.0
spring-7_binary.npy,19,587,10534.0
spring-7_binary.npy,20,587,10534.0
spring-7_binary.npy,21,530,11104.0
spring-7_binary.npy,22,530,11104.0
spring-7_binary.npy,23,520,11204.0
spring-7_binary.npy,24,520,11204.0
spring-7_binary.npy,25,480,11604.0
spring-7_binary.npy,26,480,11604.0
spring-7_binary.npy,27,480,11604.0
spring-7_binary.npy,28,480,11604.0
spring-7_binary.npy,29,452,11884.0
spring-7_binary.npy,30,452,11884.0
spring-7_binary.npy,31,452,11884.0
spring-7_binary.npy,32,452,11884.0
spring-7_binary.npy,33,449,11914.0
spring-7_binary.npy,34,449,11914.0
spring-7_binary.npy,35,449,11914.0
spring-7_binary.npy,36,449,11914.0
spring-7_binary.npy,37,446,11944.0
spring-7_binary.npy,38,446,11944.0
spring-7_binary.npy,39,443,11974.0
spring-7_binary.npy,40,443,11974.0
spring-7_binary.npy,41,443,11974.0
spring-7_binary.npy,42,443,11974.0
spring-7_binary.npy,43,443,11974.0
spring-7_binary.npy,44,443,11974.0
spring-7_binary.npy,45,443,11974.0
spring-7_binary.npy,46,436,12044.0
spring-7_binary.npy,47,436,12044.0
spring-7_binary.npy,48,436,12044.0
spring-7_binary.npy,49,433,12074.0
spring-7_binary.npy,50,433,12074.0
spring-7_binary.npy,51,433,12074.0
spring-7_binary.npy,52,433,12074.0
spring-7_binary.npy,53,431,12094.0
spring-7_binary.npy,54,431,12094.0
spring-7_binary.npy,55,431,12094.0
spring-7_binary.npy,56,431,12094.0
spring-7_binary.npy,57,431,12094.0
spring-7_binary.npy,58,431,12094.0
spring-7_binary.npy,59,431,12094.0
spring-7_binary.npy,60,431,12094.0
spring-7_binary.npy,61,431,12094.0
stef-02_binary.npy,0,158,1671.0
stef-02_binary.npy,1,158,1671.0
stef-02_binary.npy,2,158,1671.0
stef-02_binary.npy,3,158,1671.0
stef-02_binary.npy,4,154,1711.0
stef-02_binary.npy,5,154,1711.0
stef-02_binary.npy,6,154,1711.0
stef-02_binary.npy,7,154,1711.0
stef-02_binary.npy,8,148,1771.0
stef-02_binary.npy,9,148,1771.0
stef-02_binary.npy,10,148,1771.0
stef-02_binary.npy,11,148,1771.0
stef-02_binary.npy,12,147,1781.0
stef-02_binary.npy,13,147,1781.0
stef-02_binary.npy,14,147,1781.0
stef-02_binary.npy,15,146,1791.0
stef-02_binary.npy,16,146,1791.0
stef-02_binary.npy,17,146,1791.0
stef-02_binary.npy,18,142,1831.0
stef-02_binary.npy,19,142,1831.0
stef-02_binary.npy,20,139,1861.0
stef-02_binary.npy,21,139,1861.0
stef-02_binary.npy,22,139,1861.0
stef-02_binary.npy,23,139,1861.0
stef-02_binary.npy,24,139,1861.0
stef-02_binary.npy,25,139,1861.0
stef-02_binary.npy,26,139,1861.0
stef-02_binary.npy,27,138,1871.0
stef-02_binary.npy,28,138,1871.0
stef-02_binary.npy,29,137,1881.0
stef-02_binary.npy,30,137,1881.0
stef-02_binary.npy,31,137,1881.0
stef-02_binary.npy,32,137,1881.0
stef-02_binary.npy,33,137,1881.0
stef-02_binary.npy,34,137,1881.0
stef-02_binary.npy,35,137,1881.0
stef-02_binary.npy,36,136,1891.0
stef-02_binary.npy,37,136,1891.0
stef-02_binary.npy,38,136,1891.0
stef-02_binary.npy,39,136,1891.0
stef-02_binary.npy,40,136,1891.0
stef-02_binary.npy,41,136,1891.0
stef-02_binary.npy,42,136,1891.0
stef-02_binary.npy,43,136,1891.0
stef-02_binary.npy,44,136,1891.0
stef-11_binary.npy,0,107,1058.0
stef-11_binary.npy,1,98,1148.0
stef-11_binary.npy,2,95,1178.0
stef-11_binary.npy,3,95,1178.0
stef-11_binary.npy,4,95,1178.0
stef-11_binary.npy,5,95,1178.0
stef-11_binary.npy,6,93,1198.0
stef-11_binary.npy,7,93,1198.0
stef-11_binary.npy,8,93,1198.0
stef-11_binary.npy,9,93,1198.0
stef-11_binary.npy,10,89,1238.0
stef-11_binary.npy,11,89,1238.0
stef-11_binary.npy,12,89,1238.0
stef-11_binary.npy,13,89,1238.0
stef-11_binary.npy,14,89,1238.0
stef-11_binary.npy,15,89,1238.0
stef-11_binary.npy,16,88,1248.0
stef-11_binary.npy,17,88,1248.0
stef-11_binary.npy,18,88,1248.0
stef-11_binary.npy,19,88,1248.0
stef-11_binary.npy,20,87,1258.0
stef-11_binary.npy,21,87,1258.0
stef-11_binary.npy,22,87,1258.0
stef-11_binary.npy,23,87,1258.0
stef-11_binary.npy,24,87,1258.0
stef-11_binary.npy,25,87,1258.0
stef-11_binary.npy,26,87,1258.0
stef-11_binary.npy,27,87,1258.0
stef-11_binary.npy,28,87,1258.0
stef-16_binary.npy,0,89,881.0
stef-16_binary.npy,1,88,891.0
stef-16_binary.npy,2,72,1051.0
stef-16_binary.npy,3,72,1051.0
stef-16_binary.npy,4,72,1051.0
stef-16_binary.npy,5,72,1051.0
stef-16_binary.npy,6,71,1061.0
stef-16_binary.npy,7,71,1061.0
stef-16_binary.npy,8,71,1061.0
stef-16_binary.npy,9,71,1061.0
stef-16_binary.npy,10,71,1061.0
stef-16_binary.npy,11,67,1101.0
stef-16_binary.npy,12,67,1101.0
stef-16_binary.npy,13,67,1101.0
stef-16_binary.npy,14,67,1101.0
stef-16_binary.npy,15,67,1101.0
stef-16_binary.npy,16,67,1101.0
stef-16_binary.npy,17,67,1101.0
stef-16_binary.npy,18,64,1131.0
stef-16_binary.npy,19,64,1131.0
stef-16_binary.npy,20,64,1131.0
stef-16_binary.npy,21,63,1141.0
stef-16_binary.npy,22,63,1141.0
stef-16_binary.npy,23,63,1141.0
stef-16_binary.npy,24,62,1151.0
stef-16_binary.npy,25,62,1151.0
stef-16_binary.npy,26,62,1151.0
stef-16_binary.npy,27,62,1151.0
stef-16_binary.npy,28,62,1151.0
stef-16_binary.npy,29,62,1151.0
stef-16_binary.npy,30,62,1151.0
stef-16_binary.npy,31,62,1151.0
stef-16_binary.npy,32,62,1151.0
stef-19_binary.npy,0,112,897.0
stef-19_binary.npy,1,112,897.0
stef-19_binary.npy,2,112,897.0
stef-19_binary.npy,3,111,907.0
stef-19_binary.npy,4,111,907.0
stef-19_binary.npy,5,111,907.0
stef-19_binary.npy,6,111,907.0
stef-19_binary.npy,7,99,1027.0
stef-19_binary.npy,8,94,1077.0
stef-19_binary.npy,9,94,1077.0
stef-19_binary.npy,10,94,1077.0
stef-19_binary.npy,11,94,1077.0
stef-19_binary.npy,12,94,1077.0
stef-19_binary.npy,13,94,1077.0
stef-19_binary.npy,14,94,1077.0
stef-19_binary.npy,15,92,1097.0
stef-19_binary.npy,16,92,1097.0
stef-19_binary.npy,17,92,1097.0
stef-19_binary.npy,18,92,1097.0
stef-19_binary.npy,19,92,1097.0
stef-19_binary.npy,20,92,1097.0
stef-19_binary.npy,21,90,1117.0
stef-19_binary.npy,22,90,1117.0
stef-19_binary.npy,23,90,1117.0
stef-19_binary.npy,24,90,1117.0
stef-19_binary.npy,25,88,1137.0
stef-19_binary.npy,26,87,1147.0
stef-19_binary.npy,27,87,1147.0
stef-19_binary.npy,28,87,1147.0
stef-19_binary.npy,29,87,1147.0
stef-19_binary.npy,30,87,1147.0
stef-19_binary.npy,31,87,1147.0
stef-19_binary.npy,32,87,1147.0
stef-19_binary.npy,33,87,1147.0
stef-19_binary.npy,34,87,1147.0
teddy-02_binary.npy,0,269,25178.0
teddy-02_binary.npy,1,269,25178.0
teddy-02_binary.npy,2,222,25648.0
teddy-02_binary.npy,3,222,25648.0
teddy-02_binary.npy,4,222,25648.0
teddy-02_binary.npy,5,222,25648.0
teddy-02_binary.npy,6,222,25648.0
teddy-02_binary.npy,7,222,25648.0
teddy-02_binary.npy,8,222,25648.0
teddy-02_binary.npy,9,222,25648.0
teddy-02_binary.npy,10,216,25708.0
teddy-02_binary.npy,11,216,25708.0
teddy-02_binary.npy,12,216,25708.0
teddy-02_binary.npy,13,216,25708.0
teddy-02_binary.npy,14,216,25708.0
teddy-02_binary.npy,15,214,25728.0
teddy-02_binary.npy,16,206,25808.0
teddy-02_binary.npy,17,206,25808.0
teddy-02_binary.npy,18,206,25808.0
teddy-02_binary.npy,19,206,25808.0
teddy-02_binary.npy,20,206,25808.0
teddy-02_binary.npy,21,206,25808.0
teddy-02_binary.npy,22,204,25828.0
teddy-02_binary.npy,23,204,25828.0
teddy-02_binary.npy,24,204,25828.0
teddy-02_binary.npy,25,204,25828.0
teddy-02_binary.npy,26,204,25828.0
teddy-02_binary.npy,27,204,25828.0
teddy-02_binary.npy,28,204,25828.0
teddy-02_binary.npy,29,204,25828.0
teddy-02_binary.npy,30,204,25828.0
teddy-06_binary.npy,0,278,24668.0
teddy-06_binary.npy,1,278,24668.0
teddy-06_binary.npy,2,278,24668.0
teddy-06_binary.npy,3,278,24668.0
teddy-06_binary.npy,4,263,24818.0
teddy-06_binary.npy,5,263,24818.0
teddy-06_binary.npy,6,263,24818.0
teddy-06_binary.npy,7,263,24818.0
teddy-06_binary.npy,8,263,24818.0
teddy-06_binary.npy,9,231,25138.0
teddy-06_binary.npy,10,231,25138.0
teddy-06_binary.npy,11,226,25188.0
teddy-06_binary.npy,12,216,25288.0
teddy-06_binary.npy,13,216,25288.0
teddy-06_binary.npy,14,216,25288.0
teddy-06_binary.npy,15,216,25288.0
teddy-06_binary.npy,16,216,25288.0
teddy-06_binary.npy,17,216,25288.0
teddy-06_binary.npy,18,216,25288.0
teddy-06_binary.npy,19,216,25288.0
teddy-06_binary.npy,20,208,25368.0
teddy-06_binary.npy,21,208,25368.0
teddy-06_binary.npy,22,208,25368.0
teddy-06_binary.npy,23,208,25368.0
teddy-06_binary.npy,24,208,25368.0
teddy-06_binary.npy,25,206,25388.0
teddy-06_binary.npy,26,206,25388.0
teddy-06_binary.npy,27,206,25388.0
teddy-06_binary.npy,28,206,25388.0
teddy-06_binary.npy,29,206,25388.0
teddy-06_binary.npy,30,206,25388.0
teddy-06_binary.npy,31,206,25388.0
teddy-06_binary.npy,32,206,25388.0
teddy-06_binary.npy,33,206,25388.0
teddy-17_binary.npy,0,270,25136.0
teddy-17_binary.npy,1,270,25136.0
teddy-17_binary.npy,2,230,25536.0
teddy-17_binary.npy,3,230,25536.0
teddy-17_binary.npy,4,230,25536.0
teddy-17_binary.npy,5,230,25536.0
teddy-17_binary.npy,6,230,25536.0
teddy-17_binary.npy,7,230,25536.0
teddy-17_binary.npy,8,218,25656.0
teddy-17_binary.npy,9,213,25706.0
teddy-17_binary.npy,10,207,25766.0
teddy-17_binary.npy,11,207,25766.0
teddy-17_binary.npy,12,207,25766.0
teddy-17_binary.npy,13,207,25766.0
teddy-17_binary.npy,14,207,25766.0
teddy-17_binary.npy,15,207,25766.0
teddy-17_binary.npy,16,205,25786.0
teddy-17_binary.npy,17,205,25786.0
teddy-17_binary.npy,18,205,25786.0
teddy-17_binary.npy,19,205,25786.0
teddy-17_binary.npy,20,205,25786.0
teddy-17_binary.npy,21,205,25786.0
teddy-17_binary.npy,22,205,25786.0
teddy-17_binary.npy,23,205,25786.0
teddy-17_binary.npy,24,205,25786.0
teddy-20_binary.npy,0,288,24928.0
teddy-20_binary.npy,1,275,25058.0
teddy-20_binary.npy,2,275,25058.0
teddy-20_binary.npy,3,275,25058.0
teddy-20_binary.npy,4,275,25058.0
teddy-20_binary.npy,5,275,25058.0
teddy-20_binary.npy,6,275,25058.0
teddy-20_binary.npy,7,275,25058.0
teddy-20_binary.npy,8,265,25158.0
teddy-20_binary.npy,9,265,25158.0
teddy-20_binary.npy,10,265,25158.0
teddy-20_binary.npy,11,265,25158.0
teddy-20_binary.npy,12,265,25158.0
teddy-20_binary.npy,13,265,25158.0
teddy-20_binary.npy,14,239,25418.0
teddy-20_binary.npy,15,239,25418.0
teddy-20_binary.npy,16,239,25418.0
teddy-20_binary.npy,17,239,25418.0
teddy-20_binary.npy,18,238,25428.0
teddy-20_binary.npy,19,238,25428.0
teddy-20_binary.npy,20,229,25518.0
teddy-20_binary.npy,21,229,25518.0
teddy-20_binary.npy,22,224,25568.0
teddy-20_binary.npy,23,224,25568.0
teddy-20_binary.npy,24,224,25568.0
teddy-20_binary.npy,25,224,25568.0
teddy-20_binary.npy,26,224,25568.0
teddy-20_binary.npy,27,224,25568.0
teddy-20_binary.npy,28,224,25568.0
teddy-20_binary.npy,29,224,25568.0
teddy-20_binary.npy,30,224,25568.0
tree-12_binary.npy,0,100,9417.0
tree-12_binary.npy,1,98,9437.0
tree-12_binary.npy,2,98,9437.0
tree-12_binary.npy,3,98,9437.0
tree-12_binary.npy,4,98,9437.0
tree-12_binary.npy,5,98,9437.0
tree-12_binary.npy,6,98,9437.0
tree-12_binary.npy,7,98,9437.0
tree-12_binary.npy,8,98,9437.0
tree-12_binary.npy,9,98,9437.0
tree-15_binary.npy,0,183,11749.0
tree-15_binary.npy,1,183,11749.0
tree-15_binary.npy,2,180,11779.0
tree-15_binary.npy,3,180,11779.0
tree-15_binary.npy,4,180,11779.0
tree-15_binary.npy,5,180,11779.0
tree-15_binary.npy,6,180,11779.0
tree-15_binary.npy,7,180,11779.0
tree-15_binary.npy,8,180,11779.0
tree-15_binary.npy,9,180,11779.0
tree-15_binary.npy,10,180,11779.0
tree-6_binary.npy,0,238,17855.0
tree-6_binary.npy,1,238,17855.0
tree-6_binary.npy,2,236,17875.0
tree-6_binary.npy,3,236,17875.0
tree-6_binary.npy,4,236,17875.0
tree-6_binary.npy,5,236,17875.0
tree-6_binary.npy,6,236,17875.0
tree-6_binary.npy,7,236,17875.0
tree-6_binary.npy,8,232,17915.0
tree-6_binary.npy,9,232,17915.0
tree-6_binary.npy,10,232,17915.0
tree-6_binary.npy,11,232,17915.0
tree-6_binary.npy,12,232,17915.0
tree-6_binary.npy,13,232,17915.0
tree-6_binary.npy,14,232,17915.0
tree-6_binary.npy,15,232,17915.0
tree-6_binary.npy,16,232,17915.0
tree-8_binary.npy,0,384,28248.0
tree-8_binary.npy,1,384,28248.0
tree-8_binary.npy,2,307,29018.0
tree-8_binary.npy,3,307,29018.0
tree-8_binary.npy,4,307,29018.0
tree-8_binary.npy,5,307,29018.0
tree-8_binary.npy,6,307,29018.0
tree-8_binary.npy,7,307,29018.0
tree-8_binary.npy,8,307,29018.0
tree-8_binary.npy,9,282,29268.0
tree-8_binary.npy,10,282,29268.0
tree-8_binary.npy,11,281,29278.0
tree-8_binary.npy,12,281,29278.0
tree-8_binary.npy,13,281,29278.0
tree-8_binary.npy,14,281,29278.0
tree-8_binary.npy,15,281,29278.0
tree-8_binary.npy,16,281,29278.0
tree-8_binary.npy,17,281,29278.0
tree-8_binary.npy,18,281,29278.0
tree-8_binary.npy,19,281,29278.0
truck-03_binary.npy,0,64,2774.0
truck-03_binary.npy,1,64,2774.0
truck-03_binary.npy,2,64,2774.0
truck-03_binary.npy,3,64,2774.0
truck-03_binary.npy,4,54,2874.0
truck-03_binary.npy,5,54,2874.0
truck-03_binary.npy,6,54,2874.0
truck-03_binary.npy,7,54,2874.0
truck-03_binary.npy,8,54,2874.0
truck-03_binary.npy,9,49,2924.0
truck-03_binary.npy,10,49,2924.0
truck-03_binary.npy,11,49,2924.0
truck-03_binary.npy,12,49,2924.0
truck-03_binary.npy,13,49,2924.0
truck-03_binary.npy,14,49,2924.0
truck-03_binary.npy,15,46,2954.0
truck-03_binary.npy,16,46,2954.0
truck-03_binary.npy,17,46,2954.0
truck-03_binary.npy,18,46,2954.0
truck-03_binary.npy,19,46,2954.0
truck-03_binary.npy,20,46,2954.0
truck-03_binary.npy,21,46,2954.0
truck-03_binary.npy,22,46,2954.0
truck-03_binary.npy,23,46,2954.0
truck-08_binary.npy,0,57,3162.0
truck-08_binary.npy,1,57,3162.0
truck-08_binary.npy,2,48,3252.0
truck-08_binary.npy,3,46,3272.0
truck-08_binary.npy,4,46,3272.0
truck-08_binary.npy,5,46,3272.0
truck-08_binary.npy,6,46,3272.0
truck-08_binary.npy,7,46,3272.0
truck-08_binary.npy,8,46,3272.0
truck-08_binary.npy,9,46,3272.0
truck-08_binary.npy,10,46,3272.0
truck-08_binary.npy,11,46,3272.0
truck-13_binary.npy,0,66,3543.0
truck-13_binary.npy,1,66,3543.0
truck-13_binary.npy,2,66,3543.0
truck-13_binary.npy,3,63,3573.0
truck-13_binary.npy,4,63,3573.0
truck-13_binary.npy,5,63,3573.0
truck-13_binary.npy,6,63,3573.0
truck-13_binary.npy,7,59,3613.0
truck-13_binary.npy,8,59,3613.0
truck-13_binary.npy,9,52,3683.0
truck-13_binary.npy,10,52,3683.0
truck-13_binary.npy,11,52,3683.0
truck-13_binary.npy,12,52,3683.0
truck-13_binary.npy,13,52,3683.0
truck-13_binary.npy,14,52,3683.0
truck-13_binary.npy,15,52,3683.0
truck-13_binary.npy,16,52,3683.0
truck-13_binary.npy,17,52,3683.0
truck-20_binary.npy,0,73,4000.0
truck-20_binary.npy,1,73,4000.0
truck-20_binary.npy,2,55,4180.0
truck-20_binary.npy,3,55,4180.0
truck-20_binary.npy,4,55,4180.0
truck-20_binary.npy,5,55,4180.0
truck-20_binary.npy,6,55,4180.0
truck-20_binary.npy,7,55,4180.0
truck-20_binary.npy,8,55,4180.0
truck-20_binary.npy,9,52,4210.0
truck-20_binary.npy,10,52,4210.0
truck-20_binary.npy,11,52,4210.0
truck-20_binary.npy,12,52,4210.0
truck-20_binary.npy,13,52,4210.0
truck-20_binary.npy,14,49,4240.0
truck-20_binary.npy,15,49,4240.0
truck-20_binary.npy,16,49,4240.0
truck-20_binary.npy,17,48,4250.0
truck-20_binary.npy,18,48,4250.0
truck-20_binary.npy,19,48,4250.0
truck-20_binary.npy,20,48,4250.0
truck-20_binary.npy,21,48,4250.0
truck-20_binary.npy,22,48,4250.0
truck-20_binary.npy,23,48,4250.0
truck-20_binary.npy,24,48,4250.0
truck-20_binary.npy,25,48,4250.0
turtle-11_binary.npy,0,294,28777.0
turtle-11_binary.npy,1,293,28787.0
turtle-11_binary.npy,2,293,28787.0
turtle-11_binary.npy,3,293,28787.0
turtle-11_binary.npy,4,293,28787.0
turtle-11_binary.npy,5,293,28787.0
turtle-11_binary.npy,6,293,28787.0
turtle-11_binary.npy,7,293,28787.0
turtle-11_binary.npy,8,273,28987.0
turtle-11_binary.npy,9,273,28987.0
turtle-11_binary.npy,10,273,28987.0
turtle-11_binary.npy,11,254,29177.0
turtle-11_binary.npy,12,254,29177.0
turtle-11_binary.npy,13,254,29177.0
turtle-11_binary.npy,14,254,29177.0
turtle-11_binary.npy,15,254,29177.0
turtle-11_binary.npy,16,254,29177.0
turtle-11_binary.npy,17,254,29177.0
turtle-11_binary.npy,18,248,29237.0
turtle-11_binary.npy,19,248,29237.0
turtle-11_binary.npy,20,248,29237.0
turtle-11_binary.npy,21,248,29237.0
turtle-11_binary.npy,22,248,29237.0
turtle-11_binary.npy,23,248,29237.0
turtle-11_binary.npy,24,244,29277.0
turtle-11_binary.npy,25,244,29277.0
turtle-11_binary.npy,26,244,29277.0
turtle-11_binary.npy,27,244,29277.0
turtle-11_binary.npy,28,244,29277.0
turtle-11_binary.npy,29,240,29317.0
turtle-11_binary.npy,30,240,29317.0
turtle-11_binary.npy,31,240,29317.0
turtle-11_binary.npy,32,239,29327.0
turtle-11_binary.npy,33,239,29327.0
turtle-11_binary.npy,34,239,29327.0
turtle-11_binary.npy,35,239,29327.0
turtle-11_binary.npy,36,239,29327.0
turtle-11_binary.npy,37,239,29327.0
turtle-11_binary.npy,38,239,29327.0
turtle-11_binary.npy,39,239,29327.0
turtle-11_binary.npy,40,239,29327.0
turtle-13_binary.npy,0,343,43997.0
turtle-13_binary.npy,1,343,43997.0
turtle-13_binary.npy,2,343,43997.0
turtle-13_binary.npy,3,321,44217.0
turtle-13_binary.npy,4,321,44217.0
turtle-13_binary.npy,5,305,44377.0
turtle-13_binary.npy,6,305,44377.0
turtle-13_binary.npy,7,305,44377.0
turtle-13_binary.npy,8,303,44397.0
turtle-13_binary.npy,9,303,44397.0
turtle-13_binary.npy,10,303,44397.0
turtle-13_binary.npy,11,303,44397.0
turtle-13_binary.npy,12,294,44487.0
turtle-13_binary.npy,13,294,44487.0
turtle-13_binary.npy,14,294,44487.0
turtle-13_binary.npy,15,294,44487.0
turtle-13_binary.npy,16,289,44537.0
turtle-13_binary.npy,17,289,44537.0
turtle-13_binary.npy,18,289,44537.0
turtle-13_binary.npy,19,289,44537.0
turtle-13_binary.npy,20,288,44547.0
turtle-13_binary.npy,21,288,44547.0
turtle-13_binary.npy,22,288,44547.0
turtle-13_binary.npy,23,288,44547.0
turtle-13_binary.npy,24,288,44547.0
turtle-13_binary.npy,25,288,44547.0
turtle-13_binary.npy,26,288,44547.0
turtle-13_binary.npy,27,288,44547.0
turtle-13_binary.npy,28,286,44567.0
turtle-13_binary.npy,29,285,44577.0
turtle-13_binary.npy,30,285,44577.0
turtle-13_binary.npy,31,285,44577.0
turtle-13_binary.npy,32,285,44577.0
turtle-13_binary.npy,33,285,44577.0
turtle-13_binary.npy,34,285,44577.0
turtle-13_binary.npy,35,285,44577.0
turtle-13_binary.npy,36,285,44577.0
turtle-13_binary.npy,37,285,44577.0
turtle-17_binary.npy,0,290,27500.0
turtle-17_binary.npy,1,290,27500.0
turtle-17_binary.npy,2,290,27500.0
turtle-17_binary.npy,3,290,27500.0
turtle-17_binary.npy,4,290,27500.0
turtle-17_binary.npy,5,290,27500.0
turtle-17_binary.npy,6,290,27500.0
turtle-17_binary.npy,7,260,27800.0
turtle-17_binary.npy,8,260,27800.0
turtle-17_binary.npy,9,260,27800.0
turtle-17_binary.npy,10,252,27880.0
turtle-17_binary.npy,11,252,27880.0
turtle-17_binary.npy,12,252,27880.0
turtle-17_binary.npy,13,252,27880.0
turtle-17_binary.npy,14,252,27880.0
turtle-17_binary.npy,15,252,27880.0
turtle-17_binary.npy,16,252,27880.0
turtle-17_binary.npy,17,252,27880.0
turtle-17_binary.npy,18,252,27880.0
turtle-8_binary.npy,0,320,45136.0
turtle-8_binary.npy,1,320,45136.0
turtle-8_binary.npy,2,319,45146.0
turtle-8_binary.npy,3,307,45266.0
turtle-8_binary.npy,4,307,45266.0
turtle-8_binary.npy,5,294,45396.0
turtle-8_binary.npy,6,294,45396.0
turtle-8_binary.npy,7,294,45396.0
turtle-8_binary.npy,8,294,45396.0
turtle-8_binary.npy,9,291,45426.0
turtle-8_binary.npy,10,283,45506.0
turtle-8_binary.npy,11,283,45506.0
turtle-8_binary.npy,12,283,45506.0
turtle-8_binary.npy,13,283,45506.0
turtle-8_binary.npy,14,283,45506.0
turtle-8_binary.npy,15,283,45506.0
turtle-8_binary.npy,16,270,45636.0
turtle-8_binary.npy,17,270,45636.0
turtle-8_binary.npy,18,270,45636.0
turtle-8_binary.npy,19,270,45636.0
turtle-8_binary.npy,20,270,45636.0
turtle-8_binary.npy,21,267,45666.0
turtle-8_binary.npy,22,267,45666.0
turtle-8_binary.npy,23,267,45666.0
turtle-8_binary.npy,24,267,45666.0
turtle-8_binary.npy,25,267,45666.0
turtle-8_binary.npy,26,267,45666.0
turtle-8_binary.npy,27,266,45676.0
turtle-8_binary.npy,28,266,45676.0
turtle-8_binary.npy,29,266,45676.0
turtle-8_binary.npy,30,266,45676.0
turtle-8_binary.npy,31,266,45676.0
turtle-8_binary.npy,32,264,45696.0
turtle-8_binary.npy,33,264,45696.0
turtle-8_binary.npy,34,262,45716.0
turtle-8_binary.npy,35,262,45716.0
turtle-8_binary.npy,36,262,45716.0
turtle-8_binary.npy,37,262,45716.0
turtle-8_binary.npy,38,262,45716.0
turtle-8_binary.npy,39,261,45726.0
turtle-8_binary.npy,40,261,45726.0
turtle-8_binary.npy,41,261,45726.0
turtle-8_binary.npy,42,261,45726.0
turtle-8_binary.npy,43,261,45726.0
turtle-8_binary.npy,44,261,45726.0
turtle-8_binary.npy,45,261,45726.0
turtle-8_binary.npy,46,260,45736.0
turtle-8_binary.npy,47,260,45736.0
turtle-8_binary.npy,48,260,45736.0
turtle-8_binary.npy,49,260,45736.0
turtle-8_binary.npy,50,260,45736.0
turtle-8_binary.npy,51,260,45736.0
turtle-8_binary.npy,52,260,45736.0
turtle-8_binary.npy,53,260,45736.0
turtle-8_binary.npy,54,260,45736.0
watch-12_binary.npy,0,115,20375.0
watch-12_binary.npy,1,115,20375.0
watch-12_binary.npy,2,115,20375.0
watch-12_binary.npy,3,108,20445.0
watch-12_binary.npy,4,108,20445.0
watch-12_binary.npy,5,108,20445.0
watch-12_binary.npy,6,108,20445.0
watch-12_binary.npy,7,108,20445.0
watch-12_binary.npy,8,97,20555.0
watch-12_binary.npy,9,97,20555.0
watch-12_binary.npy,10,97,20555.0
watch-12_binary.npy,11,97,20555.0
watch-12_binary.npy,12,97,20555.0
watch-12_binary.npy,13,97,20555.0
watch-12_binary.npy,14,97,20555.0
watch-12_binary.npy,15,97,20555.0
watch-12_binary.npy,16,97,20555.0
watch-3_binary.npy,0,94,21508.0
watch-3_binary.npy,1,94,21508.0
watch-3_binary.npy,2,94,21508.0
watch-3_binary.npy,3,80,21648.0
watch-3_binary.npy,4,80,21648.0
watch-3_binary.npy,5,80,21648.0
watch-3_binary.npy,6,80,21648.0
watch-3_binary.npy,7,80,21648.0
watch-3_binary.npy,8,80,21648.0
watch-3_binary.npy,9,80,21648.0
watch-3_binary.npy,10,80,21648.0
watch-3_binary.npy,11,80,21648.0
watch-6_binary.npy,0,118,29854.0
watch-6_binary.npy,1,100,30034.0
watch-6_binary.npy,2,100,30034.0
watch-6_binary.npy,3,100,30034.0
watch-6_binary.npy,4,100,30034.0
watch-6_binary.npy,5,100,30034.0
watch-6_binary.npy,6,100,30034.0
watch-6_binary.npy,7,100,30034.0
watch-6_binary.npy,8,100,30034.0
watch-6_binary.npy,9,100,30034.0
watch-9_binary.npy,0,97,16060.0
watch-9_binary.npy,1,97,16060.0
watch-9_binary.npy,2,84,16190.0
watch-9_binary.npy,3,84,16190.0
watch-9_binary.npy,4,81,16220.0
watch-9_binary.npy,5,81,16220.0
watch-9_binary.npy,6,81,16220.0
watch-9_binary.npy,7,81,16220.0
watch-9_binary.npy,8,76,16270.0
watch-9_binary.npy,9,76,16270.0
watch-9_binary.npy,10,75,16280.0
watch-9_binary.npy,11,75,16280.0
watch-9_binary.npy,12,75,16280.0
watch-9_binary.npy,13,75,16280.0
watch-9_binary.npy,14,75,16280.0
watch-9_binary.npy,15,75,16280.0
watch-9_binary.npy,16,75,16280.0
watch-9_binary.npy,17,75,16280.0
watch-9_binary.npy,18,75,16280.0
