image_name,generation,best_rectangle_count,fitness
Bone-10_binary.npy,0,411,27270.0
Bone-10_binary.npy,1,397,27410.0
Bone-10_binary.npy,2,397,27410.0
Bone-10_binary.npy,3,397,27410.0
Bone-10_binary.npy,4,397,27410.0
Bone-10_binary.npy,5,387,27510.0
Bone-10_binary.npy,6,387,27510.0
Bone-10_binary.npy,7,387,27510.0
Bone-10_binary.npy,8,387,27510.0
Bone-10_binary.npy,9,386,27520.0
Bone-10_binary.npy,10,385,27530.0
Bone-10_binary.npy,11,385,27530.0
Bone-10_binary.npy,12,384,27540.0
Bone-10_binary.npy,13,384,27540.0
Bone-10_binary.npy,14,383,27550.0
Bone-10_binary.npy,15,383,27550.0
Bone-10_binary.npy,16,382,27560.0
Bone-10_binary.npy,17,382,27560.0
Bone-10_binary.npy,18,382,27560.0
Bone-10_binary.npy,19,382,27560.0
Bone-10_binary.npy,20,381,27570.0
Bone-10_binary.npy,21,381,27570.0
Bone-10_binary.npy,22,381,27570.0
Bone-10_binary.npy,23,381,27570.0
Bone-10_binary.npy,24,381,27570.0
Bone-10_binary.npy,25,381,27570.0
Bone-10_binary.npy,26,381,27570.0
Bone-13_binary.npy,0,334,17600.0
Bone-13_binary.npy,1,328,17660.0
Bone-13_binary.npy,2,316,17780.0
Bone-13_binary.npy,3,316,17780.0
Bone-13_binary.npy,4,308,17860.0
Bone-13_binary.npy,5,308,17860.0
Bone-13_binary.npy,6,308,17860.0
Bone-13_binary.npy,7,308,17860.0
Bone-13_binary.npy,8,308,17860.0
Bone-13_binary.npy,9,306,17880.0
Bone-13_binary.npy,10,306,17880.0
Bone-13_binary.npy,11,305,17890.0
Bone-13_binary.npy,12,304,17900.0
Bone-13_binary.npy,13,302,17920.0
Bone-13_binary.npy,14,301,17930.0
Bone-13_binary.npy,15,301,17930.0
Bone-13_binary.npy,16,301,17930.0
Bone-13_binary.npy,17,301,17930.0
Bone-13_binary.npy,18,299,17950.0
Bone-13_binary.npy,19,299,17950.0
Bone-13_binary.npy,20,299,17950.0
Bone-13_binary.npy,21,299,17950.0
Bone-13_binary.npy,22,299,17950.0
Bone-13_binary.npy,23,299,17950.0
Bone-13_binary.npy,24,298,17960.0
Bone-13_binary.npy,25,298,17960.0
Bone-13_binary.npy,26,298,17960.0
Bone-13_binary.npy,27,298,17960.0
Bone-13_binary.npy,28,298,17960.0
Bone-13_binary.npy,29,298,17960.0
Bone-13_binary.npy,30,298,17960.0
Bone-17_binary.npy,0,387,25006.0
Bone-17_binary.npy,1,327,25606.0
Bone-17_binary.npy,2,318,25696.0
Bone-17_binary.npy,3,311,25766.0
Bone-17_binary.npy,4,311,25766.0
Bone-17_binary.npy,5,311,25766.0
Bone-17_binary.npy,6,311,25766.0
Bone-17_binary.npy,7,305,25826.0
Bone-17_binary.npy,8,296,25916.0
Bone-17_binary.npy,9,288,25996.0
Bone-17_binary.npy,10,288,25996.0
Bone-17_binary.npy,11,281,26066.0
Bone-17_binary.npy,12,279,26086.0
Bone-17_binary.npy,13,279,26086.0
Bone-17_binary.npy,14,272,26156.0
Bone-17_binary.npy,15,272,26156.0
Bone-17_binary.npy,16,272,26156.0
Bone-17_binary.npy,17,272,26156.0
Bone-17_binary.npy,18,272,26156.0
Bone-17_binary.npy,19,269,26186.0
Bone-17_binary.npy,20,268,26196.0
Bone-17_binary.npy,21,268,26196.0
Bone-17_binary.npy,22,268,26196.0
Bone-17_binary.npy,23,268,26196.0
Bone-17_binary.npy,24,266,26216.0
Bone-17_binary.npy,25,266,26216.0
Bone-17_binary.npy,26,266,26216.0
Bone-17_binary.npy,27,266,26216.0
Bone-17_binary.npy,28,266,26216.0
Bone-17_binary.npy,29,266,26216.0
Bone-17_binary.npy,30,266,26216.0
Bone-18_binary.npy,0,311,18614.0
Bone-18_binary.npy,1,311,18614.0
Bone-18_binary.npy,2,309,18634.0
Bone-18_binary.npy,3,301,18714.0
Bone-18_binary.npy,4,298,18744.0
Bone-18_binary.npy,5,298,18744.0
Bone-18_binary.npy,6,297,18754.0
Bone-18_binary.npy,7,297,18754.0
Bone-18_binary.npy,8,297,18754.0
Bone-18_binary.npy,9,296,18764.0
Bone-18_binary.npy,10,293,18794.0
Bone-18_binary.npy,11,293,18794.0
Bone-18_binary.npy,12,293,18794.0
Bone-18_binary.npy,13,293,18794.0
Bone-18_binary.npy,14,293,18794.0
Bone-18_binary.npy,15,293,18794.0
Bone-18_binary.npy,16,291,18814.0
Bone-18_binary.npy,17,291,18814.0
Bone-18_binary.npy,18,291,18814.0
Bone-18_binary.npy,19,291,18814.0
Bone-18_binary.npy,20,291,18814.0
Bone-18_binary.npy,21,291,18814.0
Bone-18_binary.npy,22,291,18814.0
Comma-12_binary.npy,0,286,64818.0
Comma-12_binary.npy,1,244,65238.0
Comma-12_binary.npy,2,244,65238.0
Comma-12_binary.npy,3,244,65238.0
Comma-12_binary.npy,4,242,65258.0
Comma-12_binary.npy,5,229,65388.0
Comma-12_binary.npy,6,228,65398.0
Comma-12_binary.npy,7,228,65398.0
Comma-12_binary.npy,8,228,65398.0
Comma-12_binary.npy,9,222,65458.0
Comma-12_binary.npy,10,217,65508.0
Comma-12_binary.npy,11,217,65508.0
Comma-12_binary.npy,12,214,65538.0
Comma-12_binary.npy,13,213,65548.0
Comma-12_binary.npy,14,213,65548.0
Comma-12_binary.npy,15,213,65548.0
Comma-12_binary.npy,16,210,65578.0
Comma-12_binary.npy,17,210,65578.0
Comma-12_binary.npy,18,210,65578.0
Comma-12_binary.npy,19,209,65588.0
Comma-12_binary.npy,20,209,65588.0
Comma-12_binary.npy,21,208,65598.0
Comma-12_binary.npy,22,208,65598.0
Comma-12_binary.npy,23,208,65598.0
Comma-12_binary.npy,24,208,65598.0
Comma-12_binary.npy,25,208,65598.0
Comma-12_binary.npy,26,208,65598.0
Comma-12_binary.npy,27,208,65598.0
Comma-13_binary.npy,0,289,63176.0
Comma-13_binary.npy,1,289,63176.0
Comma-13_binary.npy,2,243,63636.0
Comma-13_binary.npy,3,243,63636.0
Comma-13_binary.npy,4,243,63636.0
Comma-13_binary.npy,5,243,63636.0
Comma-13_binary.npy,6,243,63636.0
Comma-13_binary.npy,7,243,63636.0
Comma-13_binary.npy,8,243,63636.0
Comma-14_binary.npy,0,289,70838.0
Comma-14_binary.npy,1,242,71308.0
Comma-14_binary.npy,2,229,71438.0
Comma-14_binary.npy,3,229,71438.0
Comma-14_binary.npy,4,218,71548.0
Comma-14_binary.npy,5,218,71548.0
Comma-14_binary.npy,6,205,71678.0
Comma-14_binary.npy,7,205,71678.0
Comma-14_binary.npy,8,202,71708.0
Comma-14_binary.npy,9,202,71708.0
Comma-14_binary.npy,10,200,71728.0
Comma-14_binary.npy,11,194,71788.0
Comma-14_binary.npy,12,194,71788.0
Comma-14_binary.npy,13,194,71788.0
Comma-14_binary.npy,14,189,71838.0
Comma-14_binary.npy,15,189,71838.0
Comma-14_binary.npy,16,189,71838.0
Comma-14_binary.npy,17,189,71838.0
Comma-14_binary.npy,18,188,71848.0
Comma-14_binary.npy,19,186,71868.0
Comma-14_binary.npy,20,186,71868.0
Comma-14_binary.npy,21,186,71868.0
Comma-14_binary.npy,22,185,71878.0
Comma-14_binary.npy,23,185,71878.0
Comma-14_binary.npy,24,185,71878.0
Comma-14_binary.npy,25,185,71878.0
Comma-14_binary.npy,26,185,71878.0
Comma-14_binary.npy,27,184,71888.0
Comma-14_binary.npy,28,184,71888.0
Comma-14_binary.npy,29,184,71888.0
Comma-14_binary.npy,30,184,71888.0
Comma-14_binary.npy,31,184,71888.0
Comma-14_binary.npy,32,184,71888.0
Comma-14_binary.npy,33,184,71888.0
Comma-17_binary.npy,0,430,67291.0
Comma-17_binary.npy,1,318,68411.0
Comma-17_binary.npy,2,318,68411.0
Comma-17_binary.npy,3,318,68411.0
Comma-17_binary.npy,4,318,68411.0
Comma-17_binary.npy,5,318,68411.0
Comma-17_binary.npy,6,318,68411.0
Comma-17_binary.npy,7,300,68591.0
Comma-17_binary.npy,8,289,68701.0
Comma-17_binary.npy,9,284,68751.0
Comma-17_binary.npy,10,284,68751.0
Comma-17_binary.npy,11,267,68921.0
Comma-17_binary.npy,12,267,68921.0
Comma-17_binary.npy,13,267,68921.0
Comma-17_binary.npy,14,267,68921.0
Comma-17_binary.npy,15,267,68921.0
Comma-17_binary.npy,16,267,68921.0
Comma-17_binary.npy,17,251,69081.0
Comma-17_binary.npy,18,251,69081.0
Comma-17_binary.npy,19,251,69081.0
Comma-17_binary.npy,20,251,69081.0
Comma-17_binary.npy,21,242,69171.0
Comma-17_binary.npy,22,242,69171.0
Comma-17_binary.npy,23,240,69191.0
Comma-17_binary.npy,24,240,69191.0
Comma-17_binary.npy,25,240,69191.0
Comma-17_binary.npy,26,239,69201.0
Comma-17_binary.npy,27,239,69201.0
Comma-17_binary.npy,28,231,69281.0
Comma-17_binary.npy,29,231,69281.0
Comma-17_binary.npy,30,226,69331.0
Comma-17_binary.npy,31,211,69481.0
Comma-17_binary.npy,32,211,69481.0
Comma-17_binary.npy,33,211,69481.0
Comma-17_binary.npy,34,211,69481.0
Comma-17_binary.npy,35,202,69571.0
Comma-17_binary.npy,36,202,69571.0
Comma-17_binary.npy,37,202,69571.0
Comma-17_binary.npy,38,202,69571.0
Comma-17_binary.npy,39,202,69571.0
Comma-17_binary.npy,40,202,69571.0
Comma-17_binary.npy,41,200,69591.0
Comma-17_binary.npy,42,200,69591.0
Comma-17_binary.npy,43,197,69621.0
Comma-17_binary.npy,44,197,69621.0
Comma-17_binary.npy,45,197,69621.0
Comma-17_binary.npy,46,192,69671.0
Comma-17_binary.npy,47,192,69671.0
Comma-17_binary.npy,48,192,69671.0
Comma-17_binary.npy,49,192,69671.0
Comma-17_binary.npy,50,192,69671.0
Comma-17_binary.npy,51,192,69671.0
Comma-17_binary.npy,52,192,69671.0
Glas-10_binary.npy,0,358,48115.0
Glas-10_binary.npy,1,358,48115.0
Glas-10_binary.npy,2,302,48675.0
Glas-10_binary.npy,3,293,48765.0
Glas-10_binary.npy,4,293,48765.0
Glas-10_binary.npy,5,275,48945.0
Glas-10_binary.npy,6,275,48945.0
Glas-10_binary.npy,7,257,49125.0
Glas-10_binary.npy,8,257,49125.0
Glas-10_binary.npy,9,257,49125.0
Glas-10_binary.npy,10,251,49185.0
Glas-10_binary.npy,11,251,49185.0
Glas-10_binary.npy,12,251,49185.0
Glas-10_binary.npy,13,251,49185.0
Glas-10_binary.npy,14,251,49185.0
Glas-10_binary.npy,15,251,49185.0
Glas-10_binary.npy,16,244,49255.0
Glas-10_binary.npy,17,232,49375.0
Glas-10_binary.npy,18,232,49375.0
Glas-10_binary.npy,19,232,49375.0
Glas-10_binary.npy,20,232,49375.0
Glas-10_binary.npy,21,220,49495.0
Glas-10_binary.npy,22,219,49505.0
Glas-10_binary.npy,23,219,49505.0
Glas-10_binary.npy,24,210,49595.0
Glas-10_binary.npy,25,210,49595.0
Glas-10_binary.npy,26,208,49615.0
Glas-10_binary.npy,27,200,49695.0
Glas-10_binary.npy,28,200,49695.0
Glas-10_binary.npy,29,200,49695.0
Glas-10_binary.npy,30,198,49715.0
Glas-10_binary.npy,31,198,49715.0
Glas-10_binary.npy,32,198,49715.0
Glas-10_binary.npy,33,198,49715.0
Glas-10_binary.npy,34,194,49755.0
Glas-10_binary.npy,35,194,49755.0
Glas-10_binary.npy,36,192,49775.0
Glas-10_binary.npy,37,192,49775.0
Glas-10_binary.npy,38,192,49775.0
Glas-10_binary.npy,39,192,49775.0
Glas-10_binary.npy,40,192,49775.0
Glas-10_binary.npy,41,188,49815.0
Glas-10_binary.npy,42,188,49815.0
Glas-10_binary.npy,43,188,49815.0
Glas-10_binary.npy,44,188,49815.0
Glas-10_binary.npy,45,186,49835.0
Glas-10_binary.npy,46,186,49835.0
Glas-10_binary.npy,47,185,49845.0
Glas-10_binary.npy,48,185,49845.0
Glas-10_binary.npy,49,185,49845.0
Glas-10_binary.npy,50,185,49845.0
Glas-10_binary.npy,51,185,49845.0
Glas-10_binary.npy,52,185,49845.0
Glas-10_binary.npy,53,185,49845.0
Glas-11_binary.npy,0,292,42932.0
Glas-11_binary.npy,1,292,42932.0
Glas-11_binary.npy,2,227,43582.0
Glas-11_binary.npy,3,227,43582.0
Glas-11_binary.npy,4,227,43582.0
Glas-11_binary.npy,5,211,43742.0
Glas-11_binary.npy,6,211,43742.0
Glas-11_binary.npy,7,193,43922.0
Glas-11_binary.npy,8,193,43922.0
Glas-11_binary.npy,9,193,43922.0
Glas-11_binary.npy,10,172,44132.0
Glas-11_binary.npy,11,172,44132.0
Glas-11_binary.npy,12,172,44132.0
Glas-11_binary.npy,13,155,44302.0
Glas-11_binary.npy,14,155,44302.0
Glas-11_binary.npy,15,155,44302.0
Glas-11_binary.npy,16,155,44302.0
Glas-11_binary.npy,17,149,44362.0
Glas-11_binary.npy,18,149,44362.0
Glas-11_binary.npy,19,149,44362.0
Glas-11_binary.npy,20,147,44382.0
Glas-11_binary.npy,21,135,44502.0
Glas-11_binary.npy,22,135,44502.0
Glas-11_binary.npy,23,135,44502.0
Glas-11_binary.npy,24,135,44502.0
Glas-11_binary.npy,25,135,44502.0
Glas-11_binary.npy,26,135,44502.0
Glas-11_binary.npy,27,135,44502.0
Glas-3_binary.npy,0,364,52106.0
Glas-3_binary.npy,1,265,53096.0
Glas-3_binary.npy,2,265,53096.0
Glas-3_binary.npy,3,265,53096.0
Glas-3_binary.npy,4,265,53096.0
Glas-3_binary.npy,5,242,53326.0
Glas-3_binary.npy,6,202,53726.0
Glas-3_binary.npy,7,202,53726.0
Glas-3_binary.npy,8,202,53726.0
Glas-3_binary.npy,9,202,53726.0
Glas-3_binary.npy,10,202,53726.0
Glas-3_binary.npy,11,202,53726.0
Glas-3_binary.npy,12,202,53726.0
Glas-8_binary.npy,0,364,59981.0
Glas-8_binary.npy,1,277,60851.0
Glas-8_binary.npy,2,277,60851.0
Glas-8_binary.npy,3,277,60851.0
Glas-8_binary.npy,4,277,60851.0
Glas-8_binary.npy,5,277,60851.0
Glas-8_binary.npy,6,275,60871.0
Glas-8_binary.npy,7,271,60911.0
Glas-8_binary.npy,8,271,60911.0
Glas-8_binary.npy,9,243,61191.0
Glas-8_binary.npy,10,243,61191.0
Glas-8_binary.npy,11,243,61191.0
Glas-8_binary.npy,12,243,61191.0
Glas-8_binary.npy,13,217,61451.0
Glas-8_binary.npy,14,217,61451.0
Glas-8_binary.npy,15,217,61451.0
Glas-8_binary.npy,16,217,61451.0
Glas-8_binary.npy,17,207,61551.0
Glas-8_binary.npy,18,207,61551.0
Glas-8_binary.npy,19,204,61581.0
Glas-8_binary.npy,20,204,61581.0
Glas-8_binary.npy,21,204,61581.0
Glas-8_binary.npy,22,204,61581.0
Glas-8_binary.npy,23,204,61581.0
Glas-8_binary.npy,24,204,61581.0
Glas-8_binary.npy,25,202,61601.0
Glas-8_binary.npy,26,202,61601.0
Glas-8_binary.npy,27,202,61601.0
Glas-8_binary.npy,28,202,61601.0
Glas-8_binary.npy,29,202,61601.0
Glas-8_binary.npy,30,201,61611.0
Glas-8_binary.npy,31,201,61611.0
Glas-8_binary.npy,32,201,61611.0
Glas-8_binary.npy,33,201,61611.0
Glas-8_binary.npy,34,201,61611.0
Glas-8_binary.npy,35,201,61611.0
Glas-8_binary.npy,36,201,61611.0
HCircle-12_binary.npy,0,194,45005.0
HCircle-12_binary.npy,1,172,45225.0
HCircle-12_binary.npy,2,172,45225.0
HCircle-12_binary.npy,3,172,45225.0
HCircle-12_binary.npy,4,169,45255.0
HCircle-12_binary.npy,5,164,45305.0
HCircle-12_binary.npy,6,164,45305.0
HCircle-12_binary.npy,7,162,45325.0
HCircle-12_binary.npy,8,162,45325.0
HCircle-12_binary.npy,9,162,45325.0
HCircle-12_binary.npy,10,157,45375.0
HCircle-12_binary.npy,11,157,45375.0
HCircle-12_binary.npy,12,157,45375.0
HCircle-12_binary.npy,13,151,45435.0
HCircle-12_binary.npy,14,151,45435.0
HCircle-12_binary.npy,15,151,45435.0
HCircle-12_binary.npy,16,151,45435.0
HCircle-12_binary.npy,17,147,45475.0
HCircle-12_binary.npy,18,147,45475.0
HCircle-12_binary.npy,19,147,45475.0
HCircle-12_binary.npy,20,147,45475.0
HCircle-12_binary.npy,21,147,45475.0
HCircle-12_binary.npy,22,147,45475.0
HCircle-12_binary.npy,23,146,45485.0
HCircle-12_binary.npy,24,145,45495.0
HCircle-12_binary.npy,25,145,45495.0
HCircle-12_binary.npy,26,145,45495.0
HCircle-12_binary.npy,27,145,45495.0
HCircle-12_binary.npy,28,145,45495.0
HCircle-12_binary.npy,29,145,45495.0
HCircle-12_binary.npy,30,143,45515.0
HCircle-12_binary.npy,31,143,45515.0
HCircle-12_binary.npy,32,143,45515.0
HCircle-12_binary.npy,33,142,45525.0
HCircle-12_binary.npy,34,142,45525.0
HCircle-12_binary.npy,35,142,45525.0
HCircle-12_binary.npy,36,142,45525.0
HCircle-12_binary.npy,37,142,45525.0
HCircle-12_binary.npy,38,142,45525.0
HCircle-12_binary.npy,39,142,45525.0
HCircle-16_binary.npy,0,227,46694.0
HCircle-16_binary.npy,1,217,46794.0
HCircle-16_binary.npy,2,217,46794.0
HCircle-16_binary.npy,3,194,47024.0
HCircle-16_binary.npy,4,194,47024.0
HCircle-16_binary.npy,5,192,47044.0
HCircle-16_binary.npy,6,192,47044.0
HCircle-16_binary.npy,7,192,47044.0
HCircle-16_binary.npy,8,192,47044.0
HCircle-16_binary.npy,9,192,47044.0
HCircle-16_binary.npy,10,192,47044.0
HCircle-16_binary.npy,11,190,47064.0
HCircle-16_binary.npy,12,187,47094.0
HCircle-16_binary.npy,13,187,47094.0
HCircle-16_binary.npy,14,175,47214.0
HCircle-16_binary.npy,15,175,47214.0
HCircle-16_binary.npy,16,171,47254.0
HCircle-16_binary.npy,17,169,47274.0
HCircle-16_binary.npy,18,169,47274.0
HCircle-16_binary.npy,19,169,47274.0
HCircle-16_binary.npy,20,169,47274.0
HCircle-16_binary.npy,21,168,47284.0
HCircle-16_binary.npy,22,168,47284.0
HCircle-16_binary.npy,23,165,47314.0
HCircle-16_binary.npy,24,165,47314.0
HCircle-16_binary.npy,25,165,47314.0
HCircle-16_binary.npy,26,165,47314.0
HCircle-16_binary.npy,27,165,47314.0
HCircle-16_binary.npy,28,165,47314.0
HCircle-16_binary.npy,29,165,47314.0
HCircle-17_binary.npy,0,231,46432.0
HCircle-17_binary.npy,1,195,46792.0
HCircle-17_binary.npy,2,190,46842.0
HCircle-17_binary.npy,3,190,46842.0
HCircle-17_binary.npy,4,190,46842.0
HCircle-17_binary.npy,5,186,46882.0
HCircle-17_binary.npy,6,185,46892.0
HCircle-17_binary.npy,7,177,46972.0
HCircle-17_binary.npy,8,177,46972.0
HCircle-17_binary.npy,9,177,46972.0
HCircle-17_binary.npy,10,177,46972.0
HCircle-17_binary.npy,11,175,46992.0
HCircle-17_binary.npy,12,174,47002.0
HCircle-17_binary.npy,13,173,47012.0
HCircle-17_binary.npy,14,172,47022.0
HCircle-17_binary.npy,15,172,47022.0
HCircle-17_binary.npy,16,172,47022.0
HCircle-17_binary.npy,17,172,47022.0
HCircle-17_binary.npy,18,171,47032.0
HCircle-17_binary.npy,19,171,47032.0
HCircle-17_binary.npy,20,171,47032.0
HCircle-17_binary.npy,21,170,47042.0
HCircle-17_binary.npy,22,170,47042.0
HCircle-17_binary.npy,23,170,47042.0
HCircle-17_binary.npy,24,170,47042.0
HCircle-17_binary.npy,25,170,47042.0
HCircle-17_binary.npy,26,170,47042.0
HCircle-17_binary.npy,27,170,47042.0
HCircle-6_binary.npy,0,194,40823.0
HCircle-6_binary.npy,1,192,40843.0
HCircle-6_binary.npy,2,191,40853.0
HCircle-6_binary.npy,3,180,40963.0
HCircle-6_binary.npy,4,180,40963.0
HCircle-6_binary.npy,5,180,40963.0
HCircle-6_binary.npy,6,178,40983.0
HCircle-6_binary.npy,7,178,40983.0
HCircle-6_binary.npy,8,175,41013.0
HCircle-6_binary.npy,9,174,41023.0
HCircle-6_binary.npy,10,170,41063.0
HCircle-6_binary.npy,11,170,41063.0
HCircle-6_binary.npy,12,170,41063.0
HCircle-6_binary.npy,13,167,41093.0
HCircle-6_binary.npy,14,166,41103.0
HCircle-6_binary.npy,15,166,41103.0
HCircle-6_binary.npy,16,166,41103.0
HCircle-6_binary.npy,17,164,41123.0
HCircle-6_binary.npy,18,164,41123.0
HCircle-6_binary.npy,19,164,41123.0
HCircle-6_binary.npy,20,164,41123.0
HCircle-6_binary.npy,21,163,41133.0
HCircle-6_binary.npy,22,163,41133.0
HCircle-6_binary.npy,23,163,41133.0
HCircle-6_binary.npy,24,163,41133.0
HCircle-6_binary.npy,25,163,41133.0
HCircle-6_binary.npy,26,162,41143.0
HCircle-6_binary.npy,27,162,41143.0
HCircle-6_binary.npy,28,162,41143.0
HCircle-6_binary.npy,29,162,41143.0
HCircle-6_binary.npy,30,162,41143.0
HCircle-6_binary.npy,31,162,41143.0
HCircle-6_binary.npy,32,162,41143.0
Heart-10_binary.npy,0,447,99479.0
Heart-10_binary.npy,1,427,99679.0
Heart-10_binary.npy,2,426,99689.0
Heart-10_binary.npy,3,425,99699.0
Heart-10_binary.npy,4,424,99709.0
Heart-10_binary.npy,5,419,99759.0
Heart-10_binary.npy,6,419,99759.0
Heart-10_binary.npy,7,416,99789.0
Heart-10_binary.npy,8,416,99789.0
Heart-10_binary.npy,9,416,99789.0
Heart-10_binary.npy,10,416,99789.0
Heart-10_binary.npy,11,414,99809.0
Heart-10_binary.npy,12,414,99809.0
Heart-10_binary.npy,13,414,99809.0
Heart-10_binary.npy,14,414,99809.0
Heart-10_binary.npy,15,414,99809.0
Heart-10_binary.npy,16,413,99819.0
Heart-10_binary.npy,17,413,99819.0
Heart-10_binary.npy,18,413,99819.0
Heart-10_binary.npy,19,413,99819.0
Heart-10_binary.npy,20,412,99829.0
Heart-10_binary.npy,21,412,99829.0
Heart-10_binary.npy,22,412,99829.0
Heart-10_binary.npy,23,412,99829.0
Heart-10_binary.npy,24,412,99829.0
Heart-10_binary.npy,25,412,99829.0
Heart-10_binary.npy,26,412,99829.0
Heart-16_binary.npy,0,464,98526.0
Heart-16_binary.npy,1,392,99246.0
Heart-16_binary.npy,2,392,99246.0
Heart-16_binary.npy,3,392,99246.0
Heart-16_binary.npy,4,392,99246.0
Heart-16_binary.npy,5,392,99246.0
Heart-16_binary.npy,6,387,99296.0
Heart-16_binary.npy,7,376,99406.0
Heart-16_binary.npy,8,376,99406.0
Heart-16_binary.npy,9,376,99406.0
Heart-16_binary.npy,10,376,99406.0
Heart-16_binary.npy,11,365,99516.0
Heart-16_binary.npy,12,365,99516.0
Heart-16_binary.npy,13,365,99516.0
Heart-16_binary.npy,14,352,99646.0
Heart-16_binary.npy,15,346,99706.0
Heart-16_binary.npy,16,346,99706.0
Heart-16_binary.npy,17,346,99706.0
Heart-16_binary.npy,18,346,99706.0
Heart-16_binary.npy,19,345,99716.0
Heart-16_binary.npy,20,345,99716.0
Heart-16_binary.npy,21,345,99716.0
Heart-16_binary.npy,22,345,99716.0
Heart-16_binary.npy,23,344,99726.0
Heart-16_binary.npy,24,341,99756.0
Heart-16_binary.npy,25,340,99766.0
Heart-16_binary.npy,26,336,99806.0
Heart-16_binary.npy,27,336,99806.0
Heart-16_binary.npy,28,336,99806.0
Heart-16_binary.npy,29,334,99826.0
Heart-16_binary.npy,30,334,99826.0
Heart-16_binary.npy,31,334,99826.0
Heart-16_binary.npy,32,332,99846.0
Heart-16_binary.npy,33,332,99846.0
Heart-16_binary.npy,34,332,99846.0
Heart-16_binary.npy,35,330,99866.0
Heart-16_binary.npy,36,330,99866.0
Heart-16_binary.npy,37,330,99866.0
Heart-16_binary.npy,38,330,99866.0
Heart-16_binary.npy,39,330,99866.0
Heart-16_binary.npy,40,330,99866.0
Heart-16_binary.npy,41,329,99876.0
Heart-16_binary.npy,42,329,99876.0
Heart-16_binary.npy,43,329,99876.0
Heart-16_binary.npy,44,329,99876.0
Heart-16_binary.npy,45,329,99876.0
Heart-16_binary.npy,46,329,99876.0
Heart-16_binary.npy,47,329,99876.0
Heart-7_binary.npy,0,506,112080.0
Heart-7_binary.npy,1,481,112330.0
Heart-7_binary.npy,2,481,112330.0
Heart-7_binary.npy,3,481,112330.0
Heart-7_binary.npy,4,468,112460.0
Heart-7_binary.npy,5,468,112460.0
Heart-7_binary.npy,6,451,112630.0
Heart-7_binary.npy,7,443,112710.0
Heart-7_binary.npy,8,435,112790.0
Heart-7_binary.npy,9,435,112790.0
Heart-7_binary.npy,10,435,112790.0
Heart-7_binary.npy,11,435,112790.0
Heart-7_binary.npy,12,435,112790.0
Heart-7_binary.npy,13,418,112960.0
Heart-7_binary.npy,14,418,112960.0
Heart-7_binary.npy,15,418,112960.0
Heart-7_binary.npy,16,411,113030.0
Heart-7_binary.npy,17,411,113030.0
Heart-7_binary.npy,18,411,113030.0
Heart-7_binary.npy,19,408,113060.0
Heart-7_binary.npy,20,408,113060.0
Heart-7_binary.npy,21,405,113090.0
Heart-7_binary.npy,22,404,113100.0
Heart-7_binary.npy,23,400,113140.0
Heart-7_binary.npy,24,400,113140.0
Heart-7_binary.npy,25,400,113140.0
Heart-7_binary.npy,26,400,113140.0
Heart-7_binary.npy,27,400,113140.0
Heart-7_binary.npy,28,400,113140.0
Heart-7_binary.npy,29,400,113140.0
Heart-9_binary.npy,0,423,97629.0
Heart-9_binary.npy,1,415,97709.0
Heart-9_binary.npy,2,415,97709.0
Heart-9_binary.npy,3,415,97709.0
Heart-9_binary.npy,4,414,97719.0
Heart-9_binary.npy,5,411,97749.0
Heart-9_binary.npy,6,411,97749.0
Heart-9_binary.npy,7,406,97799.0
Heart-9_binary.npy,8,406,97799.0
Heart-9_binary.npy,9,406,97799.0
Heart-9_binary.npy,10,406,97799.0
Heart-9_binary.npy,11,405,97809.0
Heart-9_binary.npy,12,405,97809.0
Heart-9_binary.npy,13,405,97809.0
Heart-9_binary.npy,14,405,97809.0
Heart-9_binary.npy,15,405,97809.0
Heart-9_binary.npy,16,405,97809.0
Heart-9_binary.npy,17,404,97819.0
Heart-9_binary.npy,18,404,97819.0
Heart-9_binary.npy,19,404,97819.0
Heart-9_binary.npy,20,404,97819.0
Heart-9_binary.npy,21,403,97829.0
Heart-9_binary.npy,22,402,97839.0
Heart-9_binary.npy,23,402,97839.0
Heart-9_binary.npy,24,402,97839.0
Heart-9_binary.npy,25,402,97839.0
Heart-9_binary.npy,26,401,97849.0
Heart-9_binary.npy,27,401,97849.0
Heart-9_binary.npy,28,401,97849.0
Heart-9_binary.npy,29,401,97849.0
Heart-9_binary.npy,30,401,97849.0
Heart-9_binary.npy,31,401,97849.0
Heart-9_binary.npy,32,401,97849.0
Misk-17_binary.npy,0,423,77417.0
Misk-17_binary.npy,1,401,77637.0
Misk-17_binary.npy,2,401,77637.0
Misk-17_binary.npy,3,401,77637.0
Misk-17_binary.npy,4,394,77707.0
Misk-17_binary.npy,5,394,77707.0
Misk-17_binary.npy,6,394,77707.0
Misk-17_binary.npy,7,388,77767.0
Misk-17_binary.npy,8,388,77767.0
Misk-17_binary.npy,9,386,77787.0
Misk-17_binary.npy,10,386,77787.0
Misk-17_binary.npy,11,384,77807.0
Misk-17_binary.npy,12,384,77807.0
Misk-17_binary.npy,13,383,77817.0
Misk-17_binary.npy,14,382,77827.0
Misk-17_binary.npy,15,382,77827.0
Misk-17_binary.npy,16,374,77907.0
Misk-17_binary.npy,17,374,77907.0
Misk-17_binary.npy,18,374,77907.0
Misk-17_binary.npy,19,374,77907.0
Misk-17_binary.npy,20,374,77907.0
Misk-17_binary.npy,21,374,77907.0
Misk-17_binary.npy,22,374,77907.0
Misk-3_binary.npy,0,426,93124.0
Misk-3_binary.npy,1,395,93434.0
Misk-3_binary.npy,2,395,93434.0
Misk-3_binary.npy,3,385,93534.0
Misk-3_binary.npy,4,385,93534.0
Misk-3_binary.npy,5,378,93604.0
Misk-3_binary.npy,6,378,93604.0
Misk-3_binary.npy,7,366,93724.0
Misk-3_binary.npy,8,366,93724.0
Misk-3_binary.npy,9,366,93724.0
Misk-3_binary.npy,10,366,93724.0
Misk-3_binary.npy,11,366,93724.0
Misk-3_binary.npy,12,366,93724.0
Misk-3_binary.npy,13,358,93804.0
Misk-3_binary.npy,14,358,93804.0
Misk-3_binary.npy,15,358,93804.0
Misk-3_binary.npy,16,356,93824.0
Misk-3_binary.npy,17,354,93844.0
Misk-3_binary.npy,18,354,93844.0
Misk-3_binary.npy,19,353,93854.0
Misk-3_binary.npy,20,353,93854.0
Misk-3_binary.npy,21,353,93854.0
Misk-3_binary.npy,22,353,93854.0
Misk-3_binary.npy,23,353,93854.0
Misk-3_binary.npy,24,353,93854.0
Misk-3_binary.npy,25,353,93854.0
Misk-4_binary.npy,0,389,82558.0
Misk-4_binary.npy,1,349,82958.0
Misk-4_binary.npy,2,349,82958.0
Misk-4_binary.npy,3,343,83018.0
Misk-4_binary.npy,4,337,83078.0
Misk-4_binary.npy,5,337,83078.0
Misk-4_binary.npy,6,337,83078.0
Misk-4_binary.npy,7,337,83078.0
Misk-4_binary.npy,8,337,83078.0
Misk-4_binary.npy,9,335,83098.0
Misk-4_binary.npy,10,335,83098.0
Misk-4_binary.npy,11,328,83168.0
Misk-4_binary.npy,12,328,83168.0
Misk-4_binary.npy,13,327,83178.0
Misk-4_binary.npy,14,326,83188.0
Misk-4_binary.npy,15,325,83198.0
Misk-4_binary.npy,16,325,83198.0
Misk-4_binary.npy,17,325,83198.0
Misk-4_binary.npy,18,323,83218.0
Misk-4_binary.npy,19,323,83218.0
Misk-4_binary.npy,20,322,83228.0
Misk-4_binary.npy,21,321,83238.0
Misk-4_binary.npy,22,321,83238.0
Misk-4_binary.npy,23,321,83238.0
Misk-4_binary.npy,24,321,83238.0
Misk-4_binary.npy,25,321,83238.0
Misk-4_binary.npy,26,321,83238.0
Misk-4_binary.npy,27,321,83238.0
Misk-7_binary.npy,0,427,85126.0
Misk-7_binary.npy,1,396,85436.0
Misk-7_binary.npy,2,396,85436.0
Misk-7_binary.npy,3,396,85436.0
Misk-7_binary.npy,4,396,85436.0
Misk-7_binary.npy,5,396,85436.0
Misk-7_binary.npy,6,391,85486.0
Misk-7_binary.npy,7,386,85536.0
Misk-7_binary.npy,8,379,85606.0
Misk-7_binary.npy,9,376,85636.0
Misk-7_binary.npy,10,376,85636.0
Misk-7_binary.npy,11,376,85636.0
Misk-7_binary.npy,12,373,85666.0
Misk-7_binary.npy,13,373,85666.0
Misk-7_binary.npy,14,373,85666.0
Misk-7_binary.npy,15,373,85666.0
Misk-7_binary.npy,16,371,85686.0
Misk-7_binary.npy,17,371,85686.0
Misk-7_binary.npy,18,371,85686.0
Misk-7_binary.npy,19,371,85686.0
Misk-7_binary.npy,20,371,85686.0
Misk-7_binary.npy,21,371,85686.0
Misk-7_binary.npy,22,371,85686.0
apple-10_binary.npy,0,226,25757.0
apple-10_binary.npy,1,211,25907.0
apple-10_binary.npy,2,211,25907.0
apple-10_binary.npy,3,211,25907.0
apple-10_binary.npy,4,184,26177.0
apple-10_binary.npy,5,168,26337.0
apple-10_binary.npy,6,168,26337.0
apple-10_binary.npy,7,168,26337.0
apple-10_binary.npy,8,168,26337.0
apple-10_binary.npy,9,149,26527.0
apple-10_binary.npy,10,149,26527.0
apple-10_binary.npy,11,149,26527.0
apple-10_binary.npy,12,147,26547.0
apple-10_binary.npy,13,146,26557.0
apple-10_binary.npy,14,138,26637.0
apple-10_binary.npy,15,138,26637.0
apple-10_binary.npy,16,135,26667.0
apple-10_binary.npy,17,135,26667.0
apple-10_binary.npy,18,135,26667.0
apple-10_binary.npy,19,135,26667.0
apple-10_binary.npy,20,135,26667.0
apple-10_binary.npy,21,133,26687.0
apple-10_binary.npy,22,133,26687.0
apple-10_binary.npy,23,133,26687.0
apple-10_binary.npy,24,133,26687.0
apple-10_binary.npy,25,133,26687.0
apple-10_binary.npy,26,133,26687.0
apple-10_binary.npy,27,133,26687.0
apple-15_binary.npy,0,236,35234.0
apple-15_binary.npy,1,203,35564.0
apple-15_binary.npy,2,203,35564.0
apple-15_binary.npy,3,203,35564.0
apple-15_binary.npy,4,203,35564.0
apple-15_binary.npy,5,200,35594.0
apple-15_binary.npy,6,200,35594.0
apple-15_binary.npy,7,200,35594.0
apple-15_binary.npy,8,200,35594.0
apple-15_binary.npy,9,187,35724.0
apple-15_binary.npy,10,186,35734.0
apple-15_binary.npy,11,186,35734.0
apple-15_binary.npy,12,186,35734.0
apple-15_binary.npy,13,186,35734.0
apple-15_binary.npy,14,181,35784.0
apple-15_binary.npy,15,181,35784.0
apple-15_binary.npy,16,181,35784.0
apple-15_binary.npy,17,181,35784.0
apple-15_binary.npy,18,181,35784.0
apple-15_binary.npy,19,181,35784.0
apple-15_binary.npy,20,176,35834.0
apple-15_binary.npy,21,176,35834.0
apple-15_binary.npy,22,176,35834.0
apple-15_binary.npy,23,176,35834.0
apple-15_binary.npy,24,175,35844.0
apple-15_binary.npy,25,175,35844.0
apple-15_binary.npy,26,175,35844.0
apple-15_binary.npy,27,175,35844.0
apple-15_binary.npy,28,175,35844.0
apple-15_binary.npy,29,175,35844.0
apple-15_binary.npy,30,175,35844.0
apple-18_binary.npy,0,241,32402.0
apple-18_binary.npy,1,194,32872.0
apple-18_binary.npy,2,194,32872.0
apple-18_binary.npy,3,174,33072.0
apple-18_binary.npy,4,174,33072.0
apple-18_binary.npy,5,174,33072.0
apple-18_binary.npy,6,174,33072.0
apple-18_binary.npy,7,169,33122.0
apple-18_binary.npy,8,169,33122.0
apple-18_binary.npy,9,163,33182.0
apple-18_binary.npy,10,157,33242.0
apple-18_binary.npy,11,157,33242.0
apple-18_binary.npy,12,157,33242.0
apple-18_binary.npy,13,157,33242.0
apple-18_binary.npy,14,157,33242.0
apple-18_binary.npy,15,157,33242.0
apple-18_binary.npy,16,157,33242.0
apple-8_binary.npy,0,201,29067.0
apple-8_binary.npy,1,201,29067.0
apple-8_binary.npy,2,201,29067.0
apple-8_binary.npy,3,164,29437.0
apple-8_binary.npy,4,164,29437.0
apple-8_binary.npy,5,155,29527.0
apple-8_binary.npy,6,155,29527.0
apple-8_binary.npy,7,155,29527.0
apple-8_binary.npy,8,148,29597.0
apple-8_binary.npy,9,148,29597.0
apple-8_binary.npy,10,141,29667.0
apple-8_binary.npy,11,141,29667.0
apple-8_binary.npy,12,141,29667.0
apple-8_binary.npy,13,135,29727.0
apple-8_binary.npy,14,135,29727.0
apple-8_binary.npy,15,135,29727.0
apple-8_binary.npy,16,135,29727.0
apple-8_binary.npy,17,135,29727.0
apple-8_binary.npy,18,134,29737.0
apple-8_binary.npy,19,132,29757.0
apple-8_binary.npy,20,131,29767.0
apple-8_binary.npy,21,131,29767.0
apple-8_binary.npy,22,131,29767.0
apple-8_binary.npy,23,131,29767.0
apple-8_binary.npy,24,131,29767.0
apple-8_binary.npy,25,131,29767.0
apple-8_binary.npy,26,131,29767.0
bat-14_binary.npy,0,738,98016.0
bat-14_binary.npy,1,692,98476.0
bat-14_binary.npy,2,692,98476.0
bat-14_binary.npy,3,653,98866.0
bat-14_binary.npy,4,643,98966.0
bat-14_binary.npy,5,643,98966.0
bat-14_binary.npy,6,628,99116.0
bat-14_binary.npy,7,628,99116.0
bat-14_binary.npy,8,628,99116.0
bat-14_binary.npy,9,628,99116.0
bat-14_binary.npy,10,626,99136.0
bat-14_binary.npy,11,626,99136.0
bat-14_binary.npy,12,626,99136.0
bat-14_binary.npy,13,626,99136.0
bat-14_binary.npy,14,617,99226.0
bat-14_binary.npy,15,617,99226.0
bat-14_binary.npy,16,610,99296.0
bat-14_binary.npy,17,610,99296.0
bat-14_binary.npy,18,610,99296.0
bat-14_binary.npy,19,606,99336.0
bat-14_binary.npy,20,606,99336.0
bat-14_binary.npy,21,604,99356.0
bat-14_binary.npy,22,604,99356.0
bat-14_binary.npy,23,601,99386.0
bat-14_binary.npy,24,601,99386.0
bat-14_binary.npy,25,597,99426.0
bat-14_binary.npy,26,597,99426.0
bat-14_binary.npy,27,597,99426.0
bat-14_binary.npy,28,597,99426.0
bat-14_binary.npy,29,597,99426.0
bat-14_binary.npy,30,597,99426.0
bat-14_binary.npy,31,596,99436.0
bat-14_binary.npy,32,596,99436.0
bat-14_binary.npy,33,595,99446.0
bat-14_binary.npy,34,595,99446.0
bat-14_binary.npy,35,595,99446.0
bat-14_binary.npy,36,595,99446.0
bat-14_binary.npy,37,595,99446.0
bat-14_binary.npy,38,595,99446.0
bat-14_binary.npy,39,595,99446.0
bat-18_binary.npy,0,582,83509.0
bat-18_binary.npy,1,526,84069.0
bat-18_binary.npy,2,515,84179.0
bat-18_binary.npy,3,515,84179.0
bat-18_binary.npy,4,503,84299.0
bat-18_binary.npy,5,503,84299.0
bat-18_binary.npy,6,496,84369.0
bat-18_binary.npy,7,491,84419.0
bat-18_binary.npy,8,488,84449.0
bat-18_binary.npy,9,484,84489.0
bat-18_binary.npy,10,484,84489.0
bat-18_binary.npy,11,479,84539.0
bat-18_binary.npy,12,479,84539.0
bat-18_binary.npy,13,479,84539.0
bat-18_binary.npy,14,470,84629.0
bat-18_binary.npy,15,470,84629.0
bat-18_binary.npy,16,470,84629.0
bat-18_binary.npy,17,469,84639.0
bat-18_binary.npy,18,469,84639.0
bat-18_binary.npy,19,469,84639.0
bat-18_binary.npy,20,467,84659.0
bat-18_binary.npy,21,467,84659.0
bat-18_binary.npy,22,465,84679.0
bat-18_binary.npy,23,464,84689.0
bat-18_binary.npy,24,464,84689.0
bat-18_binary.npy,25,464,84689.0
bat-18_binary.npy,26,464,84689.0
bat-18_binary.npy,27,464,84689.0
bat-18_binary.npy,28,464,84689.0
bat-18_binary.npy,29,464,84689.0
bat-1_binary.npy,0,590,84044.0
bat-1_binary.npy,1,515,84794.0
bat-1_binary.npy,2,515,84794.0
bat-1_binary.npy,3,515,84794.0
bat-1_binary.npy,4,498,84964.0
bat-1_binary.npy,5,498,84964.0
bat-1_binary.npy,6,466,85284.0
bat-1_binary.npy,7,466,85284.0
bat-1_binary.npy,8,466,85284.0
bat-1_binary.npy,9,466,85284.0
bat-1_binary.npy,10,453,85414.0
bat-1_binary.npy,11,453,85414.0
bat-1_binary.npy,12,447,85474.0
bat-1_binary.npy,13,447,85474.0
bat-1_binary.npy,14,441,85534.0
bat-1_binary.npy,15,441,85534.0
bat-1_binary.npy,16,441,85534.0
bat-1_binary.npy,17,441,85534.0
bat-1_binary.npy,18,441,85534.0
bat-1_binary.npy,19,439,85554.0
bat-1_binary.npy,20,439,85554.0
bat-1_binary.npy,21,439,85554.0
bat-1_binary.npy,22,436,85584.0
bat-1_binary.npy,23,436,85584.0
bat-1_binary.npy,24,436,85584.0
bat-1_binary.npy,25,436,85584.0
bat-1_binary.npy,26,436,85584.0
bat-1_binary.npy,27,435,85594.0
bat-1_binary.npy,28,435,85594.0
bat-1_binary.npy,29,435,85594.0
bat-1_binary.npy,30,435,85594.0
bat-1_binary.npy,31,435,85594.0
bat-1_binary.npy,32,435,85594.0
bat-1_binary.npy,33,435,85594.0
bat-3_binary.npy,0,578,72573.0
bat-3_binary.npy,1,539,72963.0
bat-3_binary.npy,2,514,73213.0
bat-3_binary.npy,3,500,73353.0
bat-3_binary.npy,4,484,73513.0
bat-3_binary.npy,5,484,73513.0
bat-3_binary.npy,6,484,73513.0
bat-3_binary.npy,7,484,73513.0
bat-3_binary.npy,8,481,73543.0
bat-3_binary.npy,9,481,73543.0
bat-3_binary.npy,10,476,73593.0
bat-3_binary.npy,11,474,73613.0
bat-3_binary.npy,12,474,73613.0
bat-3_binary.npy,13,473,73623.0
bat-3_binary.npy,14,470,73653.0
bat-3_binary.npy,15,466,73693.0
bat-3_binary.npy,16,466,73693.0
bat-3_binary.npy,17,466,73693.0
bat-3_binary.npy,18,466,73693.0
bat-3_binary.npy,19,464,73713.0
bat-3_binary.npy,20,464,73713.0
bat-3_binary.npy,21,463,73723.0
bat-3_binary.npy,22,463,73723.0
bat-3_binary.npy,23,463,73723.0
bat-3_binary.npy,24,462,73733.0
bat-3_binary.npy,25,462,73733.0
bat-3_binary.npy,26,461,73743.0
bat-3_binary.npy,27,461,73743.0
bat-3_binary.npy,28,461,73743.0
bat-3_binary.npy,29,460,73753.0
bat-3_binary.npy,30,460,73753.0
bat-3_binary.npy,31,459,73763.0
bat-3_binary.npy,32,459,73763.0
bat-3_binary.npy,33,459,73763.0
bat-3_binary.npy,34,459,73763.0
bat-3_binary.npy,35,459,73763.0
bat-3_binary.npy,36,458,73773.0
bat-3_binary.npy,37,457,73783.0
bat-3_binary.npy,38,457,73783.0
bat-3_binary.npy,39,457,73783.0
bat-3_binary.npy,40,457,73783.0
bat-3_binary.npy,41,457,73783.0
bat-3_binary.npy,42,457,73783.0
bat-3_binary.npy,43,457,73783.0
beetle-12_binary.npy,0,381,7941.0
beetle-12_binary.npy,1,328,8471.0
beetle-12_binary.npy,2,328,8471.0
beetle-12_binary.npy,3,328,8471.0
beetle-12_binary.npy,4,328,8471.0
beetle-12_binary.npy,5,308,8671.0
beetle-12_binary.npy,6,308,8671.0
beetle-12_binary.npy,7,306,8691.0
beetle-12_binary.npy,8,306,8691.0
beetle-12_binary.npy,9,287,8881.0
beetle-12_binary.npy,10,287,8881.0
beetle-12_binary.npy,11,287,8881.0
beetle-12_binary.npy,12,287,8881.0
beetle-12_binary.npy,13,287,8881.0
beetle-12_binary.npy,14,269,9061.0
beetle-12_binary.npy,15,269,9061.0
beetle-12_binary.npy,16,262,9131.0
beetle-12_binary.npy,17,262,9131.0
beetle-12_binary.npy,18,262,9131.0
beetle-12_binary.npy,19,262,9131.0
beetle-12_binary.npy,20,259,9161.0
beetle-12_binary.npy,21,259,9161.0
beetle-12_binary.npy,22,259,9161.0
beetle-12_binary.npy,23,257,9181.0
beetle-12_binary.npy,24,253,9221.0
beetle-12_binary.npy,25,253,9221.0
beetle-12_binary.npy,26,253,9221.0
beetle-12_binary.npy,27,253,9221.0
beetle-12_binary.npy,28,253,9221.0
beetle-12_binary.npy,29,253,9221.0
beetle-12_binary.npy,30,253,9221.0
beetle-13_binary.npy,0,535,8580.0
beetle-13_binary.npy,1,482,9110.0
beetle-13_binary.npy,2,455,9380.0
beetle-13_binary.npy,3,454,9390.0
beetle-13_binary.npy,4,454,9390.0
beetle-13_binary.npy,5,422,9710.0
beetle-13_binary.npy,6,419,9740.0
beetle-13_binary.npy,7,419,9740.0
beetle-13_binary.npy,8,419,9740.0
beetle-13_binary.npy,9,419,9740.0
beetle-13_binary.npy,10,413,9800.0
beetle-13_binary.npy,11,413,9800.0
beetle-13_binary.npy,12,408,9850.0
beetle-13_binary.npy,13,408,9850.0
beetle-13_binary.npy,14,408,9850.0
beetle-13_binary.npy,15,408,9850.0
beetle-13_binary.npy,16,395,9980.0
beetle-13_binary.npy,17,395,9980.0
beetle-13_binary.npy,18,394,9990.0
beetle-13_binary.npy,19,393,10000.0
beetle-13_binary.npy,20,393,10000.0
beetle-13_binary.npy,21,387,10060.0
beetle-13_binary.npy,22,387,10060.0
beetle-13_binary.npy,23,387,10060.0
beetle-13_binary.npy,24,387,10060.0
beetle-13_binary.npy,25,387,10060.0
beetle-13_binary.npy,26,386,10070.0
beetle-13_binary.npy,27,385,10080.0
beetle-13_binary.npy,28,384,10090.0
beetle-13_binary.npy,29,384,10090.0
beetle-13_binary.npy,30,384,10090.0
beetle-13_binary.npy,31,384,10090.0
beetle-13_binary.npy,32,384,10090.0
beetle-13_binary.npy,33,384,10090.0
beetle-13_binary.npy,34,384,10090.0
beetle-16_binary.npy,0,348,9879.0
beetle-16_binary.npy,1,330,10059.0
beetle-16_binary.npy,2,325,10109.0
beetle-16_binary.npy,3,325,10109.0
beetle-16_binary.npy,4,325,10109.0
beetle-16_binary.npy,5,325,10109.0
beetle-16_binary.npy,6,325,10109.0
beetle-16_binary.npy,7,312,10239.0
beetle-16_binary.npy,8,312,10239.0
beetle-16_binary.npy,9,312,10239.0
beetle-16_binary.npy,10,308,10279.0
beetle-16_binary.npy,11,308,10279.0
beetle-16_binary.npy,12,308,10279.0
beetle-16_binary.npy,13,306,10299.0
beetle-16_binary.npy,14,304,10319.0
beetle-16_binary.npy,15,304,10319.0
beetle-16_binary.npy,16,304,10319.0
beetle-16_binary.npy,17,304,10319.0
beetle-16_binary.npy,18,304,10319.0
beetle-16_binary.npy,19,304,10319.0
beetle-16_binary.npy,20,304,10319.0
beetle-1_binary.npy,0,1201,48809.0
beetle-1_binary.npy,1,1107,49749.0
beetle-1_binary.npy,2,1107,49749.0
beetle-1_binary.npy,3,1107,49749.0
beetle-1_binary.npy,4,1107,49749.0
beetle-1_binary.npy,5,1107,49749.0
beetle-1_binary.npy,6,1011,50709.0
beetle-1_binary.npy,7,1011,50709.0
beetle-1_binary.npy,8,854,52279.0
beetle-1_binary.npy,9,854,52279.0
beetle-1_binary.npy,10,854,52279.0
beetle-1_binary.npy,11,854,52279.0
beetle-1_binary.npy,12,854,52279.0
beetle-1_binary.npy,13,854,52279.0
beetle-1_binary.npy,14,854,52279.0
bell-13_binary.npy,0,253,23736.0
bell-13_binary.npy,1,253,23736.0
bell-13_binary.npy,2,215,24116.0
bell-13_binary.npy,3,211,24156.0
bell-13_binary.npy,4,211,24156.0
bell-13_binary.npy,5,200,24266.0
bell-13_binary.npy,6,200,24266.0
bell-13_binary.npy,7,199,24276.0
bell-13_binary.npy,8,195,24316.0
bell-13_binary.npy,9,184,24426.0
bell-13_binary.npy,10,184,24426.0
bell-13_binary.npy,11,161,24656.0
bell-13_binary.npy,12,161,24656.0
bell-13_binary.npy,13,161,24656.0
bell-13_binary.npy,14,148,24786.0
bell-13_binary.npy,15,148,24786.0
bell-13_binary.npy,16,148,24786.0
bell-13_binary.npy,17,148,24786.0
bell-13_binary.npy,18,148,24786.0
bell-13_binary.npy,19,148,24786.0
bell-13_binary.npy,20,146,24806.0
bell-13_binary.npy,21,146,24806.0
bell-13_binary.npy,22,143,24836.0
bell-13_binary.npy,23,140,24866.0
bell-13_binary.npy,24,138,24886.0
bell-13_binary.npy,25,138,24886.0
bell-13_binary.npy,26,138,24886.0
bell-13_binary.npy,27,138,24886.0
bell-13_binary.npy,28,138,24886.0
bell-13_binary.npy,29,138,24886.0
bell-13_binary.npy,30,138,24886.0
bell-20_binary.npy,0,257,22900.0
bell-20_binary.npy,1,242,23050.0
bell-20_binary.npy,2,242,23050.0
bell-20_binary.npy,3,242,23050.0
bell-20_binary.npy,4,239,23080.0
bell-20_binary.npy,5,188,23590.0
bell-20_binary.npy,6,188,23590.0
bell-20_binary.npy,7,170,23770.0
bell-20_binary.npy,8,164,23830.0
bell-20_binary.npy,9,164,23830.0
bell-20_binary.npy,10,164,23830.0
bell-20_binary.npy,11,164,23830.0
bell-20_binary.npy,12,164,23830.0
bell-20_binary.npy,13,156,23910.0
bell-20_binary.npy,14,156,23910.0
bell-20_binary.npy,15,153,23940.0
bell-20_binary.npy,16,153,23940.0
bell-20_binary.npy,17,153,23940.0
bell-20_binary.npy,18,153,23940.0
bell-20_binary.npy,19,153,23940.0
bell-20_binary.npy,20,152,23950.0
bell-20_binary.npy,21,152,23950.0
bell-20_binary.npy,22,150,23970.0
bell-20_binary.npy,23,150,23970.0
bell-20_binary.npy,24,150,23970.0
bell-20_binary.npy,25,150,23970.0
bell-20_binary.npy,26,150,23970.0
bell-20_binary.npy,27,150,23970.0
bell-20_binary.npy,28,150,23970.0
bell-2_binary.npy,0,59,1693.0
bell-2_binary.npy,1,55,1733.0
bell-2_binary.npy,2,51,1773.0
bell-2_binary.npy,3,48,1803.0
bell-2_binary.npy,4,48,1803.0
bell-2_binary.npy,5,47,1813.0
bell-2_binary.npy,6,47,1813.0
bell-2_binary.npy,7,45,1833.0
bell-2_binary.npy,8,45,1833.0
bell-2_binary.npy,9,43,1853.0
bell-2_binary.npy,10,43,1853.0
bell-2_binary.npy,11,40,1883.0
bell-2_binary.npy,12,40,1883.0
bell-2_binary.npy,13,40,1883.0
bell-2_binary.npy,14,39,1893.0
bell-2_binary.npy,15,39,1893.0
bell-2_binary.npy,16,38,1903.0
bell-2_binary.npy,17,38,1903.0
bell-2_binary.npy,18,38,1903.0
bell-2_binary.npy,19,38,1903.0
bell-2_binary.npy,20,38,1903.0
bell-2_binary.npy,21,38,1903.0
bell-2_binary.npy,22,38,1903.0
bell-7_binary.npy,0,149,8020.0
bell-7_binary.npy,1,145,8060.0
bell-7_binary.npy,2,115,8360.0
bell-7_binary.npy,3,115,8360.0
bell-7_binary.npy,4,115,8360.0
bell-7_binary.npy,5,104,8470.0
bell-7_binary.npy,6,104,8470.0
bell-7_binary.npy,7,99,8520.0
bell-7_binary.npy,8,98,8530.0
bell-7_binary.npy,9,98,8530.0
bell-7_binary.npy,10,98,8530.0
bell-7_binary.npy,11,90,8610.0
bell-7_binary.npy,12,90,8610.0
bell-7_binary.npy,13,90,8610.0
bell-7_binary.npy,14,89,8620.0
bell-7_binary.npy,15,89,8620.0
bell-7_binary.npy,16,86,8650.0
bell-7_binary.npy,17,86,8650.0
bell-7_binary.npy,18,86,8650.0
bell-7_binary.npy,19,86,8650.0
bell-7_binary.npy,20,85,8660.0
bell-7_binary.npy,21,81,8700.0
bell-7_binary.npy,22,81,8700.0
bell-7_binary.npy,23,81,8700.0
bell-7_binary.npy,24,81,8700.0
bell-7_binary.npy,25,80,8710.0
bell-7_binary.npy,26,80,8710.0
bell-7_binary.npy,27,80,8710.0
bell-7_binary.npy,28,79,8720.0
bell-7_binary.npy,29,79,8720.0
bell-7_binary.npy,30,79,8720.0
bell-7_binary.npy,31,79,8720.0
bell-7_binary.npy,32,79,8720.0
bell-7_binary.npy,33,79,8720.0
bell-7_binary.npy,34,79,8720.0
bird-11_binary.npy,0,330,23118.0
bird-11_binary.npy,1,293,23488.0
bird-11_binary.npy,2,293,23488.0
bird-11_binary.npy,3,293,23488.0
bird-11_binary.npy,4,293,23488.0
bird-11_binary.npy,5,283,23588.0
bird-11_binary.npy,6,283,23588.0
bird-11_binary.npy,7,283,23588.0
bird-11_binary.npy,8,279,23628.0
bird-11_binary.npy,9,279,23628.0
bird-11_binary.npy,10,279,23628.0
bird-11_binary.npy,11,278,23638.0
bird-11_binary.npy,12,278,23638.0
bird-11_binary.npy,13,278,23638.0
bird-11_binary.npy,14,278,23638.0
bird-11_binary.npy,15,278,23638.0
bird-11_binary.npy,16,278,23638.0
bird-11_binary.npy,17,274,23678.0
bird-11_binary.npy,18,273,23688.0
bird-11_binary.npy,19,273,23688.0
bird-11_binary.npy,20,273,23688.0
bird-11_binary.npy,21,272,23698.0
bird-11_binary.npy,22,272,23698.0
bird-11_binary.npy,23,272,23698.0
bird-11_binary.npy,24,272,23698.0
bird-11_binary.npy,25,272,23698.0
bird-11_binary.npy,26,272,23698.0
bird-11_binary.npy,27,272,23698.0
bird-18_binary.npy,0,214,15791.0
bird-18_binary.npy,1,201,15921.0
bird-18_binary.npy,2,198,15951.0
bird-18_binary.npy,3,198,15951.0
bird-18_binary.npy,4,198,15951.0
bird-18_binary.npy,5,198,15951.0
bird-18_binary.npy,6,191,16021.0
bird-18_binary.npy,7,191,16021.0
bird-18_binary.npy,8,187,16061.0
bird-18_binary.npy,9,187,16061.0
bird-18_binary.npy,10,186,16071.0
bird-18_binary.npy,11,185,16081.0
bird-18_binary.npy,12,183,16101.0
bird-18_binary.npy,13,183,16101.0
bird-18_binary.npy,14,183,16101.0
bird-18_binary.npy,15,182,16111.0
bird-18_binary.npy,16,182,16111.0
bird-18_binary.npy,17,182,16111.0
bird-18_binary.npy,18,182,16111.0
bird-18_binary.npy,19,182,16111.0
bird-18_binary.npy,20,181,16121.0
bird-18_binary.npy,21,181,16121.0
bird-18_binary.npy,22,181,16121.0
bird-18_binary.npy,23,181,16121.0
bird-18_binary.npy,24,181,16121.0
bird-18_binary.npy,25,181,16121.0
bird-18_binary.npy,26,181,16121.0
bird-4_binary.npy,0,485,85141.0
bird-4_binary.npy,1,434,85651.0
bird-4_binary.npy,2,427,85721.0
bird-4_binary.npy,3,427,85721.0
bird-4_binary.npy,4,427,85721.0
bird-4_binary.npy,5,427,85721.0
bird-4_binary.npy,6,426,85731.0
bird-4_binary.npy,7,426,85731.0
bird-4_binary.npy,8,426,85731.0
bird-4_binary.npy,9,412,85871.0
bird-4_binary.npy,10,408,85911.0
bird-4_binary.npy,11,408,85911.0
bird-4_binary.npy,12,408,85911.0
bird-4_binary.npy,13,406,85931.0
bird-4_binary.npy,14,403,85961.0
bird-4_binary.npy,15,403,85961.0
bird-4_binary.npy,16,403,85961.0
bird-4_binary.npy,17,403,85961.0
bird-4_binary.npy,18,403,85961.0
bird-4_binary.npy,19,399,86001.0
bird-4_binary.npy,20,399,86001.0
bird-4_binary.npy,21,399,86001.0
bird-4_binary.npy,22,399,86001.0
bird-4_binary.npy,23,399,86001.0
bird-4_binary.npy,24,399,86001.0
bird-4_binary.npy,25,399,86001.0
bird-9_binary.npy,0,317,23407.0
bird-9_binary.npy,1,315,23427.0
bird-9_binary.npy,2,285,23727.0
bird-9_binary.npy,3,279,23787.0
bird-9_binary.npy,4,279,23787.0
bird-9_binary.npy,5,279,23787.0
bird-9_binary.npy,6,279,23787.0
bird-9_binary.npy,7,278,23797.0
bird-9_binary.npy,8,278,23797.0
bird-9_binary.npy,9,278,23797.0
bird-9_binary.npy,10,273,23847.0
bird-9_binary.npy,11,271,23867.0
bird-9_binary.npy,12,269,23887.0
bird-9_binary.npy,13,264,23937.0
bird-9_binary.npy,14,264,23937.0
bird-9_binary.npy,15,264,23937.0
bird-9_binary.npy,16,264,23937.0
bird-9_binary.npy,17,260,23977.0
bird-9_binary.npy,18,260,23977.0
bird-9_binary.npy,19,260,23977.0
bird-9_binary.npy,20,259,23987.0
bird-9_binary.npy,21,259,23987.0
bird-9_binary.npy,22,259,23987.0
bird-9_binary.npy,23,259,23987.0
bird-9_binary.npy,24,259,23987.0
bird-9_binary.npy,25,259,23987.0
bird-9_binary.npy,26,259,23987.0
bottle-03_binary.npy,0,50,5087.0
bottle-03_binary.npy,1,48,5107.0
bottle-03_binary.npy,2,48,5107.0
bottle-03_binary.npy,3,46,5127.0
bottle-03_binary.npy,4,46,5127.0
bottle-03_binary.npy,5,46,5127.0
bottle-03_binary.npy,6,46,5127.0
bottle-03_binary.npy,7,46,5127.0
bottle-03_binary.npy,8,45,5137.0
bottle-03_binary.npy,9,45,5137.0
bottle-03_binary.npy,10,45,5137.0
bottle-03_binary.npy,11,45,5137.0
bottle-03_binary.npy,12,45,5137.0
bottle-03_binary.npy,13,45,5137.0
bottle-03_binary.npy,14,45,5137.0
bottle-04_binary.npy,0,52,5336.0
bottle-04_binary.npy,1,52,5336.0
bottle-04_binary.npy,2,52,5336.0
bottle-04_binary.npy,3,49,5366.0
bottle-04_binary.npy,4,49,5366.0
bottle-04_binary.npy,5,49,5366.0
bottle-04_binary.npy,6,49,5366.0
bottle-04_binary.npy,7,49,5366.0
bottle-04_binary.npy,8,48,5376.0
bottle-04_binary.npy,9,48,5376.0
bottle-04_binary.npy,10,48,5376.0
bottle-04_binary.npy,11,48,5376.0
bottle-04_binary.npy,12,48,5376.0
bottle-04_binary.npy,13,48,5376.0
bottle-04_binary.npy,14,48,5376.0
bottle-13_binary.npy,0,47,3986.0
bottle-13_binary.npy,1,45,4006.0
bottle-13_binary.npy,2,45,4006.0
bottle-13_binary.npy,3,45,4006.0
bottle-13_binary.npy,4,42,4036.0
bottle-13_binary.npy,5,42,4036.0
bottle-13_binary.npy,6,41,4046.0
bottle-13_binary.npy,7,41,4046.0
bottle-13_binary.npy,8,41,4046.0
bottle-13_binary.npy,9,41,4046.0
bottle-13_binary.npy,10,41,4046.0
bottle-13_binary.npy,11,41,4046.0
bottle-13_binary.npy,12,41,4046.0
bottle-18_binary.npy,0,55,5171.0
bottle-18_binary.npy,1,55,5171.0
bottle-18_binary.npy,2,55,5171.0
bottle-18_binary.npy,3,55,5171.0
bottle-18_binary.npy,4,55,5171.0
bottle-18_binary.npy,5,55,5171.0
bottle-18_binary.npy,6,55,5171.0
brick-07_binary.npy,0,131,14211.0
brick-07_binary.npy,1,131,14211.0
brick-07_binary.npy,2,128,14241.0
brick-07_binary.npy,3,128,14241.0
brick-07_binary.npy,4,127,14251.0
brick-07_binary.npy,5,127,14251.0
brick-07_binary.npy,6,127,14251.0
brick-07_binary.npy,7,126,14261.0
brick-07_binary.npy,8,126,14261.0
brick-07_binary.npy,9,126,14261.0
brick-07_binary.npy,10,125,14271.0
brick-07_binary.npy,11,125,14271.0
brick-07_binary.npy,12,125,14271.0
brick-07_binary.npy,13,125,14271.0
brick-07_binary.npy,14,125,14271.0
brick-07_binary.npy,15,125,14271.0
brick-07_binary.npy,16,125,14271.0
brick-10_binary.npy,0,105,9091.0
brick-10_binary.npy,1,105,9091.0
brick-10_binary.npy,2,105,9091.0
brick-10_binary.npy,3,105,9091.0
brick-10_binary.npy,4,103,9111.0
brick-10_binary.npy,5,103,9111.0
brick-10_binary.npy,6,103,9111.0
brick-10_binary.npy,7,103,9111.0
brick-10_binary.npy,8,103,9111.0
brick-10_binary.npy,9,103,9111.0
brick-10_binary.npy,10,103,9111.0
brick-12_binary.npy,0,109,10507.0
brick-12_binary.npy,1,108,10517.0
brick-12_binary.npy,2,105,10547.0
brick-12_binary.npy,3,105,10547.0
brick-12_binary.npy,4,104,10557.0
brick-12_binary.npy,5,104,10557.0
brick-12_binary.npy,6,103,10567.0
brick-12_binary.npy,7,103,10567.0
brick-12_binary.npy,8,103,10567.0
brick-12_binary.npy,9,103,10567.0
brick-12_binary.npy,10,103,10567.0
brick-12_binary.npy,11,103,10567.0
brick-12_binary.npy,12,103,10567.0
brick-18_binary.npy,0,103,10396.0
brick-18_binary.npy,1,103,10396.0
brick-18_binary.npy,2,98,10446.0
brick-18_binary.npy,3,98,10446.0
brick-18_binary.npy,4,98,10446.0
brick-18_binary.npy,5,98,10446.0
brick-18_binary.npy,6,98,10446.0
brick-18_binary.npy,7,96,10466.0
brick-18_binary.npy,8,94,10486.0
brick-18_binary.npy,9,94,10486.0
brick-18_binary.npy,10,94,10486.0
brick-18_binary.npy,11,94,10486.0
brick-18_binary.npy,12,94,10486.0
brick-18_binary.npy,13,94,10486.0
brick-18_binary.npy,14,94,10486.0
butterfly-11_binary.npy,0,875,41467.0
butterfly-11_binary.npy,1,745,42767.0
butterfly-11_binary.npy,2,717,43047.0
butterfly-11_binary.npy,3,686,43357.0
butterfly-11_binary.npy,4,686,43357.0
butterfly-11_binary.npy,5,686,43357.0
butterfly-11_binary.npy,6,686,43357.0
butterfly-11_binary.npy,7,686,43357.0
butterfly-11_binary.npy,8,686,43357.0
butterfly-11_binary.npy,9,686,43357.0
butterfly-12_binary.npy,0,540,65644.0
butterfly-12_binary.npy,1,461,66434.0
butterfly-12_binary.npy,2,461,66434.0
butterfly-12_binary.npy,3,461,66434.0
butterfly-12_binary.npy,4,461,66434.0
butterfly-12_binary.npy,5,456,66484.0
butterfly-12_binary.npy,6,456,66484.0
butterfly-12_binary.npy,7,414,66904.0
butterfly-12_binary.npy,8,414,66904.0
butterfly-12_binary.npy,9,414,66904.0
butterfly-12_binary.npy,10,406,66984.0
butterfly-12_binary.npy,11,406,66984.0
butterfly-12_binary.npy,12,396,67084.0
butterfly-12_binary.npy,13,396,67084.0
butterfly-12_binary.npy,14,396,67084.0
butterfly-12_binary.npy,15,395,67094.0
butterfly-12_binary.npy,16,388,67164.0
butterfly-12_binary.npy,17,388,67164.0
butterfly-12_binary.npy,18,388,67164.0
butterfly-12_binary.npy,19,388,67164.0
butterfly-12_binary.npy,20,388,67164.0
butterfly-12_binary.npy,21,386,67184.0
butterfly-12_binary.npy,22,386,67184.0
butterfly-12_binary.npy,23,384,67204.0
butterfly-12_binary.npy,24,384,67204.0
butterfly-12_binary.npy,25,384,67204.0
butterfly-12_binary.npy,26,384,67204.0
butterfly-12_binary.npy,27,384,67204.0
butterfly-12_binary.npy,28,384,67204.0
butterfly-12_binary.npy,29,384,67204.0
butterfly-17_binary.npy,0,855,75444.0
butterfly-17_binary.npy,1,717,76824.0
butterfly-17_binary.npy,2,717,76824.0
butterfly-17_binary.npy,3,717,76824.0
butterfly-17_binary.npy,4,717,76824.0
butterfly-17_binary.npy,5,640,77594.0
butterfly-17_binary.npy,6,632,77674.0
butterfly-17_binary.npy,7,632,77674.0
butterfly-17_binary.npy,8,629,77704.0
butterfly-17_binary.npy,9,629,77704.0
butterfly-17_binary.npy,10,619,77804.0
butterfly-17_binary.npy,11,610,77894.0
butterfly-17_binary.npy,12,610,77894.0
butterfly-17_binary.npy,13,610,77894.0
butterfly-17_binary.npy,14,610,77894.0
butterfly-17_binary.npy,15,606,77934.0
butterfly-17_binary.npy,16,603,77964.0
butterfly-17_binary.npy,17,603,77964.0
butterfly-17_binary.npy,18,603,77964.0
butterfly-17_binary.npy,19,603,77964.0
butterfly-17_binary.npy,20,602,77974.0
butterfly-17_binary.npy,21,600,77994.0
butterfly-17_binary.npy,22,593,78064.0
butterfly-17_binary.npy,23,593,78064.0
butterfly-17_binary.npy,24,593,78064.0
butterfly-17_binary.npy,25,593,78064.0
butterfly-17_binary.npy,26,593,78064.0
butterfly-17_binary.npy,27,582,78174.0
butterfly-17_binary.npy,28,582,78174.0
butterfly-17_binary.npy,29,582,78174.0
butterfly-17_binary.npy,30,580,78194.0
butterfly-17_binary.npy,31,580,78194.0
butterfly-17_binary.npy,32,580,78194.0
butterfly-17_binary.npy,33,580,78194.0
butterfly-17_binary.npy,34,579,78204.0
butterfly-17_binary.npy,35,579,78204.0
butterfly-17_binary.npy,36,578,78214.0
butterfly-17_binary.npy,37,578,78214.0
butterfly-17_binary.npy,38,578,78214.0
butterfly-17_binary.npy,39,578,78214.0
butterfly-17_binary.npy,40,578,78214.0
butterfly-17_binary.npy,41,578,78214.0
butterfly-17_binary.npy,42,578,78214.0
butterfly-19_binary.npy,0,392,48772.0
butterfly-19_binary.npy,1,388,48812.0
butterfly-19_binary.npy,2,366,49032.0
butterfly-19_binary.npy,3,310,49592.0
butterfly-19_binary.npy,4,310,49592.0
butterfly-19_binary.npy,5,310,49592.0
butterfly-19_binary.npy,6,309,49602.0
butterfly-19_binary.npy,7,309,49602.0
butterfly-19_binary.npy,8,309,49602.0
butterfly-19_binary.npy,9,309,49602.0
butterfly-19_binary.npy,10,309,49602.0
butterfly-19_binary.npy,11,295,49742.0
butterfly-19_binary.npy,12,295,49742.0
butterfly-19_binary.npy,13,287,49822.0
butterfly-19_binary.npy,14,287,49822.0
butterfly-19_binary.npy,15,287,49822.0
butterfly-19_binary.npy,16,287,49822.0
butterfly-19_binary.npy,17,287,49822.0
butterfly-19_binary.npy,18,284,49852.0
butterfly-19_binary.npy,19,280,49892.0
butterfly-19_binary.npy,20,279,49902.0
butterfly-19_binary.npy,21,279,49902.0
butterfly-19_binary.npy,22,276,49932.0
butterfly-19_binary.npy,23,276,49932.0
butterfly-19_binary.npy,24,265,50042.0
butterfly-19_binary.npy,25,265,50042.0
butterfly-19_binary.npy,26,265,50042.0
butterfly-19_binary.npy,27,265,50042.0
butterfly-19_binary.npy,28,265,50042.0
butterfly-19_binary.npy,29,265,50042.0
butterfly-19_binary.npy,30,265,50042.0
camel-12_binary.npy,0,306,27777.0
camel-12_binary.npy,1,304,27797.0
camel-12_binary.npy,2,304,27797.0
camel-12_binary.npy,3,277,28067.0
camel-12_binary.npy,4,277,28067.0
camel-12_binary.npy,5,277,28067.0
camel-12_binary.npy,6,277,28067.0
camel-12_binary.npy,7,277,28067.0
camel-12_binary.npy,8,277,28067.0
camel-12_binary.npy,9,274,28097.0
camel-12_binary.npy,10,274,28097.0
camel-12_binary.npy,11,268,28157.0
camel-12_binary.npy,12,268,28157.0
camel-12_binary.npy,13,263,28207.0
camel-12_binary.npy,14,261,28227.0
camel-12_binary.npy,15,261,28227.0
camel-12_binary.npy,16,260,28237.0
camel-12_binary.npy,17,260,28237.0
camel-12_binary.npy,18,257,28267.0
camel-12_binary.npy,19,257,28267.0
camel-12_binary.npy,20,256,28277.0
camel-12_binary.npy,21,256,28277.0
camel-12_binary.npy,22,256,28277.0
camel-12_binary.npy,23,256,28277.0
camel-12_binary.npy,24,255,28287.0
camel-12_binary.npy,25,255,28287.0
camel-12_binary.npy,26,255,28287.0
camel-12_binary.npy,27,255,28287.0
camel-12_binary.npy,28,255,28287.0
camel-12_binary.npy,29,255,28287.0
camel-12_binary.npy,30,255,28287.0
camel-13_binary.npy,0,363,41436.0
camel-13_binary.npy,1,343,41636.0
camel-13_binary.npy,2,343,41636.0
camel-13_binary.npy,3,333,41736.0
camel-13_binary.npy,4,333,41736.0
camel-13_binary.npy,5,312,41946.0
camel-13_binary.npy,6,312,41946.0
camel-13_binary.npy,7,312,41946.0
camel-13_binary.npy,8,312,41946.0
camel-13_binary.npy,9,308,41986.0
camel-13_binary.npy,10,308,41986.0
camel-13_binary.npy,11,308,41986.0
camel-13_binary.npy,12,308,41986.0
camel-13_binary.npy,13,308,41986.0
camel-13_binary.npy,14,297,42096.0
camel-13_binary.npy,15,297,42096.0
camel-13_binary.npy,16,297,42096.0
camel-13_binary.npy,17,297,42096.0
camel-13_binary.npy,18,285,42216.0
camel-13_binary.npy,19,285,42216.0
camel-13_binary.npy,20,285,42216.0
camel-13_binary.npy,21,285,42216.0
camel-13_binary.npy,22,285,42216.0
camel-13_binary.npy,23,285,42216.0
camel-13_binary.npy,24,285,42216.0
camel-17_binary.npy,0,403,29710.0
camel-17_binary.npy,1,378,29960.0
camel-17_binary.npy,2,369,30050.0
camel-17_binary.npy,3,369,30050.0
camel-17_binary.npy,4,369,30050.0
camel-17_binary.npy,5,359,30150.0
camel-17_binary.npy,6,354,30200.0
camel-17_binary.npy,7,354,30200.0
camel-17_binary.npy,8,354,30200.0
camel-17_binary.npy,9,354,30200.0
camel-17_binary.npy,10,354,30200.0
camel-17_binary.npy,11,348,30260.0
camel-17_binary.npy,12,347,30270.0
camel-17_binary.npy,13,346,30280.0
camel-17_binary.npy,14,343,30310.0
camel-17_binary.npy,15,342,30320.0
camel-17_binary.npy,16,342,30320.0
camel-17_binary.npy,17,342,30320.0
camel-17_binary.npy,18,341,30330.0
camel-17_binary.npy,19,341,30330.0
camel-17_binary.npy,20,341,30330.0
camel-17_binary.npy,21,341,30330.0
camel-17_binary.npy,22,341,30330.0
camel-17_binary.npy,23,341,30330.0
camel-17_binary.npy,24,341,30330.0
camel-2_binary.npy,0,448,30826.0
camel-2_binary.npy,1,433,30976.0
camel-2_binary.npy,2,388,31426.0
camel-2_binary.npy,3,388,31426.0
camel-2_binary.npy,4,388,31426.0
camel-2_binary.npy,5,388,31426.0
camel-2_binary.npy,6,388,31426.0
camel-2_binary.npy,7,388,31426.0
camel-2_binary.npy,8,369,31616.0
camel-2_binary.npy,9,369,31616.0
camel-2_binary.npy,10,369,31616.0
camel-2_binary.npy,11,369,31616.0
camel-2_binary.npy,12,352,31786.0
camel-2_binary.npy,13,352,31786.0
camel-2_binary.npy,14,352,31786.0
camel-2_binary.npy,15,352,31786.0
camel-2_binary.npy,16,352,31786.0
camel-2_binary.npy,17,352,31786.0
camel-2_binary.npy,18,352,31786.0
car-06_binary.npy,0,98,8451.0
car-06_binary.npy,1,98,8451.0
car-06_binary.npy,2,89,8541.0
car-06_binary.npy,3,89,8541.0
car-06_binary.npy,4,89,8541.0
car-06_binary.npy,5,89,8541.0
car-06_binary.npy,6,86,8571.0
car-06_binary.npy,7,86,8571.0
car-06_binary.npy,8,86,8571.0
car-06_binary.npy,9,85,8581.0
car-06_binary.npy,10,82,8611.0
car-06_binary.npy,11,82,8611.0
car-06_binary.npy,12,82,8611.0
car-06_binary.npy,13,79,8641.0
car-06_binary.npy,14,79,8641.0
car-06_binary.npy,15,79,8641.0
car-06_binary.npy,16,79,8641.0
car-06_binary.npy,17,78,8651.0
car-06_binary.npy,18,78,8651.0
car-06_binary.npy,19,78,8651.0
car-06_binary.npy,20,78,8651.0
car-06_binary.npy,21,78,8651.0
car-06_binary.npy,22,78,8651.0
car-06_binary.npy,23,78,8651.0
car-09_binary.npy,0,98,9483.0
car-09_binary.npy,1,88,9583.0
car-09_binary.npy,2,88,9583.0
car-09_binary.npy,3,82,9643.0
car-09_binary.npy,4,82,9643.0
car-09_binary.npy,5,80,9663.0
car-09_binary.npy,6,79,9673.0
car-09_binary.npy,7,79,9673.0
car-09_binary.npy,8,79,9673.0
car-09_binary.npy,9,79,9673.0
car-09_binary.npy,10,79,9673.0
car-09_binary.npy,11,79,9673.0
car-09_binary.npy,12,79,9673.0
car-12_binary.npy,0,117,10554.0
car-12_binary.npy,1,100,10724.0
car-12_binary.npy,2,100,10724.0
car-12_binary.npy,3,100,10724.0
car-12_binary.npy,4,100,10724.0
car-12_binary.npy,5,100,10724.0
car-12_binary.npy,6,100,10724.0
car-12_binary.npy,7,96,10764.0
car-12_binary.npy,8,96,10764.0
car-12_binary.npy,9,96,10764.0
car-12_binary.npy,10,95,10774.0
car-12_binary.npy,11,95,10774.0
car-12_binary.npy,12,95,10774.0
car-12_binary.npy,13,95,10774.0
car-12_binary.npy,14,94,10784.0
car-12_binary.npy,15,91,10814.0
car-12_binary.npy,16,91,10814.0
car-12_binary.npy,17,91,10814.0
car-12_binary.npy,18,90,10824.0
car-12_binary.npy,19,90,10824.0
car-12_binary.npy,20,90,10824.0
car-12_binary.npy,21,90,10824.0
car-12_binary.npy,22,89,10834.0
car-12_binary.npy,23,89,10834.0
car-12_binary.npy,24,89,10834.0
car-12_binary.npy,25,89,10834.0
car-12_binary.npy,26,89,10834.0
car-12_binary.npy,27,89,10834.0
car-12_binary.npy,28,89,10834.0
car-15_binary.npy,0,118,11019.0
car-15_binary.npy,1,102,11179.0
car-15_binary.npy,2,102,11179.0
car-15_binary.npy,3,102,11179.0
car-15_binary.npy,4,91,11289.0
car-15_binary.npy,5,86,11339.0
car-15_binary.npy,6,86,11339.0
car-15_binary.npy,7,86,11339.0
car-15_binary.npy,8,86,11339.0
car-15_binary.npy,9,85,11349.0
car-15_binary.npy,10,85,11349.0
car-15_binary.npy,11,85,11349.0
car-15_binary.npy,12,83,11369.0
car-15_binary.npy,13,83,11369.0
car-15_binary.npy,14,83,11369.0
car-15_binary.npy,15,81,11389.0
car-15_binary.npy,16,81,11389.0
car-15_binary.npy,17,79,11409.0
car-15_binary.npy,18,79,11409.0
car-15_binary.npy,19,79,11409.0
car-15_binary.npy,20,79,11409.0
car-15_binary.npy,21,79,11409.0
car-15_binary.npy,22,79,11409.0
car-15_binary.npy,23,79,11409.0
carriage-07_binary.npy,0,224,6983.0
carriage-07_binary.npy,1,176,7463.0
carriage-07_binary.npy,2,176,7463.0
carriage-07_binary.npy,3,176,7463.0
carriage-07_binary.npy,4,176,7463.0
carriage-07_binary.npy,5,176,7463.0
carriage-07_binary.npy,6,172,7503.0
carriage-07_binary.npy,7,162,7603.0
carriage-07_binary.npy,8,162,7603.0
carriage-07_binary.npy,9,162,7603.0
carriage-07_binary.npy,10,161,7613.0
carriage-07_binary.npy,11,155,7673.0
carriage-07_binary.npy,12,155,7673.0
carriage-07_binary.npy,13,155,7673.0
carriage-07_binary.npy,14,152,7703.0
carriage-07_binary.npy,15,148,7743.0
carriage-07_binary.npy,16,148,7743.0
carriage-07_binary.npy,17,148,7743.0
carriage-07_binary.npy,18,148,7743.0
carriage-07_binary.npy,19,146,7763.0
carriage-07_binary.npy,20,146,7763.0
carriage-07_binary.npy,21,146,7763.0
carriage-07_binary.npy,22,143,7793.0
carriage-07_binary.npy,23,143,7793.0
carriage-07_binary.npy,24,143,7793.0
carriage-07_binary.npy,25,143,7793.0
carriage-07_binary.npy,26,143,7793.0
carriage-07_binary.npy,27,142,7803.0
carriage-07_binary.npy,28,142,7803.0
carriage-07_binary.npy,29,142,7803.0
carriage-07_binary.npy,30,142,7803.0
carriage-07_binary.npy,31,142,7803.0
carriage-07_binary.npy,32,141,7813.0
carriage-07_binary.npy,33,141,7813.0
carriage-07_binary.npy,34,141,7813.0
carriage-07_binary.npy,35,141,7813.0
carriage-07_binary.npy,36,141,7813.0
carriage-07_binary.npy,37,141,7813.0
carriage-07_binary.npy,38,141,7813.0
carriage-09_binary.npy,0,248,5842.0
carriage-09_binary.npy,1,246,5862.0
carriage-09_binary.npy,2,214,6182.0
carriage-09_binary.npy,3,214,6182.0
carriage-09_binary.npy,4,214,6182.0
carriage-09_binary.npy,5,214,6182.0
carriage-09_binary.npy,6,209,6232.0
carriage-09_binary.npy,7,208,6242.0
carriage-09_binary.npy,8,208,6242.0
carriage-09_binary.npy,9,183,6492.0
carriage-09_binary.npy,10,183,6492.0
carriage-09_binary.npy,11,183,6492.0
carriage-09_binary.npy,12,180,6522.0
carriage-09_binary.npy,13,180,6522.0
carriage-09_binary.npy,14,180,6522.0
carriage-09_binary.npy,15,172,6602.0
carriage-09_binary.npy,16,163,6692.0
carriage-09_binary.npy,17,163,6692.0
carriage-09_binary.npy,18,163,6692.0
carriage-09_binary.npy,19,163,6692.0
carriage-09_binary.npy,20,157,6752.0
carriage-09_binary.npy,21,157,6752.0
carriage-09_binary.npy,22,157,6752.0
carriage-09_binary.npy,23,157,6752.0
carriage-09_binary.npy,24,157,6752.0
carriage-09_binary.npy,25,155,6772.0
carriage-09_binary.npy,26,155,6772.0
carriage-09_binary.npy,27,155,6772.0
carriage-09_binary.npy,28,154,6782.0
carriage-09_binary.npy,29,152,6802.0
carriage-09_binary.npy,30,150,6822.0
carriage-09_binary.npy,31,148,6842.0
carriage-09_binary.npy,32,148,6842.0
carriage-09_binary.npy,33,148,6842.0
carriage-09_binary.npy,34,147,6852.0
carriage-09_binary.npy,35,147,6852.0
carriage-09_binary.npy,36,147,6852.0
carriage-09_binary.npy,37,147,6852.0
carriage-09_binary.npy,38,147,6852.0
carriage-09_binary.npy,39,145,6872.0
carriage-09_binary.npy,40,145,6872.0
carriage-09_binary.npy,41,145,6872.0
carriage-09_binary.npy,42,145,6872.0
carriage-09_binary.npy,43,144,6882.0
carriage-09_binary.npy,44,144,6882.0
carriage-09_binary.npy,45,144,6882.0
carriage-09_binary.npy,46,144,6882.0
carriage-09_binary.npy,47,144,6882.0
carriage-09_binary.npy,48,144,6882.0
carriage-09_binary.npy,49,144,6882.0
carriage-12_binary.npy,0,250,5603.0
carriage-12_binary.npy,1,250,5603.0
carriage-12_binary.npy,2,195,6153.0
carriage-12_binary.npy,3,195,6153.0
carriage-12_binary.npy,4,195,6153.0
carriage-12_binary.npy,5,195,6153.0
carriage-12_binary.npy,6,185,6253.0
carriage-12_binary.npy,7,185,6253.0
carriage-12_binary.npy,8,185,6253.0
carriage-12_binary.npy,9,185,6253.0
carriage-12_binary.npy,10,185,6253.0
carriage-12_binary.npy,11,185,6253.0
carriage-12_binary.npy,12,176,6343.0
carriage-12_binary.npy,13,176,6343.0
carriage-12_binary.npy,14,171,6393.0
carriage-12_binary.npy,15,171,6393.0
carriage-12_binary.npy,16,171,6393.0
carriage-12_binary.npy,17,161,6493.0
carriage-12_binary.npy,18,160,6503.0
carriage-12_binary.npy,19,156,6543.0
carriage-12_binary.npy,20,156,6543.0
carriage-12_binary.npy,21,155,6553.0
carriage-12_binary.npy,22,149,6613.0
carriage-12_binary.npy,23,149,6613.0
carriage-12_binary.npy,24,149,6613.0
carriage-12_binary.npy,25,149,6613.0
carriage-12_binary.npy,26,149,6613.0
carriage-12_binary.npy,27,147,6633.0
carriage-12_binary.npy,28,147,6633.0
carriage-12_binary.npy,29,147,6633.0
carriage-12_binary.npy,30,147,6633.0
carriage-12_binary.npy,31,147,6633.0
carriage-12_binary.npy,32,146,6643.0
carriage-12_binary.npy,33,146,6643.0
carriage-12_binary.npy,34,146,6643.0
carriage-12_binary.npy,35,146,6643.0
carriage-12_binary.npy,36,146,6643.0
carriage-12_binary.npy,37,146,6643.0
carriage-12_binary.npy,38,146,6643.0
carriage-20_binary.npy,0,216,6305.0
carriage-20_binary.npy,1,189,6575.0
carriage-20_binary.npy,2,183,6635.0
carriage-20_binary.npy,3,183,6635.0
carriage-20_binary.npy,4,174,6725.0
carriage-20_binary.npy,5,174,6725.0
carriage-20_binary.npy,6,165,6815.0
carriage-20_binary.npy,7,165,6815.0
carriage-20_binary.npy,8,165,6815.0
carriage-20_binary.npy,9,165,6815.0
carriage-20_binary.npy,10,160,6865.0
carriage-20_binary.npy,11,160,6865.0
carriage-20_binary.npy,12,160,6865.0
carriage-20_binary.npy,13,160,6865.0
carriage-20_binary.npy,14,160,6865.0
carriage-20_binary.npy,15,160,6865.0
carriage-20_binary.npy,16,159,6875.0
carriage-20_binary.npy,17,159,6875.0
carriage-20_binary.npy,18,159,6875.0
carriage-20_binary.npy,19,159,6875.0
carriage-20_binary.npy,20,159,6875.0
carriage-20_binary.npy,21,159,6875.0
carriage-20_binary.npy,22,158,6885.0
carriage-20_binary.npy,23,158,6885.0
carriage-20_binary.npy,24,158,6885.0
carriage-20_binary.npy,25,158,6885.0
carriage-20_binary.npy,26,158,6885.0
carriage-20_binary.npy,27,158,6885.0
carriage-20_binary.npy,28,158,6885.0
cattle-12_binary.npy,0,698,58174.0
cattle-12_binary.npy,1,677,58384.0
cattle-12_binary.npy,2,668,58474.0
cattle-12_binary.npy,3,535,59804.0
cattle-12_binary.npy,4,535,59804.0
cattle-12_binary.npy,5,535,59804.0
cattle-12_binary.npy,6,506,60094.0
cattle-12_binary.npy,7,506,60094.0
cattle-12_binary.npy,8,506,60094.0
cattle-12_binary.npy,9,506,60094.0
cattle-12_binary.npy,10,469,60464.0
cattle-12_binary.npy,11,469,60464.0
cattle-12_binary.npy,12,469,60464.0
cattle-12_binary.npy,13,469,60464.0
cattle-12_binary.npy,14,468,60474.0
cattle-12_binary.npy,15,468,60474.0
cattle-12_binary.npy,16,437,60784.0
cattle-12_binary.npy,17,437,60784.0
cattle-12_binary.npy,18,437,60784.0
cattle-12_binary.npy,19,429,60864.0
cattle-12_binary.npy,20,429,60864.0
cattle-12_binary.npy,21,429,60864.0
cattle-12_binary.npy,22,399,61164.0
cattle-12_binary.npy,23,399,61164.0
cattle-12_binary.npy,24,399,61164.0
cattle-12_binary.npy,25,399,61164.0
cattle-12_binary.npy,26,398,61174.0
cattle-12_binary.npy,27,398,61174.0
cattle-12_binary.npy,28,398,61174.0
cattle-12_binary.npy,29,398,61174.0
cattle-12_binary.npy,30,390,61254.0
cattle-12_binary.npy,31,382,61334.0
cattle-12_binary.npy,32,382,61334.0
cattle-12_binary.npy,33,382,61334.0
cattle-12_binary.npy,34,375,61404.0
cattle-12_binary.npy,35,373,61424.0
cattle-12_binary.npy,36,373,61424.0
cattle-12_binary.npy,37,373,61424.0
cattle-12_binary.npy,38,371,61444.0
cattle-12_binary.npy,39,371,61444.0
cattle-12_binary.npy,40,371,61444.0
cattle-12_binary.npy,41,370,61454.0
cattle-12_binary.npy,42,370,61454.0
cattle-12_binary.npy,43,368,61474.0
cattle-12_binary.npy,44,367,61484.0
cattle-12_binary.npy,45,367,61484.0
cattle-12_binary.npy,46,367,61484.0
cattle-12_binary.npy,47,365,61504.0
cattle-12_binary.npy,48,365,61504.0
cattle-12_binary.npy,49,365,61504.0
cattle-12_binary.npy,50,364,61514.0
cattle-12_binary.npy,51,364,61514.0
cattle-12_binary.npy,52,363,61524.0
cattle-12_binary.npy,53,363,61524.0
cattle-12_binary.npy,54,363,61524.0
cattle-12_binary.npy,55,363,61524.0
cattle-12_binary.npy,56,363,61524.0
cattle-12_binary.npy,57,363,61524.0
cattle-12_binary.npy,58,363,61524.0
cattle-15_binary.npy,0,951,55082.0
cattle-15_binary.npy,1,815,56442.0
cattle-15_binary.npy,2,815,56442.0
cattle-15_binary.npy,3,815,56442.0
cattle-15_binary.npy,4,815,56442.0
cattle-15_binary.npy,5,775,56842.0
cattle-15_binary.npy,6,755,57042.0
cattle-15_binary.npy,7,755,57042.0
cattle-15_binary.npy,8,755,57042.0
cattle-15_binary.npy,9,755,57042.0
cattle-15_binary.npy,10,755,57042.0
cattle-15_binary.npy,11,755,57042.0
cattle-15_binary.npy,12,749,57102.0
cattle-15_binary.npy,13,749,57102.0
cattle-15_binary.npy,14,748,57112.0
cattle-15_binary.npy,15,741,57182.0
cattle-15_binary.npy,16,741,57182.0
cattle-15_binary.npy,17,741,57182.0
cattle-15_binary.npy,18,741,57182.0
cattle-15_binary.npy,19,740,57192.0
cattle-15_binary.npy,20,731,57282.0
cattle-15_binary.npy,21,731,57282.0
cattle-15_binary.npy,22,731,57282.0
cattle-15_binary.npy,23,730,57292.0
cattle-15_binary.npy,24,730,57292.0
cattle-15_binary.npy,25,729,57302.0
cattle-15_binary.npy,26,729,57302.0
cattle-15_binary.npy,27,726,57332.0
cattle-15_binary.npy,28,726,57332.0
cattle-15_binary.npy,29,725,57342.0
cattle-15_binary.npy,30,725,57342.0
cattle-15_binary.npy,31,725,57342.0
cattle-15_binary.npy,32,725,57342.0
cattle-15_binary.npy,33,725,57342.0
cattle-15_binary.npy,34,725,57342.0
cattle-15_binary.npy,35,725,57342.0
cattle-17_binary.npy,0,822,113120.0
cattle-17_binary.npy,1,820,113140.0
cattle-17_binary.npy,2,774,113600.0
cattle-17_binary.npy,3,774,113600.0
cattle-17_binary.npy,4,728,114060.0
cattle-17_binary.npy,5,728,114060.0
cattle-17_binary.npy,6,728,114060.0
cattle-17_binary.npy,7,725,114090.0
cattle-17_binary.npy,8,707,114270.0
cattle-17_binary.npy,9,694,114400.0
cattle-17_binary.npy,10,694,114400.0
cattle-17_binary.npy,11,694,114400.0
cattle-17_binary.npy,12,694,114400.0
cattle-17_binary.npy,13,687,114470.0
cattle-17_binary.npy,14,684,114500.0
cattle-17_binary.npy,15,682,114520.0
cattle-17_binary.npy,16,679,114550.0
cattle-17_binary.npy,17,677,114570.0
cattle-17_binary.npy,18,677,114570.0
cattle-17_binary.npy,19,676,114580.0
cattle-17_binary.npy,20,675,114590.0
cattle-17_binary.npy,21,675,114590.0
cattle-17_binary.npy,22,675,114590.0
cattle-17_binary.npy,23,672,114620.0
cattle-17_binary.npy,24,672,114620.0
cattle-17_binary.npy,25,672,114620.0
cattle-17_binary.npy,26,672,114620.0
cattle-17_binary.npy,27,671,114630.0
cattle-17_binary.npy,28,671,114630.0
cattle-17_binary.npy,29,671,114630.0
cattle-17_binary.npy,30,671,114630.0
cattle-17_binary.npy,31,671,114630.0
cattle-17_binary.npy,32,671,114630.0
cattle-17_binary.npy,33,671,114630.0
cattle-7_binary.npy,0,813,49868.0
cattle-7_binary.npy,1,791,50088.0
cattle-7_binary.npy,2,739,50608.0
cattle-7_binary.npy,3,721,50788.0
cattle-7_binary.npy,4,718,50818.0
cattle-7_binary.npy,5,718,50818.0
cattle-7_binary.npy,6,718,50818.0
cattle-7_binary.npy,7,718,50818.0
cattle-7_binary.npy,8,687,51128.0
cattle-7_binary.npy,9,687,51128.0
cattle-7_binary.npy,10,687,51128.0
cattle-7_binary.npy,11,687,51128.0
cattle-7_binary.npy,12,685,51148.0
cattle-7_binary.npy,13,685,51148.0
cattle-7_binary.npy,14,675,51248.0
cattle-7_binary.npy,15,653,51468.0
cattle-7_binary.npy,16,644,51558.0
cattle-7_binary.npy,17,624,51758.0
cattle-7_binary.npy,18,624,51758.0
cattle-7_binary.npy,19,624,51758.0
cattle-7_binary.npy,20,617,51828.0
cattle-7_binary.npy,21,617,51828.0
cattle-7_binary.npy,22,615,51848.0
cattle-7_binary.npy,23,615,51848.0
cattle-7_binary.npy,24,608,51918.0
cattle-7_binary.npy,25,608,51918.0
cattle-7_binary.npy,26,608,51918.0
cattle-7_binary.npy,27,604,51958.0
cattle-7_binary.npy,28,604,51958.0
cattle-7_binary.npy,29,604,51958.0
cattle-7_binary.npy,30,604,51958.0
cattle-7_binary.npy,31,604,51958.0
cattle-7_binary.npy,32,604,51958.0
cattle-7_binary.npy,33,604,51958.0
cellular_phone-15_binary.npy,0,109,26478.0
cellular_phone-15_binary.npy,1,104,26528.0
cellular_phone-15_binary.npy,2,83,26738.0
cellular_phone-15_binary.npy,3,83,26738.0
cellular_phone-15_binary.npy,4,83,26738.0
cellular_phone-15_binary.npy,5,83,26738.0
cellular_phone-15_binary.npy,6,83,26738.0
cellular_phone-15_binary.npy,7,83,26738.0
cellular_phone-15_binary.npy,8,78,26788.0
cellular_phone-15_binary.npy,9,66,26908.0
cellular_phone-15_binary.npy,10,66,26908.0
cellular_phone-15_binary.npy,11,66,26908.0
cellular_phone-15_binary.npy,12,66,26908.0
cellular_phone-15_binary.npy,13,64,26928.0
cellular_phone-15_binary.npy,14,59,26978.0
cellular_phone-15_binary.npy,15,58,26988.0
cellular_phone-15_binary.npy,16,52,27048.0
cellular_phone-15_binary.npy,17,51,27058.0
cellular_phone-15_binary.npy,18,51,27058.0
cellular_phone-15_binary.npy,19,51,27058.0
cellular_phone-15_binary.npy,20,49,27078.0
cellular_phone-15_binary.npy,21,49,27078.0
cellular_phone-15_binary.npy,22,49,27078.0
cellular_phone-15_binary.npy,23,49,27078.0
cellular_phone-15_binary.npy,24,49,27078.0
cellular_phone-15_binary.npy,25,49,27078.0
cellular_phone-15_binary.npy,26,47,27098.0
cellular_phone-15_binary.npy,27,47,27098.0
cellular_phone-15_binary.npy,28,45,27118.0
cellular_phone-15_binary.npy,29,45,27118.0
cellular_phone-15_binary.npy,30,45,27118.0
cellular_phone-15_binary.npy,31,45,27118.0
cellular_phone-15_binary.npy,32,44,27128.0
cellular_phone-15_binary.npy,33,44,27128.0
cellular_phone-15_binary.npy,34,44,27128.0
cellular_phone-15_binary.npy,35,44,27128.0
cellular_phone-15_binary.npy,36,44,27128.0
cellular_phone-15_binary.npy,37,44,27128.0
cellular_phone-15_binary.npy,38,43,27138.0
cellular_phone-15_binary.npy,39,43,27138.0
cellular_phone-15_binary.npy,40,43,27138.0
cellular_phone-15_binary.npy,41,43,27138.0
cellular_phone-15_binary.npy,42,43,27138.0
cellular_phone-15_binary.npy,43,43,27138.0
cellular_phone-15_binary.npy,44,43,27138.0
cellular_phone-18_binary.npy,0,119,35650.0
cellular_phone-18_binary.npy,1,84,36000.0
cellular_phone-18_binary.npy,2,84,36000.0
cellular_phone-18_binary.npy,3,82,36020.0
cellular_phone-18_binary.npy,4,82,36020.0
cellular_phone-18_binary.npy,5,70,36140.0
cellular_phone-18_binary.npy,6,70,36140.0
cellular_phone-18_binary.npy,7,70,36140.0
cellular_phone-18_binary.npy,8,58,36260.0
cellular_phone-18_binary.npy,9,58,36260.0
cellular_phone-18_binary.npy,10,58,36260.0
cellular_phone-18_binary.npy,11,51,36330.0
cellular_phone-18_binary.npy,12,51,36330.0
cellular_phone-18_binary.npy,13,49,36350.0
cellular_phone-18_binary.npy,14,49,36350.0
cellular_phone-18_binary.npy,15,49,36350.0
cellular_phone-18_binary.npy,16,49,36350.0
cellular_phone-18_binary.npy,17,47,36370.0
cellular_phone-18_binary.npy,18,45,36390.0
cellular_phone-18_binary.npy,19,44,36400.0
cellular_phone-18_binary.npy,20,44,36400.0
cellular_phone-18_binary.npy,21,43,36410.0
cellular_phone-18_binary.npy,22,43,36410.0
cellular_phone-18_binary.npy,23,43,36410.0
cellular_phone-18_binary.npy,24,43,36410.0
cellular_phone-18_binary.npy,25,43,36410.0
cellular_phone-18_binary.npy,26,43,36410.0
cellular_phone-18_binary.npy,27,43,36410.0
cellular_phone-2_binary.npy,0,108,27356.0
cellular_phone-2_binary.npy,1,107,27366.0
cellular_phone-2_binary.npy,2,75,27686.0
cellular_phone-2_binary.npy,3,75,27686.0
cellular_phone-2_binary.npy,4,75,27686.0
cellular_phone-2_binary.npy,5,75,27686.0
cellular_phone-2_binary.npy,6,75,27686.0
cellular_phone-2_binary.npy,7,75,27686.0
cellular_phone-2_binary.npy,8,67,27766.0
cellular_phone-2_binary.npy,9,67,27766.0
cellular_phone-2_binary.npy,10,67,27766.0
cellular_phone-2_binary.npy,11,67,27766.0
cellular_phone-2_binary.npy,12,65,27786.0
cellular_phone-2_binary.npy,13,65,27786.0
cellular_phone-2_binary.npy,14,61,27826.0
cellular_phone-2_binary.npy,15,60,27836.0
cellular_phone-2_binary.npy,16,60,27836.0
cellular_phone-2_binary.npy,17,60,27836.0
cellular_phone-2_binary.npy,18,49,27946.0
cellular_phone-2_binary.npy,19,49,27946.0
cellular_phone-2_binary.npy,20,49,27946.0
cellular_phone-2_binary.npy,21,49,27946.0
cellular_phone-2_binary.npy,22,49,27946.0
cellular_phone-2_binary.npy,23,48,27956.0
cellular_phone-2_binary.npy,24,47,27966.0
cellular_phone-2_binary.npy,25,47,27966.0
cellular_phone-2_binary.npy,26,46,27976.0
cellular_phone-2_binary.npy,27,45,27986.0
cellular_phone-2_binary.npy,28,45,27986.0
cellular_phone-2_binary.npy,29,45,27986.0
cellular_phone-2_binary.npy,30,45,27986.0
cellular_phone-2_binary.npy,31,44,27996.0
cellular_phone-2_binary.npy,32,44,27996.0
cellular_phone-2_binary.npy,33,44,27996.0
cellular_phone-2_binary.npy,34,44,27996.0
cellular_phone-2_binary.npy,35,44,27996.0
cellular_phone-2_binary.npy,36,44,27996.0
cellular_phone-2_binary.npy,37,44,27996.0
cellular_phone-4_binary.npy,0,133,43019.0
cellular_phone-4_binary.npy,1,133,43019.0
cellular_phone-4_binary.npy,2,92,43429.0
cellular_phone-4_binary.npy,3,92,43429.0
cellular_phone-4_binary.npy,4,92,43429.0
cellular_phone-4_binary.npy,5,92,43429.0
cellular_phone-4_binary.npy,6,81,43539.0
cellular_phone-4_binary.npy,7,81,43539.0
cellular_phone-4_binary.npy,8,81,43539.0
cellular_phone-4_binary.npy,9,67,43679.0
cellular_phone-4_binary.npy,10,67,43679.0
cellular_phone-4_binary.npy,11,67,43679.0
cellular_phone-4_binary.npy,12,67,43679.0
cellular_phone-4_binary.npy,13,66,43689.0
cellular_phone-4_binary.npy,14,64,43709.0
cellular_phone-4_binary.npy,15,64,43709.0
cellular_phone-4_binary.npy,16,64,43709.0
cellular_phone-4_binary.npy,17,64,43709.0
cellular_phone-4_binary.npy,18,64,43709.0
cellular_phone-4_binary.npy,19,64,43709.0
cellular_phone-4_binary.npy,20,64,43709.0
chicken-11_binary.npy,0,144,6085.0
chicken-11_binary.npy,1,130,6225.0
chicken-11_binary.npy,2,130,6225.0
chicken-11_binary.npy,3,130,6225.0
chicken-11_binary.npy,4,130,6225.0
chicken-11_binary.npy,5,117,6355.0
chicken-11_binary.npy,6,108,6445.0
chicken-11_binary.npy,7,108,6445.0
chicken-11_binary.npy,8,105,6475.0
chicken-11_binary.npy,9,105,6475.0
chicken-11_binary.npy,10,105,6475.0
chicken-11_binary.npy,11,105,6475.0
chicken-11_binary.npy,12,103,6495.0
chicken-11_binary.npy,13,103,6495.0
chicken-11_binary.npy,14,103,6495.0
chicken-11_binary.npy,15,103,6495.0
chicken-11_binary.npy,16,103,6495.0
chicken-11_binary.npy,17,103,6495.0
chicken-11_binary.npy,18,102,6505.0
chicken-11_binary.npy,19,102,6505.0
chicken-11_binary.npy,20,102,6505.0
chicken-11_binary.npy,21,102,6505.0
chicken-11_binary.npy,22,101,6515.0
chicken-11_binary.npy,23,101,6515.0
chicken-11_binary.npy,24,101,6515.0
chicken-11_binary.npy,25,101,6515.0
chicken-11_binary.npy,26,101,6515.0
chicken-11_binary.npy,27,101,6515.0
chicken-11_binary.npy,28,101,6515.0
chicken-17_binary.npy,0,399,29056.0
chicken-17_binary.npy,1,326,29786.0
chicken-17_binary.npy,2,326,29786.0
chicken-17_binary.npy,3,326,29786.0
chicken-17_binary.npy,4,326,29786.0
chicken-17_binary.npy,5,321,29836.0
chicken-17_binary.npy,6,300,30046.0
chicken-17_binary.npy,7,300,30046.0
chicken-17_binary.npy,8,300,30046.0
chicken-17_binary.npy,9,300,30046.0
chicken-17_binary.npy,10,300,30046.0
chicken-17_binary.npy,11,298,30066.0
chicken-17_binary.npy,12,284,30206.0
chicken-17_binary.npy,13,279,30256.0
chicken-17_binary.npy,14,279,30256.0
chicken-17_binary.npy,15,279,30256.0
chicken-17_binary.npy,16,273,30316.0
chicken-17_binary.npy,17,273,30316.0
chicken-17_binary.npy,18,269,30356.0
chicken-17_binary.npy,19,269,30356.0
chicken-17_binary.npy,20,269,30356.0
chicken-17_binary.npy,21,269,30356.0
chicken-17_binary.npy,22,269,30356.0
chicken-17_binary.npy,23,268,30366.0
chicken-17_binary.npy,24,266,30386.0
chicken-17_binary.npy,25,265,30396.0
chicken-17_binary.npy,26,265,30396.0
chicken-17_binary.npy,27,265,30396.0
chicken-17_binary.npy,28,264,30406.0
chicken-17_binary.npy,29,264,30406.0
chicken-17_binary.npy,30,264,30406.0
chicken-17_binary.npy,31,264,30406.0
chicken-17_binary.npy,32,264,30406.0
chicken-17_binary.npy,33,264,30406.0
chicken-17_binary.npy,34,264,30406.0
chicken-1_binary.npy,0,556,63953.0
chicken-1_binary.npy,1,479,64723.0
chicken-1_binary.npy,2,479,64723.0
chicken-1_binary.npy,3,458,64933.0
chicken-1_binary.npy,4,427,65243.0
chicken-1_binary.npy,5,427,65243.0
chicken-1_binary.npy,6,427,65243.0
chicken-1_binary.npy,7,427,65243.0
chicken-1_binary.npy,8,427,65243.0
chicken-1_binary.npy,9,427,65243.0
chicken-1_binary.npy,10,417,65343.0
chicken-1_binary.npy,11,417,65343.0
chicken-1_binary.npy,12,417,65343.0
chicken-1_binary.npy,13,402,65493.0
chicken-1_binary.npy,14,402,65493.0
chicken-1_binary.npy,15,402,65493.0
chicken-1_binary.npy,16,400,65513.0
chicken-1_binary.npy,17,396,65553.0
chicken-1_binary.npy,18,396,65553.0
chicken-1_binary.npy,19,396,65553.0
chicken-1_binary.npy,20,396,65553.0
chicken-1_binary.npy,21,395,65563.0
chicken-1_binary.npy,22,395,65563.0
chicken-1_binary.npy,23,395,65563.0
chicken-1_binary.npy,24,394,65573.0
chicken-1_binary.npy,25,394,65573.0
chicken-1_binary.npy,26,394,65573.0
chicken-1_binary.npy,27,394,65573.0
chicken-1_binary.npy,28,394,65573.0
chicken-1_binary.npy,29,394,65573.0
chicken-1_binary.npy,30,394,65573.0
chicken-7_binary.npy,0,127,4100.0
chicken-7_binary.npy,1,107,4300.0
chicken-7_binary.npy,2,98,4390.0
chicken-7_binary.npy,3,93,4440.0
chicken-7_binary.npy,4,93,4440.0
chicken-7_binary.npy,5,93,4440.0
chicken-7_binary.npy,6,93,4440.0
chicken-7_binary.npy,7,86,4510.0
chicken-7_binary.npy,8,86,4510.0
chicken-7_binary.npy,9,82,4550.0
chicken-7_binary.npy,10,82,4550.0
chicken-7_binary.npy,11,82,4550.0
chicken-7_binary.npy,12,82,4550.0
chicken-7_binary.npy,13,78,4590.0
chicken-7_binary.npy,14,78,4590.0
chicken-7_binary.npy,15,78,4590.0
chicken-7_binary.npy,16,78,4590.0
chicken-7_binary.npy,17,78,4590.0
chicken-7_binary.npy,18,78,4590.0
chicken-7_binary.npy,19,77,4600.0
chicken-7_binary.npy,20,77,4600.0
chicken-7_binary.npy,21,77,4600.0
chicken-7_binary.npy,22,77,4600.0
chicken-7_binary.npy,23,77,4600.0
chicken-7_binary.npy,24,77,4600.0
chicken-7_binary.npy,25,77,4600.0
children-11_binary.npy,0,87,5618.0
children-11_binary.npy,1,80,5688.0
children-11_binary.npy,2,78,5708.0
children-11_binary.npy,3,78,5708.0
children-11_binary.npy,4,76,5728.0
children-11_binary.npy,5,76,5728.0
children-11_binary.npy,6,73,5758.0
children-11_binary.npy,7,73,5758.0
children-11_binary.npy,8,73,5758.0
children-11_binary.npy,9,71,5778.0
children-11_binary.npy,10,71,5778.0
children-11_binary.npy,11,71,5778.0
children-11_binary.npy,12,71,5778.0
children-11_binary.npy,13,71,5778.0
children-11_binary.npy,14,71,5778.0
children-11_binary.npy,15,71,5778.0
children-17_binary.npy,0,97,5378.0
children-17_binary.npy,1,90,5448.0
children-17_binary.npy,2,86,5488.0
children-17_binary.npy,3,86,5488.0
children-17_binary.npy,4,86,5488.0
children-17_binary.npy,5,86,5488.0
children-17_binary.npy,6,86,5488.0
children-17_binary.npy,7,86,5488.0
children-17_binary.npy,8,85,5498.0
children-17_binary.npy,9,83,5518.0
children-17_binary.npy,10,83,5518.0
children-17_binary.npy,11,83,5518.0
children-17_binary.npy,12,83,5518.0
children-17_binary.npy,13,79,5558.0
children-17_binary.npy,14,79,5558.0
children-17_binary.npy,15,79,5558.0
children-17_binary.npy,16,79,5558.0
children-17_binary.npy,17,79,5558.0
children-17_binary.npy,18,79,5558.0
children-17_binary.npy,19,79,5558.0
children-1_binary.npy,0,87,5550.0
children-1_binary.npy,1,78,5640.0
children-1_binary.npy,2,78,5640.0
children-1_binary.npy,3,78,5640.0
children-1_binary.npy,4,78,5640.0
children-1_binary.npy,5,78,5640.0
children-1_binary.npy,6,78,5640.0
children-1_binary.npy,7,78,5640.0
children-2_binary.npy,0,87,5588.0
children-2_binary.npy,1,83,5628.0
children-2_binary.npy,2,80,5658.0
children-2_binary.npy,3,80,5658.0
children-2_binary.npy,4,72,5738.0
children-2_binary.npy,5,72,5738.0
children-2_binary.npy,6,72,5738.0
children-2_binary.npy,7,72,5738.0
children-2_binary.npy,8,72,5738.0
children-2_binary.npy,9,69,5768.0
children-2_binary.npy,10,69,5768.0
children-2_binary.npy,11,69,5768.0
children-2_binary.npy,12,69,5768.0
children-2_binary.npy,13,69,5768.0
children-2_binary.npy,14,69,5768.0
children-2_binary.npy,15,69,5768.0
chopper-03_binary.npy,0,158,11122.0
chopper-03_binary.npy,1,139,11312.0
chopper-03_binary.npy,2,139,11312.0
chopper-03_binary.npy,3,131,11392.0
chopper-03_binary.npy,4,131,11392.0
chopper-03_binary.npy,5,131,11392.0
chopper-03_binary.npy,6,131,11392.0
chopper-03_binary.npy,7,129,11412.0
chopper-03_binary.npy,8,128,11422.0
chopper-03_binary.npy,9,128,11422.0
chopper-03_binary.npy,10,128,11422.0
chopper-03_binary.npy,11,127,11432.0
chopper-03_binary.npy,12,126,11442.0
chopper-03_binary.npy,13,126,11442.0
chopper-03_binary.npy,14,126,11442.0
chopper-03_binary.npy,15,126,11442.0
chopper-03_binary.npy,16,126,11442.0
chopper-03_binary.npy,17,126,11442.0
chopper-03_binary.npy,18,125,11452.0
chopper-03_binary.npy,19,125,11452.0
chopper-03_binary.npy,20,125,11452.0
chopper-03_binary.npy,21,125,11452.0
chopper-03_binary.npy,22,125,11452.0
chopper-03_binary.npy,23,125,11452.0
chopper-03_binary.npy,24,125,11452.0
chopper-07_binary.npy,0,153,10656.0
chopper-07_binary.npy,1,133,10856.0
chopper-07_binary.npy,2,133,10856.0
chopper-07_binary.npy,3,126,10926.0
chopper-07_binary.npy,4,125,10936.0
chopper-07_binary.npy,5,125,10936.0
chopper-07_binary.npy,6,125,10936.0
chopper-07_binary.npy,7,122,10966.0
chopper-07_binary.npy,8,119,10996.0
chopper-07_binary.npy,9,118,11006.0
chopper-07_binary.npy,10,118,11006.0
chopper-07_binary.npy,11,118,11006.0
chopper-07_binary.npy,12,118,11006.0
chopper-07_binary.npy,13,116,11026.0
chopper-07_binary.npy,14,116,11026.0
chopper-07_binary.npy,15,116,11026.0
chopper-07_binary.npy,16,116,11026.0
chopper-07_binary.npy,17,116,11026.0
chopper-07_binary.npy,18,113,11056.0
chopper-07_binary.npy,19,113,11056.0
chopper-07_binary.npy,20,113,11056.0
chopper-07_binary.npy,21,112,11066.0
chopper-07_binary.npy,22,112,11066.0
chopper-07_binary.npy,23,112,11066.0
chopper-07_binary.npy,24,112,11066.0
chopper-07_binary.npy,25,111,11076.0
chopper-07_binary.npy,26,111,11076.0
chopper-07_binary.npy,27,111,11076.0
chopper-07_binary.npy,28,111,11076.0
chopper-07_binary.npy,29,111,11076.0
chopper-07_binary.npy,30,111,11076.0
chopper-07_binary.npy,31,111,11076.0
chopper-09_binary.npy,0,143,11236.0
chopper-09_binary.npy,1,135,11316.0
chopper-09_binary.npy,2,135,11316.0
chopper-09_binary.npy,3,135,11316.0
chopper-09_binary.npy,4,124,11426.0
chopper-09_binary.npy,5,124,11426.0
chopper-09_binary.npy,6,124,11426.0
chopper-09_binary.npy,7,123,11436.0
chopper-09_binary.npy,8,121,11456.0
chopper-09_binary.npy,9,121,11456.0
chopper-09_binary.npy,10,120,11466.0
chopper-09_binary.npy,11,119,11476.0
chopper-09_binary.npy,12,119,11476.0
chopper-09_binary.npy,13,119,11476.0
chopper-09_binary.npy,14,119,11476.0
chopper-09_binary.npy,15,118,11486.0
chopper-09_binary.npy,16,118,11486.0
chopper-09_binary.npy,17,118,11486.0
chopper-09_binary.npy,18,118,11486.0
chopper-09_binary.npy,19,118,11486.0
chopper-09_binary.npy,20,118,11486.0
chopper-09_binary.npy,21,118,11486.0
chopper-11_binary.npy,0,149,11520.0
chopper-11_binary.npy,1,146,11550.0
chopper-11_binary.npy,2,130,11710.0
chopper-11_binary.npy,3,130,11710.0
chopper-11_binary.npy,4,130,11710.0
chopper-11_binary.npy,5,130,11710.0
chopper-11_binary.npy,6,129,11720.0
chopper-11_binary.npy,7,122,11790.0
chopper-11_binary.npy,8,122,11790.0
chopper-11_binary.npy,9,122,11790.0
chopper-11_binary.npy,10,122,11790.0
chopper-11_binary.npy,11,122,11790.0
chopper-11_binary.npy,12,122,11790.0
chopper-11_binary.npy,13,122,11790.0
classic-16_binary.npy,0,184,33857.0
classic-16_binary.npy,1,169,34007.0
classic-16_binary.npy,2,169,34007.0
classic-16_binary.npy,3,169,34007.0
classic-16_binary.npy,4,168,34017.0
classic-16_binary.npy,5,162,34077.0
classic-16_binary.npy,6,161,34087.0
classic-16_binary.npy,7,159,34107.0
classic-16_binary.npy,8,159,34107.0
classic-16_binary.npy,9,159,34107.0
classic-16_binary.npy,10,155,34147.0
classic-16_binary.npy,11,155,34147.0
classic-16_binary.npy,12,150,34197.0
classic-16_binary.npy,13,150,34197.0
classic-16_binary.npy,14,150,34197.0
classic-16_binary.npy,15,150,34197.0
classic-16_binary.npy,16,149,34207.0
classic-16_binary.npy,17,145,34247.0
classic-16_binary.npy,18,145,34247.0
classic-16_binary.npy,19,145,34247.0
classic-16_binary.npy,20,145,34247.0
classic-16_binary.npy,21,145,34247.0
classic-16_binary.npy,22,145,34247.0
classic-16_binary.npy,23,145,34247.0
classic-2_binary.npy,0,192,33798.0
classic-2_binary.npy,1,192,33798.0
classic-2_binary.npy,2,170,34018.0
classic-2_binary.npy,3,169,34028.0
classic-2_binary.npy,4,169,34028.0
classic-2_binary.npy,5,169,34028.0
classic-2_binary.npy,6,169,34028.0
classic-2_binary.npy,7,161,34108.0
classic-2_binary.npy,8,161,34108.0
classic-2_binary.npy,9,154,34178.0
classic-2_binary.npy,10,154,34178.0
classic-2_binary.npy,11,150,34218.0
classic-2_binary.npy,12,150,34218.0
classic-2_binary.npy,13,147,34248.0
classic-2_binary.npy,14,147,34248.0
classic-2_binary.npy,15,147,34248.0
classic-2_binary.npy,16,147,34248.0
classic-2_binary.npy,17,147,34248.0
classic-2_binary.npy,18,147,34248.0
classic-2_binary.npy,19,147,34248.0
classic-4_binary.npy,0,468,171200.0
classic-4_binary.npy,1,383,172050.0
classic-4_binary.npy,2,363,172250.0
classic-4_binary.npy,3,363,172250.0
classic-4_binary.npy,4,348,172400.0
classic-4_binary.npy,5,336,172520.0
classic-4_binary.npy,6,334,172540.0
classic-4_binary.npy,7,334,172540.0
classic-4_binary.npy,8,334,172540.0
classic-4_binary.npy,9,334,172540.0
classic-4_binary.npy,10,333,172550.0
classic-4_binary.npy,11,329,172590.0
classic-4_binary.npy,12,320,172680.0
classic-4_binary.npy,13,320,172680.0
classic-4_binary.npy,14,320,172680.0
classic-4_binary.npy,15,316,172720.0
classic-4_binary.npy,16,316,172720.0
classic-4_binary.npy,17,313,172750.0
classic-4_binary.npy,18,312,172760.0
classic-4_binary.npy,19,312,172760.0
classic-4_binary.npy,20,312,172760.0
classic-4_binary.npy,21,309,172790.0
classic-4_binary.npy,22,309,172790.0
classic-4_binary.npy,23,305,172830.0
classic-4_binary.npy,24,305,172830.0
classic-4_binary.npy,25,305,172830.0
classic-4_binary.npy,26,305,172830.0
classic-4_binary.npy,27,304,172840.0
classic-4_binary.npy,28,304,172840.0
classic-4_binary.npy,29,303,172850.0
classic-4_binary.npy,30,303,172850.0
classic-4_binary.npy,31,302,172860.0
classic-4_binary.npy,32,302,172860.0
classic-4_binary.npy,33,302,172860.0
classic-4_binary.npy,34,302,172860.0
classic-4_binary.npy,35,302,172860.0
classic-4_binary.npy,36,302,172860.0
classic-4_binary.npy,37,302,172860.0
classic-5_binary.npy,0,468,171200.0
classic-5_binary.npy,1,399,171890.0
classic-5_binary.npy,2,399,171890.0
classic-5_binary.npy,3,374,172140.0
classic-5_binary.npy,4,349,172390.0
classic-5_binary.npy,5,349,172390.0
classic-5_binary.npy,6,349,172390.0
classic-5_binary.npy,7,349,172390.0
classic-5_binary.npy,8,329,172590.0
classic-5_binary.npy,9,329,172590.0
classic-5_binary.npy,10,329,172590.0
classic-5_binary.npy,11,323,172650.0
classic-5_binary.npy,12,316,172720.0
classic-5_binary.npy,13,316,172720.0
classic-5_binary.npy,14,308,172800.0
classic-5_binary.npy,15,308,172800.0
classic-5_binary.npy,16,308,172800.0
classic-5_binary.npy,17,308,172800.0
classic-5_binary.npy,18,308,172800.0
classic-5_binary.npy,19,308,172800.0
classic-5_binary.npy,20,308,172800.0
confusions_binary.npy,0,1839,95846.0
confusions_binary.npy,1,1774,96496.0
confusions_binary.npy,2,1332,100916.0
confusions_binary.npy,3,1332,100916.0
confusions_binary.npy,4,1332,100916.0
confusions_binary.npy,5,1332,100916.0
confusions_binary.npy,6,1332,100916.0
confusions_binary.npy,7,1155,102686.0
confusions_binary.npy,8,1155,102686.0
confusions_binary.npy,9,1155,102686.0
confusions_binary.npy,10,1155,102686.0
confusions_binary.npy,11,1155,102686.0
confusions_binary.npy,12,1155,102686.0
confusions_binary.npy,13,1155,102686.0
crown-14_binary.npy,0,179,4481.0
crown-14_binary.npy,1,173,4541.0
crown-14_binary.npy,2,173,4541.0
crown-14_binary.npy,3,155,4721.0
crown-14_binary.npy,4,136,4911.0
crown-14_binary.npy,5,136,4911.0
crown-14_binary.npy,6,133,4941.0
crown-14_binary.npy,7,133,4941.0
crown-14_binary.npy,8,123,5041.0
crown-14_binary.npy,9,123,5041.0
crown-14_binary.npy,10,123,5041.0
crown-14_binary.npy,11,123,5041.0
crown-14_binary.npy,12,111,5161.0
crown-14_binary.npy,13,111,5161.0
crown-14_binary.npy,14,111,5161.0
crown-14_binary.npy,15,111,5161.0
crown-14_binary.npy,16,106,5211.0
crown-14_binary.npy,17,106,5211.0
crown-14_binary.npy,18,106,5211.0
crown-14_binary.npy,19,106,5211.0
crown-14_binary.npy,20,104,5231.0
crown-14_binary.npy,21,102,5251.0
crown-14_binary.npy,22,102,5251.0
crown-14_binary.npy,23,102,5251.0
crown-14_binary.npy,24,100,5271.0
crown-14_binary.npy,25,97,5301.0
crown-14_binary.npy,26,97,5301.0
crown-14_binary.npy,27,93,5341.0
crown-14_binary.npy,28,93,5341.0
crown-14_binary.npy,29,93,5341.0
crown-14_binary.npy,30,93,5341.0
crown-14_binary.npy,31,93,5341.0
crown-14_binary.npy,32,93,5341.0
crown-14_binary.npy,33,92,5351.0
crown-14_binary.npy,34,92,5351.0
crown-14_binary.npy,35,92,5351.0
crown-14_binary.npy,36,92,5351.0
crown-14_binary.npy,37,92,5351.0
crown-14_binary.npy,38,92,5351.0
crown-14_binary.npy,39,92,5351.0
crown-17_binary.npy,0,231,7264.0
crown-17_binary.npy,1,226,7314.0
crown-17_binary.npy,2,185,7724.0
crown-17_binary.npy,3,185,7724.0
crown-17_binary.npy,4,185,7724.0
crown-17_binary.npy,5,185,7724.0
crown-17_binary.npy,6,185,7724.0
crown-17_binary.npy,7,185,7724.0
crown-17_binary.npy,8,169,7884.0
crown-17_binary.npy,9,169,7884.0
crown-17_binary.npy,10,169,7884.0
crown-17_binary.npy,11,169,7884.0
crown-17_binary.npy,12,169,7884.0
crown-17_binary.npy,13,159,7984.0
crown-17_binary.npy,14,157,8004.0
crown-17_binary.npy,15,156,8014.0
crown-17_binary.npy,16,154,8034.0
crown-17_binary.npy,17,150,8074.0
crown-17_binary.npy,18,148,8094.0
crown-17_binary.npy,19,148,8094.0
crown-17_binary.npy,20,148,8094.0
crown-17_binary.npy,21,148,8094.0
crown-17_binary.npy,22,148,8094.0
crown-17_binary.npy,23,148,8094.0
crown-17_binary.npy,24,139,8184.0
crown-17_binary.npy,25,139,8184.0
crown-17_binary.npy,26,139,8184.0
crown-17_binary.npy,27,139,8184.0
crown-17_binary.npy,28,136,8214.0
crown-17_binary.npy,29,136,8214.0
crown-17_binary.npy,30,133,8244.0
crown-17_binary.npy,31,133,8244.0
crown-17_binary.npy,32,133,8244.0
crown-17_binary.npy,33,132,8254.0
crown-17_binary.npy,34,131,8264.0
crown-17_binary.npy,35,131,8264.0
crown-17_binary.npy,36,131,8264.0
crown-17_binary.npy,37,131,8264.0
crown-17_binary.npy,38,130,8274.0
crown-17_binary.npy,39,130,8274.0
crown-17_binary.npy,40,130,8274.0
crown-17_binary.npy,41,130,8274.0
crown-17_binary.npy,42,130,8274.0
crown-17_binary.npy,43,130,8274.0
crown-17_binary.npy,44,130,8274.0
crown-18_binary.npy,0,444,14109.0
crown-18_binary.npy,1,395,14599.0
crown-18_binary.npy,2,395,14599.0
crown-18_binary.npy,3,349,15059.0
crown-18_binary.npy,4,349,15059.0
crown-18_binary.npy,5,333,15219.0
crown-18_binary.npy,6,333,15219.0
crown-18_binary.npy,7,333,15219.0
crown-18_binary.npy,8,333,15219.0
crown-18_binary.npy,9,333,15219.0
crown-18_binary.npy,10,333,15219.0
crown-18_binary.npy,11,317,15379.0
crown-18_binary.npy,12,317,15379.0
crown-18_binary.npy,13,317,15379.0
crown-18_binary.npy,14,317,15379.0
crown-18_binary.npy,15,309,15459.0
crown-18_binary.npy,16,309,15459.0
crown-18_binary.npy,17,309,15459.0
crown-18_binary.npy,18,309,15459.0
crown-18_binary.npy,19,309,15459.0
crown-18_binary.npy,20,309,15459.0
crown-18_binary.npy,21,309,15459.0
crown-9_binary.npy,0,46,1618.0
crown-9_binary.npy,1,42,1658.0
crown-9_binary.npy,2,42,1658.0
crown-9_binary.npy,3,42,1658.0
crown-9_binary.npy,4,42,1658.0
crown-9_binary.npy,5,41,1668.0
crown-9_binary.npy,6,33,1748.0
crown-9_binary.npy,7,33,1748.0
crown-9_binary.npy,8,33,1748.0
crown-9_binary.npy,9,33,1748.0
crown-9_binary.npy,10,31,1768.0
crown-9_binary.npy,11,30,1778.0
crown-9_binary.npy,12,30,1778.0
crown-9_binary.npy,13,30,1778.0
crown-9_binary.npy,14,30,1778.0
crown-9_binary.npy,15,30,1778.0
crown-9_binary.npy,16,30,1778.0
crown-9_binary.npy,17,30,1778.0
cup-20_binary.npy,0,373,60105.0
cup-20_binary.npy,1,359,60245.0
cup-20_binary.npy,2,328,60555.0
cup-20_binary.npy,3,279,61045.0
cup-20_binary.npy,4,279,61045.0
cup-20_binary.npy,5,279,61045.0
cup-20_binary.npy,6,279,61045.0
cup-20_binary.npy,7,279,61045.0
cup-20_binary.npy,8,259,61245.0
cup-20_binary.npy,9,259,61245.0
cup-20_binary.npy,10,259,61245.0
cup-20_binary.npy,11,259,61245.0
cup-20_binary.npy,12,259,61245.0
cup-20_binary.npy,13,243,61405.0
cup-20_binary.npy,14,239,61445.0
cup-20_binary.npy,15,239,61445.0
cup-20_binary.npy,16,232,61515.0
cup-20_binary.npy,17,232,61515.0
cup-20_binary.npy,18,231,61525.0
cup-20_binary.npy,19,222,61615.0
cup-20_binary.npy,20,218,61655.0
cup-20_binary.npy,21,218,61655.0
cup-20_binary.npy,22,218,61655.0
cup-20_binary.npy,23,218,61655.0
cup-20_binary.npy,24,217,61665.0
cup-20_binary.npy,25,217,61665.0
cup-20_binary.npy,26,217,61665.0
cup-20_binary.npy,27,216,61675.0
cup-20_binary.npy,28,214,61695.0
cup-20_binary.npy,29,214,61695.0
cup-20_binary.npy,30,214,61695.0
cup-20_binary.npy,31,214,61695.0
cup-20_binary.npy,32,214,61695.0
cup-20_binary.npy,33,213,61705.0
cup-20_binary.npy,34,213,61705.0
cup-20_binary.npy,35,213,61705.0
cup-20_binary.npy,36,213,61705.0
cup-20_binary.npy,37,213,61705.0
cup-20_binary.npy,38,213,61705.0
cup-20_binary.npy,39,213,61705.0
cup-2_binary.npy,0,377,62499.0
cup-2_binary.npy,1,302,63249.0
cup-2_binary.npy,2,302,63249.0
cup-2_binary.npy,3,298,63289.0
cup-2_binary.npy,4,276,63509.0
cup-2_binary.npy,5,276,63509.0
cup-2_binary.npy,6,276,63509.0
cup-2_binary.npy,7,263,63639.0
cup-2_binary.npy,8,263,63639.0
cup-2_binary.npy,9,263,63639.0
cup-2_binary.npy,10,249,63779.0
cup-2_binary.npy,11,249,63779.0
cup-2_binary.npy,12,249,63779.0
cup-2_binary.npy,13,249,63779.0
cup-2_binary.npy,14,249,63779.0
cup-2_binary.npy,15,243,63839.0
cup-2_binary.npy,16,243,63839.0
cup-2_binary.npy,17,243,63839.0
cup-2_binary.npy,18,243,63839.0
cup-2_binary.npy,19,242,63849.0
cup-2_binary.npy,20,242,63849.0
cup-2_binary.npy,21,235,63919.0
cup-2_binary.npy,22,235,63919.0
cup-2_binary.npy,23,235,63919.0
cup-2_binary.npy,24,235,63919.0
cup-2_binary.npy,25,235,63919.0
cup-2_binary.npy,26,234,63929.0
cup-2_binary.npy,27,234,63929.0
cup-2_binary.npy,28,232,63949.0
cup-2_binary.npy,29,232,63949.0
cup-2_binary.npy,30,231,63959.0
cup-2_binary.npy,31,231,63959.0
cup-2_binary.npy,32,231,63959.0
cup-2_binary.npy,33,230,63969.0
cup-2_binary.npy,34,230,63969.0
cup-2_binary.npy,35,229,63979.0
cup-2_binary.npy,36,229,63979.0
cup-2_binary.npy,37,229,63979.0
cup-2_binary.npy,38,229,63979.0
cup-2_binary.npy,39,229,63979.0
cup-2_binary.npy,40,229,63979.0
cup-2_binary.npy,41,228,63989.0
cup-2_binary.npy,42,228,63989.0
cup-2_binary.npy,43,228,63989.0
cup-2_binary.npy,44,228,63989.0
cup-2_binary.npy,45,228,63989.0
cup-2_binary.npy,46,228,63989.0
cup-2_binary.npy,47,228,63989.0
cup-3_binary.npy,0,295,35726.0
cup-3_binary.npy,1,284,35836.0
cup-3_binary.npy,2,248,36196.0
cup-3_binary.npy,3,238,36296.0
cup-3_binary.npy,4,238,36296.0
cup-3_binary.npy,5,238,36296.0
cup-3_binary.npy,6,238,36296.0
cup-3_binary.npy,7,231,36366.0
cup-3_binary.npy,8,231,36366.0
cup-3_binary.npy,9,231,36366.0
cup-3_binary.npy,10,231,36366.0
cup-3_binary.npy,11,231,36366.0
cup-3_binary.npy,12,221,36466.0
cup-3_binary.npy,13,217,36506.0
cup-3_binary.npy,14,217,36506.0
cup-3_binary.npy,15,217,36506.0
cup-3_binary.npy,16,214,36536.0
cup-3_binary.npy,17,210,36576.0
cup-3_binary.npy,18,210,36576.0
cup-3_binary.npy,19,210,36576.0
cup-3_binary.npy,20,208,36596.0
cup-3_binary.npy,21,207,36606.0
cup-3_binary.npy,22,207,36606.0
cup-3_binary.npy,23,204,36636.0
cup-3_binary.npy,24,203,36646.0
cup-3_binary.npy,25,203,36646.0
cup-3_binary.npy,26,202,36656.0
cup-3_binary.npy,27,195,36726.0
cup-3_binary.npy,28,195,36726.0
cup-3_binary.npy,29,195,36726.0
cup-3_binary.npy,30,193,36746.0
cup-3_binary.npy,31,193,36746.0
cup-3_binary.npy,32,193,36746.0
cup-3_binary.npy,33,193,36746.0
cup-3_binary.npy,34,193,36746.0
cup-3_binary.npy,35,193,36746.0
cup-3_binary.npy,36,193,36746.0
cup-8_binary.npy,0,301,42073.0
cup-8_binary.npy,1,300,42083.0
cup-8_binary.npy,2,291,42173.0
cup-8_binary.npy,3,274,42343.0
cup-8_binary.npy,4,268,42403.0
cup-8_binary.npy,5,257,42513.0
cup-8_binary.npy,6,257,42513.0
cup-8_binary.npy,7,257,42513.0
cup-8_binary.npy,8,251,42573.0
cup-8_binary.npy,9,228,42803.0
cup-8_binary.npy,10,228,42803.0
cup-8_binary.npy,11,228,42803.0
cup-8_binary.npy,12,223,42853.0
cup-8_binary.npy,13,223,42853.0
cup-8_binary.npy,14,219,42893.0
cup-8_binary.npy,15,219,42893.0
cup-8_binary.npy,16,219,42893.0
cup-8_binary.npy,17,219,42893.0
cup-8_binary.npy,18,219,42893.0
cup-8_binary.npy,19,218,42903.0
cup-8_binary.npy,20,216,42923.0
cup-8_binary.npy,21,216,42923.0
cup-8_binary.npy,22,216,42923.0
cup-8_binary.npy,23,216,42923.0
cup-8_binary.npy,24,215,42933.0
cup-8_binary.npy,25,214,42943.0
cup-8_binary.npy,26,214,42943.0
cup-8_binary.npy,27,213,42953.0
cup-8_binary.npy,28,213,42953.0
cup-8_binary.npy,29,213,42953.0
cup-8_binary.npy,30,213,42953.0
cup-8_binary.npy,31,213,42953.0
cup-8_binary.npy,32,211,42973.0
cup-8_binary.npy,33,211,42973.0
cup-8_binary.npy,34,211,42973.0
cup-8_binary.npy,35,211,42973.0
cup-8_binary.npy,36,211,42973.0
cup-8_binary.npy,37,211,42973.0
cup-8_binary.npy,38,211,42973.0
deer-14_binary.npy,0,521,20701.0
deer-14_binary.npy,1,461,21301.0
deer-14_binary.npy,2,458,21331.0
deer-14_binary.npy,3,458,21331.0
deer-14_binary.npy,4,446,21451.0
deer-14_binary.npy,5,412,21791.0
deer-14_binary.npy,6,412,21791.0
deer-14_binary.npy,7,412,21791.0
deer-14_binary.npy,8,412,21791.0
deer-14_binary.npy,9,408,21831.0
deer-14_binary.npy,10,402,21891.0
deer-14_binary.npy,11,401,21901.0
deer-14_binary.npy,12,396,21951.0
deer-14_binary.npy,13,394,21971.0
deer-14_binary.npy,14,394,21971.0
deer-14_binary.npy,15,392,21991.0
deer-14_binary.npy,16,392,21991.0
deer-14_binary.npy,17,392,21991.0
deer-14_binary.npy,18,392,21991.0
deer-14_binary.npy,19,392,21991.0
deer-14_binary.npy,20,390,22011.0
deer-14_binary.npy,21,389,22021.0
deer-14_binary.npy,22,389,22021.0
deer-14_binary.npy,23,387,22041.0
deer-14_binary.npy,24,386,22051.0
deer-14_binary.npy,25,385,22061.0
deer-14_binary.npy,26,385,22061.0
deer-14_binary.npy,27,385,22061.0
deer-14_binary.npy,28,385,22061.0
deer-14_binary.npy,29,385,22061.0
deer-14_binary.npy,30,385,22061.0
deer-14_binary.npy,31,385,22061.0
deer-17_binary.npy,0,1283,87965.0
deer-17_binary.npy,1,1134,89455.0
deer-17_binary.npy,2,1108,89715.0
deer-17_binary.npy,3,1105,89745.0
deer-17_binary.npy,4,1105,89745.0
deer-17_binary.npy,5,1104,89755.0
deer-17_binary.npy,6,1102,89775.0
deer-17_binary.npy,7,1044,90355.0
deer-17_binary.npy,8,1044,90355.0
deer-17_binary.npy,9,1044,90355.0
deer-17_binary.npy,10,1044,90355.0
deer-17_binary.npy,11,1044,90355.0
deer-17_binary.npy,12,1044,90355.0
deer-17_binary.npy,13,1044,90355.0
deer-5_binary.npy,0,1579,138661.0
deer-5_binary.npy,1,1579,138661.0
deer-5_binary.npy,2,1454,139911.0
deer-5_binary.npy,3,1407,140381.0
deer-5_binary.npy,4,1392,140531.0
deer-5_binary.npy,5,1304,141411.0
deer-5_binary.npy,6,1304,141411.0
deer-5_binary.npy,7,1304,141411.0
deer-5_binary.npy,8,1304,141411.0
deer-5_binary.npy,9,1304,141411.0
deer-5_binary.npy,10,1304,141411.0
deer-5_binary.npy,11,1304,141411.0
deer-6_binary.npy,0,1112,85753.0
deer-6_binary.npy,1,942,87453.0
deer-6_binary.npy,2,942,87453.0
deer-6_binary.npy,3,942,87453.0
deer-6_binary.npy,4,942,87453.0
deer-6_binary.npy,5,942,87453.0
deer-6_binary.npy,6,929,87583.0
deer-6_binary.npy,7,929,87583.0
deer-6_binary.npy,8,929,87583.0
deer-6_binary.npy,9,929,87583.0
deer-6_binary.npy,10,929,87583.0
deer-6_binary.npy,11,926,87613.0
deer-6_binary.npy,12,926,87613.0
deer-6_binary.npy,13,926,87613.0
deer-6_binary.npy,14,894,87933.0
deer-6_binary.npy,15,871,88163.0
deer-6_binary.npy,16,871,88163.0
deer-6_binary.npy,17,851,88363.0
deer-6_binary.npy,18,851,88363.0
deer-6_binary.npy,19,851,88363.0
deer-6_binary.npy,20,845,88423.0
deer-6_binary.npy,21,838,88493.0
deer-6_binary.npy,22,838,88493.0
deer-6_binary.npy,23,834,88533.0
deer-6_binary.npy,24,824,88633.0
deer-6_binary.npy,25,824,88633.0
deer-6_binary.npy,26,824,88633.0
deer-6_binary.npy,27,823,88643.0
deer-6_binary.npy,28,823,88643.0
deer-6_binary.npy,29,820,88673.0
deer-6_binary.npy,30,820,88673.0
deer-6_binary.npy,31,820,88673.0
deer-6_binary.npy,32,817,88703.0
deer-6_binary.npy,33,817,88703.0
deer-6_binary.npy,34,817,88703.0
deer-6_binary.npy,35,817,88703.0
deer-6_binary.npy,36,815,88723.0
deer-6_binary.npy,37,815,88723.0
deer-6_binary.npy,38,815,88723.0
deer-6_binary.npy,39,815,88723.0
deer-6_binary.npy,40,814,88733.0
deer-6_binary.npy,41,814,88733.0
deer-6_binary.npy,42,814,88733.0
deer-6_binary.npy,43,813,88743.0
deer-6_binary.npy,44,813,88743.0
deer-6_binary.npy,45,813,88743.0
deer-6_binary.npy,46,813,88743.0
deer-6_binary.npy,47,813,88743.0
deer-6_binary.npy,48,813,88743.0
deer-6_binary.npy,49,813,88743.0
device0-11_binary.npy,0,587,43732.0
device0-11_binary.npy,1,575,43852.0
device0-11_binary.npy,2,484,44762.0
device0-11_binary.npy,3,484,44762.0
device0-11_binary.npy,4,481,44792.0
device0-11_binary.npy,5,444,45162.0
device0-11_binary.npy,6,444,45162.0
device0-11_binary.npy,7,444,45162.0
device0-11_binary.npy,8,442,45182.0
device0-11_binary.npy,9,431,45292.0
device0-11_binary.npy,10,431,45292.0
device0-11_binary.npy,11,431,45292.0
device0-11_binary.npy,12,428,45322.0
device0-11_binary.npy,13,428,45322.0
device0-11_binary.npy,14,427,45332.0
device0-11_binary.npy,15,422,45382.0
device0-11_binary.npy,16,422,45382.0
device0-11_binary.npy,17,422,45382.0
device0-11_binary.npy,18,422,45382.0
device0-11_binary.npy,19,422,45382.0
device0-11_binary.npy,20,422,45382.0
device0-11_binary.npy,21,422,45382.0
device0-12_binary.npy,0,610,44830.0
device0-12_binary.npy,1,527,45660.0
device0-12_binary.npy,2,527,45660.0
device0-12_binary.npy,3,527,45660.0
device0-12_binary.npy,4,527,45660.0
device0-12_binary.npy,5,499,45940.0
device0-12_binary.npy,6,499,45940.0
device0-12_binary.npy,7,483,46100.0
device0-12_binary.npy,8,455,46380.0
device0-12_binary.npy,9,455,46380.0
device0-12_binary.npy,10,455,46380.0
device0-12_binary.npy,11,455,46380.0
device0-12_binary.npy,12,442,46510.0
device0-12_binary.npy,13,442,46510.0
device0-12_binary.npy,14,442,46510.0
device0-12_binary.npy,15,431,46620.0
device0-12_binary.npy,16,424,46690.0
device0-12_binary.npy,17,424,46690.0
device0-12_binary.npy,18,424,46690.0
device0-12_binary.npy,19,417,46760.0
device0-12_binary.npy,20,417,46760.0
device0-12_binary.npy,21,417,46760.0
device0-12_binary.npy,22,417,46760.0
device0-12_binary.npy,23,417,46760.0
device0-12_binary.npy,24,416,46770.0
device0-12_binary.npy,25,416,46770.0
device0-12_binary.npy,26,413,46800.0
device0-12_binary.npy,27,413,46800.0
device0-12_binary.npy,28,413,46800.0
device0-12_binary.npy,29,411,46820.0
device0-12_binary.npy,30,411,46820.0
device0-12_binary.npy,31,411,46820.0
device0-12_binary.npy,32,411,46820.0
device0-12_binary.npy,33,411,46820.0
device0-12_binary.npy,34,411,46820.0
device0-12_binary.npy,35,411,46820.0
device0-13_binary.npy,0,719,44625.0
device0-13_binary.npy,1,692,44895.0
device0-13_binary.npy,2,600,45815.0
device0-13_binary.npy,3,596,45855.0
device0-13_binary.npy,4,596,45855.0
device0-13_binary.npy,5,596,45855.0
device0-13_binary.npy,6,596,45855.0
device0-13_binary.npy,7,567,46145.0
device0-13_binary.npy,8,550,46315.0
device0-13_binary.npy,9,550,46315.0
device0-13_binary.npy,10,550,46315.0
device0-13_binary.npy,11,550,46315.0
device0-13_binary.npy,12,550,46315.0
device0-13_binary.npy,13,550,46315.0
device0-13_binary.npy,14,546,46355.0
device0-13_binary.npy,15,546,46355.0
device0-13_binary.npy,16,546,46355.0
device0-13_binary.npy,17,542,46395.0
device0-13_binary.npy,18,538,46435.0
device0-13_binary.npy,19,537,46445.0
device0-13_binary.npy,20,537,46445.0
device0-13_binary.npy,21,512,46695.0
device0-13_binary.npy,22,512,46695.0
device0-13_binary.npy,23,512,46695.0
device0-13_binary.npy,24,511,46705.0
device0-13_binary.npy,25,511,46705.0
device0-13_binary.npy,26,511,46705.0
device0-13_binary.npy,27,508,46735.0
device0-13_binary.npy,28,508,46735.0
device0-13_binary.npy,29,508,46735.0
device0-13_binary.npy,30,508,46735.0
device0-13_binary.npy,31,504,46775.0
device0-13_binary.npy,32,504,46775.0
device0-13_binary.npy,33,504,46775.0
device0-13_binary.npy,34,504,46775.0
device0-13_binary.npy,35,498,46835.0
device0-13_binary.npy,36,498,46835.0
device0-13_binary.npy,37,498,46835.0
device0-13_binary.npy,38,498,46835.0
device0-13_binary.npy,39,495,46865.0
device0-13_binary.npy,40,488,46935.0
device0-13_binary.npy,41,488,46935.0
device0-13_binary.npy,42,488,46935.0
device0-13_binary.npy,43,488,46935.0
device0-13_binary.npy,44,488,46935.0
device0-13_binary.npy,45,488,46935.0
device0-13_binary.npy,46,488,46935.0
device0-14_binary.npy,0,547,53563.0
device0-14_binary.npy,1,497,54063.0
device0-14_binary.npy,2,488,54153.0
device0-14_binary.npy,3,477,54263.0
device0-14_binary.npy,4,477,54263.0
device0-14_binary.npy,5,477,54263.0
device0-14_binary.npy,6,438,54653.0
device0-14_binary.npy,7,438,54653.0
device0-14_binary.npy,8,438,54653.0
device0-14_binary.npy,9,438,54653.0
device0-14_binary.npy,10,438,54653.0
device0-14_binary.npy,11,438,54653.0
device0-14_binary.npy,12,432,54713.0
device0-14_binary.npy,13,411,54923.0
device0-14_binary.npy,14,411,54923.0
device0-14_binary.npy,15,410,54933.0
device0-14_binary.npy,16,404,54993.0
device0-14_binary.npy,17,403,55003.0
device0-14_binary.npy,18,403,55003.0
device0-14_binary.npy,19,393,55103.0
device0-14_binary.npy,20,391,55123.0
device0-14_binary.npy,21,389,55143.0
device0-14_binary.npy,22,386,55173.0
device0-14_binary.npy,23,386,55173.0
device0-14_binary.npy,24,386,55173.0
device0-14_binary.npy,25,384,55193.0
device0-14_binary.npy,26,384,55193.0
device0-14_binary.npy,27,383,55203.0
device0-14_binary.npy,28,383,55203.0
device0-14_binary.npy,29,383,55203.0
device0-14_binary.npy,30,379,55243.0
device0-14_binary.npy,31,379,55243.0
device0-14_binary.npy,32,378,55253.0
device0-14_binary.npy,33,378,55253.0
device0-14_binary.npy,34,378,55253.0
device0-14_binary.npy,35,378,55253.0
device0-14_binary.npy,36,377,55263.0
device0-14_binary.npy,37,377,55263.0
device0-14_binary.npy,38,377,55263.0
device0-14_binary.npy,39,377,55263.0
device0-14_binary.npy,40,377,55263.0
device0-14_binary.npy,41,377,55263.0
device0-14_binary.npy,42,377,55263.0
device1-12_binary.npy,0,447,48811.0
device1-12_binary.npy,1,411,49171.0
device1-12_binary.npy,2,411,49171.0
device1-12_binary.npy,3,411,49171.0
device1-12_binary.npy,4,383,49451.0
device1-12_binary.npy,5,383,49451.0
device1-12_binary.npy,6,383,49451.0
device1-12_binary.npy,7,377,49511.0
device1-12_binary.npy,8,377,49511.0
device1-12_binary.npy,9,377,49511.0
device1-12_binary.npy,10,377,49511.0
device1-12_binary.npy,11,377,49511.0
device1-12_binary.npy,12,377,49511.0
device1-12_binary.npy,13,377,49511.0
device1-15_binary.npy,0,551,94614.0
device1-15_binary.npy,1,502,95104.0
device1-15_binary.npy,2,476,95364.0
device1-15_binary.npy,3,476,95364.0
device1-15_binary.npy,4,476,95364.0
device1-15_binary.npy,5,476,95364.0
device1-15_binary.npy,6,442,95704.0
device1-15_binary.npy,7,442,95704.0
device1-15_binary.npy,8,438,95744.0
device1-15_binary.npy,9,438,95744.0
device1-15_binary.npy,10,438,95744.0
device1-15_binary.npy,11,421,95914.0
device1-15_binary.npy,12,421,95914.0
device1-15_binary.npy,13,421,95914.0
device1-15_binary.npy,14,421,95914.0
device1-15_binary.npy,15,420,95924.0
device1-15_binary.npy,16,420,95924.0
device1-15_binary.npy,17,406,96064.0
device1-15_binary.npy,18,406,96064.0
device1-15_binary.npy,19,406,96064.0
device1-15_binary.npy,20,402,96104.0
device1-15_binary.npy,21,402,96104.0
device1-15_binary.npy,22,396,96164.0
device1-15_binary.npy,23,396,96164.0
device1-15_binary.npy,24,396,96164.0
device1-15_binary.npy,25,396,96164.0
device1-15_binary.npy,26,396,96164.0
device1-15_binary.npy,27,393,96194.0
device1-15_binary.npy,28,393,96194.0
device1-15_binary.npy,29,393,96194.0
device1-15_binary.npy,30,393,96194.0
device1-15_binary.npy,31,393,96194.0
device1-15_binary.npy,32,393,96194.0
device1-15_binary.npy,33,393,96194.0
device1-2_binary.npy,0,474,99820.0
device1-2_binary.npy,1,379,100770.0
device1-2_binary.npy,2,379,100770.0
device1-2_binary.npy,3,379,100770.0
device1-2_binary.npy,4,379,100770.0
device1-2_binary.npy,5,379,100770.0
device1-2_binary.npy,6,379,100770.0
device1-2_binary.npy,7,368,100880.0
device1-2_binary.npy,8,304,101520.0
device1-2_binary.npy,9,304,101520.0
device1-2_binary.npy,10,304,101520.0
device1-2_binary.npy,11,304,101520.0
device1-2_binary.npy,12,304,101520.0
device1-2_binary.npy,13,304,101520.0
device1-2_binary.npy,14,303,101530.0
device1-2_binary.npy,15,303,101530.0
device1-2_binary.npy,16,303,101530.0
device1-2_binary.npy,17,291,101650.0
device1-2_binary.npy,18,267,101890.0
device1-2_binary.npy,19,257,101990.0
device1-2_binary.npy,20,255,102010.0
device1-2_binary.npy,21,255,102010.0
device1-2_binary.npy,22,255,102010.0
device1-2_binary.npy,23,255,102010.0
device1-2_binary.npy,24,249,102070.0
device1-2_binary.npy,25,247,102090.0
device1-2_binary.npy,26,244,102120.0
device1-2_binary.npy,27,244,102120.0
device1-2_binary.npy,28,244,102120.0
device1-2_binary.npy,29,244,102120.0
device1-2_binary.npy,30,244,102120.0
device1-2_binary.npy,31,239,102170.0
device1-2_binary.npy,32,239,102170.0
device1-2_binary.npy,33,239,102170.0
device1-2_binary.npy,34,239,102170.0
device1-2_binary.npy,35,239,102170.0
device1-2_binary.npy,36,239,102170.0
device1-2_binary.npy,37,239,102170.0
device1-3_binary.npy,0,506,113311.0
device1-3_binary.npy,1,480,113571.0
device1-3_binary.npy,2,423,114141.0
device1-3_binary.npy,3,423,114141.0
device1-3_binary.npy,4,423,114141.0
device1-3_binary.npy,5,423,114141.0
device1-3_binary.npy,6,423,114141.0
device1-3_binary.npy,7,413,114241.0
device1-3_binary.npy,8,410,114271.0
device1-3_binary.npy,9,386,114511.0
device1-3_binary.npy,10,386,114511.0
device1-3_binary.npy,11,386,114511.0
device1-3_binary.npy,12,386,114511.0
device1-3_binary.npy,13,370,114671.0
device1-3_binary.npy,14,370,114671.0
device1-3_binary.npy,15,370,114671.0
device1-3_binary.npy,16,370,114671.0
device1-3_binary.npy,17,370,114671.0
device1-3_binary.npy,18,368,114691.0
device1-3_binary.npy,19,368,114691.0
device1-3_binary.npy,20,368,114691.0
device1-3_binary.npy,21,368,114691.0
device1-3_binary.npy,22,367,114701.0
device1-3_binary.npy,23,367,114701.0
device1-3_binary.npy,24,367,114701.0
device1-3_binary.npy,25,362,114751.0
device1-3_binary.npy,26,362,114751.0
device1-3_binary.npy,27,362,114751.0
device1-3_binary.npy,28,357,114801.0
device1-3_binary.npy,29,356,114811.0
device1-3_binary.npy,30,356,114811.0
device1-3_binary.npy,31,356,114811.0
device1-3_binary.npy,32,353,114841.0
device1-3_binary.npy,33,353,114841.0
device1-3_binary.npy,34,353,114841.0
device1-3_binary.npy,35,353,114841.0
device1-3_binary.npy,36,353,114841.0
device1-3_binary.npy,37,353,114841.0
device1-3_binary.npy,38,352,114851.0
device1-3_binary.npy,39,352,114851.0
device1-3_binary.npy,40,352,114851.0
device1-3_binary.npy,41,351,114861.0
device1-3_binary.npy,42,351,114861.0
device1-3_binary.npy,43,351,114861.0
device1-3_binary.npy,44,351,114861.0
device1-3_binary.npy,45,351,114861.0
device1-3_binary.npy,46,351,114861.0
device1-3_binary.npy,47,351,114861.0
device2-18_binary.npy,0,815,88439.0
device2-18_binary.npy,1,813,88459.0
device2-18_binary.npy,2,659,89999.0
device2-18_binary.npy,3,659,89999.0
device2-18_binary.npy,4,659,89999.0
device2-18_binary.npy,5,659,89999.0
device2-18_binary.npy,6,659,89999.0
device2-18_binary.npy,7,659,89999.0
device2-18_binary.npy,8,659,89999.0
device2-2_binary.npy,0,452,53039.0
device2-2_binary.npy,1,399,53569.0
device2-2_binary.npy,2,399,53569.0
device2-2_binary.npy,3,399,53569.0
device2-2_binary.npy,4,399,53569.0
device2-2_binary.npy,5,399,53569.0
device2-2_binary.npy,6,375,53809.0
device2-2_binary.npy,7,375,53809.0
device2-2_binary.npy,8,375,53809.0
device2-2_binary.npy,9,372,53839.0
device2-2_binary.npy,10,366,53899.0
device2-2_binary.npy,11,366,53899.0
device2-2_binary.npy,12,366,53899.0
device2-2_binary.npy,13,366,53899.0
device2-2_binary.npy,14,360,53959.0
device2-2_binary.npy,15,360,53959.0
device2-2_binary.npy,16,360,53959.0
device2-2_binary.npy,17,360,53959.0
device2-2_binary.npy,18,357,53989.0
device2-2_binary.npy,19,357,53989.0
device2-2_binary.npy,20,356,53999.0
device2-2_binary.npy,21,356,53999.0
device2-2_binary.npy,22,356,53999.0
device2-2_binary.npy,23,355,54009.0
device2-2_binary.npy,24,355,54009.0
device2-2_binary.npy,25,355,54009.0
device2-2_binary.npy,26,355,54009.0
device2-2_binary.npy,27,355,54009.0
device2-2_binary.npy,28,355,54009.0
device2-2_binary.npy,29,355,54009.0
device2-4_binary.npy,0,781,37710.0
device2-4_binary.npy,1,681,38710.0
device2-4_binary.npy,2,681,38710.0
device2-4_binary.npy,3,681,38710.0
device2-4_binary.npy,4,681,38710.0
device2-4_binary.npy,5,639,39130.0
device2-4_binary.npy,6,639,39130.0
device2-4_binary.npy,7,639,39130.0
device2-4_binary.npy,8,639,39130.0
device2-4_binary.npy,9,639,39130.0
device2-4_binary.npy,10,639,39130.0
device2-4_binary.npy,11,630,39220.0
device2-4_binary.npy,12,630,39220.0
device2-4_binary.npy,13,630,39220.0
device2-4_binary.npy,14,630,39220.0
device2-4_binary.npy,15,603,39490.0
device2-4_binary.npy,16,603,39490.0
device2-4_binary.npy,17,603,39490.0
device2-4_binary.npy,18,603,39490.0
device2-4_binary.npy,19,602,39500.0
device2-4_binary.npy,20,602,39500.0
device2-4_binary.npy,21,602,39500.0
device2-4_binary.npy,22,602,39500.0
device2-4_binary.npy,23,580,39720.0
device2-4_binary.npy,24,580,39720.0
device2-4_binary.npy,25,580,39720.0
device2-4_binary.npy,26,580,39720.0
device2-4_binary.npy,27,575,39770.0
device2-4_binary.npy,28,575,39770.0
device2-4_binary.npy,29,575,39770.0
device2-4_binary.npy,30,563,39890.0
device2-4_binary.npy,31,563,39890.0
device2-4_binary.npy,32,563,39890.0
device2-4_binary.npy,33,563,39890.0
device2-4_binary.npy,34,563,39890.0
device2-4_binary.npy,35,563,39890.0
device2-4_binary.npy,36,562,39900.0
device2-4_binary.npy,37,562,39900.0
device2-4_binary.npy,38,558,39940.0
device2-4_binary.npy,39,558,39940.0
device2-4_binary.npy,40,558,39940.0
device2-4_binary.npy,41,555,39970.0
device2-4_binary.npy,42,555,39970.0
device2-4_binary.npy,43,555,39970.0
device2-4_binary.npy,44,555,39970.0
device2-4_binary.npy,45,555,39970.0
device2-4_binary.npy,46,555,39970.0
device2-4_binary.npy,47,555,39970.0
device2-6_binary.npy,0,880,66020.0
device2-6_binary.npy,1,840,66420.0
device2-6_binary.npy,2,782,67000.0
device2-6_binary.npy,3,782,67000.0
device2-6_binary.npy,4,782,67000.0
device2-6_binary.npy,5,782,67000.0
device2-6_binary.npy,6,764,67180.0
device2-6_binary.npy,7,764,67180.0
device2-6_binary.npy,8,726,67560.0
device2-6_binary.npy,9,726,67560.0
device2-6_binary.npy,10,726,67560.0
device2-6_binary.npy,11,726,67560.0
device2-6_binary.npy,12,726,67560.0
device2-6_binary.npy,13,691,67910.0
device2-6_binary.npy,14,691,67910.0
device2-6_binary.npy,15,691,67910.0
device2-6_binary.npy,16,691,67910.0
device2-6_binary.npy,17,691,67910.0
device2-6_binary.npy,18,691,67910.0
device2-6_binary.npy,19,691,67910.0
device3-10_binary.npy,0,393,131672.0
device3-10_binary.npy,1,347,132132.0
device3-10_binary.npy,2,347,132132.0
device3-10_binary.npy,3,297,132632.0
device3-10_binary.npy,4,238,133222.0
device3-10_binary.npy,5,238,133222.0
device3-10_binary.npy,6,237,133232.0
device3-10_binary.npy,7,237,133232.0
device3-10_binary.npy,8,237,133232.0
device3-10_binary.npy,9,237,133232.0
device3-10_binary.npy,10,189,133712.0
device3-10_binary.npy,11,189,133712.0
device3-10_binary.npy,12,189,133712.0
device3-10_binary.npy,13,189,133712.0
device3-10_binary.npy,14,173,133872.0
device3-10_binary.npy,15,173,133872.0
device3-10_binary.npy,16,173,133872.0
device3-10_binary.npy,17,167,133932.0
device3-10_binary.npy,18,167,133932.0
device3-10_binary.npy,19,166,133942.0
device3-10_binary.npy,20,166,133942.0
device3-10_binary.npy,21,160,134002.0
device3-10_binary.npy,22,160,134002.0
device3-10_binary.npy,23,160,134002.0
device3-10_binary.npy,24,160,134002.0
device3-10_binary.npy,25,155,134052.0
device3-10_binary.npy,26,155,134052.0
device3-10_binary.npy,27,155,134052.0
device3-10_binary.npy,28,155,134052.0
device3-10_binary.npy,29,155,134052.0
device3-10_binary.npy,30,149,134112.0
device3-10_binary.npy,31,146,134142.0
device3-10_binary.npy,32,146,134142.0
device3-10_binary.npy,33,144,134162.0
device3-10_binary.npy,34,144,134162.0
device3-10_binary.npy,35,142,134182.0
device3-10_binary.npy,36,142,134182.0
device3-10_binary.npy,37,142,134182.0
device3-10_binary.npy,38,142,134182.0
device3-10_binary.npy,39,142,134182.0
device3-10_binary.npy,40,142,134182.0
device3-10_binary.npy,41,142,134182.0
device3-13_binary.npy,0,684,115113.0
device3-13_binary.npy,1,684,115113.0
device3-13_binary.npy,2,671,115243.0
device3-13_binary.npy,3,661,115343.0
device3-13_binary.npy,4,661,115343.0
device3-13_binary.npy,5,661,115343.0
device3-13_binary.npy,6,637,115583.0
device3-13_binary.npy,7,637,115583.0
device3-13_binary.npy,8,637,115583.0
device3-13_binary.npy,9,626,115693.0
device3-13_binary.npy,10,626,115693.0
device3-13_binary.npy,11,626,115693.0
device3-13_binary.npy,12,626,115693.0
device3-13_binary.npy,13,626,115693.0
device3-13_binary.npy,14,622,115733.0
device3-13_binary.npy,15,622,115733.0
device3-13_binary.npy,16,620,115753.0
device3-13_binary.npy,17,620,115753.0
device3-13_binary.npy,18,620,115753.0
device3-13_binary.npy,19,608,115873.0
device3-13_binary.npy,20,608,115873.0
device3-13_binary.npy,21,607,115883.0
device3-13_binary.npy,22,602,115933.0
device3-13_binary.npy,23,602,115933.0
device3-13_binary.npy,24,602,115933.0
device3-13_binary.npy,25,602,115933.0
device3-13_binary.npy,26,602,115933.0
device3-13_binary.npy,27,602,115933.0
device3-13_binary.npy,28,600,115953.0
device3-13_binary.npy,29,600,115953.0
device3-13_binary.npy,30,599,115963.0
device3-13_binary.npy,31,599,115963.0
device3-13_binary.npy,32,598,115973.0
device3-13_binary.npy,33,596,115993.0
device3-13_binary.npy,34,596,115993.0
device3-13_binary.npy,35,596,115993.0
device3-13_binary.npy,36,594,116013.0
device3-13_binary.npy,37,594,116013.0
device3-13_binary.npy,38,593,116023.0
device3-13_binary.npy,39,593,116023.0
device3-13_binary.npy,40,593,116023.0
device3-13_binary.npy,41,593,116023.0
device3-13_binary.npy,42,593,116023.0
device3-13_binary.npy,43,593,116023.0
device3-13_binary.npy,44,593,116023.0
device3-18_binary.npy,0,874,112941.0
device3-18_binary.npy,1,757,114111.0
device3-18_binary.npy,2,757,114111.0
device3-18_binary.npy,3,757,114111.0
device3-18_binary.npy,4,757,114111.0
device3-18_binary.npy,5,690,114781.0
device3-18_binary.npy,6,690,114781.0
device3-18_binary.npy,7,690,114781.0
device3-18_binary.npy,8,690,114781.0
device3-18_binary.npy,9,690,114781.0
device3-18_binary.npy,10,690,114781.0
device3-18_binary.npy,11,675,114931.0
device3-18_binary.npy,12,675,114931.0
device3-18_binary.npy,13,675,114931.0
device3-18_binary.npy,14,675,114931.0
device3-18_binary.npy,15,675,114931.0
device3-18_binary.npy,16,672,114961.0
device3-18_binary.npy,17,666,115021.0
device3-18_binary.npy,18,666,115021.0
device3-18_binary.npy,19,666,115021.0
device3-18_binary.npy,20,664,115041.0
device3-18_binary.npy,21,664,115041.0
device3-18_binary.npy,22,664,115041.0
device3-18_binary.npy,23,664,115041.0
device3-18_binary.npy,24,664,115041.0
device3-18_binary.npy,25,664,115041.0
device3-18_binary.npy,26,658,115101.0
device3-18_binary.npy,27,658,115101.0
device3-18_binary.npy,28,656,115121.0
device3-18_binary.npy,29,656,115121.0
device3-18_binary.npy,30,656,115121.0
device3-18_binary.npy,31,656,115121.0
device3-18_binary.npy,32,656,115121.0
device3-18_binary.npy,33,655,115131.0
device3-18_binary.npy,34,654,115141.0
device3-18_binary.npy,35,654,115141.0
device3-18_binary.npy,36,654,115141.0
device3-18_binary.npy,37,654,115141.0
device3-18_binary.npy,38,654,115141.0
device3-18_binary.npy,39,654,115141.0
device3-18_binary.npy,40,654,115141.0
device3-7_binary.npy,0,419,166146.0
device3-7_binary.npy,1,243,167906.0
device3-7_binary.npy,2,243,167906.0
device3-7_binary.npy,3,243,167906.0
device3-7_binary.npy,4,243,167906.0
device3-7_binary.npy,5,243,167906.0
device3-7_binary.npy,6,243,167906.0
device3-7_binary.npy,7,243,167906.0
device4-13_binary.npy,0,418,67387.0
device4-13_binary.npy,1,391,67657.0
device4-13_binary.npy,2,391,67657.0
device4-13_binary.npy,3,391,67657.0
device4-13_binary.npy,4,364,67927.0
device4-13_binary.npy,5,364,67927.0
device4-13_binary.npy,6,364,67927.0
device4-13_binary.npy,7,357,67997.0
device4-13_binary.npy,8,357,67997.0
device4-13_binary.npy,9,349,68077.0
device4-13_binary.npy,10,349,68077.0
device4-13_binary.npy,11,348,68087.0
device4-13_binary.npy,12,341,68157.0
device4-13_binary.npy,13,341,68157.0
device4-13_binary.npy,14,341,68157.0
device4-13_binary.npy,15,339,68177.0
device4-13_binary.npy,16,336,68207.0
device4-13_binary.npy,17,332,68247.0
device4-13_binary.npy,18,332,68247.0
device4-13_binary.npy,19,332,68247.0
device4-13_binary.npy,20,332,68247.0
device4-13_binary.npy,21,332,68247.0
device4-13_binary.npy,22,332,68247.0
device4-13_binary.npy,23,332,68247.0
device4-19_binary.npy,0,584,69446.0
device4-19_binary.npy,1,530,69986.0
device4-19_binary.npy,2,521,70076.0
device4-19_binary.npy,3,521,70076.0
device4-19_binary.npy,4,521,70076.0
device4-19_binary.npy,5,494,70346.0
device4-19_binary.npy,6,494,70346.0
device4-19_binary.npy,7,494,70346.0
device4-19_binary.npy,8,494,70346.0
device4-19_binary.npy,9,494,70346.0
device4-19_binary.npy,10,494,70346.0
device4-19_binary.npy,11,494,70346.0
device4-1_binary.npy,0,361,81356.0
device4-1_binary.npy,1,319,81776.0
device4-1_binary.npy,2,319,81776.0
device4-1_binary.npy,3,319,81776.0
device4-1_binary.npy,4,319,81776.0
device4-1_binary.npy,5,289,82076.0
device4-1_binary.npy,6,289,82076.0
device4-1_binary.npy,7,289,82076.0
device4-1_binary.npy,8,289,82076.0
device4-1_binary.npy,9,287,82096.0
device4-1_binary.npy,10,287,82096.0
device4-1_binary.npy,11,287,82096.0
device4-1_binary.npy,12,278,82186.0
device4-1_binary.npy,13,278,82186.0
device4-1_binary.npy,14,278,82186.0
device4-1_binary.npy,15,278,82186.0
device4-1_binary.npy,16,277,82196.0
device4-1_binary.npy,17,277,82196.0
device4-1_binary.npy,18,277,82196.0
device4-1_binary.npy,19,275,82216.0
device4-1_binary.npy,20,275,82216.0
device4-1_binary.npy,21,275,82216.0
device4-1_binary.npy,22,275,82216.0
device4-1_binary.npy,23,275,82216.0
device4-1_binary.npy,24,275,82216.0
device4-1_binary.npy,25,275,82216.0
device4-3_binary.npy,0,363,81408.0
device4-3_binary.npy,1,334,81698.0
device4-3_binary.npy,2,324,81798.0
device4-3_binary.npy,3,324,81798.0
device4-3_binary.npy,4,318,81858.0
device4-3_binary.npy,5,316,81878.0
device4-3_binary.npy,6,316,81878.0
device4-3_binary.npy,7,316,81878.0
device4-3_binary.npy,8,310,81938.0
device4-3_binary.npy,9,304,81998.0
device4-3_binary.npy,10,304,81998.0
device4-3_binary.npy,11,303,82008.0
device4-3_binary.npy,12,303,82008.0
device4-3_binary.npy,13,302,82018.0
device4-3_binary.npy,14,302,82018.0
device4-3_binary.npy,15,302,82018.0
device4-3_binary.npy,16,298,82058.0
device4-3_binary.npy,17,297,82068.0
device4-3_binary.npy,18,296,82078.0
device4-3_binary.npy,19,296,82078.0
device4-3_binary.npy,20,295,82088.0
device4-3_binary.npy,21,295,82088.0
device4-3_binary.npy,22,295,82088.0
device4-3_binary.npy,23,295,82088.0
device4-3_binary.npy,24,295,82088.0
device4-3_binary.npy,25,294,82098.0
device4-3_binary.npy,26,294,82098.0
device4-3_binary.npy,27,294,82098.0
device4-3_binary.npy,28,294,82098.0
device4-3_binary.npy,29,294,82098.0
device4-3_binary.npy,30,294,82098.0
device4-3_binary.npy,31,294,82098.0
device5-10_binary.npy,0,569,87691.0
device5-10_binary.npy,1,502,88361.0
device5-10_binary.npy,2,398,89401.0
device5-10_binary.npy,3,398,89401.0
device5-10_binary.npy,4,398,89401.0
device5-10_binary.npy,5,398,89401.0
device5-10_binary.npy,6,386,89521.0
device5-10_binary.npy,7,349,89891.0
device5-10_binary.npy,8,349,89891.0
device5-10_binary.npy,9,349,89891.0
device5-10_binary.npy,10,349,89891.0
device5-10_binary.npy,11,349,89891.0
device5-10_binary.npy,12,349,89891.0
device5-10_binary.npy,13,349,89891.0
device5-15_binary.npy,0,520,66195.0
device5-15_binary.npy,1,421,67185.0
device5-15_binary.npy,2,421,67185.0
device5-15_binary.npy,3,421,67185.0
device5-15_binary.npy,4,421,67185.0
device5-15_binary.npy,5,421,67185.0
device5-15_binary.npy,6,386,67535.0
device5-15_binary.npy,7,359,67805.0
device5-15_binary.npy,8,359,67805.0
device5-15_binary.npy,9,359,67805.0
device5-15_binary.npy,10,354,67855.0
device5-15_binary.npy,11,354,67855.0
device5-15_binary.npy,12,354,67855.0
device5-15_binary.npy,13,354,67855.0
device5-15_binary.npy,14,347,67925.0
device5-15_binary.npy,15,332,68075.0
device5-15_binary.npy,16,317,68225.0
device5-15_binary.npy,17,317,68225.0
device5-15_binary.npy,18,317,68225.0
device5-15_binary.npy,19,317,68225.0
device5-15_binary.npy,20,297,68425.0
device5-15_binary.npy,21,297,68425.0
device5-15_binary.npy,22,297,68425.0
device5-15_binary.npy,23,297,68425.0
device5-15_binary.npy,24,295,68445.0
device5-15_binary.npy,25,290,68495.0
device5-15_binary.npy,26,290,68495.0
device5-15_binary.npy,27,290,68495.0
device5-15_binary.npy,28,283,68565.0
device5-15_binary.npy,29,283,68565.0
device5-15_binary.npy,30,283,68565.0
device5-15_binary.npy,31,283,68565.0
device5-15_binary.npy,32,283,68565.0
device5-15_binary.npy,33,283,68565.0
device5-15_binary.npy,34,283,68565.0
device5-18_binary.npy,0,556,33938.0
device5-18_binary.npy,1,554,33958.0
device5-18_binary.npy,2,514,34358.0
device5-18_binary.npy,3,514,34358.0
device5-18_binary.npy,4,449,35008.0
device5-18_binary.npy,5,449,35008.0
device5-18_binary.npy,6,449,35008.0
device5-18_binary.npy,7,449,35008.0
device5-18_binary.npy,8,449,35008.0
device5-18_binary.npy,9,419,35308.0
device5-18_binary.npy,10,419,35308.0
device5-18_binary.npy,11,419,35308.0
device5-18_binary.npy,12,407,35428.0
device5-18_binary.npy,13,407,35428.0
device5-18_binary.npy,14,407,35428.0
device5-18_binary.npy,15,391,35588.0
device5-18_binary.npy,16,391,35588.0
device5-18_binary.npy,17,379,35708.0
device5-18_binary.npy,18,378,35718.0
device5-18_binary.npy,19,378,35718.0
device5-18_binary.npy,20,378,35718.0
device5-18_binary.npy,21,378,35718.0
device5-18_binary.npy,22,370,35798.0
device5-18_binary.npy,23,370,35798.0
device5-18_binary.npy,24,370,35798.0
device5-18_binary.npy,25,370,35798.0
device5-18_binary.npy,26,370,35798.0
device5-18_binary.npy,27,370,35798.0
device5-18_binary.npy,28,370,35798.0
device5-4_binary.npy,0,740,46224.0
device5-4_binary.npy,1,531,48314.0
device5-4_binary.npy,2,531,48314.0
device5-4_binary.npy,3,518,48444.0
device5-4_binary.npy,4,518,48444.0
device5-4_binary.npy,5,456,49064.0
device5-4_binary.npy,6,456,49064.0
device5-4_binary.npy,7,456,49064.0
device5-4_binary.npy,8,414,49484.0
device5-4_binary.npy,9,414,49484.0
device5-4_binary.npy,10,414,49484.0
device5-4_binary.npy,11,414,49484.0
device5-4_binary.npy,12,414,49484.0
device5-4_binary.npy,13,414,49484.0
device5-4_binary.npy,14,414,49484.0
device6-13_binary.npy,0,975,72360.0
device6-13_binary.npy,1,849,73620.0
device6-13_binary.npy,2,849,73620.0
device6-13_binary.npy,3,849,73620.0
device6-13_binary.npy,4,849,73620.0
device6-13_binary.npy,5,849,73620.0
device6-13_binary.npy,6,799,74120.0
device6-13_binary.npy,7,794,74170.0
device6-13_binary.npy,8,794,74170.0
device6-13_binary.npy,9,794,74170.0
device6-13_binary.npy,10,756,74550.0
device6-13_binary.npy,11,756,74550.0
device6-13_binary.npy,12,756,74550.0
device6-13_binary.npy,13,756,74550.0
device6-13_binary.npy,14,747,74640.0
device6-13_binary.npy,15,747,74640.0
device6-13_binary.npy,16,741,74700.0
device6-13_binary.npy,17,741,74700.0
device6-13_binary.npy,18,736,74750.0
device6-13_binary.npy,19,733,74780.0
device6-13_binary.npy,20,733,74780.0
device6-13_binary.npy,21,731,74800.0
device6-13_binary.npy,22,731,74800.0
device6-13_binary.npy,23,731,74800.0
device6-13_binary.npy,24,731,74800.0
device6-13_binary.npy,25,731,74800.0
device6-13_binary.npy,26,724,74870.0
device6-13_binary.npy,27,721,74900.0
device6-13_binary.npy,28,720,74910.0
device6-13_binary.npy,29,720,74910.0
device6-13_binary.npy,30,720,74910.0
device6-13_binary.npy,31,720,74910.0
device6-13_binary.npy,32,716,74950.0
device6-13_binary.npy,33,716,74950.0
device6-13_binary.npy,34,716,74950.0
device6-13_binary.npy,35,716,74950.0
device6-13_binary.npy,36,716,74950.0
device6-13_binary.npy,37,715,74960.0
device6-13_binary.npy,38,715,74960.0
device6-13_binary.npy,39,715,74960.0
device6-13_binary.npy,40,715,74960.0
device6-13_binary.npy,41,715,74960.0
device6-13_binary.npy,42,715,74960.0
device6-13_binary.npy,43,715,74960.0
device6-15_binary.npy,0,409,96929.0
device6-15_binary.npy,1,348,97539.0
device6-15_binary.npy,2,348,97539.0
device6-15_binary.npy,3,348,97539.0
device6-15_binary.npy,4,346,97559.0
device6-15_binary.npy,5,333,97689.0
device6-15_binary.npy,6,333,97689.0
device6-15_binary.npy,7,333,97689.0
device6-15_binary.npy,8,325,97769.0
device6-15_binary.npy,9,325,97769.0
device6-15_binary.npy,10,320,97819.0
device6-15_binary.npy,11,320,97819.0
device6-15_binary.npy,12,320,97819.0
device6-15_binary.npy,13,320,97819.0
device6-15_binary.npy,14,320,97819.0
device6-15_binary.npy,15,309,97929.0
device6-15_binary.npy,16,309,97929.0
device6-15_binary.npy,17,309,97929.0
device6-15_binary.npy,18,309,97929.0
device6-15_binary.npy,19,309,97929.0
device6-15_binary.npy,20,309,97929.0
device6-15_binary.npy,21,309,97929.0
device6-6_binary.npy,0,377,97340.0
device6-6_binary.npy,1,323,97880.0
device6-6_binary.npy,2,318,97930.0
device6-6_binary.npy,3,307,98040.0
device6-6_binary.npy,4,307,98040.0
device6-6_binary.npy,5,298,98130.0
device6-6_binary.npy,6,298,98130.0
device6-6_binary.npy,7,288,98230.0
device6-6_binary.npy,8,288,98230.0
device6-6_binary.npy,9,288,98230.0
device6-6_binary.npy,10,288,98230.0
device6-6_binary.npy,11,288,98230.0
device6-6_binary.npy,12,283,98280.0
device6-6_binary.npy,13,283,98280.0
device6-6_binary.npy,14,283,98280.0
device6-6_binary.npy,15,283,98280.0
device6-6_binary.npy,16,280,98310.0
device6-6_binary.npy,17,276,98350.0
device6-6_binary.npy,18,276,98350.0
device6-6_binary.npy,19,276,98350.0
device6-6_binary.npy,20,276,98350.0
device6-6_binary.npy,21,275,98360.0
device6-6_binary.npy,22,275,98360.0
device6-6_binary.npy,23,275,98360.0
device6-6_binary.npy,24,275,98360.0
device6-6_binary.npy,25,275,98360.0
device6-6_binary.npy,26,275,98360.0
device6-6_binary.npy,27,275,98360.0
device6-9_binary.npy,0,582,49776.0
device6-9_binary.npy,1,579,49806.0
device6-9_binary.npy,2,579,49806.0
device6-9_binary.npy,3,579,49806.0
device6-9_binary.npy,4,573,49866.0
device6-9_binary.npy,5,572,49876.0
device6-9_binary.npy,6,571,49886.0
device6-9_binary.npy,7,571,49886.0
device6-9_binary.npy,8,569,49906.0
device6-9_binary.npy,9,569,49906.0
device6-9_binary.npy,10,569,49906.0
device6-9_binary.npy,11,569,49906.0
device6-9_binary.npy,12,569,49906.0
device6-9_binary.npy,13,569,49906.0
device6-9_binary.npy,14,568,49916.0
device6-9_binary.npy,15,568,49916.0
device6-9_binary.npy,16,568,49916.0
device6-9_binary.npy,17,568,49916.0
device6-9_binary.npy,18,568,49916.0
device6-9_binary.npy,19,568,49916.0
device6-9_binary.npy,20,568,49916.0
device7-14_binary.npy,0,1313,52637.0
device7-14_binary.npy,1,1060,55167.0
device7-14_binary.npy,2,1060,55167.0
device7-14_binary.npy,3,1060,55167.0
device7-14_binary.npy,4,1060,55167.0
device7-14_binary.npy,5,1060,55167.0
device7-14_binary.npy,6,1060,55167.0
device7-14_binary.npy,7,1060,55167.0
device7-16_binary.npy,0,1041,90492.0
device7-16_binary.npy,1,870,92202.0
device7-16_binary.npy,2,870,92202.0
device7-16_binary.npy,3,825,92652.0
device7-16_binary.npy,4,825,92652.0
device7-16_binary.npy,5,825,92652.0
device7-16_binary.npy,6,825,92652.0
device7-16_binary.npy,7,825,92652.0
device7-16_binary.npy,8,789,93012.0
device7-16_binary.npy,9,784,93062.0
device7-16_binary.npy,10,784,93062.0
device7-16_binary.npy,11,781,93092.0
device7-16_binary.npy,12,781,93092.0
device7-16_binary.npy,13,781,93092.0
device7-16_binary.npy,14,781,93092.0
device7-16_binary.npy,15,781,93092.0
device7-16_binary.npy,16,756,93342.0
device7-16_binary.npy,17,756,93342.0
device7-16_binary.npy,18,756,93342.0
device7-16_binary.npy,19,738,93522.0
device7-16_binary.npy,20,709,93812.0
device7-16_binary.npy,21,709,93812.0
device7-16_binary.npy,22,709,93812.0
device7-16_binary.npy,23,709,93812.0
device7-16_binary.npy,24,709,93812.0
device7-16_binary.npy,25,709,93812.0
device7-16_binary.npy,26,707,93832.0
device7-16_binary.npy,27,707,93832.0
device7-16_binary.npy,28,707,93832.0
device7-16_binary.npy,29,702,93882.0
device7-16_binary.npy,30,700,93902.0
device7-16_binary.npy,31,700,93902.0
device7-16_binary.npy,32,700,93902.0
device7-16_binary.npy,33,696,93942.0
device7-16_binary.npy,34,696,93942.0
device7-16_binary.npy,35,692,93982.0
device7-16_binary.npy,36,692,93982.0
device7-16_binary.npy,37,692,93982.0
device7-16_binary.npy,38,692,93982.0
device7-16_binary.npy,39,689,94012.0
device7-16_binary.npy,40,689,94012.0
device7-16_binary.npy,41,687,94032.0
device7-16_binary.npy,42,687,94032.0
device7-16_binary.npy,43,687,94032.0
device7-16_binary.npy,44,687,94032.0
device7-16_binary.npy,45,687,94032.0
device7-16_binary.npy,46,687,94032.0
device7-16_binary.npy,47,687,94032.0
device7-19_binary.npy,0,937,105646.0
device7-19_binary.npy,1,920,105816.0
device7-19_binary.npy,2,787,107146.0
device7-19_binary.npy,3,787,107146.0
device7-19_binary.npy,4,787,107146.0
device7-19_binary.npy,5,787,107146.0
device7-19_binary.npy,6,787,107146.0
device7-19_binary.npy,7,743,107586.0
device7-19_binary.npy,8,743,107586.0
device7-19_binary.npy,9,743,107586.0
device7-19_binary.npy,10,743,107586.0
device7-19_binary.npy,11,743,107586.0
device7-19_binary.npy,12,707,107946.0
device7-19_binary.npy,13,707,107946.0
device7-19_binary.npy,14,707,107946.0
device7-19_binary.npy,15,707,107946.0
device7-19_binary.npy,16,707,107946.0
device7-19_binary.npy,17,707,107946.0
device7-19_binary.npy,18,706,107956.0
device7-19_binary.npy,19,706,107956.0
device7-19_binary.npy,20,706,107956.0
device7-19_binary.npy,21,703,107986.0
device7-19_binary.npy,22,700,108016.0
device7-19_binary.npy,23,700,108016.0
device7-19_binary.npy,24,695,108066.0
device7-19_binary.npy,25,695,108066.0
device7-19_binary.npy,26,695,108066.0
device7-19_binary.npy,27,695,108066.0
device7-19_binary.npy,28,695,108066.0
device7-19_binary.npy,29,693,108086.0
device7-19_binary.npy,30,690,108116.0
device7-19_binary.npy,31,689,108126.0
device7-19_binary.npy,32,689,108126.0
device7-19_binary.npy,33,689,108126.0
device7-19_binary.npy,34,689,108126.0
device7-19_binary.npy,35,688,108136.0
device7-19_binary.npy,36,688,108136.0
device7-19_binary.npy,37,688,108136.0
device7-19_binary.npy,38,688,108136.0
device7-19_binary.npy,39,688,108136.0
device7-19_binary.npy,40,688,108136.0
device7-19_binary.npy,41,688,108136.0
device7-6_binary.npy,0,954,106042.0
device7-6_binary.npy,1,863,106952.0
device7-6_binary.npy,2,826,107322.0
device7-6_binary.npy,3,800,107582.0
device7-6_binary.npy,4,797,107612.0
device7-6_binary.npy,5,797,107612.0
device7-6_binary.npy,6,797,107612.0
device7-6_binary.npy,7,797,107612.0
device7-6_binary.npy,8,768,107902.0
device7-6_binary.npy,9,768,107902.0
device7-6_binary.npy,10,768,107902.0
device7-6_binary.npy,11,758,108002.0
device7-6_binary.npy,12,758,108002.0
device7-6_binary.npy,13,753,108052.0
device7-6_binary.npy,14,753,108052.0
device7-6_binary.npy,15,751,108072.0
device7-6_binary.npy,16,746,108122.0
device7-6_binary.npy,17,746,108122.0
device7-6_binary.npy,18,746,108122.0
device7-6_binary.npy,19,741,108172.0
device7-6_binary.npy,20,741,108172.0
device7-6_binary.npy,21,741,108172.0
device7-6_binary.npy,22,739,108192.0
device7-6_binary.npy,23,739,108192.0
device7-6_binary.npy,24,739,108192.0
device7-6_binary.npy,25,739,108192.0
device7-6_binary.npy,26,739,108192.0
device7-6_binary.npy,27,739,108192.0
device7-6_binary.npy,28,739,108192.0
device8-15_binary.npy,0,521,78840.0
device8-15_binary.npy,1,415,79900.0
device8-15_binary.npy,2,415,79900.0
device8-15_binary.npy,3,385,80200.0
device8-15_binary.npy,4,385,80200.0
device8-15_binary.npy,5,385,80200.0
device8-15_binary.npy,6,353,80520.0
device8-15_binary.npy,7,353,80520.0
device8-15_binary.npy,8,353,80520.0
device8-15_binary.npy,9,353,80520.0
device8-15_binary.npy,10,353,80520.0
device8-15_binary.npy,11,347,80580.0
device8-15_binary.npy,12,347,80580.0
device8-15_binary.npy,13,347,80580.0
device8-15_binary.npy,14,314,80910.0
device8-15_binary.npy,15,314,80910.0
device8-15_binary.npy,16,314,80910.0
device8-15_binary.npy,17,296,81090.0
device8-15_binary.npy,18,295,81100.0
device8-15_binary.npy,19,295,81100.0
device8-15_binary.npy,20,295,81100.0
device8-15_binary.npy,21,289,81160.0
device8-15_binary.npy,22,279,81260.0
device8-15_binary.npy,23,279,81260.0
device8-15_binary.npy,24,279,81260.0
device8-15_binary.npy,25,279,81260.0
device8-15_binary.npy,26,279,81260.0
device8-15_binary.npy,27,279,81260.0
device8-15_binary.npy,28,279,81260.0
device8-20_binary.npy,0,387,79977.0
device8-20_binary.npy,1,290,80947.0
device8-20_binary.npy,2,224,81607.0
device8-20_binary.npy,3,224,81607.0
device8-20_binary.npy,4,224,81607.0
device8-20_binary.npy,5,194,81907.0
device8-20_binary.npy,6,194,81907.0
device8-20_binary.npy,7,194,81907.0
device8-20_binary.npy,8,194,81907.0
device8-20_binary.npy,9,194,81907.0
device8-20_binary.npy,10,194,81907.0
device8-20_binary.npy,11,111,82737.0
device8-20_binary.npy,12,111,82737.0
device8-20_binary.npy,13,111,82737.0
device8-20_binary.npy,14,111,82737.0
device8-20_binary.npy,15,111,82737.0
device8-20_binary.npy,16,111,82737.0
device8-20_binary.npy,17,111,82737.0
device8-6_binary.npy,0,446,74510.0
device8-6_binary.npy,1,369,75280.0
device8-6_binary.npy,2,363,75340.0
device8-6_binary.npy,3,363,75340.0
device8-6_binary.npy,4,363,75340.0
device8-6_binary.npy,5,357,75400.0
device8-6_binary.npy,6,357,75400.0
device8-6_binary.npy,7,357,75400.0
device8-6_binary.npy,8,357,75400.0
device8-6_binary.npy,9,341,75560.0
device8-6_binary.npy,10,341,75560.0
device8-6_binary.npy,11,333,75640.0
device8-6_binary.npy,12,333,75640.0
device8-6_binary.npy,13,333,75640.0
device8-6_binary.npy,14,311,75860.0
device8-6_binary.npy,15,311,75860.0
device8-6_binary.npy,16,300,75970.0
device8-6_binary.npy,17,300,75970.0
device8-6_binary.npy,18,287,76100.0
device8-6_binary.npy,19,287,76100.0
device8-6_binary.npy,20,277,76200.0
device8-6_binary.npy,21,277,76200.0
device8-6_binary.npy,22,277,76200.0
device8-6_binary.npy,23,277,76200.0
device8-6_binary.npy,24,277,76200.0
device8-6_binary.npy,25,274,76230.0
device8-6_binary.npy,26,274,76230.0
device8-6_binary.npy,27,274,76230.0
device8-6_binary.npy,28,274,76230.0
device8-6_binary.npy,29,271,76260.0
device8-6_binary.npy,30,271,76260.0
device8-6_binary.npy,31,270,76270.0
device8-6_binary.npy,32,270,76270.0
device8-6_binary.npy,33,268,76290.0
device8-6_binary.npy,34,268,76290.0
device8-6_binary.npy,35,268,76290.0
device8-6_binary.npy,36,268,76290.0
device8-6_binary.npy,37,268,76290.0
device8-6_binary.npy,38,268,76290.0
device8-6_binary.npy,39,268,76290.0
device8-7_binary.npy,0,403,51195.0
device8-7_binary.npy,1,403,51195.0
device8-7_binary.npy,2,401,51215.0
device8-7_binary.npy,3,302,52205.0
device8-7_binary.npy,4,301,52215.0
device8-7_binary.npy,5,301,52215.0
device8-7_binary.npy,6,301,52215.0
device8-7_binary.npy,7,301,52215.0
device8-7_binary.npy,8,301,52215.0
device8-7_binary.npy,9,301,52215.0
device8-7_binary.npy,10,263,52595.0
device8-7_binary.npy,11,263,52595.0
device8-7_binary.npy,12,263,52595.0
device8-7_binary.npy,13,263,52595.0
device8-7_binary.npy,14,263,52595.0
device8-7_binary.npy,15,231,52915.0
device8-7_binary.npy,16,230,52925.0
device8-7_binary.npy,17,230,52925.0
device8-7_binary.npy,18,229,52935.0
device8-7_binary.npy,19,214,53085.0
device8-7_binary.npy,20,214,53085.0
device8-7_binary.npy,21,214,53085.0
device8-7_binary.npy,22,214,53085.0
device8-7_binary.npy,23,214,53085.0
device8-7_binary.npy,24,211,53115.0
device8-7_binary.npy,25,211,53115.0
device8-7_binary.npy,26,211,53115.0
device8-7_binary.npy,27,211,53115.0
device8-7_binary.npy,28,211,53115.0
device8-7_binary.npy,29,209,53135.0
device8-7_binary.npy,30,208,53145.0
device8-7_binary.npy,31,208,53145.0
device8-7_binary.npy,32,208,53145.0
device8-7_binary.npy,33,208,53145.0
device8-7_binary.npy,34,208,53145.0
device8-7_binary.npy,35,208,53145.0
device8-7_binary.npy,36,208,53145.0
device9-10_binary.npy,0,403,113835.0
device9-10_binary.npy,1,348,114385.0
device9-10_binary.npy,2,342,114445.0
device9-10_binary.npy,3,334,114525.0
device9-10_binary.npy,4,334,114525.0
device9-10_binary.npy,5,333,114535.0
device9-10_binary.npy,6,308,114785.0
device9-10_binary.npy,7,308,114785.0
device9-10_binary.npy,8,308,114785.0
device9-10_binary.npy,9,301,114855.0
device9-10_binary.npy,10,300,114865.0
device9-10_binary.npy,11,300,114865.0
device9-10_binary.npy,12,286,115005.0
device9-10_binary.npy,13,286,115005.0
device9-10_binary.npy,14,286,115005.0
device9-10_binary.npy,15,286,115005.0
device9-10_binary.npy,16,284,115025.0
device9-10_binary.npy,17,284,115025.0
device9-10_binary.npy,18,279,115075.0
device9-10_binary.npy,19,279,115075.0
device9-10_binary.npy,20,279,115075.0
device9-10_binary.npy,21,278,115085.0
device9-10_binary.npy,22,278,115085.0
device9-10_binary.npy,23,277,115095.0
device9-10_binary.npy,24,277,115095.0
device9-10_binary.npy,25,276,115105.0
device9-10_binary.npy,26,275,115115.0
device9-10_binary.npy,27,275,115115.0
device9-10_binary.npy,28,275,115115.0
device9-10_binary.npy,29,275,115115.0
device9-10_binary.npy,30,274,115125.0
device9-10_binary.npy,31,274,115125.0
device9-10_binary.npy,32,274,115125.0
device9-10_binary.npy,33,274,115125.0
device9-10_binary.npy,34,274,115125.0
device9-10_binary.npy,35,274,115125.0
device9-10_binary.npy,36,274,115125.0
device9-1_binary.npy,0,395,119331.0
device9-1_binary.npy,1,365,119631.0
device9-1_binary.npy,2,365,119631.0
device9-1_binary.npy,3,322,120061.0
device9-1_binary.npy,4,322,120061.0
device9-1_binary.npy,5,300,120281.0
device9-1_binary.npy,6,300,120281.0
device9-1_binary.npy,7,300,120281.0
device9-1_binary.npy,8,294,120341.0
device9-1_binary.npy,9,294,120341.0
device9-1_binary.npy,10,294,120341.0
device9-1_binary.npy,11,291,120371.0
device9-1_binary.npy,12,291,120371.0
device9-1_binary.npy,13,280,120481.0
device9-1_binary.npy,14,280,120481.0
device9-1_binary.npy,15,280,120481.0
device9-1_binary.npy,16,270,120581.0
device9-1_binary.npy,17,270,120581.0
device9-1_binary.npy,18,270,120581.0
device9-1_binary.npy,19,270,120581.0
device9-1_binary.npy,20,270,120581.0
device9-1_binary.npy,21,269,120591.0
device9-1_binary.npy,22,269,120591.0
device9-1_binary.npy,23,269,120591.0
device9-1_binary.npy,24,267,120611.0
device9-1_binary.npy,25,267,120611.0
device9-1_binary.npy,26,267,120611.0
device9-1_binary.npy,27,267,120611.0
device9-1_binary.npy,28,267,120611.0
device9-1_binary.npy,29,267,120611.0
device9-1_binary.npy,30,267,120611.0
device9-5_binary.npy,0,785,107928.0
device9-5_binary.npy,1,591,109868.0
device9-5_binary.npy,2,591,109868.0
device9-5_binary.npy,3,579,109988.0
device9-5_binary.npy,4,579,109988.0
device9-5_binary.npy,5,579,109988.0
device9-5_binary.npy,6,579,109988.0
device9-5_binary.npy,7,579,109988.0
device9-5_binary.npy,8,579,109988.0
device9-5_binary.npy,9,556,110218.0
device9-5_binary.npy,10,556,110218.0
device9-5_binary.npy,11,534,110438.0
device9-5_binary.npy,12,534,110438.0
device9-5_binary.npy,13,495,110828.0
device9-5_binary.npy,14,495,110828.0
device9-5_binary.npy,15,495,110828.0
device9-5_binary.npy,16,495,110828.0
device9-5_binary.npy,17,495,110828.0
device9-5_binary.npy,18,472,111058.0
device9-5_binary.npy,19,472,111058.0
device9-5_binary.npy,20,472,111058.0
device9-5_binary.npy,21,472,111058.0
device9-5_binary.npy,22,472,111058.0
device9-5_binary.npy,23,472,111058.0
device9-5_binary.npy,24,472,111058.0
device9-9_binary.npy,0,829,107916.0
device9-9_binary.npy,1,829,107916.0
device9-9_binary.npy,2,654,109666.0
device9-9_binary.npy,3,654,109666.0
device9-9_binary.npy,4,654,109666.0
device9-9_binary.npy,5,654,109666.0
device9-9_binary.npy,6,654,109666.0
device9-9_binary.npy,7,654,109666.0
device9-9_binary.npy,8,654,109666.0
dog-13_binary.npy,0,199,5622.0
dog-13_binary.npy,1,167,5942.0
dog-13_binary.npy,2,167,5942.0
dog-13_binary.npy,3,167,5942.0
dog-13_binary.npy,4,165,5962.0
dog-13_binary.npy,5,150,6112.0
dog-13_binary.npy,6,150,6112.0
dog-13_binary.npy,7,150,6112.0
dog-13_binary.npy,8,150,6112.0
dog-13_binary.npy,9,147,6142.0
dog-13_binary.npy,10,147,6142.0
dog-13_binary.npy,11,147,6142.0
dog-13_binary.npy,12,147,6142.0
dog-13_binary.npy,13,147,6142.0
dog-13_binary.npy,14,147,6142.0
dog-13_binary.npy,15,144,6172.0
dog-13_binary.npy,16,143,6182.0
dog-13_binary.npy,17,143,6182.0
dog-13_binary.npy,18,140,6212.0
dog-13_binary.npy,19,140,6212.0
dog-13_binary.npy,20,140,6212.0
dog-13_binary.npy,21,140,6212.0
dog-13_binary.npy,22,140,6212.0
dog-13_binary.npy,23,140,6212.0
dog-13_binary.npy,24,138,6232.0
dog-13_binary.npy,25,138,6232.0
dog-13_binary.npy,26,138,6232.0
dog-13_binary.npy,27,138,6232.0
dog-13_binary.npy,28,138,6232.0
dog-13_binary.npy,29,138,6232.0
dog-13_binary.npy,30,138,6232.0
dog-17_binary.npy,0,219,2102.0
dog-17_binary.npy,1,219,2102.0
dog-17_binary.npy,2,202,2272.0
dog-17_binary.npy,3,165,2642.0
dog-17_binary.npy,4,165,2642.0
dog-17_binary.npy,5,165,2642.0
dog-17_binary.npy,6,165,2642.0
dog-17_binary.npy,7,148,2812.0
dog-17_binary.npy,8,148,2812.0
dog-17_binary.npy,9,148,2812.0
dog-17_binary.npy,10,146,2832.0
dog-17_binary.npy,11,146,2832.0
dog-17_binary.npy,12,139,2902.0
dog-17_binary.npy,13,139,2902.0
dog-17_binary.npy,14,139,2902.0
dog-17_binary.npy,15,135,2942.0
dog-17_binary.npy,16,135,2942.0
dog-17_binary.npy,17,135,2942.0
dog-17_binary.npy,18,133,2962.0
dog-17_binary.npy,19,133,2962.0
dog-17_binary.npy,20,133,2962.0
dog-17_binary.npy,21,132,2972.0
dog-17_binary.npy,22,131,2982.0
dog-17_binary.npy,23,131,2982.0
dog-17_binary.npy,24,131,2982.0
dog-17_binary.npy,25,131,2982.0
dog-17_binary.npy,26,130,2992.0
dog-17_binary.npy,27,130,2992.0
dog-17_binary.npy,28,130,2992.0
dog-17_binary.npy,29,128,3012.0
dog-17_binary.npy,30,128,3012.0
dog-17_binary.npy,31,128,3012.0
dog-17_binary.npy,32,127,3022.0
dog-17_binary.npy,33,127,3022.0
dog-17_binary.npy,34,127,3022.0
dog-17_binary.npy,35,127,3022.0
dog-17_binary.npy,36,127,3022.0
dog-17_binary.npy,37,127,3022.0
dog-17_binary.npy,38,127,3022.0
dog-19_binary.npy,0,1927,30954.0
dog-19_binary.npy,1,1613,34094.0
dog-19_binary.npy,2,1583,34394.0
dog-19_binary.npy,3,1541,34814.0
dog-19_binary.npy,4,1541,34814.0
dog-19_binary.npy,5,1541,34814.0
dog-19_binary.npy,6,1541,34814.0
dog-19_binary.npy,7,1541,34814.0
dog-19_binary.npy,8,1541,34814.0
dog-19_binary.npy,9,1296,37264.0
dog-19_binary.npy,10,1296,37264.0
dog-19_binary.npy,11,1296,37264.0
dog-19_binary.npy,12,1296,37264.0
dog-19_binary.npy,13,1296,37264.0
dog-19_binary.npy,14,1296,37264.0
dog-19_binary.npy,15,1296,37264.0
dog-20_binary.npy,0,275,17697.0
dog-20_binary.npy,1,272,17727.0
dog-20_binary.npy,2,227,18177.0
dog-20_binary.npy,3,227,18177.0
dog-20_binary.npy,4,227,18177.0
dog-20_binary.npy,5,227,18177.0
dog-20_binary.npy,6,227,18177.0
dog-20_binary.npy,7,227,18177.0
dog-20_binary.npy,8,216,18287.0
dog-20_binary.npy,9,216,18287.0
dog-20_binary.npy,10,216,18287.0
dog-20_binary.npy,11,209,18357.0
dog-20_binary.npy,12,203,18417.0
dog-20_binary.npy,13,203,18417.0
dog-20_binary.npy,14,203,18417.0
dog-20_binary.npy,15,201,18437.0
dog-20_binary.npy,16,201,18437.0
dog-20_binary.npy,17,201,18437.0
dog-20_binary.npy,18,201,18437.0
dog-20_binary.npy,19,201,18437.0
dog-20_binary.npy,20,201,18437.0
dog-20_binary.npy,21,201,18437.0
elephant-11_binary.npy,0,448,47208.0
elephant-11_binary.npy,1,443,47258.0
elephant-11_binary.npy,2,363,48058.0
elephant-11_binary.npy,3,363,48058.0
elephant-11_binary.npy,4,363,48058.0
elephant-11_binary.npy,5,363,48058.0
elephant-11_binary.npy,6,348,48208.0
elephant-11_binary.npy,7,343,48258.0
elephant-11_binary.npy,8,343,48258.0
elephant-11_binary.npy,9,343,48258.0
elephant-11_binary.npy,10,332,48368.0
elephant-11_binary.npy,11,332,48368.0
elephant-11_binary.npy,12,329,48398.0
elephant-11_binary.npy,13,327,48418.0
elephant-11_binary.npy,14,327,48418.0
elephant-11_binary.npy,15,316,48528.0
elephant-11_binary.npy,16,316,48528.0
elephant-11_binary.npy,17,311,48578.0
elephant-11_binary.npy,18,311,48578.0
elephant-11_binary.npy,19,304,48648.0
elephant-11_binary.npy,20,304,48648.0
elephant-11_binary.npy,21,304,48648.0
elephant-11_binary.npy,22,304,48648.0
elephant-11_binary.npy,23,304,48648.0
elephant-11_binary.npy,24,300,48688.0
elephant-11_binary.npy,25,292,48768.0
elephant-11_binary.npy,26,292,48768.0
elephant-11_binary.npy,27,292,48768.0
elephant-11_binary.npy,28,292,48768.0
elephant-11_binary.npy,29,292,48768.0
elephant-11_binary.npy,30,292,48768.0
elephant-11_binary.npy,31,292,48768.0
elephant-12_binary.npy,0,1203,206762.0
elephant-12_binary.npy,1,1051,208282.0
elephant-12_binary.npy,2,949,209302.0
elephant-12_binary.npy,3,949,209302.0
elephant-12_binary.npy,4,939,209402.0
elephant-12_binary.npy,5,939,209402.0
elephant-12_binary.npy,6,939,209402.0
elephant-12_binary.npy,7,939,209402.0
elephant-12_binary.npy,8,939,209402.0
elephant-12_binary.npy,9,938,209412.0
elephant-12_binary.npy,10,938,209412.0
elephant-12_binary.npy,11,938,209412.0
elephant-12_binary.npy,12,925,209542.0
elephant-12_binary.npy,13,869,210102.0
elephant-12_binary.npy,14,869,210102.0
elephant-12_binary.npy,15,869,210102.0
elephant-12_binary.npy,16,869,210102.0
elephant-12_binary.npy,17,857,210222.0
elephant-12_binary.npy,18,850,210292.0
elephant-12_binary.npy,19,850,210292.0
elephant-12_binary.npy,20,833,210462.0
elephant-12_binary.npy,21,833,210462.0
elephant-12_binary.npy,22,833,210462.0
elephant-12_binary.npy,23,833,210462.0
elephant-12_binary.npy,24,833,210462.0
elephant-12_binary.npy,25,802,210772.0
elephant-12_binary.npy,26,781,210982.0
elephant-12_binary.npy,27,781,210982.0
elephant-12_binary.npy,28,781,210982.0
elephant-12_binary.npy,29,777,211022.0
elephant-12_binary.npy,30,777,211022.0
elephant-12_binary.npy,31,773,211062.0
elephant-12_binary.npy,32,772,211072.0
elephant-12_binary.npy,33,772,211072.0
elephant-12_binary.npy,34,765,211142.0
elephant-12_binary.npy,35,762,211172.0
elephant-12_binary.npy,36,759,211202.0
elephant-12_binary.npy,37,759,211202.0
elephant-12_binary.npy,38,759,211202.0
elephant-12_binary.npy,39,759,211202.0
elephant-12_binary.npy,40,758,211212.0
elephant-12_binary.npy,41,756,211232.0
elephant-12_binary.npy,42,756,211232.0
elephant-12_binary.npy,43,756,211232.0
elephant-12_binary.npy,44,755,211242.0
elephant-12_binary.npy,45,755,211242.0
elephant-12_binary.npy,46,754,211252.0
elephant-12_binary.npy,47,754,211252.0
elephant-12_binary.npy,48,754,211252.0
elephant-12_binary.npy,49,754,211252.0
elephant-12_binary.npy,50,754,211252.0
elephant-12_binary.npy,51,753,211262.0
elephant-12_binary.npy,52,753,211262.0
elephant-12_binary.npy,53,753,211262.0
elephant-12_binary.npy,54,753,211262.0
elephant-12_binary.npy,55,753,211262.0
elephant-12_binary.npy,56,753,211262.0
elephant-12_binary.npy,57,753,211262.0
elephant-17_binary.npy,0,264,21707.0
elephant-17_binary.npy,1,233,22017.0
elephant-17_binary.npy,2,233,22017.0
elephant-17_binary.npy,3,231,22037.0
elephant-17_binary.npy,4,231,22037.0
elephant-17_binary.npy,5,226,22087.0
elephant-17_binary.npy,6,226,22087.0
elephant-17_binary.npy,7,226,22087.0
elephant-17_binary.npy,8,210,22247.0
elephant-17_binary.npy,9,210,22247.0
elephant-17_binary.npy,10,210,22247.0
elephant-17_binary.npy,11,210,22247.0
elephant-17_binary.npy,12,210,22247.0
elephant-17_binary.npy,13,210,22247.0
elephant-17_binary.npy,14,210,22247.0
elephant-7_binary.npy,0,754,119295.0
elephant-7_binary.npy,1,738,119455.0
elephant-7_binary.npy,2,691,119925.0
elephant-7_binary.npy,3,691,119925.0
elephant-7_binary.npy,4,691,119925.0
elephant-7_binary.npy,5,691,119925.0
elephant-7_binary.npy,6,684,119995.0
elephant-7_binary.npy,7,684,119995.0
elephant-7_binary.npy,8,684,119995.0
elephant-7_binary.npy,9,670,120135.0
elephant-7_binary.npy,10,670,120135.0
elephant-7_binary.npy,11,670,120135.0
elephant-7_binary.npy,12,663,120205.0
elephant-7_binary.npy,13,663,120205.0
elephant-7_binary.npy,14,663,120205.0
elephant-7_binary.npy,15,660,120235.0
elephant-7_binary.npy,16,660,120235.0
elephant-7_binary.npy,17,660,120235.0
elephant-7_binary.npy,18,660,120235.0
elephant-7_binary.npy,19,660,120235.0
elephant-7_binary.npy,20,660,120235.0
elephant-7_binary.npy,21,658,120255.0
elephant-7_binary.npy,22,658,120255.0
elephant-7_binary.npy,23,658,120255.0
elephant-7_binary.npy,24,658,120255.0
elephant-7_binary.npy,25,657,120265.0
elephant-7_binary.npy,26,657,120265.0
elephant-7_binary.npy,27,657,120265.0
elephant-7_binary.npy,28,657,120265.0
elephant-7_binary.npy,29,657,120265.0
elephant-7_binary.npy,30,656,120275.0
elephant-7_binary.npy,31,656,120275.0
elephant-7_binary.npy,32,656,120275.0
elephant-7_binary.npy,33,656,120275.0
elephant-7_binary.npy,34,656,120275.0
elephant-7_binary.npy,35,656,120275.0
elephant-7_binary.npy,36,656,120275.0
face-12_binary.npy,0,189,38007.0
face-12_binary.npy,1,176,38137.0
face-12_binary.npy,2,176,38137.0
face-12_binary.npy,3,176,38137.0
face-12_binary.npy,4,176,38137.0
face-12_binary.npy,5,172,38177.0
face-12_binary.npy,6,170,38197.0
face-12_binary.npy,7,170,38197.0
face-12_binary.npy,8,170,38197.0
face-12_binary.npy,9,170,38197.0
face-12_binary.npy,10,170,38197.0
face-12_binary.npy,11,170,38197.0
face-12_binary.npy,12,168,38217.0
face-12_binary.npy,13,167,38227.0
face-12_binary.npy,14,167,38227.0
face-12_binary.npy,15,167,38227.0
face-12_binary.npy,16,167,38227.0
face-12_binary.npy,17,167,38227.0
face-12_binary.npy,18,167,38227.0
face-12_binary.npy,19,167,38227.0
face-14_binary.npy,0,185,37156.0
face-14_binary.npy,1,185,37156.0
face-14_binary.npy,2,185,37156.0
face-14_binary.npy,3,176,37246.0
face-14_binary.npy,4,175,37256.0
face-14_binary.npy,5,174,37266.0
face-14_binary.npy,6,174,37266.0
face-14_binary.npy,7,174,37266.0
face-14_binary.npy,8,168,37326.0
face-14_binary.npy,9,168,37326.0
face-14_binary.npy,10,168,37326.0
face-14_binary.npy,11,168,37326.0
face-14_binary.npy,12,168,37326.0
face-14_binary.npy,13,166,37346.0
face-14_binary.npy,14,166,37346.0
face-14_binary.npy,15,164,37366.0
face-14_binary.npy,16,164,37366.0
face-14_binary.npy,17,164,37366.0
face-14_binary.npy,18,164,37366.0
face-14_binary.npy,19,164,37366.0
face-14_binary.npy,20,164,37366.0
face-14_binary.npy,21,164,37366.0
face-5_binary.npy,0,194,36831.0
face-5_binary.npy,1,185,36921.0
face-5_binary.npy,2,185,36921.0
face-5_binary.npy,3,182,36951.0
face-5_binary.npy,4,182,36951.0
face-5_binary.npy,5,175,37021.0
face-5_binary.npy,6,175,37021.0
face-5_binary.npy,7,175,37021.0
face-5_binary.npy,8,175,37021.0
face-5_binary.npy,9,175,37021.0
face-5_binary.npy,10,172,37051.0
face-5_binary.npy,11,172,37051.0
face-5_binary.npy,12,172,37051.0
face-5_binary.npy,13,172,37051.0
face-5_binary.npy,14,172,37051.0
face-5_binary.npy,15,171,37061.0
face-5_binary.npy,16,171,37061.0
face-5_binary.npy,17,171,37061.0
face-5_binary.npy,18,171,37061.0
face-5_binary.npy,19,171,37061.0
face-5_binary.npy,20,171,37061.0
face-5_binary.npy,21,171,37061.0
face-7_binary.npy,0,191,37527.0
face-7_binary.npy,1,188,37557.0
face-7_binary.npy,2,182,37617.0
face-7_binary.npy,3,182,37617.0
face-7_binary.npy,4,177,37667.0
face-7_binary.npy,5,177,37667.0
face-7_binary.npy,6,177,37667.0
face-7_binary.npy,7,173,37707.0
face-7_binary.npy,8,173,37707.0
face-7_binary.npy,9,173,37707.0
face-7_binary.npy,10,173,37707.0
face-7_binary.npy,11,173,37707.0
face-7_binary.npy,12,173,37707.0
face-7_binary.npy,13,173,37707.0
fish-14_binary.npy,0,127,17802.0
fish-14_binary.npy,1,118,17892.0
fish-14_binary.npy,2,113,17942.0
fish-14_binary.npy,3,113,17942.0
fish-14_binary.npy,4,109,17982.0
fish-14_binary.npy,5,109,17982.0
fish-14_binary.npy,6,109,17982.0
fish-14_binary.npy,7,107,18002.0
fish-14_binary.npy,8,107,18002.0
fish-14_binary.npy,9,107,18002.0
fish-14_binary.npy,10,107,18002.0
fish-14_binary.npy,11,107,18002.0
fish-14_binary.npy,12,107,18002.0
fish-14_binary.npy,13,107,18002.0
fish-15_binary.npy,0,75,6769.0
fish-15_binary.npy,1,72,6799.0
fish-15_binary.npy,2,72,6799.0
fish-15_binary.npy,3,71,6809.0
fish-15_binary.npy,4,70,6819.0
fish-15_binary.npy,5,69,6829.0
fish-15_binary.npy,6,69,6829.0
fish-15_binary.npy,7,69,6829.0
fish-15_binary.npy,8,67,6849.0
fish-15_binary.npy,9,67,6849.0
fish-15_binary.npy,10,67,6849.0
fish-15_binary.npy,11,66,6859.0
fish-15_binary.npy,12,66,6859.0
fish-15_binary.npy,13,66,6859.0
fish-15_binary.npy,14,66,6859.0
fish-15_binary.npy,15,66,6859.0
fish-15_binary.npy,16,66,6859.0
fish-15_binary.npy,17,66,6859.0
fish-5_binary.npy,0,145,13411.0
fish-5_binary.npy,1,131,13551.0
fish-5_binary.npy,2,125,13611.0
fish-5_binary.npy,3,125,13611.0
fish-5_binary.npy,4,125,13611.0
fish-5_binary.npy,5,125,13611.0
fish-5_binary.npy,6,125,13611.0
fish-5_binary.npy,7,125,13611.0
fish-5_binary.npy,8,124,13621.0
fish-5_binary.npy,9,124,13621.0
fish-5_binary.npy,10,124,13621.0
fish-5_binary.npy,11,123,13631.0
fish-5_binary.npy,12,120,13661.0
fish-5_binary.npy,13,119,13671.0
fish-5_binary.npy,14,119,13671.0
fish-5_binary.npy,15,116,13701.0
fish-5_binary.npy,16,116,13701.0
fish-5_binary.npy,17,116,13701.0
fish-5_binary.npy,18,116,13701.0
fish-5_binary.npy,19,115,13711.0
fish-5_binary.npy,20,115,13711.0
fish-5_binary.npy,21,115,13711.0
fish-5_binary.npy,22,115,13711.0
fish-5_binary.npy,23,115,13711.0
fish-5_binary.npy,24,115,13711.0
fish-5_binary.npy,25,115,13711.0
fish-7_binary.npy,0,198,18763.0
fish-7_binary.npy,1,167,19073.0
fish-7_binary.npy,2,167,19073.0
fish-7_binary.npy,3,167,19073.0
fish-7_binary.npy,4,167,19073.0
fish-7_binary.npy,5,167,19073.0
fish-7_binary.npy,6,167,19073.0
fish-7_binary.npy,7,163,19113.0
fish-7_binary.npy,8,162,19123.0
fish-7_binary.npy,9,162,19123.0
fish-7_binary.npy,10,159,19153.0
fish-7_binary.npy,11,159,19153.0
fish-7_binary.npy,12,159,19153.0
fish-7_binary.npy,13,159,19153.0
fish-7_binary.npy,14,159,19153.0
fish-7_binary.npy,15,158,19163.0
fish-7_binary.npy,16,157,19173.0
fish-7_binary.npy,17,157,19173.0
fish-7_binary.npy,18,157,19173.0
fish-7_binary.npy,19,157,19173.0
fish-7_binary.npy,20,156,19183.0
fish-7_binary.npy,21,156,19183.0
fish-7_binary.npy,22,156,19183.0
fish-7_binary.npy,23,155,19193.0
fish-7_binary.npy,24,155,19193.0
fish-7_binary.npy,25,153,19213.0
fish-7_binary.npy,26,153,19213.0
fish-7_binary.npy,27,153,19213.0
fish-7_binary.npy,28,153,19213.0
fish-7_binary.npy,29,153,19213.0
fish-7_binary.npy,30,153,19213.0
fish-7_binary.npy,31,153,19213.0
flatfish-16_binary.npy,0,219,41606.0
flatfish-16_binary.npy,1,216,41636.0
flatfish-16_binary.npy,2,216,41636.0
flatfish-16_binary.npy,3,213,41666.0
flatfish-16_binary.npy,4,211,41686.0
flatfish-16_binary.npy,5,209,41706.0
flatfish-16_binary.npy,6,208,41716.0
flatfish-16_binary.npy,7,204,41756.0
flatfish-16_binary.npy,8,204,41756.0
flatfish-16_binary.npy,9,204,41756.0
flatfish-16_binary.npy,10,204,41756.0
flatfish-16_binary.npy,11,204,41756.0
flatfish-16_binary.npy,12,204,41756.0
flatfish-16_binary.npy,13,204,41756.0
flatfish-18_binary.npy,0,223,43867.0
flatfish-18_binary.npy,1,223,43867.0
flatfish-18_binary.npy,2,223,43867.0
flatfish-18_binary.npy,3,223,43867.0
flatfish-18_binary.npy,4,221,43887.0
flatfish-18_binary.npy,5,218,43917.0
flatfish-18_binary.npy,6,218,43917.0
flatfish-18_binary.npy,7,218,43917.0
flatfish-18_binary.npy,8,215,43947.0
flatfish-18_binary.npy,9,214,43957.0
flatfish-18_binary.npy,10,214,43957.0
flatfish-18_binary.npy,11,214,43957.0
flatfish-18_binary.npy,12,214,43957.0
flatfish-18_binary.npy,13,212,43977.0
flatfish-18_binary.npy,14,212,43977.0
flatfish-18_binary.npy,15,212,43977.0
flatfish-18_binary.npy,16,211,43987.0
flatfish-18_binary.npy,17,211,43987.0
flatfish-18_binary.npy,18,211,43987.0
flatfish-18_binary.npy,19,211,43987.0
flatfish-18_binary.npy,20,211,43987.0
flatfish-18_binary.npy,21,211,43987.0
flatfish-18_binary.npy,22,211,43987.0
flatfish-3_binary.npy,0,294,55893.0
flatfish-3_binary.npy,1,281,56023.0
flatfish-3_binary.npy,2,281,56023.0
flatfish-3_binary.npy,3,281,56023.0
flatfish-3_binary.npy,4,281,56023.0
flatfish-3_binary.npy,5,277,56063.0
flatfish-3_binary.npy,6,277,56063.0
flatfish-3_binary.npy,7,276,56073.0
flatfish-3_binary.npy,8,276,56073.0
flatfish-3_binary.npy,9,273,56103.0
flatfish-3_binary.npy,10,273,56103.0
flatfish-3_binary.npy,11,273,56103.0
flatfish-3_binary.npy,12,273,56103.0
flatfish-3_binary.npy,13,273,56103.0
flatfish-3_binary.npy,14,272,56113.0
flatfish-3_binary.npy,15,272,56113.0
flatfish-3_binary.npy,16,272,56113.0
flatfish-3_binary.npy,17,272,56113.0
flatfish-3_binary.npy,18,272,56113.0
flatfish-3_binary.npy,19,271,56123.0
flatfish-3_binary.npy,20,271,56123.0
flatfish-3_binary.npy,21,271,56123.0
flatfish-3_binary.npy,22,271,56123.0
flatfish-3_binary.npy,23,271,56123.0
flatfish-3_binary.npy,24,271,56123.0
flatfish-3_binary.npy,25,271,56123.0
flatfish-6_binary.npy,0,220,44862.0
flatfish-6_binary.npy,1,210,44962.0
flatfish-6_binary.npy,2,207,44992.0
flatfish-6_binary.npy,3,207,44992.0
flatfish-6_binary.npy,4,207,44992.0
flatfish-6_binary.npy,5,207,44992.0
flatfish-6_binary.npy,6,204,45022.0
flatfish-6_binary.npy,7,204,45022.0
flatfish-6_binary.npy,8,203,45032.0
flatfish-6_binary.npy,9,202,45042.0
flatfish-6_binary.npy,10,201,45052.0
flatfish-6_binary.npy,11,201,45052.0
flatfish-6_binary.npy,12,200,45062.0
flatfish-6_binary.npy,13,200,45062.0
flatfish-6_binary.npy,14,200,45062.0
flatfish-6_binary.npy,15,200,45062.0
flatfish-6_binary.npy,16,199,45072.0
flatfish-6_binary.npy,17,199,45072.0
flatfish-6_binary.npy,18,198,45082.0
flatfish-6_binary.npy,19,198,45082.0
flatfish-6_binary.npy,20,198,45082.0
flatfish-6_binary.npy,21,198,45082.0
flatfish-6_binary.npy,22,198,45082.0
flatfish-6_binary.npy,23,198,45082.0
flatfish-6_binary.npy,24,198,45082.0
fly-16_binary.npy,0,572,15388.0
fly-16_binary.npy,1,564,15468.0
fly-16_binary.npy,2,552,15588.0
fly-16_binary.npy,3,533,15778.0
fly-16_binary.npy,4,533,15778.0
fly-16_binary.npy,5,533,15778.0
fly-16_binary.npy,6,533,15778.0
fly-16_binary.npy,7,533,15778.0
fly-16_binary.npy,8,533,15778.0
fly-16_binary.npy,9,485,16258.0
fly-16_binary.npy,10,483,16278.0
fly-16_binary.npy,11,483,16278.0
fly-16_binary.npy,12,483,16278.0
fly-16_binary.npy,13,482,16288.0
fly-16_binary.npy,14,474,16368.0
fly-16_binary.npy,15,474,16368.0
fly-16_binary.npy,16,474,16368.0
fly-16_binary.npy,17,474,16368.0
fly-16_binary.npy,18,467,16438.0
fly-16_binary.npy,19,467,16438.0
fly-16_binary.npy,20,458,16528.0
fly-16_binary.npy,21,454,16568.0
fly-16_binary.npy,22,454,16568.0
fly-16_binary.npy,23,454,16568.0
fly-16_binary.npy,24,454,16568.0
fly-16_binary.npy,25,453,16578.0
fly-16_binary.npy,26,452,16588.0
fly-16_binary.npy,27,447,16638.0
fly-16_binary.npy,28,447,16638.0
fly-16_binary.npy,29,447,16638.0
fly-16_binary.npy,30,447,16638.0
fly-16_binary.npy,31,447,16638.0
fly-16_binary.npy,32,445,16658.0
fly-16_binary.npy,33,445,16658.0
fly-16_binary.npy,34,445,16658.0
fly-16_binary.npy,35,444,16668.0
fly-16_binary.npy,36,444,16668.0
fly-16_binary.npy,37,444,16668.0
fly-16_binary.npy,38,444,16668.0
fly-16_binary.npy,39,440,16708.0
fly-16_binary.npy,40,440,16708.0
fly-16_binary.npy,41,440,16708.0
fly-16_binary.npy,42,440,16708.0
fly-16_binary.npy,43,440,16708.0
fly-16_binary.npy,44,440,16708.0
fly-16_binary.npy,45,440,16708.0
fly-19_binary.npy,0,431,10162.0
fly-19_binary.npy,1,372,10752.0
fly-19_binary.npy,2,372,10752.0
fly-19_binary.npy,3,372,10752.0
fly-19_binary.npy,4,336,11112.0
fly-19_binary.npy,5,336,11112.0
fly-19_binary.npy,6,336,11112.0
fly-19_binary.npy,7,336,11112.0
fly-19_binary.npy,8,319,11282.0
fly-19_binary.npy,9,319,11282.0
fly-19_binary.npy,10,319,11282.0
fly-19_binary.npy,11,319,11282.0
fly-19_binary.npy,12,319,11282.0
fly-19_binary.npy,13,319,11282.0
fly-19_binary.npy,14,315,11322.0
fly-19_binary.npy,15,307,11402.0
fly-19_binary.npy,16,307,11402.0
fly-19_binary.npy,17,300,11472.0
fly-19_binary.npy,18,300,11472.0
fly-19_binary.npy,19,300,11472.0
fly-19_binary.npy,20,300,11472.0
fly-19_binary.npy,21,294,11532.0
fly-19_binary.npy,22,294,11532.0
fly-19_binary.npy,23,293,11542.0
fly-19_binary.npy,24,290,11572.0
fly-19_binary.npy,25,290,11572.0
fly-19_binary.npy,26,290,11572.0
fly-19_binary.npy,27,286,11612.0
fly-19_binary.npy,28,286,11612.0
fly-19_binary.npy,29,286,11612.0
fly-19_binary.npy,30,286,11612.0
fly-19_binary.npy,31,286,11612.0
fly-19_binary.npy,32,286,11612.0
fly-19_binary.npy,33,286,11612.0
fly-2_binary.npy,0,393,14139.0
fly-2_binary.npy,1,313,14939.0
fly-2_binary.npy,2,313,14939.0
fly-2_binary.npy,3,313,14939.0
fly-2_binary.npy,4,313,14939.0
fly-2_binary.npy,5,300,15069.0
fly-2_binary.npy,6,273,15339.0
fly-2_binary.npy,7,273,15339.0
fly-2_binary.npy,8,273,15339.0
fly-2_binary.npy,9,273,15339.0
fly-2_binary.npy,10,265,15419.0
fly-2_binary.npy,11,265,15419.0
fly-2_binary.npy,12,264,15429.0
fly-2_binary.npy,13,264,15429.0
fly-2_binary.npy,14,264,15429.0
fly-2_binary.npy,15,264,15429.0
fly-2_binary.npy,16,259,15479.0
fly-2_binary.npy,17,253,15539.0
fly-2_binary.npy,18,251,15559.0
fly-2_binary.npy,19,246,15609.0
fly-2_binary.npy,20,246,15609.0
fly-2_binary.npy,21,246,15609.0
fly-2_binary.npy,22,246,15609.0
fly-2_binary.npy,23,245,15619.0
fly-2_binary.npy,24,245,15619.0
fly-2_binary.npy,25,244,15629.0
fly-2_binary.npy,26,244,15629.0
fly-2_binary.npy,27,244,15629.0
fly-2_binary.npy,28,244,15629.0
fly-2_binary.npy,29,242,15649.0
fly-2_binary.npy,30,242,15649.0
fly-2_binary.npy,31,242,15649.0
fly-2_binary.npy,32,242,15649.0
fly-2_binary.npy,33,242,15649.0
fly-2_binary.npy,34,242,15649.0
fly-2_binary.npy,35,242,15649.0
fly-7_binary.npy,0,530,14926.0
fly-7_binary.npy,1,509,15136.0
fly-7_binary.npy,2,509,15136.0
fly-7_binary.npy,3,509,15136.0
fly-7_binary.npy,4,509,15136.0
fly-7_binary.npy,5,477,15456.0
fly-7_binary.npy,6,477,15456.0
fly-7_binary.npy,7,467,15556.0
fly-7_binary.npy,8,443,15796.0
fly-7_binary.npy,9,443,15796.0
fly-7_binary.npy,10,443,15796.0
fly-7_binary.npy,11,443,15796.0
fly-7_binary.npy,12,443,15796.0
fly-7_binary.npy,13,443,15796.0
fly-7_binary.npy,14,443,15796.0
fork-20_binary.npy,0,159,11103.0
fork-20_binary.npy,1,155,11143.0
fork-20_binary.npy,2,155,11143.0
fork-20_binary.npy,3,155,11143.0
fork-20_binary.npy,4,155,11143.0
fork-20_binary.npy,5,155,11143.0
fork-20_binary.npy,6,155,11143.0
fork-20_binary.npy,7,155,11143.0
fork-4_binary.npy,0,253,24307.0
fork-4_binary.npy,1,247,24367.0
fork-4_binary.npy,2,240,24437.0
fork-4_binary.npy,3,240,24437.0
fork-4_binary.npy,4,240,24437.0
fork-4_binary.npy,5,238,24457.0
fork-4_binary.npy,6,238,24457.0
fork-4_binary.npy,7,238,24457.0
fork-4_binary.npy,8,238,24457.0
fork-4_binary.npy,9,238,24457.0
fork-4_binary.npy,10,237,24467.0
fork-4_binary.npy,11,237,24467.0
fork-4_binary.npy,12,237,24467.0
fork-4_binary.npy,13,237,24467.0
fork-4_binary.npy,14,237,24467.0
fork-4_binary.npy,15,237,24467.0
fork-4_binary.npy,16,237,24467.0
fork-6_binary.npy,0,221,22185.0
fork-6_binary.npy,1,221,22185.0
fork-6_binary.npy,2,210,22295.0
fork-6_binary.npy,3,209,22305.0
fork-6_binary.npy,4,209,22305.0
fork-6_binary.npy,5,209,22305.0
fork-6_binary.npy,6,209,22305.0
fork-6_binary.npy,7,208,22315.0
fork-6_binary.npy,8,206,22335.0
fork-6_binary.npy,9,206,22335.0
fork-6_binary.npy,10,206,22335.0
fork-6_binary.npy,11,205,22345.0
fork-6_binary.npy,12,205,22345.0
fork-6_binary.npy,13,205,22345.0
fork-6_binary.npy,14,205,22345.0
fork-6_binary.npy,15,204,22355.0
fork-6_binary.npy,16,203,22365.0
fork-6_binary.npy,17,203,22365.0
fork-6_binary.npy,18,203,22365.0
fork-6_binary.npy,19,203,22365.0
fork-6_binary.npy,20,203,22365.0
fork-6_binary.npy,21,203,22365.0
fork-6_binary.npy,22,203,22365.0
fork-8_binary.npy,0,160,12547.0
fork-8_binary.npy,1,151,12637.0
fork-8_binary.npy,2,151,12637.0
fork-8_binary.npy,3,150,12647.0
fork-8_binary.npy,4,147,12677.0
fork-8_binary.npy,5,145,12697.0
fork-8_binary.npy,6,141,12737.0
fork-8_binary.npy,7,140,12747.0
fork-8_binary.npy,8,138,12767.0
fork-8_binary.npy,9,138,12767.0
fork-8_binary.npy,10,138,12767.0
fork-8_binary.npy,11,137,12777.0
fork-8_binary.npy,12,137,12777.0
fork-8_binary.npy,13,135,12797.0
fork-8_binary.npy,14,135,12797.0
fork-8_binary.npy,15,135,12797.0
fork-8_binary.npy,16,134,12807.0
fork-8_binary.npy,17,134,12807.0
fork-8_binary.npy,18,134,12807.0
fork-8_binary.npy,19,134,12807.0
fork-8_binary.npy,20,134,12807.0
fork-8_binary.npy,21,134,12807.0
fork-8_binary.npy,22,134,12807.0
fountain-03_binary.npy,0,157,12784.0
fountain-03_binary.npy,1,157,12784.0
fountain-03_binary.npy,2,134,13014.0
fountain-03_binary.npy,3,133,13024.0
fountain-03_binary.npy,4,133,13024.0
fountain-03_binary.npy,5,133,13024.0
fountain-03_binary.npy,6,122,13134.0
fountain-03_binary.npy,7,122,13134.0
fountain-03_binary.npy,8,116,13194.0
fountain-03_binary.npy,9,112,13234.0
fountain-03_binary.npy,10,112,13234.0
fountain-03_binary.npy,11,112,13234.0
fountain-03_binary.npy,12,112,13234.0
fountain-03_binary.npy,13,112,13234.0
fountain-03_binary.npy,14,111,13244.0
fountain-03_binary.npy,15,109,13264.0
fountain-03_binary.npy,16,107,13284.0
fountain-03_binary.npy,17,107,13284.0
fountain-03_binary.npy,18,107,13284.0
fountain-03_binary.npy,19,101,13344.0
fountain-03_binary.npy,20,101,13344.0
fountain-03_binary.npy,21,101,13344.0
fountain-03_binary.npy,22,101,13344.0
fountain-03_binary.npy,23,101,13344.0
fountain-03_binary.npy,24,101,13344.0
fountain-03_binary.npy,25,101,13344.0
fountain-04_binary.npy,0,158,13523.0
fountain-04_binary.npy,1,132,13783.0
fountain-04_binary.npy,2,129,13813.0
fountain-04_binary.npy,3,124,13863.0
fountain-04_binary.npy,4,124,13863.0
fountain-04_binary.npy,5,124,13863.0
fountain-04_binary.npy,6,124,13863.0
fountain-04_binary.npy,7,116,13943.0
fountain-04_binary.npy,8,116,13943.0
fountain-04_binary.npy,9,114,13963.0
fountain-04_binary.npy,10,114,13963.0
fountain-04_binary.npy,11,114,13963.0
fountain-04_binary.npy,12,103,14073.0
fountain-04_binary.npy,13,103,14073.0
fountain-04_binary.npy,14,103,14073.0
fountain-04_binary.npy,15,102,14083.0
fountain-04_binary.npy,16,102,14083.0
fountain-04_binary.npy,17,102,14083.0
fountain-04_binary.npy,18,102,14083.0
fountain-04_binary.npy,19,102,14083.0
fountain-04_binary.npy,20,102,14083.0
fountain-04_binary.npy,21,102,14083.0
fountain-08_binary.npy,0,163,13801.0
fountain-08_binary.npy,1,162,13811.0
fountain-08_binary.npy,2,162,13811.0
fountain-08_binary.npy,3,141,14021.0
fountain-08_binary.npy,4,133,14101.0
fountain-08_binary.npy,5,133,14101.0
fountain-08_binary.npy,6,122,14211.0
fountain-08_binary.npy,7,122,14211.0
fountain-08_binary.npy,8,122,14211.0
fountain-08_binary.npy,9,122,14211.0
fountain-08_binary.npy,10,122,14211.0
fountain-08_binary.npy,11,120,14231.0
fountain-08_binary.npy,12,120,14231.0
fountain-08_binary.npy,13,120,14231.0
fountain-08_binary.npy,14,120,14231.0
fountain-08_binary.npy,15,118,14251.0
fountain-08_binary.npy,16,116,14271.0
fountain-08_binary.npy,17,114,14291.0
fountain-08_binary.npy,18,114,14291.0
fountain-08_binary.npy,19,114,14291.0
fountain-08_binary.npy,20,111,14321.0
fountain-08_binary.npy,21,111,14321.0
fountain-08_binary.npy,22,111,14321.0
fountain-08_binary.npy,23,111,14321.0
fountain-08_binary.npy,24,111,14321.0
fountain-08_binary.npy,25,111,14321.0
fountain-08_binary.npy,26,111,14321.0
fountain-19_binary.npy,0,150,12329.0
fountain-19_binary.npy,1,124,12589.0
fountain-19_binary.npy,2,113,12699.0
fountain-19_binary.npy,3,113,12699.0
fountain-19_binary.npy,4,113,12699.0
fountain-19_binary.npy,5,110,12729.0
fountain-19_binary.npy,6,101,12819.0
fountain-19_binary.npy,7,100,12829.0
fountain-19_binary.npy,8,100,12829.0
fountain-19_binary.npy,9,99,12839.0
fountain-19_binary.npy,10,99,12839.0
fountain-19_binary.npy,11,97,12859.0
fountain-19_binary.npy,12,97,12859.0
fountain-19_binary.npy,13,97,12859.0
fountain-19_binary.npy,14,95,12879.0
fountain-19_binary.npy,15,95,12879.0
fountain-19_binary.npy,16,95,12879.0
fountain-19_binary.npy,17,95,12879.0
fountain-19_binary.npy,18,95,12879.0
fountain-19_binary.npy,19,95,12879.0
fountain-19_binary.npy,20,95,12879.0
frog-10_binary.npy,0,314,37466.0
frog-10_binary.npy,1,274,37866.0
frog-10_binary.npy,2,270,37906.0
frog-10_binary.npy,3,270,37906.0
frog-10_binary.npy,4,270,37906.0
frog-10_binary.npy,5,265,37956.0
frog-10_binary.npy,6,245,38156.0
frog-10_binary.npy,7,245,38156.0
frog-10_binary.npy,8,245,38156.0
frog-10_binary.npy,9,245,38156.0
frog-10_binary.npy,10,245,38156.0
frog-10_binary.npy,11,245,38156.0
frog-10_binary.npy,12,245,38156.0
frog-17_binary.npy,0,307,20741.0
frog-17_binary.npy,1,307,20741.0
frog-17_binary.npy,2,265,21161.0
frog-17_binary.npy,3,265,21161.0
frog-17_binary.npy,4,265,21161.0
frog-17_binary.npy,5,244,21371.0
frog-17_binary.npy,6,244,21371.0
frog-17_binary.npy,7,244,21371.0
frog-17_binary.npy,8,244,21371.0
frog-17_binary.npy,9,244,21371.0
frog-17_binary.npy,10,232,21491.0
frog-17_binary.npy,11,231,21501.0
frog-17_binary.npy,12,231,21501.0
frog-17_binary.npy,13,231,21501.0
frog-17_binary.npy,14,227,21541.0
frog-17_binary.npy,15,227,21541.0
frog-17_binary.npy,16,227,21541.0
frog-17_binary.npy,17,225,21561.0
frog-17_binary.npy,18,224,21571.0
frog-17_binary.npy,19,224,21571.0
frog-17_binary.npy,20,221,21601.0
frog-17_binary.npy,21,219,21621.0
frog-17_binary.npy,22,218,21631.0
frog-17_binary.npy,23,218,21631.0
frog-17_binary.npy,24,218,21631.0
frog-17_binary.npy,25,218,21631.0
frog-17_binary.npy,26,218,21631.0
frog-17_binary.npy,27,217,21641.0
frog-17_binary.npy,28,217,21641.0
frog-17_binary.npy,29,217,21641.0
frog-17_binary.npy,30,217,21641.0
frog-17_binary.npy,31,217,21641.0
frog-17_binary.npy,32,217,21641.0
frog-17_binary.npy,33,217,21641.0
frog-1_binary.npy,0,329,38648.0
frog-1_binary.npy,1,328,38658.0
frog-1_binary.npy,2,328,38658.0
frog-1_binary.npy,3,327,38668.0
frog-1_binary.npy,4,307,38868.0
frog-1_binary.npy,5,307,38868.0
frog-1_binary.npy,6,295,38988.0
frog-1_binary.npy,7,295,38988.0
frog-1_binary.npy,8,295,38988.0
frog-1_binary.npy,9,295,38988.0
frog-1_binary.npy,10,280,39138.0
frog-1_binary.npy,11,280,39138.0
frog-1_binary.npy,12,280,39138.0
frog-1_binary.npy,13,273,39208.0
frog-1_binary.npy,14,268,39258.0
frog-1_binary.npy,15,268,39258.0
frog-1_binary.npy,16,263,39308.0
frog-1_binary.npy,17,263,39308.0
frog-1_binary.npy,18,263,39308.0
frog-1_binary.npy,19,260,39338.0
frog-1_binary.npy,20,258,39358.0
frog-1_binary.npy,21,257,39368.0
frog-1_binary.npy,22,255,39388.0
frog-1_binary.npy,23,255,39388.0
frog-1_binary.npy,24,254,39398.0
frog-1_binary.npy,25,254,39398.0
frog-1_binary.npy,26,253,39408.0
frog-1_binary.npy,27,253,39408.0
frog-1_binary.npy,28,253,39408.0
frog-1_binary.npy,29,252,39418.0
frog-1_binary.npy,30,252,39418.0
frog-1_binary.npy,31,252,39418.0
frog-1_binary.npy,32,252,39418.0
frog-1_binary.npy,33,252,39418.0
frog-1_binary.npy,34,252,39418.0
frog-1_binary.npy,35,252,39418.0
frog-7_binary.npy,0,403,53436.0
frog-7_binary.npy,1,377,53696.0
frog-7_binary.npy,2,376,53706.0
frog-7_binary.npy,3,367,53796.0
frog-7_binary.npy,4,355,53916.0
frog-7_binary.npy,5,355,53916.0
frog-7_binary.npy,6,355,53916.0
frog-7_binary.npy,7,355,53916.0
frog-7_binary.npy,8,355,53916.0
frog-7_binary.npy,9,349,53976.0
frog-7_binary.npy,10,347,53996.0
frog-7_binary.npy,11,347,53996.0
frog-7_binary.npy,12,343,54036.0
frog-7_binary.npy,13,342,54046.0
frog-7_binary.npy,14,342,54046.0
frog-7_binary.npy,15,342,54046.0
frog-7_binary.npy,16,340,54066.0
frog-7_binary.npy,17,340,54066.0
frog-7_binary.npy,18,340,54066.0
frog-7_binary.npy,19,338,54086.0
frog-7_binary.npy,20,338,54086.0
frog-7_binary.npy,21,338,54086.0
frog-7_binary.npy,22,338,54086.0
frog-7_binary.npy,23,338,54086.0
frog-7_binary.npy,24,336,54106.0
frog-7_binary.npy,25,336,54106.0
frog-7_binary.npy,26,336,54106.0
frog-7_binary.npy,27,336,54106.0
frog-7_binary.npy,28,336,54106.0
frog-7_binary.npy,29,336,54106.0
frog-7_binary.npy,30,336,54106.0
guitar-10_binary.npy,0,417,79149.0
guitar-10_binary.npy,1,387,79449.0
guitar-10_binary.npy,2,387,79449.0
guitar-10_binary.npy,3,385,79469.0
guitar-10_binary.npy,4,385,79469.0
guitar-10_binary.npy,5,385,79469.0
guitar-10_binary.npy,6,371,79609.0
guitar-10_binary.npy,7,371,79609.0
guitar-10_binary.npy,8,371,79609.0
guitar-10_binary.npy,9,367,79649.0
guitar-10_binary.npy,10,367,79649.0
guitar-10_binary.npy,11,365,79669.0
guitar-10_binary.npy,12,365,79669.0
guitar-10_binary.npy,13,364,79679.0
guitar-10_binary.npy,14,361,79709.0
guitar-10_binary.npy,15,360,79719.0
guitar-10_binary.npy,16,360,79719.0
guitar-10_binary.npy,17,360,79719.0
guitar-10_binary.npy,18,359,79729.0
guitar-10_binary.npy,19,355,79769.0
guitar-10_binary.npy,20,355,79769.0
guitar-10_binary.npy,21,355,79769.0
guitar-10_binary.npy,22,355,79769.0
guitar-10_binary.npy,23,354,79779.0
guitar-10_binary.npy,24,354,79779.0
guitar-10_binary.npy,25,354,79779.0
guitar-10_binary.npy,26,354,79779.0
guitar-10_binary.npy,27,354,79779.0
guitar-10_binary.npy,28,354,79779.0
guitar-10_binary.npy,29,354,79779.0
guitar-12_binary.npy,0,227,14619.0
guitar-12_binary.npy,1,224,14649.0
guitar-12_binary.npy,2,207,14819.0
guitar-12_binary.npy,3,207,14819.0
guitar-12_binary.npy,4,207,14819.0
guitar-12_binary.npy,5,207,14819.0
guitar-12_binary.npy,6,205,14839.0
guitar-12_binary.npy,7,200,14889.0
guitar-12_binary.npy,8,200,14889.0
guitar-12_binary.npy,9,200,14889.0
guitar-12_binary.npy,10,200,14889.0
guitar-12_binary.npy,11,197,14919.0
guitar-12_binary.npy,12,197,14919.0
guitar-12_binary.npy,13,197,14919.0
guitar-12_binary.npy,14,197,14919.0
guitar-12_binary.npy,15,194,14949.0
guitar-12_binary.npy,16,194,14949.0
guitar-12_binary.npy,17,194,14949.0
guitar-12_binary.npy,18,194,14949.0
guitar-12_binary.npy,19,194,14949.0
guitar-12_binary.npy,20,194,14949.0
guitar-12_binary.npy,21,193,14959.0
guitar-12_binary.npy,22,193,14959.0
guitar-12_binary.npy,23,193,14959.0
guitar-12_binary.npy,24,193,14959.0
guitar-12_binary.npy,25,193,14959.0
guitar-12_binary.npy,26,192,14969.0
guitar-12_binary.npy,27,192,14969.0
guitar-12_binary.npy,28,192,14969.0
guitar-12_binary.npy,29,192,14969.0
guitar-12_binary.npy,30,192,14969.0
guitar-12_binary.npy,31,192,14969.0
guitar-12_binary.npy,32,192,14969.0
guitar-17_binary.npy,0,357,41758.0
guitar-17_binary.npy,1,342,41908.0
guitar-17_binary.npy,2,327,42058.0
guitar-17_binary.npy,3,327,42058.0
guitar-17_binary.npy,4,323,42098.0
guitar-17_binary.npy,5,323,42098.0
guitar-17_binary.npy,6,323,42098.0
guitar-17_binary.npy,7,323,42098.0
guitar-17_binary.npy,8,323,42098.0
guitar-17_binary.npy,9,323,42098.0
guitar-17_binary.npy,10,323,42098.0
guitar-8_binary.npy,0,247,23968.0
guitar-8_binary.npy,1,247,23968.0
guitar-8_binary.npy,2,224,24198.0
guitar-8_binary.npy,3,224,24198.0
guitar-8_binary.npy,4,224,24198.0
guitar-8_binary.npy,5,224,24198.0
guitar-8_binary.npy,6,218,24258.0
guitar-8_binary.npy,7,210,24338.0
guitar-8_binary.npy,8,210,24338.0
guitar-8_binary.npy,9,210,24338.0
guitar-8_binary.npy,10,208,24358.0
guitar-8_binary.npy,11,208,24358.0
guitar-8_binary.npy,12,208,24358.0
guitar-8_binary.npy,13,208,24358.0
guitar-8_binary.npy,14,206,24378.0
guitar-8_binary.npy,15,206,24378.0
guitar-8_binary.npy,16,206,24378.0
guitar-8_binary.npy,17,206,24378.0
guitar-8_binary.npy,18,205,24388.0
guitar-8_binary.npy,19,205,24388.0
guitar-8_binary.npy,20,205,24388.0
guitar-8_binary.npy,21,205,24388.0
guitar-8_binary.npy,22,205,24388.0
guitar-8_binary.npy,23,205,24388.0
guitar-8_binary.npy,24,204,24398.0
guitar-8_binary.npy,25,204,24398.0
guitar-8_binary.npy,26,204,24398.0
guitar-8_binary.npy,27,204,24398.0
guitar-8_binary.npy,28,204,24398.0
guitar-8_binary.npy,29,204,24398.0
guitar-8_binary.npy,30,204,24398.0
hammer-11_binary.npy,0,99,5730.0
hammer-11_binary.npy,1,69,6030.0
hammer-11_binary.npy,2,69,6030.0
hammer-11_binary.npy,3,69,6030.0
hammer-11_binary.npy,4,56,6160.0
hammer-11_binary.npy,5,49,6230.0
hammer-11_binary.npy,6,49,6230.0
hammer-11_binary.npy,7,49,6230.0
hammer-11_binary.npy,8,49,6230.0
hammer-11_binary.npy,9,42,6300.0
hammer-11_binary.npy,10,42,6300.0
hammer-11_binary.npy,11,41,6310.0
hammer-11_binary.npy,12,41,6310.0
hammer-11_binary.npy,13,41,6310.0
hammer-11_binary.npy,14,41,6310.0
hammer-11_binary.npy,15,39,6330.0
hammer-11_binary.npy,16,39,6330.0
hammer-11_binary.npy,17,38,6340.0
hammer-11_binary.npy,18,38,6340.0
hammer-11_binary.npy,19,38,6340.0
hammer-11_binary.npy,20,38,6340.0
hammer-11_binary.npy,21,38,6340.0
hammer-11_binary.npy,22,38,6340.0
hammer-11_binary.npy,23,38,6340.0
hammer-12_binary.npy,0,99,5106.0
hammer-12_binary.npy,1,83,5266.0
hammer-12_binary.npy,2,83,5266.0
hammer-12_binary.npy,3,68,5416.0
hammer-12_binary.npy,4,60,5496.0
hammer-12_binary.npy,5,60,5496.0
hammer-12_binary.npy,6,55,5546.0
hammer-12_binary.npy,7,55,5546.0
hammer-12_binary.npy,8,55,5546.0
hammer-12_binary.npy,9,48,5616.0
hammer-12_binary.npy,10,48,5616.0
hammer-12_binary.npy,11,48,5616.0
hammer-12_binary.npy,12,48,5616.0
hammer-12_binary.npy,13,46,5636.0
hammer-12_binary.npy,14,46,5636.0
hammer-12_binary.npy,15,45,5646.0
hammer-12_binary.npy,16,43,5666.0
hammer-12_binary.npy,17,43,5666.0
hammer-12_binary.npy,18,40,5696.0
hammer-12_binary.npy,19,39,5706.0
hammer-12_binary.npy,20,38,5716.0
hammer-12_binary.npy,21,38,5716.0
hammer-12_binary.npy,22,37,5726.0
hammer-12_binary.npy,23,37,5726.0
hammer-12_binary.npy,24,37,5726.0
hammer-12_binary.npy,25,37,5726.0
hammer-12_binary.npy,26,37,5726.0
hammer-12_binary.npy,27,37,5726.0
hammer-12_binary.npy,28,36,5736.0
hammer-12_binary.npy,29,36,5736.0
hammer-12_binary.npy,30,36,5736.0
hammer-12_binary.npy,31,36,5736.0
hammer-12_binary.npy,32,36,5736.0
hammer-12_binary.npy,33,36,5736.0
hammer-12_binary.npy,34,36,5736.0
hammer-17_binary.npy,0,107,5732.0
hammer-17_binary.npy,1,84,5962.0
hammer-17_binary.npy,2,77,6032.0
hammer-17_binary.npy,3,77,6032.0
hammer-17_binary.npy,4,61,6192.0
hammer-17_binary.npy,5,61,6192.0
hammer-17_binary.npy,6,61,6192.0
hammer-17_binary.npy,7,61,6192.0
hammer-17_binary.npy,8,61,6192.0
hammer-17_binary.npy,9,60,6202.0
hammer-17_binary.npy,10,60,6202.0
hammer-17_binary.npy,11,60,6202.0
hammer-17_binary.npy,12,49,6312.0
hammer-17_binary.npy,13,49,6312.0
hammer-17_binary.npy,14,49,6312.0
hammer-17_binary.npy,15,49,6312.0
hammer-17_binary.npy,16,49,6312.0
hammer-17_binary.npy,17,48,6322.0
hammer-17_binary.npy,18,45,6352.0
hammer-17_binary.npy,19,45,6352.0
hammer-17_binary.npy,20,42,6382.0
hammer-17_binary.npy,21,42,6382.0
hammer-17_binary.npy,22,42,6382.0
hammer-17_binary.npy,23,41,6392.0
hammer-17_binary.npy,24,41,6392.0
hammer-17_binary.npy,25,41,6392.0
hammer-17_binary.npy,26,41,6392.0
hammer-17_binary.npy,27,41,6392.0
hammer-17_binary.npy,28,41,6392.0
hammer-17_binary.npy,29,41,6392.0
hammer-9_binary.npy,0,99,5730.0
hammer-9_binary.npy,1,99,5730.0
hammer-9_binary.npy,2,96,5760.0
hammer-9_binary.npy,3,96,5760.0
hammer-9_binary.npy,4,96,5760.0
hammer-9_binary.npy,5,67,6050.0
hammer-9_binary.npy,6,67,6050.0
hammer-9_binary.npy,7,62,6100.0
hammer-9_binary.npy,8,62,6100.0
hammer-9_binary.npy,9,62,6100.0
hammer-9_binary.npy,10,62,6100.0
hammer-9_binary.npy,11,62,6100.0
hammer-9_binary.npy,12,49,6230.0
hammer-9_binary.npy,13,49,6230.0
hammer-9_binary.npy,14,49,6230.0
hammer-9_binary.npy,15,48,6240.0
hammer-9_binary.npy,16,48,6240.0
hammer-9_binary.npy,17,48,6240.0
hammer-9_binary.npy,18,48,6240.0
hammer-9_binary.npy,19,48,6240.0
hammer-9_binary.npy,20,48,6240.0
hammer-9_binary.npy,21,46,6260.0
hammer-9_binary.npy,22,43,6290.0
hammer-9_binary.npy,23,43,6290.0
hammer-9_binary.npy,24,43,6290.0
hammer-9_binary.npy,25,42,6300.0
hammer-9_binary.npy,26,42,6300.0
hammer-9_binary.npy,27,39,6330.0
hammer-9_binary.npy,28,39,6330.0
hammer-9_binary.npy,29,39,6330.0
hammer-9_binary.npy,30,39,6330.0
hammer-9_binary.npy,31,38,6340.0
hammer-9_binary.npy,32,37,6350.0
hammer-9_binary.npy,33,36,6360.0
hammer-9_binary.npy,34,36,6360.0
hammer-9_binary.npy,35,36,6360.0
hammer-9_binary.npy,36,36,6360.0
hammer-9_binary.npy,37,36,6360.0
hammer-9_binary.npy,38,36,6360.0
hammer-9_binary.npy,39,36,6360.0
hat-12_binary.npy,0,114,10242.0
hat-12_binary.npy,1,95,10432.0
hat-12_binary.npy,2,84,10542.0
hat-12_binary.npy,3,68,10702.0
hat-12_binary.npy,4,68,10702.0
hat-12_binary.npy,5,66,10722.0
hat-12_binary.npy,6,66,10722.0
hat-12_binary.npy,7,66,10722.0
hat-12_binary.npy,8,66,10722.0
hat-12_binary.npy,9,66,10722.0
hat-12_binary.npy,10,56,10822.0
hat-12_binary.npy,11,56,10822.0
hat-12_binary.npy,12,56,10822.0
hat-12_binary.npy,13,56,10822.0
hat-12_binary.npy,14,54,10842.0
hat-12_binary.npy,15,54,10842.0
hat-12_binary.npy,16,54,10842.0
hat-12_binary.npy,17,53,10852.0
hat-12_binary.npy,18,53,10852.0
hat-12_binary.npy,19,48,10902.0
hat-12_binary.npy,20,48,10902.0
hat-12_binary.npy,21,48,10902.0
hat-12_binary.npy,22,48,10902.0
hat-12_binary.npy,23,46,10922.0
hat-12_binary.npy,24,46,10922.0
hat-12_binary.npy,25,45,10932.0
hat-12_binary.npy,26,45,10932.0
hat-12_binary.npy,27,45,10932.0
hat-12_binary.npy,28,45,10932.0
hat-12_binary.npy,29,45,10932.0
hat-12_binary.npy,30,45,10932.0
hat-12_binary.npy,31,45,10932.0
hat-17_binary.npy,0,130,21676.0
hat-17_binary.npy,1,130,21676.0
hat-17_binary.npy,2,130,21676.0
hat-17_binary.npy,3,105,21926.0
hat-17_binary.npy,4,105,21926.0
hat-17_binary.npy,5,93,22046.0
hat-17_binary.npy,6,93,22046.0
hat-17_binary.npy,7,93,22046.0
hat-17_binary.npy,8,90,22076.0
hat-17_binary.npy,9,83,22146.0
hat-17_binary.npy,10,83,22146.0
hat-17_binary.npy,11,83,22146.0
hat-17_binary.npy,12,83,22146.0
hat-17_binary.npy,13,83,22146.0
hat-17_binary.npy,14,83,22146.0
hat-17_binary.npy,15,80,22176.0
hat-17_binary.npy,16,80,22176.0
hat-17_binary.npy,17,80,22176.0
hat-17_binary.npy,18,80,22176.0
hat-17_binary.npy,19,80,22176.0
hat-17_binary.npy,20,79,22186.0
hat-17_binary.npy,21,79,22186.0
hat-17_binary.npy,22,78,22196.0
hat-17_binary.npy,23,76,22216.0
hat-17_binary.npy,24,76,22216.0
hat-17_binary.npy,25,76,22216.0
hat-17_binary.npy,26,76,22216.0
hat-17_binary.npy,27,76,22216.0
hat-17_binary.npy,28,76,22216.0
hat-17_binary.npy,29,76,22216.0
hat-1_binary.npy,0,182,27773.0
hat-1_binary.npy,1,180,27793.0
hat-1_binary.npy,2,169,27903.0
hat-1_binary.npy,3,169,27903.0
hat-1_binary.npy,4,130,28293.0
hat-1_binary.npy,5,130,28293.0
hat-1_binary.npy,6,130,28293.0
hat-1_binary.npy,7,124,28353.0
hat-1_binary.npy,8,106,28533.0
hat-1_binary.npy,9,105,28543.0
hat-1_binary.npy,10,105,28543.0
hat-1_binary.npy,11,105,28543.0
hat-1_binary.npy,12,104,28553.0
hat-1_binary.npy,13,104,28553.0
hat-1_binary.npy,14,103,28563.0
hat-1_binary.npy,15,103,28563.0
hat-1_binary.npy,16,103,28563.0
hat-1_binary.npy,17,93,28663.0
hat-1_binary.npy,18,93,28663.0
hat-1_binary.npy,19,93,28663.0
hat-1_binary.npy,20,92,28673.0
hat-1_binary.npy,21,92,28673.0
hat-1_binary.npy,22,91,28683.0
hat-1_binary.npy,23,91,28683.0
hat-1_binary.npy,24,91,28683.0
hat-1_binary.npy,25,91,28683.0
hat-1_binary.npy,26,89,28703.0
hat-1_binary.npy,27,89,28703.0
hat-1_binary.npy,28,89,28703.0
hat-1_binary.npy,29,85,28743.0
hat-1_binary.npy,30,85,28743.0
hat-1_binary.npy,31,85,28743.0
hat-1_binary.npy,32,83,28763.0
hat-1_binary.npy,33,82,28773.0
hat-1_binary.npy,34,82,28773.0
hat-1_binary.npy,35,82,28773.0
hat-1_binary.npy,36,82,28773.0
hat-1_binary.npy,37,80,28793.0
hat-1_binary.npy,38,80,28793.0
hat-1_binary.npy,39,80,28793.0
hat-1_binary.npy,40,80,28793.0
hat-1_binary.npy,41,80,28793.0
hat-1_binary.npy,42,80,28793.0
hat-1_binary.npy,43,80,28793.0
hat-6_binary.npy,0,77,3148.0
hat-6_binary.npy,1,77,3148.0
hat-6_binary.npy,2,58,3338.0
hat-6_binary.npy,3,58,3338.0
hat-6_binary.npy,4,58,3338.0
hat-6_binary.npy,5,58,3338.0
hat-6_binary.npy,6,53,3388.0
hat-6_binary.npy,7,53,3388.0
hat-6_binary.npy,8,53,3388.0
hat-6_binary.npy,9,47,3448.0
hat-6_binary.npy,10,47,3448.0
hat-6_binary.npy,11,47,3448.0
hat-6_binary.npy,12,46,3458.0
hat-6_binary.npy,13,46,3458.0
hat-6_binary.npy,14,45,3468.0
hat-6_binary.npy,15,34,3578.0
hat-6_binary.npy,16,34,3578.0
hat-6_binary.npy,17,34,3578.0
hat-6_binary.npy,18,34,3578.0
hat-6_binary.npy,19,34,3578.0
hat-6_binary.npy,20,34,3578.0
hat-6_binary.npy,21,34,3578.0
horse-14_binary.npy,0,1348,135139.0
horse-14_binary.npy,1,1195,136669.0
horse-14_binary.npy,2,1195,136669.0
horse-14_binary.npy,3,1195,136669.0
horse-14_binary.npy,4,1195,136669.0
horse-14_binary.npy,5,1167,136949.0
horse-14_binary.npy,6,1134,137279.0
horse-14_binary.npy,7,1094,137679.0
horse-14_binary.npy,8,1094,137679.0
horse-14_binary.npy,9,1092,137699.0
horse-14_binary.npy,10,1074,137879.0
horse-14_binary.npy,11,1074,137879.0
horse-14_binary.npy,12,1074,137879.0
horse-14_binary.npy,13,1063,137989.0
horse-14_binary.npy,14,1055,138069.0
horse-14_binary.npy,15,1055,138069.0
horse-14_binary.npy,16,1055,138069.0
horse-14_binary.npy,17,1055,138069.0
horse-14_binary.npy,18,1055,138069.0
horse-14_binary.npy,19,1052,138099.0
horse-14_binary.npy,20,1052,138099.0
horse-14_binary.npy,21,1052,138099.0
horse-14_binary.npy,22,1052,138099.0
horse-14_binary.npy,23,1050,138119.0
horse-14_binary.npy,24,1050,138119.0
horse-14_binary.npy,25,1049,138129.0
horse-14_binary.npy,26,1044,138179.0
horse-14_binary.npy,27,1044,138179.0
horse-14_binary.npy,28,1043,138189.0
horse-14_binary.npy,29,1043,138189.0
horse-14_binary.npy,30,1043,138189.0
horse-14_binary.npy,31,1040,138219.0
horse-14_binary.npy,32,1040,138219.0
horse-14_binary.npy,33,1040,138219.0
horse-14_binary.npy,34,1040,138219.0
horse-14_binary.npy,35,1038,138239.0
horse-14_binary.npy,36,1038,138239.0
horse-14_binary.npy,37,1038,138239.0
horse-14_binary.npy,38,1038,138239.0
horse-14_binary.npy,39,1038,138239.0
horse-14_binary.npy,40,1038,138239.0
horse-14_binary.npy,41,1038,138239.0
horse-16_binary.npy,0,1036,107482.0
horse-16_binary.npy,1,941,108432.0
horse-16_binary.npy,2,941,108432.0
horse-16_binary.npy,3,934,108502.0
horse-16_binary.npy,4,934,108502.0
horse-16_binary.npy,5,934,108502.0
horse-16_binary.npy,6,899,108852.0
horse-16_binary.npy,7,899,108852.0
horse-16_binary.npy,8,899,108852.0
horse-16_binary.npy,9,899,108852.0
horse-16_binary.npy,10,889,108952.0
horse-16_binary.npy,11,889,108952.0
horse-16_binary.npy,12,889,108952.0
horse-16_binary.npy,13,883,109012.0
horse-16_binary.npy,14,883,109012.0
horse-16_binary.npy,15,875,109092.0
horse-16_binary.npy,16,875,109092.0
horse-16_binary.npy,17,875,109092.0
horse-16_binary.npy,18,869,109152.0
horse-16_binary.npy,19,869,109152.0
horse-16_binary.npy,20,867,109172.0
horse-16_binary.npy,21,867,109172.0
horse-16_binary.npy,22,867,109172.0
horse-16_binary.npy,23,867,109172.0
horse-16_binary.npy,24,864,109202.0
horse-16_binary.npy,25,864,109202.0
horse-16_binary.npy,26,864,109202.0
horse-16_binary.npy,27,863,109212.0
horse-16_binary.npy,28,863,109212.0
horse-16_binary.npy,29,862,109222.0
horse-16_binary.npy,30,862,109222.0
horse-16_binary.npy,31,862,109222.0
horse-16_binary.npy,32,861,109232.0
horse-16_binary.npy,33,860,109242.0
horse-16_binary.npy,34,860,109242.0
horse-16_binary.npy,35,860,109242.0
horse-16_binary.npy,36,860,109242.0
horse-16_binary.npy,37,860,109242.0
horse-16_binary.npy,38,860,109242.0
horse-16_binary.npy,39,860,109242.0
horse-18_binary.npy,0,512,27389.0
horse-18_binary.npy,1,445,28059.0
horse-18_binary.npy,2,445,28059.0
horse-18_binary.npy,3,427,28239.0
horse-18_binary.npy,4,427,28239.0
horse-18_binary.npy,5,409,28419.0
horse-18_binary.npy,6,409,28419.0
horse-18_binary.npy,7,409,28419.0
horse-18_binary.npy,8,409,28419.0
horse-18_binary.npy,9,409,28419.0
horse-18_binary.npy,10,409,28419.0
horse-18_binary.npy,11,400,28509.0
horse-18_binary.npy,12,396,28549.0
horse-18_binary.npy,13,392,28589.0
horse-18_binary.npy,14,390,28609.0
horse-18_binary.npy,15,390,28609.0
horse-18_binary.npy,16,390,28609.0
horse-18_binary.npy,17,390,28609.0
horse-18_binary.npy,18,384,28669.0
horse-18_binary.npy,19,381,28699.0
horse-18_binary.npy,20,381,28699.0
horse-18_binary.npy,21,381,28699.0
horse-18_binary.npy,22,381,28699.0
horse-18_binary.npy,23,381,28699.0
horse-18_binary.npy,24,381,28699.0
horse-18_binary.npy,25,381,28699.0
horse-5_binary.npy,0,551,25781.0
horse-5_binary.npy,1,475,26541.0
horse-5_binary.npy,2,475,26541.0
horse-5_binary.npy,3,461,26681.0
horse-5_binary.npy,4,461,26681.0
horse-5_binary.npy,5,429,27001.0
horse-5_binary.npy,6,429,27001.0
horse-5_binary.npy,7,429,27001.0
horse-5_binary.npy,8,429,27001.0
horse-5_binary.npy,9,420,27091.0
horse-5_binary.npy,10,420,27091.0
horse-5_binary.npy,11,392,27371.0
horse-5_binary.npy,12,392,27371.0
horse-5_binary.npy,13,392,27371.0
horse-5_binary.npy,14,392,27371.0
horse-5_binary.npy,15,388,27411.0
horse-5_binary.npy,16,385,27441.0
horse-5_binary.npy,17,385,27441.0
horse-5_binary.npy,18,382,27471.0
horse-5_binary.npy,19,382,27471.0
horse-5_binary.npy,20,382,27471.0
horse-5_binary.npy,21,382,27471.0
horse-5_binary.npy,22,382,27471.0
horse-5_binary.npy,23,381,27481.0
horse-5_binary.npy,24,374,27551.0
horse-5_binary.npy,25,374,27551.0
horse-5_binary.npy,26,374,27551.0
horse-5_binary.npy,27,372,27571.0
horse-5_binary.npy,28,372,27571.0
horse-5_binary.npy,29,372,27571.0
horse-5_binary.npy,30,371,27581.0
horse-5_binary.npy,31,371,27581.0
horse-5_binary.npy,32,370,27591.0
horse-5_binary.npy,33,370,27591.0
horse-5_binary.npy,34,370,27591.0
horse-5_binary.npy,35,370,27591.0
horse-5_binary.npy,36,369,27601.0
horse-5_binary.npy,37,369,27601.0
horse-5_binary.npy,38,368,27611.0
horse-5_binary.npy,39,368,27611.0
horse-5_binary.npy,40,368,27611.0
horse-5_binary.npy,41,368,27611.0
horse-5_binary.npy,42,367,27621.0
horse-5_binary.npy,43,367,27621.0
horse-5_binary.npy,44,367,27621.0
horse-5_binary.npy,45,366,27631.0
horse-5_binary.npy,46,366,27631.0
horse-5_binary.npy,47,366,27631.0
horse-5_binary.npy,48,366,27631.0
horse-5_binary.npy,49,366,27631.0
horse-5_binary.npy,50,366,27631.0
horse-5_binary.npy,51,366,27631.0
horseshoe-17_binary.npy,0,116,3604.0
horseshoe-17_binary.npy,1,108,3684.0
horseshoe-17_binary.npy,2,107,3694.0
horseshoe-17_binary.npy,3,107,3694.0
horseshoe-17_binary.npy,4,107,3694.0
horseshoe-17_binary.npy,5,107,3694.0
horseshoe-17_binary.npy,6,102,3744.0
horseshoe-17_binary.npy,7,102,3744.0
horseshoe-17_binary.npy,8,95,3814.0
horseshoe-17_binary.npy,9,95,3814.0
horseshoe-17_binary.npy,10,95,3814.0
horseshoe-17_binary.npy,11,94,3824.0
horseshoe-17_binary.npy,12,94,3824.0
horseshoe-17_binary.npy,13,94,3824.0
horseshoe-17_binary.npy,14,91,3854.0
horseshoe-17_binary.npy,15,91,3854.0
horseshoe-17_binary.npy,16,91,3854.0
horseshoe-17_binary.npy,17,91,3854.0
horseshoe-17_binary.npy,18,91,3854.0
horseshoe-17_binary.npy,19,91,3854.0
horseshoe-17_binary.npy,20,91,3854.0
horseshoe-5_binary.npy,0,243,1063.0
horseshoe-5_binary.npy,1,217,1323.0
horseshoe-5_binary.npy,2,162,1873.0
horseshoe-5_binary.npy,3,162,1873.0
horseshoe-5_binary.npy,4,162,1873.0
horseshoe-5_binary.npy,5,151,1983.0
horseshoe-5_binary.npy,6,151,1983.0
horseshoe-5_binary.npy,7,151,1983.0
horseshoe-5_binary.npy,8,151,1983.0
horseshoe-5_binary.npy,9,151,1983.0
horseshoe-5_binary.npy,10,143,2063.0
horseshoe-5_binary.npy,11,143,2063.0
horseshoe-5_binary.npy,12,143,2063.0
horseshoe-5_binary.npy,13,136,2133.0
horseshoe-5_binary.npy,14,136,2133.0
horseshoe-5_binary.npy,15,133,2163.0
horseshoe-5_binary.npy,16,133,2163.0
horseshoe-5_binary.npy,17,127,2223.0
horseshoe-5_binary.npy,18,127,2223.0
horseshoe-5_binary.npy,19,127,2223.0
horseshoe-5_binary.npy,20,127,2223.0
horseshoe-5_binary.npy,21,125,2243.0
horseshoe-5_binary.npy,22,124,2253.0
horseshoe-5_binary.npy,23,123,2263.0
horseshoe-5_binary.npy,24,122,2273.0
horseshoe-5_binary.npy,25,122,2273.0
horseshoe-5_binary.npy,26,122,2273.0
horseshoe-5_binary.npy,27,121,2283.0
horseshoe-5_binary.npy,28,121,2283.0
horseshoe-5_binary.npy,29,120,2293.0
horseshoe-5_binary.npy,30,120,2293.0
horseshoe-5_binary.npy,31,119,2303.0
horseshoe-5_binary.npy,32,119,2303.0
horseshoe-5_binary.npy,33,119,2303.0
horseshoe-5_binary.npy,34,119,2303.0
horseshoe-5_binary.npy,35,119,2303.0
horseshoe-5_binary.npy,36,119,2303.0
horseshoe-5_binary.npy,37,119,2303.0
horseshoe-8_binary.npy,0,105,676.0
horseshoe-8_binary.npy,1,96,766.0
horseshoe-8_binary.npy,2,67,1056.0
horseshoe-8_binary.npy,3,67,1056.0
horseshoe-8_binary.npy,4,67,1056.0
horseshoe-8_binary.npy,5,67,1056.0
horseshoe-8_binary.npy,6,67,1056.0
horseshoe-8_binary.npy,7,66,1066.0
horseshoe-8_binary.npy,8,66,1066.0
horseshoe-8_binary.npy,9,65,1076.0
horseshoe-8_binary.npy,10,59,1136.0
horseshoe-8_binary.npy,11,59,1136.0
horseshoe-8_binary.npy,12,59,1136.0
horseshoe-8_binary.npy,13,57,1156.0
horseshoe-8_binary.npy,14,57,1156.0
horseshoe-8_binary.npy,15,57,1156.0
horseshoe-8_binary.npy,16,57,1156.0
horseshoe-8_binary.npy,17,57,1156.0
horseshoe-8_binary.npy,18,56,1166.0
horseshoe-8_binary.npy,19,54,1186.0
horseshoe-8_binary.npy,20,54,1186.0
horseshoe-8_binary.npy,21,54,1186.0
horseshoe-8_binary.npy,22,53,1196.0
horseshoe-8_binary.npy,23,53,1196.0
horseshoe-8_binary.npy,24,53,1196.0
horseshoe-8_binary.npy,25,53,1196.0
horseshoe-8_binary.npy,26,53,1196.0
horseshoe-8_binary.npy,27,52,1206.0
horseshoe-8_binary.npy,28,52,1206.0
horseshoe-8_binary.npy,29,51,1216.0
horseshoe-8_binary.npy,30,50,1226.0
horseshoe-8_binary.npy,31,50,1226.0
horseshoe-8_binary.npy,32,50,1226.0
horseshoe-8_binary.npy,33,50,1226.0
horseshoe-8_binary.npy,34,50,1226.0
horseshoe-8_binary.npy,35,50,1226.0
horseshoe-8_binary.npy,36,50,1226.0
horseshoe-9_binary.npy,0,116,3604.0
horseshoe-9_binary.npy,1,106,3704.0
horseshoe-9_binary.npy,2,103,3734.0
horseshoe-9_binary.npy,3,103,3734.0
horseshoe-9_binary.npy,4,103,3734.0
horseshoe-9_binary.npy,5,94,3824.0
horseshoe-9_binary.npy,6,94,3824.0
horseshoe-9_binary.npy,7,94,3824.0
horseshoe-9_binary.npy,8,93,3834.0
horseshoe-9_binary.npy,9,93,3834.0
horseshoe-9_binary.npy,10,93,3834.0
horseshoe-9_binary.npy,11,93,3834.0
horseshoe-9_binary.npy,12,91,3854.0
horseshoe-9_binary.npy,13,91,3854.0
horseshoe-9_binary.npy,14,91,3854.0
horseshoe-9_binary.npy,15,91,3854.0
horseshoe-9_binary.npy,16,91,3854.0
horseshoe-9_binary.npy,17,91,3854.0
horseshoe-9_binary.npy,18,91,3854.0
jar-13_binary.npy,0,375,79021.0
jar-13_binary.npy,1,350,79271.0
jar-13_binary.npy,2,350,79271.0
jar-13_binary.npy,3,350,79271.0
jar-13_binary.npy,4,315,79621.0
jar-13_binary.npy,5,304,79731.0
jar-13_binary.npy,6,304,79731.0
jar-13_binary.npy,7,304,79731.0
jar-13_binary.npy,8,304,79731.0
jar-13_binary.npy,9,295,79821.0
jar-13_binary.npy,10,284,79931.0
jar-13_binary.npy,11,282,79951.0
jar-13_binary.npy,12,282,79951.0
jar-13_binary.npy,13,282,79951.0
jar-13_binary.npy,14,271,80061.0
jar-13_binary.npy,15,271,80061.0
jar-13_binary.npy,16,271,80061.0
jar-13_binary.npy,17,271,80061.0
jar-13_binary.npy,18,271,80061.0
jar-13_binary.npy,19,271,80061.0
jar-13_binary.npy,20,264,80131.0
jar-13_binary.npy,21,264,80131.0
jar-13_binary.npy,22,264,80131.0
jar-13_binary.npy,23,260,80171.0
jar-13_binary.npy,24,260,80171.0
jar-13_binary.npy,25,255,80221.0
jar-13_binary.npy,26,255,80221.0
jar-13_binary.npy,27,255,80221.0
jar-13_binary.npy,28,255,80221.0
jar-13_binary.npy,29,255,80221.0
jar-13_binary.npy,30,255,80221.0
jar-13_binary.npy,31,255,80221.0
jar-16_binary.npy,0,644,117130.0
jar-16_binary.npy,1,498,118590.0
jar-16_binary.npy,2,498,118590.0
jar-16_binary.npy,3,434,119230.0
jar-16_binary.npy,4,434,119230.0
jar-16_binary.npy,5,434,119230.0
jar-16_binary.npy,6,434,119230.0
jar-16_binary.npy,7,434,119230.0
jar-16_binary.npy,8,434,119230.0
jar-16_binary.npy,9,434,119230.0
jar-3_binary.npy,0,295,66543.0
jar-3_binary.npy,1,295,66543.0
jar-3_binary.npy,2,281,66683.0
jar-3_binary.npy,3,272,66773.0
jar-3_binary.npy,4,272,66773.0
jar-3_binary.npy,5,259,66903.0
jar-3_binary.npy,6,259,66903.0
jar-3_binary.npy,7,259,66903.0
jar-3_binary.npy,8,251,66983.0
jar-3_binary.npy,9,251,66983.0
jar-3_binary.npy,10,251,66983.0
jar-3_binary.npy,11,249,67003.0
jar-3_binary.npy,12,248,67013.0
jar-3_binary.npy,13,245,67043.0
jar-3_binary.npy,14,245,67043.0
jar-3_binary.npy,15,245,67043.0
jar-3_binary.npy,16,241,67083.0
jar-3_binary.npy,17,241,67083.0
jar-3_binary.npy,18,241,67083.0
jar-3_binary.npy,19,241,67083.0
jar-3_binary.npy,20,241,67083.0
jar-3_binary.npy,21,241,67083.0
jar-3_binary.npy,22,241,67083.0
jar-5_binary.npy,0,304,44238.0
jar-5_binary.npy,1,304,44238.0
jar-5_binary.npy,2,228,44998.0
jar-5_binary.npy,3,215,45128.0
jar-5_binary.npy,4,210,45178.0
jar-5_binary.npy,5,210,45178.0
jar-5_binary.npy,6,210,45178.0
jar-5_binary.npy,7,210,45178.0
jar-5_binary.npy,8,188,45398.0
jar-5_binary.npy,9,188,45398.0
jar-5_binary.npy,10,175,45528.0
jar-5_binary.npy,11,175,45528.0
jar-5_binary.npy,12,175,45528.0
jar-5_binary.npy,13,175,45528.0
jar-5_binary.npy,14,161,45668.0
jar-5_binary.npy,15,161,45668.0
jar-5_binary.npy,16,161,45668.0
jar-5_binary.npy,17,161,45668.0
jar-5_binary.npy,18,161,45668.0
jar-5_binary.npy,19,152,45758.0
jar-5_binary.npy,20,152,45758.0
jar-5_binary.npy,21,152,45758.0
jar-5_binary.npy,22,152,45758.0
jar-5_binary.npy,23,152,45758.0
jar-5_binary.npy,24,148,45798.0
jar-5_binary.npy,25,148,45798.0
jar-5_binary.npy,26,148,45798.0
jar-5_binary.npy,27,148,45798.0
jar-5_binary.npy,28,147,45808.0
jar-5_binary.npy,29,146,45818.0
jar-5_binary.npy,30,146,45818.0
jar-5_binary.npy,31,146,45818.0
jar-5_binary.npy,32,146,45818.0
jar-5_binary.npy,33,143,45848.0
jar-5_binary.npy,34,143,45848.0
jar-5_binary.npy,35,142,45858.0
jar-5_binary.npy,36,142,45858.0
jar-5_binary.npy,37,142,45858.0
jar-5_binary.npy,38,142,45858.0
jar-5_binary.npy,39,142,45858.0
jar-5_binary.npy,40,140,45878.0
jar-5_binary.npy,41,140,45878.0
jar-5_binary.npy,42,140,45878.0
jar-5_binary.npy,43,140,45878.0
jar-5_binary.npy,44,139,45888.0
jar-5_binary.npy,45,138,45898.0
jar-5_binary.npy,46,138,45898.0
jar-5_binary.npy,47,138,45898.0
jar-5_binary.npy,48,138,45898.0
jar-5_binary.npy,49,138,45898.0
jar-5_binary.npy,50,138,45898.0
jar-5_binary.npy,51,138,45898.0
key-13_binary.npy,0,211,27458.0
key-13_binary.npy,1,211,27458.0
key-13_binary.npy,2,211,27458.0
key-13_binary.npy,3,211,27458.0
key-13_binary.npy,4,210,27468.0
key-13_binary.npy,5,209,27478.0
key-13_binary.npy,6,208,27488.0
key-13_binary.npy,7,204,27528.0
key-13_binary.npy,8,204,27528.0
key-13_binary.npy,9,204,27528.0
key-13_binary.npy,10,204,27528.0
key-13_binary.npy,11,204,27528.0
key-13_binary.npy,12,203,27538.0
key-13_binary.npy,13,203,27538.0
key-13_binary.npy,14,203,27538.0
key-13_binary.npy,15,203,27538.0
key-13_binary.npy,16,203,27538.0
key-13_binary.npy,17,203,27538.0
key-13_binary.npy,18,203,27538.0
key-20_binary.npy,0,168,20991.0
key-20_binary.npy,1,168,20991.0
key-20_binary.npy,2,168,20991.0
key-20_binary.npy,3,167,21001.0
key-20_binary.npy,4,167,21001.0
key-20_binary.npy,5,166,21011.0
key-20_binary.npy,6,166,21011.0
key-20_binary.npy,7,161,21061.0
key-20_binary.npy,8,161,21061.0
key-20_binary.npy,9,161,21061.0
key-20_binary.npy,10,159,21081.0
key-20_binary.npy,11,159,21081.0
key-20_binary.npy,12,159,21081.0
key-20_binary.npy,13,159,21081.0
key-20_binary.npy,14,159,21081.0
key-20_binary.npy,15,159,21081.0
key-20_binary.npy,16,159,21081.0
key-3_binary.npy,0,160,22525.0
key-3_binary.npy,1,144,22685.0
key-3_binary.npy,2,144,22685.0
key-3_binary.npy,3,138,22745.0
key-3_binary.npy,4,138,22745.0
key-3_binary.npy,5,135,22775.0
key-3_binary.npy,6,135,22775.0
key-3_binary.npy,7,134,22785.0
key-3_binary.npy,8,133,22795.0
key-3_binary.npy,9,132,22805.0
key-3_binary.npy,10,131,22815.0
key-3_binary.npy,11,131,22815.0
key-3_binary.npy,12,131,22815.0
key-3_binary.npy,13,130,22825.0
key-3_binary.npy,14,130,22825.0
key-3_binary.npy,15,130,22825.0
key-3_binary.npy,16,130,22825.0
key-3_binary.npy,17,129,22835.0
key-3_binary.npy,18,129,22835.0
key-3_binary.npy,19,129,22835.0
key-3_binary.npy,20,128,22845.0
key-3_binary.npy,21,128,22845.0
key-3_binary.npy,22,128,22845.0
key-3_binary.npy,23,128,22845.0
key-3_binary.npy,24,128,22845.0
key-3_binary.npy,25,128,22845.0
key-3_binary.npy,26,128,22845.0
key-8_binary.npy,0,164,20871.0
key-8_binary.npy,1,164,20871.0
key-8_binary.npy,2,164,20871.0
key-8_binary.npy,3,155,20961.0
key-8_binary.npy,4,153,20981.0
key-8_binary.npy,5,153,20981.0
key-8_binary.npy,6,153,20981.0
key-8_binary.npy,7,153,20981.0
key-8_binary.npy,8,152,20991.0
key-8_binary.npy,9,152,20991.0
key-8_binary.npy,10,151,21001.0
key-8_binary.npy,11,151,21001.0
key-8_binary.npy,12,151,21001.0
key-8_binary.npy,13,151,21001.0
key-8_binary.npy,14,151,21001.0
key-8_binary.npy,15,151,21001.0
key-8_binary.npy,16,151,21001.0
lizzard-11_binary.npy,0,577,20851.0
lizzard-11_binary.npy,1,491,21711.0
lizzard-11_binary.npy,2,491,21711.0
lizzard-11_binary.npy,3,491,21711.0
lizzard-11_binary.npy,4,491,21711.0
lizzard-11_binary.npy,5,491,21711.0
lizzard-11_binary.npy,6,491,21711.0
lizzard-11_binary.npy,7,487,21751.0
lizzard-11_binary.npy,8,487,21751.0
lizzard-11_binary.npy,9,484,21781.0
lizzard-11_binary.npy,10,484,21781.0
lizzard-11_binary.npy,11,484,21781.0
lizzard-11_binary.npy,12,468,21941.0
lizzard-11_binary.npy,13,468,21941.0
lizzard-11_binary.npy,14,468,21941.0
lizzard-11_binary.npy,15,468,21941.0
lizzard-11_binary.npy,16,468,21941.0
lizzard-11_binary.npy,17,452,22101.0
lizzard-11_binary.npy,18,452,22101.0
lizzard-11_binary.npy,19,452,22101.0
lizzard-11_binary.npy,20,446,22161.0
lizzard-11_binary.npy,21,439,22231.0
lizzard-11_binary.npy,22,439,22231.0
lizzard-11_binary.npy,23,439,22231.0
lizzard-11_binary.npy,24,434,22281.0
lizzard-11_binary.npy,25,428,22341.0
lizzard-11_binary.npy,26,428,22341.0
lizzard-11_binary.npy,27,428,22341.0
lizzard-11_binary.npy,28,428,22341.0
lizzard-11_binary.npy,29,428,22341.0
lizzard-11_binary.npy,30,428,22341.0
lizzard-11_binary.npy,31,427,22351.0
lizzard-11_binary.npy,32,426,22361.0
lizzard-11_binary.npy,33,426,22361.0
lizzard-11_binary.npy,34,426,22361.0
lizzard-11_binary.npy,35,426,22361.0
lizzard-11_binary.npy,36,424,22381.0
lizzard-11_binary.npy,37,424,22381.0
lizzard-11_binary.npy,38,423,22391.0
lizzard-11_binary.npy,39,423,22391.0
lizzard-11_binary.npy,40,423,22391.0
lizzard-11_binary.npy,41,423,22391.0
lizzard-11_binary.npy,42,423,22391.0
lizzard-11_binary.npy,43,423,22391.0
lizzard-11_binary.npy,44,423,22391.0
lizzard-13_binary.npy,0,517,21620.0
lizzard-13_binary.npy,1,517,21620.0
lizzard-13_binary.npy,2,439,22400.0
lizzard-13_binary.npy,3,439,22400.0
lizzard-13_binary.npy,4,429,22500.0
lizzard-13_binary.npy,5,429,22500.0
lizzard-13_binary.npy,6,429,22500.0
lizzard-13_binary.npy,7,429,22500.0
lizzard-13_binary.npy,8,395,22840.0
lizzard-13_binary.npy,9,395,22840.0
lizzard-13_binary.npy,10,395,22840.0
lizzard-13_binary.npy,11,395,22840.0
lizzard-13_binary.npy,12,395,22840.0
lizzard-13_binary.npy,13,395,22840.0
lizzard-13_binary.npy,14,386,22930.0
lizzard-13_binary.npy,15,381,22980.0
lizzard-13_binary.npy,16,381,22980.0
lizzard-13_binary.npy,17,381,22980.0
lizzard-13_binary.npy,18,381,22980.0
lizzard-13_binary.npy,19,381,22980.0
lizzard-13_binary.npy,20,379,23000.0
lizzard-13_binary.npy,21,375,23040.0
lizzard-13_binary.npy,22,375,23040.0
lizzard-13_binary.npy,23,374,23050.0
lizzard-13_binary.npy,24,369,23100.0
lizzard-13_binary.npy,25,369,23100.0
lizzard-13_binary.npy,26,369,23100.0
lizzard-13_binary.npy,27,369,23100.0
lizzard-13_binary.npy,28,369,23100.0
lizzard-13_binary.npy,29,368,23110.0
lizzard-13_binary.npy,30,368,23110.0
lizzard-13_binary.npy,31,367,23120.0
lizzard-13_binary.npy,32,367,23120.0
lizzard-13_binary.npy,33,367,23120.0
lizzard-13_binary.npy,34,367,23120.0
lizzard-13_binary.npy,35,367,23120.0
lizzard-13_binary.npy,36,367,23120.0
lizzard-13_binary.npy,37,367,23120.0
lizzard-3_binary.npy,0,472,26976.0
lizzard-3_binary.npy,1,424,27456.0
lizzard-3_binary.npy,2,424,27456.0
lizzard-3_binary.npy,3,424,27456.0
lizzard-3_binary.npy,4,411,27586.0
lizzard-3_binary.npy,5,411,27586.0
lizzard-3_binary.npy,6,411,27586.0
lizzard-3_binary.npy,7,380,27896.0
lizzard-3_binary.npy,8,379,27906.0
lizzard-3_binary.npy,9,379,27906.0
lizzard-3_binary.npy,10,379,27906.0
lizzard-3_binary.npy,11,379,27906.0
lizzard-3_binary.npy,12,356,28136.0
lizzard-3_binary.npy,13,356,28136.0
lizzard-3_binary.npy,14,356,28136.0
lizzard-3_binary.npy,15,356,28136.0
lizzard-3_binary.npy,16,356,28136.0
lizzard-3_binary.npy,17,356,28136.0
lizzard-3_binary.npy,18,354,28156.0
lizzard-3_binary.npy,19,353,28166.0
lizzard-3_binary.npy,20,347,28226.0
lizzard-3_binary.npy,21,347,28226.0
lizzard-3_binary.npy,22,347,28226.0
lizzard-3_binary.npy,23,347,28226.0
lizzard-3_binary.npy,24,345,28246.0
lizzard-3_binary.npy,25,345,28246.0
lizzard-3_binary.npy,26,344,28256.0
lizzard-3_binary.npy,27,344,28256.0
lizzard-3_binary.npy,28,344,28256.0
lizzard-3_binary.npy,29,343,28266.0
lizzard-3_binary.npy,30,341,28286.0
lizzard-3_binary.npy,31,341,28286.0
lizzard-3_binary.npy,32,341,28286.0
lizzard-3_binary.npy,33,341,28286.0
lizzard-3_binary.npy,34,339,28306.0
lizzard-3_binary.npy,35,339,28306.0
lizzard-3_binary.npy,36,339,28306.0
lizzard-3_binary.npy,37,339,28306.0
lizzard-3_binary.npy,38,339,28306.0
lizzard-3_binary.npy,39,339,28306.0
lizzard-3_binary.npy,40,339,28306.0
lizzard-4_binary.npy,0,472,26976.0
lizzard-4_binary.npy,1,387,27826.0
lizzard-4_binary.npy,2,387,27826.0
lizzard-4_binary.npy,3,387,27826.0
lizzard-4_binary.npy,4,387,27826.0
lizzard-4_binary.npy,5,387,27826.0
lizzard-4_binary.npy,6,387,27826.0
lizzard-4_binary.npy,7,384,27856.0
lizzard-4_binary.npy,8,384,27856.0
lizzard-4_binary.npy,9,356,28136.0
lizzard-4_binary.npy,10,356,28136.0
lizzard-4_binary.npy,11,356,28136.0
lizzard-4_binary.npy,12,356,28136.0
lizzard-4_binary.npy,13,356,28136.0
lizzard-4_binary.npy,14,356,28136.0
lizzard-4_binary.npy,15,356,28136.0
lmfish-11_binary.npy,0,389,23696.0
lmfish-11_binary.npy,1,389,23696.0
lmfish-11_binary.npy,2,372,23866.0
lmfish-11_binary.npy,3,367,23916.0
lmfish-11_binary.npy,4,366,23926.0
lmfish-11_binary.npy,5,366,23926.0
lmfish-11_binary.npy,6,363,23956.0
lmfish-11_binary.npy,7,363,23956.0
lmfish-11_binary.npy,8,359,23996.0
lmfish-11_binary.npy,9,356,24026.0
lmfish-11_binary.npy,10,356,24026.0
lmfish-11_binary.npy,11,353,24056.0
lmfish-11_binary.npy,12,353,24056.0
lmfish-11_binary.npy,13,353,24056.0
lmfish-11_binary.npy,14,353,24056.0
lmfish-11_binary.npy,15,352,24066.0
lmfish-11_binary.npy,16,352,24066.0
lmfish-11_binary.npy,17,352,24066.0
lmfish-11_binary.npy,18,352,24066.0
lmfish-11_binary.npy,19,352,24066.0
lmfish-11_binary.npy,20,352,24066.0
lmfish-11_binary.npy,21,352,24066.0
lmfish-13_binary.npy,0,166,15770.0
lmfish-13_binary.npy,1,154,15890.0
lmfish-13_binary.npy,2,154,15890.0
lmfish-13_binary.npy,3,154,15890.0
lmfish-13_binary.npy,4,154,15890.0
lmfish-13_binary.npy,5,152,15910.0
lmfish-13_binary.npy,6,149,15940.0
lmfish-13_binary.npy,7,147,15960.0
lmfish-13_binary.npy,8,146,15970.0
lmfish-13_binary.npy,9,146,15970.0
lmfish-13_binary.npy,10,145,15980.0
lmfish-13_binary.npy,11,145,15980.0
lmfish-13_binary.npy,12,145,15980.0
lmfish-13_binary.npy,13,145,15980.0
lmfish-13_binary.npy,14,143,16000.0
lmfish-13_binary.npy,15,143,16000.0
lmfish-13_binary.npy,16,143,16000.0
lmfish-13_binary.npy,17,143,16000.0
lmfish-13_binary.npy,18,142,16010.0
lmfish-13_binary.npy,19,142,16010.0
lmfish-13_binary.npy,20,142,16010.0
lmfish-13_binary.npy,21,141,16020.0
lmfish-13_binary.npy,22,141,16020.0
lmfish-13_binary.npy,23,141,16020.0
lmfish-13_binary.npy,24,141,16020.0
lmfish-13_binary.npy,25,141,16020.0
lmfish-13_binary.npy,26,141,16020.0
lmfish-13_binary.npy,27,141,16020.0
lmfish-1_binary.npy,0,512,86340.0
lmfish-1_binary.npy,1,484,86620.0
lmfish-1_binary.npy,2,484,86620.0
lmfish-1_binary.npy,3,477,86690.0
lmfish-1_binary.npy,4,477,86690.0
lmfish-1_binary.npy,5,466,86800.0
lmfish-1_binary.npy,6,466,86800.0
lmfish-1_binary.npy,7,466,86800.0
lmfish-1_binary.npy,8,466,86800.0
lmfish-1_binary.npy,9,460,86860.0
lmfish-1_binary.npy,10,460,86860.0
lmfish-1_binary.npy,11,460,86860.0
lmfish-1_binary.npy,12,460,86860.0
lmfish-1_binary.npy,13,460,86860.0
lmfish-1_binary.npy,14,460,86860.0
lmfish-1_binary.npy,15,458,86880.0
lmfish-1_binary.npy,16,458,86880.0
lmfish-1_binary.npy,17,453,86930.0
lmfish-1_binary.npy,18,453,86930.0
lmfish-1_binary.npy,19,453,86930.0
lmfish-1_binary.npy,20,453,86930.0
lmfish-1_binary.npy,21,453,86930.0
lmfish-1_binary.npy,22,453,86930.0
lmfish-1_binary.npy,23,453,86930.0
lmfish-2_binary.npy,0,666,90227.0
lmfish-2_binary.npy,1,532,91567.0
lmfish-2_binary.npy,2,532,91567.0
lmfish-2_binary.npy,3,519,91697.0
lmfish-2_binary.npy,4,496,91927.0
lmfish-2_binary.npy,5,496,91927.0
lmfish-2_binary.npy,6,496,91927.0
lmfish-2_binary.npy,7,496,91927.0
lmfish-2_binary.npy,8,475,92137.0
lmfish-2_binary.npy,9,475,92137.0
lmfish-2_binary.npy,10,469,92197.0
lmfish-2_binary.npy,11,469,92197.0
lmfish-2_binary.npy,12,464,92247.0
lmfish-2_binary.npy,13,464,92247.0
lmfish-2_binary.npy,14,456,92327.0
lmfish-2_binary.npy,15,449,92397.0
lmfish-2_binary.npy,16,449,92397.0
lmfish-2_binary.npy,17,449,92397.0
lmfish-2_binary.npy,18,449,92397.0
lmfish-2_binary.npy,19,449,92397.0
lmfish-2_binary.npy,20,446,92427.0
lmfish-2_binary.npy,21,446,92427.0
lmfish-2_binary.npy,22,446,92427.0
lmfish-2_binary.npy,23,446,92427.0
lmfish-2_binary.npy,24,446,92427.0
lmfish-2_binary.npy,25,443,92457.0
lmfish-2_binary.npy,26,443,92457.0
lmfish-2_binary.npy,27,443,92457.0
lmfish-2_binary.npy,28,443,92457.0
lmfish-2_binary.npy,29,442,92467.0
lmfish-2_binary.npy,30,442,92467.0
lmfish-2_binary.npy,31,442,92467.0
lmfish-2_binary.npy,32,442,92467.0
lmfish-2_binary.npy,33,442,92467.0
lmfish-2_binary.npy,34,442,92467.0
lmfish-2_binary.npy,35,441,92477.0
lmfish-2_binary.npy,36,441,92477.0
lmfish-2_binary.npy,37,441,92477.0
lmfish-2_binary.npy,38,441,92477.0
lmfish-2_binary.npy,39,441,92477.0
lmfish-2_binary.npy,40,441,92477.0
lmfish-2_binary.npy,41,441,92477.0
octopus-16_binary.npy,0,594,13423.0
octopus-16_binary.npy,1,506,14303.0
octopus-16_binary.npy,2,506,14303.0
octopus-16_binary.npy,3,506,14303.0
octopus-16_binary.npy,4,506,14303.0
octopus-16_binary.npy,5,506,14303.0
octopus-16_binary.npy,6,500,14363.0
octopus-16_binary.npy,7,490,14463.0
octopus-16_binary.npy,8,490,14463.0
octopus-16_binary.npy,9,473,14633.0
octopus-16_binary.npy,10,473,14633.0
octopus-16_binary.npy,11,473,14633.0
octopus-16_binary.npy,12,472,14643.0
octopus-16_binary.npy,13,464,14723.0
octopus-16_binary.npy,14,464,14723.0
octopus-16_binary.npy,15,464,14723.0
octopus-16_binary.npy,16,457,14793.0
octopus-16_binary.npy,17,457,14793.0
octopus-16_binary.npy,18,457,14793.0
octopus-16_binary.npy,19,449,14873.0
octopus-16_binary.npy,20,445,14913.0
octopus-16_binary.npy,21,445,14913.0
octopus-16_binary.npy,22,445,14913.0
octopus-16_binary.npy,23,437,14993.0
octopus-16_binary.npy,24,437,14993.0
octopus-16_binary.npy,25,437,14993.0
octopus-16_binary.npy,26,437,14993.0
octopus-16_binary.npy,27,437,14993.0
octopus-16_binary.npy,28,437,14993.0
octopus-16_binary.npy,29,437,14993.0
octopus-17_binary.npy,0,446,12285.0
octopus-17_binary.npy,1,430,12445.0
octopus-17_binary.npy,2,430,12445.0
octopus-17_binary.npy,3,397,12775.0
octopus-17_binary.npy,4,397,12775.0
octopus-17_binary.npy,5,397,12775.0
octopus-17_binary.npy,6,390,12845.0
octopus-17_binary.npy,7,390,12845.0
octopus-17_binary.npy,8,390,12845.0
octopus-17_binary.npy,9,390,12845.0
octopus-17_binary.npy,10,384,12905.0
octopus-17_binary.npy,11,383,12915.0
octopus-17_binary.npy,12,383,12915.0
octopus-17_binary.npy,13,366,13085.0
octopus-17_binary.npy,14,362,13125.0
octopus-17_binary.npy,15,362,13125.0
octopus-17_binary.npy,16,362,13125.0
octopus-17_binary.npy,17,362,13125.0
octopus-17_binary.npy,18,362,13125.0
octopus-17_binary.npy,19,362,13125.0
octopus-17_binary.npy,20,355,13195.0
octopus-17_binary.npy,21,355,13195.0
octopus-17_binary.npy,22,355,13195.0
octopus-17_binary.npy,23,355,13195.0
octopus-17_binary.npy,24,355,13195.0
octopus-17_binary.npy,25,355,13195.0
octopus-17_binary.npy,26,352,13225.0
octopus-17_binary.npy,27,352,13225.0
octopus-17_binary.npy,28,352,13225.0
octopus-17_binary.npy,29,351,13235.0
octopus-17_binary.npy,30,349,13255.0
octopus-17_binary.npy,31,349,13255.0
octopus-17_binary.npy,32,346,13285.0
octopus-17_binary.npy,33,346,13285.0
octopus-17_binary.npy,34,346,13285.0
octopus-17_binary.npy,35,346,13285.0
octopus-17_binary.npy,36,346,13285.0
octopus-17_binary.npy,37,346,13285.0
octopus-17_binary.npy,38,346,13285.0
octopus-4_binary.npy,0,343,21104.0
octopus-4_binary.npy,1,326,21274.0
octopus-4_binary.npy,2,326,21274.0
octopus-4_binary.npy,3,326,21274.0
octopus-4_binary.npy,4,315,21384.0
octopus-4_binary.npy,5,312,21414.0
octopus-4_binary.npy,6,312,21414.0
octopus-4_binary.npy,7,312,21414.0
octopus-4_binary.npy,8,307,21464.0
octopus-4_binary.npy,9,307,21464.0
octopus-4_binary.npy,10,307,21464.0
octopus-4_binary.npy,11,307,21464.0
octopus-4_binary.npy,12,307,21464.0
octopus-4_binary.npy,13,307,21464.0
octopus-4_binary.npy,14,307,21464.0
octopus-8_binary.npy,0,347,27796.0
octopus-8_binary.npy,1,345,27816.0
octopus-8_binary.npy,2,337,27896.0
octopus-8_binary.npy,3,337,27896.0
octopus-8_binary.npy,4,311,28156.0
octopus-8_binary.npy,5,311,28156.0
octopus-8_binary.npy,6,311,28156.0
octopus-8_binary.npy,7,311,28156.0
octopus-8_binary.npy,8,311,28156.0
octopus-8_binary.npy,9,306,28206.0
octopus-8_binary.npy,10,306,28206.0
octopus-8_binary.npy,11,306,28206.0
octopus-8_binary.npy,12,296,28306.0
octopus-8_binary.npy,13,291,28356.0
octopus-8_binary.npy,14,291,28356.0
octopus-8_binary.npy,15,291,28356.0
octopus-8_binary.npy,16,291,28356.0
octopus-8_binary.npy,17,291,28356.0
octopus-8_binary.npy,18,287,28396.0
octopus-8_binary.npy,19,287,28396.0
octopus-8_binary.npy,20,287,28396.0
octopus-8_binary.npy,21,287,28396.0
octopus-8_binary.npy,22,285,28416.0
octopus-8_binary.npy,23,285,28416.0
octopus-8_binary.npy,24,285,28416.0
octopus-8_binary.npy,25,284,28426.0
octopus-8_binary.npy,26,284,28426.0
octopus-8_binary.npy,27,284,28426.0
octopus-8_binary.npy,28,284,28426.0
octopus-8_binary.npy,29,282,28446.0
octopus-8_binary.npy,30,279,28476.0
octopus-8_binary.npy,31,279,28476.0
octopus-8_binary.npy,32,279,28476.0
octopus-8_binary.npy,33,278,28486.0
octopus-8_binary.npy,34,276,28506.0
octopus-8_binary.npy,35,276,28506.0
octopus-8_binary.npy,36,276,28506.0
octopus-8_binary.npy,37,276,28506.0
octopus-8_binary.npy,38,275,28516.0
octopus-8_binary.npy,39,274,28526.0
octopus-8_binary.npy,40,274,28526.0
octopus-8_binary.npy,41,274,28526.0
octopus-8_binary.npy,42,274,28526.0
octopus-8_binary.npy,43,274,28526.0
octopus-8_binary.npy,44,273,28536.0
octopus-8_binary.npy,45,273,28536.0
octopus-8_binary.npy,46,273,28536.0
octopus-8_binary.npy,47,273,28536.0
octopus-8_binary.npy,48,273,28536.0
octopus-8_binary.npy,49,273,28536.0
octopus-8_binary.npy,50,273,28536.0
pencil-14_binary.npy,0,49,9895.0
pencil-14_binary.npy,1,47,9915.0
pencil-14_binary.npy,2,47,9915.0
pencil-14_binary.npy,3,47,9915.0
pencil-14_binary.npy,4,46,9925.0
pencil-14_binary.npy,5,46,9925.0
pencil-14_binary.npy,6,46,9925.0
pencil-14_binary.npy,7,46,9925.0
pencil-14_binary.npy,8,46,9925.0
pencil-14_binary.npy,9,46,9925.0
pencil-14_binary.npy,10,46,9925.0
pencil-15_binary.npy,0,100,6861.0
pencil-15_binary.npy,1,100,6861.0
pencil-15_binary.npy,2,100,6861.0
pencil-15_binary.npy,3,100,6861.0
pencil-15_binary.npy,4,100,6861.0
pencil-15_binary.npy,5,100,6861.0
pencil-15_binary.npy,6,100,6861.0
pencil-18_binary.npy,0,139,9137.0
pencil-18_binary.npy,1,139,9137.0
pencil-18_binary.npy,2,139,9137.0
pencil-18_binary.npy,3,139,9137.0
pencil-18_binary.npy,4,139,9137.0
pencil-18_binary.npy,5,139,9137.0
pencil-18_binary.npy,6,139,9137.0
pencil-3_binary.npy,0,73,13025.0
pencil-3_binary.npy,1,73,13025.0
pencil-3_binary.npy,2,70,13055.0
pencil-3_binary.npy,3,70,13055.0
pencil-3_binary.npy,4,69,13065.0
pencil-3_binary.npy,5,69,13065.0
pencil-3_binary.npy,6,69,13065.0
pencil-3_binary.npy,7,69,13065.0
pencil-3_binary.npy,8,69,13065.0
pencil-3_binary.npy,9,69,13065.0
pencil-3_binary.npy,10,69,13065.0
personal_car-12_binary.npy,0,174,35637.0
personal_car-12_binary.npy,1,170,35677.0
personal_car-12_binary.npy,2,170,35677.0
personal_car-12_binary.npy,3,170,35677.0
personal_car-12_binary.npy,4,170,35677.0
personal_car-12_binary.npy,5,166,35717.0
personal_car-12_binary.npy,6,166,35717.0
personal_car-12_binary.npy,7,164,35737.0
personal_car-12_binary.npy,8,163,35747.0
personal_car-12_binary.npy,9,163,35747.0
personal_car-12_binary.npy,10,163,35747.0
personal_car-12_binary.npy,11,162,35757.0
personal_car-12_binary.npy,12,158,35797.0
personal_car-12_binary.npy,13,158,35797.0
personal_car-12_binary.npy,14,158,35797.0
personal_car-12_binary.npy,15,158,35797.0
personal_car-12_binary.npy,16,157,35807.0
personal_car-12_binary.npy,17,157,35807.0
personal_car-12_binary.npy,18,157,35807.0
personal_car-12_binary.npy,19,157,35807.0
personal_car-12_binary.npy,20,156,35817.0
personal_car-12_binary.npy,21,156,35817.0
personal_car-12_binary.npy,22,156,35817.0
personal_car-12_binary.npy,23,156,35817.0
personal_car-12_binary.npy,24,155,35827.0
personal_car-12_binary.npy,25,155,35827.0
personal_car-12_binary.npy,26,155,35827.0
personal_car-12_binary.npy,27,155,35827.0
personal_car-12_binary.npy,28,155,35827.0
personal_car-12_binary.npy,29,155,35827.0
personal_car-12_binary.npy,30,155,35827.0
personal_car-17_binary.npy,0,240,51643.0
personal_car-17_binary.npy,1,221,51833.0
personal_car-17_binary.npy,2,221,51833.0
personal_car-17_binary.npy,3,221,51833.0
personal_car-17_binary.npy,4,216,51883.0
personal_car-17_binary.npy,5,216,51883.0
personal_car-17_binary.npy,6,207,51973.0
personal_car-17_binary.npy,7,207,51973.0
personal_car-17_binary.npy,8,205,51993.0
personal_car-17_binary.npy,9,205,51993.0
personal_car-17_binary.npy,10,205,51993.0
personal_car-17_binary.npy,11,201,52033.0
personal_car-17_binary.npy,12,201,52033.0
personal_car-17_binary.npy,13,201,52033.0
personal_car-17_binary.npy,14,201,52033.0
personal_car-17_binary.npy,15,201,52033.0
personal_car-17_binary.npy,16,201,52033.0
personal_car-17_binary.npy,17,201,52033.0
personal_car-4_binary.npy,0,134,20849.0
personal_car-4_binary.npy,1,121,20979.0
personal_car-4_binary.npy,2,121,20979.0
personal_car-4_binary.npy,3,121,20979.0
personal_car-4_binary.npy,4,116,21029.0
personal_car-4_binary.npy,5,116,21029.0
personal_car-4_binary.npy,6,116,21029.0
personal_car-4_binary.npy,7,116,21029.0
personal_car-4_binary.npy,8,116,21029.0
personal_car-4_binary.npy,9,116,21029.0
personal_car-4_binary.npy,10,115,21039.0
personal_car-4_binary.npy,11,115,21039.0
personal_car-4_binary.npy,12,115,21039.0
personal_car-4_binary.npy,13,114,21049.0
personal_car-4_binary.npy,14,114,21049.0
personal_car-4_binary.npy,15,112,21069.0
personal_car-4_binary.npy,16,112,21069.0
personal_car-4_binary.npy,17,112,21069.0
personal_car-4_binary.npy,18,112,21069.0
personal_car-4_binary.npy,19,112,21069.0
personal_car-4_binary.npy,20,112,21069.0
personal_car-4_binary.npy,21,112,21069.0
personal_car-9_binary.npy,0,196,37067.0
personal_car-9_binary.npy,1,196,37067.0
personal_car-9_binary.npy,2,176,37267.0
personal_car-9_binary.npy,3,176,37267.0
personal_car-9_binary.npy,4,172,37307.0
personal_car-9_binary.npy,5,172,37307.0
personal_car-9_binary.npy,6,172,37307.0
personal_car-9_binary.npy,7,171,37317.0
personal_car-9_binary.npy,8,171,37317.0
personal_car-9_binary.npy,9,171,37317.0
personal_car-9_binary.npy,10,171,37317.0
personal_car-9_binary.npy,11,171,37317.0
personal_car-9_binary.npy,12,171,37317.0
personal_car-9_binary.npy,13,168,37347.0
personal_car-9_binary.npy,14,168,37347.0
personal_car-9_binary.npy,15,166,37367.0
personal_car-9_binary.npy,16,165,37377.0
personal_car-9_binary.npy,17,165,37377.0
personal_car-9_binary.npy,18,165,37377.0
personal_car-9_binary.npy,19,165,37377.0
personal_car-9_binary.npy,20,165,37377.0
personal_car-9_binary.npy,21,165,37377.0
personal_car-9_binary.npy,22,165,37377.0
pocket-10_binary.npy,0,172,3959.0
pocket-10_binary.npy,1,165,4029.0
pocket-10_binary.npy,2,144,4239.0
pocket-10_binary.npy,3,144,4239.0
pocket-10_binary.npy,4,144,4239.0
pocket-10_binary.npy,5,144,4239.0
pocket-10_binary.npy,6,144,4239.0
pocket-10_binary.npy,7,137,4309.0
pocket-10_binary.npy,8,131,4369.0
pocket-10_binary.npy,9,131,4369.0
pocket-10_binary.npy,10,130,4379.0
pocket-10_binary.npy,11,130,4379.0
pocket-10_binary.npy,12,124,4439.0
pocket-10_binary.npy,13,122,4459.0
pocket-10_binary.npy,14,118,4499.0
pocket-10_binary.npy,15,118,4499.0
pocket-10_binary.npy,16,118,4499.0
pocket-10_binary.npy,17,115,4529.0
pocket-10_binary.npy,18,115,4529.0
pocket-10_binary.npy,19,115,4529.0
pocket-10_binary.npy,20,115,4529.0
pocket-10_binary.npy,21,115,4529.0
pocket-10_binary.npy,22,115,4529.0
pocket-10_binary.npy,23,115,4529.0
pocket-11_binary.npy,0,1629,75508.0
pocket-11_binary.npy,1,1482,76978.0
pocket-11_binary.npy,2,1407,77728.0
pocket-11_binary.npy,3,1407,77728.0
pocket-11_binary.npy,4,1376,78038.0
pocket-11_binary.npy,5,1376,78038.0
pocket-11_binary.npy,6,1376,78038.0
pocket-11_binary.npy,7,1351,78288.0
pocket-11_binary.npy,8,1351,78288.0
pocket-11_binary.npy,9,1301,78788.0
pocket-11_binary.npy,10,1285,78948.0
pocket-11_binary.npy,11,1285,78948.0
pocket-11_binary.npy,12,1285,78948.0
pocket-11_binary.npy,13,1285,78948.0
pocket-11_binary.npy,14,1283,78968.0
pocket-11_binary.npy,15,1259,79208.0
pocket-11_binary.npy,16,1232,79478.0
pocket-11_binary.npy,17,1226,79538.0
pocket-11_binary.npy,18,1226,79538.0
pocket-11_binary.npy,19,1211,79688.0
pocket-11_binary.npy,20,1199,79808.0
pocket-11_binary.npy,21,1199,79808.0
pocket-11_binary.npy,22,1199,79808.0
pocket-11_binary.npy,23,1199,79808.0
pocket-11_binary.npy,24,1199,79808.0
pocket-11_binary.npy,25,1199,79808.0
pocket-11_binary.npy,26,1191,79888.0
pocket-11_binary.npy,27,1191,79888.0
pocket-11_binary.npy,28,1191,79888.0
pocket-11_binary.npy,29,1188,79918.0
pocket-11_binary.npy,30,1188,79918.0
pocket-11_binary.npy,31,1188,79918.0
pocket-11_binary.npy,32,1186,79938.0
pocket-11_binary.npy,33,1186,79938.0
pocket-11_binary.npy,34,1186,79938.0
pocket-11_binary.npy,35,1186,79938.0
pocket-11_binary.npy,36,1186,79938.0
pocket-11_binary.npy,37,1177,80028.0
pocket-11_binary.npy,38,1177,80028.0
pocket-11_binary.npy,39,1175,80048.0
pocket-11_binary.npy,40,1174,80058.0
pocket-11_binary.npy,41,1173,80068.0
pocket-11_binary.npy,42,1173,80068.0
pocket-11_binary.npy,43,1173,80068.0
pocket-11_binary.npy,44,1173,80068.0
pocket-11_binary.npy,45,1173,80068.0
pocket-11_binary.npy,46,1172,80078.0
pocket-11_binary.npy,47,1172,80078.0
pocket-11_binary.npy,48,1172,80078.0
pocket-11_binary.npy,49,1172,80078.0
pocket-11_binary.npy,50,1172,80078.0
pocket-11_binary.npy,51,1171,80088.0
pocket-11_binary.npy,52,1171,80088.0
pocket-11_binary.npy,53,1171,80088.0
pocket-11_binary.npy,54,1170,80098.0
pocket-11_binary.npy,55,1170,80098.0
pocket-11_binary.npy,56,1170,80098.0
pocket-11_binary.npy,57,1170,80098.0
pocket-11_binary.npy,58,1170,80098.0
pocket-11_binary.npy,59,1170,80098.0
pocket-11_binary.npy,60,1170,80098.0
pocket-13_binary.npy,0,311,25188.0
pocket-13_binary.npy,1,267,25628.0
pocket-13_binary.npy,2,267,25628.0
pocket-13_binary.npy,3,267,25628.0
pocket-13_binary.npy,4,267,25628.0
pocket-13_binary.npy,5,262,25678.0
pocket-13_binary.npy,6,239,25908.0
pocket-13_binary.npy,7,239,25908.0
pocket-13_binary.npy,8,226,26038.0
pocket-13_binary.npy,9,219,26108.0
pocket-13_binary.npy,10,219,26108.0
pocket-13_binary.npy,11,219,26108.0
pocket-13_binary.npy,12,214,26158.0
pocket-13_binary.npy,13,214,26158.0
pocket-13_binary.npy,14,214,26158.0
pocket-13_binary.npy,15,208,26218.0
pocket-13_binary.npy,16,208,26218.0
pocket-13_binary.npy,17,208,26218.0
pocket-13_binary.npy,18,207,26228.0
pocket-13_binary.npy,19,204,26258.0
pocket-13_binary.npy,20,204,26258.0
pocket-13_binary.npy,21,203,26268.0
pocket-13_binary.npy,22,203,26268.0
pocket-13_binary.npy,23,203,26268.0
pocket-13_binary.npy,24,203,26268.0
pocket-13_binary.npy,25,203,26268.0
pocket-13_binary.npy,26,202,26278.0
pocket-13_binary.npy,27,202,26278.0
pocket-13_binary.npy,28,202,26278.0
pocket-13_binary.npy,29,200,26298.0
pocket-13_binary.npy,30,200,26298.0
pocket-13_binary.npy,31,200,26298.0
pocket-13_binary.npy,32,200,26298.0
pocket-13_binary.npy,33,200,26298.0
pocket-13_binary.npy,34,200,26298.0
pocket-13_binary.npy,35,200,26298.0
pocket-7_binary.npy,0,271,6029.0
pocket-7_binary.npy,1,266,6079.0
pocket-7_binary.npy,2,221,6529.0
pocket-7_binary.npy,3,221,6529.0
pocket-7_binary.npy,4,221,6529.0
pocket-7_binary.npy,5,193,6809.0
pocket-7_binary.npy,6,193,6809.0
pocket-7_binary.npy,7,193,6809.0
pocket-7_binary.npy,8,193,6809.0
pocket-7_binary.npy,9,193,6809.0
pocket-7_binary.npy,10,193,6809.0
pocket-7_binary.npy,11,183,6909.0
pocket-7_binary.npy,12,183,6909.0
pocket-7_binary.npy,13,175,6989.0
pocket-7_binary.npy,14,174,6999.0
pocket-7_binary.npy,15,174,6999.0
pocket-7_binary.npy,16,174,6999.0
pocket-7_binary.npy,17,169,7049.0
pocket-7_binary.npy,18,169,7049.0
pocket-7_binary.npy,19,169,7049.0
pocket-7_binary.npy,20,169,7049.0
pocket-7_binary.npy,21,169,7049.0
pocket-7_binary.npy,22,165,7089.0
pocket-7_binary.npy,23,163,7109.0
pocket-7_binary.npy,24,163,7109.0
pocket-7_binary.npy,25,163,7109.0
pocket-7_binary.npy,26,162,7119.0
pocket-7_binary.npy,27,158,7159.0
pocket-7_binary.npy,28,158,7159.0
pocket-7_binary.npy,29,158,7159.0
pocket-7_binary.npy,30,158,7159.0
pocket-7_binary.npy,31,158,7159.0
pocket-7_binary.npy,32,157,7169.0
pocket-7_binary.npy,33,157,7169.0
pocket-7_binary.npy,34,157,7169.0
pocket-7_binary.npy,35,157,7169.0
pocket-7_binary.npy,36,157,7169.0
pocket-7_binary.npy,37,157,7169.0
pocket-7_binary.npy,38,157,7169.0
rat-03_binary.npy,0,349,10010.0
rat-03_binary.npy,1,295,10550.0
rat-03_binary.npy,2,282,10680.0
rat-03_binary.npy,3,282,10680.0
rat-03_binary.npy,4,281,10690.0
rat-03_binary.npy,5,274,10760.0
rat-03_binary.npy,6,250,11000.0
rat-03_binary.npy,7,250,11000.0
rat-03_binary.npy,8,250,11000.0
rat-03_binary.npy,9,250,11000.0
rat-03_binary.npy,10,247,11030.0
rat-03_binary.npy,11,247,11030.0
rat-03_binary.npy,12,245,11050.0
rat-03_binary.npy,13,244,11060.0
rat-03_binary.npy,14,234,11160.0
rat-03_binary.npy,15,234,11160.0
rat-03_binary.npy,16,232,11180.0
rat-03_binary.npy,17,232,11180.0
rat-03_binary.npy,18,232,11180.0
rat-03_binary.npy,19,232,11180.0
rat-03_binary.npy,20,231,11190.0
rat-03_binary.npy,21,231,11190.0
rat-03_binary.npy,22,229,11210.0
rat-03_binary.npy,23,229,11210.0
rat-03_binary.npy,24,229,11210.0
rat-03_binary.npy,25,229,11210.0
rat-03_binary.npy,26,229,11210.0
rat-03_binary.npy,27,228,11220.0
rat-03_binary.npy,28,228,11220.0
rat-03_binary.npy,29,228,11220.0
rat-03_binary.npy,30,228,11220.0
rat-03_binary.npy,31,228,11220.0
rat-03_binary.npy,32,228,11220.0
rat-03_binary.npy,33,228,11220.0
rat-06_binary.npy,0,315,10648.0
rat-06_binary.npy,1,272,11078.0
rat-06_binary.npy,2,272,11078.0
rat-06_binary.npy,3,257,11228.0
rat-06_binary.npy,4,257,11228.0
rat-06_binary.npy,5,257,11228.0
rat-06_binary.npy,6,257,11228.0
rat-06_binary.npy,7,247,11328.0
rat-06_binary.npy,8,240,11398.0
rat-06_binary.npy,9,240,11398.0
rat-06_binary.npy,10,229,11508.0
rat-06_binary.npy,11,229,11508.0
rat-06_binary.npy,12,229,11508.0
rat-06_binary.npy,13,218,11618.0
rat-06_binary.npy,14,218,11618.0
rat-06_binary.npy,15,214,11658.0
rat-06_binary.npy,16,214,11658.0
rat-06_binary.npy,17,211,11688.0
rat-06_binary.npy,18,208,11718.0
rat-06_binary.npy,19,208,11718.0
rat-06_binary.npy,20,208,11718.0
rat-06_binary.npy,21,208,11718.0
rat-06_binary.npy,22,206,11738.0
rat-06_binary.npy,23,204,11758.0
rat-06_binary.npy,24,204,11758.0
rat-06_binary.npy,25,204,11758.0
rat-06_binary.npy,26,203,11768.0
rat-06_binary.npy,27,203,11768.0
rat-06_binary.npy,28,203,11768.0
rat-06_binary.npy,29,201,11788.0
rat-06_binary.npy,30,199,11808.0
rat-06_binary.npy,31,199,11808.0
rat-06_binary.npy,32,199,11808.0
rat-06_binary.npy,33,199,11808.0
rat-06_binary.npy,34,199,11808.0
rat-06_binary.npy,35,198,11818.0
rat-06_binary.npy,36,198,11818.0
rat-06_binary.npy,37,198,11818.0
rat-06_binary.npy,38,198,11818.0
rat-06_binary.npy,39,198,11818.0
rat-06_binary.npy,40,198,11818.0
rat-06_binary.npy,41,198,11818.0
rat-08_binary.npy,0,336,10091.0
rat-08_binary.npy,1,267,10781.0
rat-08_binary.npy,2,267,10781.0
rat-08_binary.npy,3,267,10781.0
rat-08_binary.npy,4,267,10781.0
rat-08_binary.npy,5,267,10781.0
rat-08_binary.npy,6,255,10901.0
rat-08_binary.npy,7,254,10911.0
rat-08_binary.npy,8,244,11011.0
rat-08_binary.npy,9,230,11151.0
rat-08_binary.npy,10,230,11151.0
rat-08_binary.npy,11,230,11151.0
rat-08_binary.npy,12,227,11181.0
rat-08_binary.npy,13,227,11181.0
rat-08_binary.npy,14,227,11181.0
rat-08_binary.npy,15,227,11181.0
rat-08_binary.npy,16,227,11181.0
rat-08_binary.npy,17,226,11191.0
rat-08_binary.npy,18,226,11191.0
rat-08_binary.npy,19,223,11221.0
rat-08_binary.npy,20,223,11221.0
rat-08_binary.npy,21,223,11221.0
rat-08_binary.npy,22,223,11221.0
rat-08_binary.npy,23,223,11221.0
rat-08_binary.npy,24,223,11221.0
rat-08_binary.npy,25,223,11221.0
rat-14_binary.npy,0,337,8927.0
rat-14_binary.npy,1,312,9177.0
rat-14_binary.npy,2,273,9567.0
rat-14_binary.npy,3,273,9567.0
rat-14_binary.npy,4,273,9567.0
rat-14_binary.npy,5,254,9757.0
rat-14_binary.npy,6,253,9767.0
rat-14_binary.npy,7,253,9767.0
rat-14_binary.npy,8,253,9767.0
rat-14_binary.npy,9,252,9777.0
rat-14_binary.npy,10,239,9907.0
rat-14_binary.npy,11,239,9907.0
rat-14_binary.npy,12,239,9907.0
rat-14_binary.npy,13,239,9907.0
rat-14_binary.npy,14,239,9907.0
rat-14_binary.npy,15,237,9927.0
rat-14_binary.npy,16,237,9927.0
rat-14_binary.npy,17,236,9937.0
rat-14_binary.npy,18,236,9937.0
rat-14_binary.npy,19,234,9957.0
rat-14_binary.npy,20,230,9997.0
rat-14_binary.npy,21,229,10007.0
rat-14_binary.npy,22,229,10007.0
rat-14_binary.npy,23,229,10007.0
rat-14_binary.npy,24,227,10027.0
rat-14_binary.npy,25,226,10037.0
rat-14_binary.npy,26,226,10037.0
rat-14_binary.npy,27,226,10037.0
rat-14_binary.npy,28,225,10047.0
rat-14_binary.npy,29,221,10087.0
rat-14_binary.npy,30,221,10087.0
rat-14_binary.npy,31,221,10087.0
rat-14_binary.npy,32,221,10087.0
rat-14_binary.npy,33,221,10087.0
rat-14_binary.npy,34,221,10087.0
rat-14_binary.npy,35,221,10087.0
ray-16_binary.npy,0,463,61849.0
ray-16_binary.npy,1,435,62129.0
ray-16_binary.npy,2,409,62389.0
ray-16_binary.npy,3,409,62389.0
ray-16_binary.npy,4,409,62389.0
ray-16_binary.npy,5,400,62479.0
ray-16_binary.npy,6,384,62639.0
ray-16_binary.npy,7,384,62639.0
ray-16_binary.npy,8,384,62639.0
ray-16_binary.npy,9,384,62639.0
ray-16_binary.npy,10,384,62639.0
ray-16_binary.npy,11,379,62689.0
ray-16_binary.npy,12,376,62719.0
ray-16_binary.npy,13,366,62819.0
ray-16_binary.npy,14,365,62829.0
ray-16_binary.npy,15,365,62829.0
ray-16_binary.npy,16,365,62829.0
ray-16_binary.npy,17,365,62829.0
ray-16_binary.npy,18,365,62829.0
ray-16_binary.npy,19,365,62829.0
ray-16_binary.npy,20,365,62829.0
ray-2_binary.npy,0,517,66885.0
ray-2_binary.npy,1,443,67625.0
ray-2_binary.npy,2,428,67775.0
ray-2_binary.npy,3,428,67775.0
ray-2_binary.npy,4,428,67775.0
ray-2_binary.npy,5,391,68145.0
ray-2_binary.npy,6,390,68155.0
ray-2_binary.npy,7,390,68155.0
ray-2_binary.npy,8,379,68265.0
ray-2_binary.npy,9,379,68265.0
ray-2_binary.npy,10,379,68265.0
ray-2_binary.npy,11,358,68475.0
ray-2_binary.npy,12,358,68475.0
ray-2_binary.npy,13,358,68475.0
ray-2_binary.npy,14,351,68545.0
ray-2_binary.npy,15,351,68545.0
ray-2_binary.npy,16,351,68545.0
ray-2_binary.npy,17,351,68545.0
ray-2_binary.npy,18,343,68625.0
ray-2_binary.npy,19,340,68655.0
ray-2_binary.npy,20,340,68655.0
ray-2_binary.npy,21,336,68695.0
ray-2_binary.npy,22,336,68695.0
ray-2_binary.npy,23,334,68715.0
ray-2_binary.npy,24,334,68715.0
ray-2_binary.npy,25,333,68725.0
ray-2_binary.npy,26,333,68725.0
ray-2_binary.npy,27,333,68725.0
ray-2_binary.npy,28,333,68725.0
ray-2_binary.npy,29,331,68745.0
ray-2_binary.npy,30,331,68745.0
ray-2_binary.npy,31,331,68745.0
ray-2_binary.npy,32,331,68745.0
ray-2_binary.npy,33,331,68745.0
ray-2_binary.npy,34,331,68745.0
ray-2_binary.npy,35,331,68745.0
ray-5_binary.npy,0,276,25752.0
ray-5_binary.npy,1,239,26122.0
ray-5_binary.npy,2,220,26312.0
ray-5_binary.npy,3,220,26312.0
ray-5_binary.npy,4,220,26312.0
ray-5_binary.npy,5,206,26452.0
ray-5_binary.npy,6,206,26452.0
ray-5_binary.npy,7,206,26452.0
ray-5_binary.npy,8,206,26452.0
ray-5_binary.npy,9,206,26452.0
ray-5_binary.npy,10,194,26572.0
ray-5_binary.npy,11,194,26572.0
ray-5_binary.npy,12,194,26572.0
ray-5_binary.npy,13,185,26662.0
ray-5_binary.npy,14,185,26662.0
ray-5_binary.npy,15,173,26782.0
ray-5_binary.npy,16,173,26782.0
ray-5_binary.npy,17,173,26782.0
ray-5_binary.npy,18,173,26782.0
ray-5_binary.npy,19,173,26782.0
ray-5_binary.npy,20,172,26792.0
ray-5_binary.npy,21,171,26802.0
ray-5_binary.npy,22,171,26802.0
ray-5_binary.npy,23,169,26822.0
ray-5_binary.npy,24,164,26872.0
ray-5_binary.npy,25,164,26872.0
ray-5_binary.npy,26,160,26912.0
ray-5_binary.npy,27,160,26912.0
ray-5_binary.npy,28,160,26912.0
ray-5_binary.npy,29,159,26922.0
ray-5_binary.npy,30,159,26922.0
ray-5_binary.npy,31,159,26922.0
ray-5_binary.npy,32,159,26922.0
ray-5_binary.npy,33,159,26922.0
ray-5_binary.npy,34,159,26922.0
ray-5_binary.npy,35,159,26922.0
ray-9_binary.npy,0,560,82699.0
ray-9_binary.npy,1,518,83119.0
ray-9_binary.npy,2,518,83119.0
ray-9_binary.npy,3,505,83249.0
ray-9_binary.npy,4,503,83269.0
ray-9_binary.npy,5,503,83269.0
ray-9_binary.npy,6,476,83539.0
ray-9_binary.npy,7,474,83559.0
ray-9_binary.npy,8,474,83559.0
ray-9_binary.npy,9,474,83559.0
ray-9_binary.npy,10,474,83559.0
ray-9_binary.npy,11,474,83559.0
ray-9_binary.npy,12,474,83559.0
ray-9_binary.npy,13,461,83689.0
ray-9_binary.npy,14,461,83689.0
ray-9_binary.npy,15,451,83789.0
ray-9_binary.npy,16,451,83789.0
ray-9_binary.npy,17,451,83789.0
ray-9_binary.npy,18,451,83789.0
ray-9_binary.npy,19,451,83789.0
ray-9_binary.npy,20,451,83789.0
ray-9_binary.npy,21,439,83909.0
ray-9_binary.npy,22,439,83909.0
ray-9_binary.npy,23,439,83909.0
ray-9_binary.npy,24,439,83909.0
ray-9_binary.npy,25,439,83909.0
ray-9_binary.npy,26,436,83939.0
ray-9_binary.npy,27,436,83939.0
ray-9_binary.npy,28,436,83939.0
ray-9_binary.npy,29,436,83939.0
ray-9_binary.npy,30,432,83979.0
ray-9_binary.npy,31,431,83989.0
ray-9_binary.npy,32,431,83989.0
ray-9_binary.npy,33,431,83989.0
ray-9_binary.npy,34,431,83989.0
ray-9_binary.npy,35,429,84009.0
ray-9_binary.npy,36,429,84009.0
ray-9_binary.npy,37,429,84009.0
ray-9_binary.npy,38,428,84019.0
ray-9_binary.npy,39,428,84019.0
ray-9_binary.npy,40,427,84029.0
ray-9_binary.npy,41,427,84029.0
ray-9_binary.npy,42,427,84029.0
ray-9_binary.npy,43,427,84029.0
ray-9_binary.npy,44,427,84029.0
ray-9_binary.npy,45,427,84029.0
ray-9_binary.npy,46,427,84029.0
sea_snake-10_binary.npy,0,136,1855.0
sea_snake-10_binary.npy,1,131,1905.0
sea_snake-10_binary.npy,2,131,1905.0
sea_snake-10_binary.npy,3,131,1905.0
sea_snake-10_binary.npy,4,131,1905.0
sea_snake-10_binary.npy,5,121,2005.0
sea_snake-10_binary.npy,6,121,2005.0
sea_snake-10_binary.npy,7,121,2005.0
sea_snake-10_binary.npy,8,121,2005.0
sea_snake-10_binary.npy,9,121,2005.0
sea_snake-10_binary.npy,10,121,2005.0
sea_snake-10_binary.npy,11,121,2005.0
sea_snake-11_binary.npy,0,353,19337.0
sea_snake-11_binary.npy,1,339,19477.0
sea_snake-11_binary.npy,2,339,19477.0
sea_snake-11_binary.npy,3,330,19567.0
sea_snake-11_binary.npy,4,330,19567.0
sea_snake-11_binary.npy,5,330,19567.0
sea_snake-11_binary.npy,6,330,19567.0
sea_snake-11_binary.npy,7,323,19637.0
sea_snake-11_binary.npy,8,323,19637.0
sea_snake-11_binary.npy,9,323,19637.0
sea_snake-11_binary.npy,10,323,19637.0
sea_snake-11_binary.npy,11,318,19687.0
sea_snake-11_binary.npy,12,318,19687.0
sea_snake-11_binary.npy,13,318,19687.0
sea_snake-11_binary.npy,14,318,19687.0
sea_snake-11_binary.npy,15,317,19697.0
sea_snake-11_binary.npy,16,317,19697.0
sea_snake-11_binary.npy,17,317,19697.0
sea_snake-11_binary.npy,18,317,19697.0
sea_snake-11_binary.npy,19,317,19697.0
sea_snake-11_binary.npy,20,316,19707.0
sea_snake-11_binary.npy,21,316,19707.0
sea_snake-11_binary.npy,22,316,19707.0
sea_snake-11_binary.npy,23,316,19707.0
sea_snake-11_binary.npy,24,316,19707.0
sea_snake-11_binary.npy,25,316,19707.0
sea_snake-11_binary.npy,26,316,19707.0
sea_snake-15_binary.npy,0,343,20062.0
sea_snake-15_binary.npy,1,306,20432.0
sea_snake-15_binary.npy,2,306,20432.0
sea_snake-15_binary.npy,3,306,20432.0
sea_snake-15_binary.npy,4,290,20592.0
sea_snake-15_binary.npy,5,290,20592.0
sea_snake-15_binary.npy,6,279,20702.0
sea_snake-15_binary.npy,7,279,20702.0
sea_snake-15_binary.npy,8,279,20702.0
sea_snake-15_binary.npy,9,279,20702.0
sea_snake-15_binary.npy,10,270,20792.0
sea_snake-15_binary.npy,11,264,20852.0
sea_snake-15_binary.npy,12,264,20852.0
sea_snake-15_binary.npy,13,261,20882.0
sea_snake-15_binary.npy,14,261,20882.0
sea_snake-15_binary.npy,15,259,20902.0
sea_snake-15_binary.npy,16,254,20952.0
sea_snake-15_binary.npy,17,254,20952.0
sea_snake-15_binary.npy,18,253,20962.0
sea_snake-15_binary.npy,19,253,20962.0
sea_snake-15_binary.npy,20,253,20962.0
sea_snake-15_binary.npy,21,253,20962.0
sea_snake-15_binary.npy,22,252,20972.0
sea_snake-15_binary.npy,23,252,20972.0
sea_snake-15_binary.npy,24,252,20972.0
sea_snake-15_binary.npy,25,250,20992.0
sea_snake-15_binary.npy,26,250,20992.0
sea_snake-15_binary.npy,27,250,20992.0
sea_snake-15_binary.npy,28,249,21002.0
sea_snake-15_binary.npy,29,249,21002.0
sea_snake-15_binary.npy,30,249,21002.0
sea_snake-15_binary.npy,31,249,21002.0
sea_snake-15_binary.npy,32,249,21002.0
sea_snake-15_binary.npy,33,249,21002.0
sea_snake-15_binary.npy,34,249,21002.0
sea_snake-2_binary.npy,0,295,5570.0
sea_snake-2_binary.npy,1,285,5670.0
sea_snake-2_binary.npy,2,273,5790.0
sea_snake-2_binary.npy,3,273,5790.0
sea_snake-2_binary.npy,4,273,5790.0
sea_snake-2_binary.npy,5,273,5790.0
sea_snake-2_binary.npy,6,265,5870.0
sea_snake-2_binary.npy,7,265,5870.0
sea_snake-2_binary.npy,8,265,5870.0
sea_snake-2_binary.npy,9,262,5900.0
sea_snake-2_binary.npy,10,262,5900.0
sea_snake-2_binary.npy,11,262,5900.0
sea_snake-2_binary.npy,12,262,5900.0
sea_snake-2_binary.npy,13,261,5910.0
sea_snake-2_binary.npy,14,258,5940.0
sea_snake-2_binary.npy,15,256,5960.0
sea_snake-2_binary.npy,16,256,5960.0
sea_snake-2_binary.npy,17,256,5960.0
sea_snake-2_binary.npy,18,256,5960.0
sea_snake-2_binary.npy,19,256,5960.0
sea_snake-2_binary.npy,20,256,5960.0
sea_snake-2_binary.npy,21,256,5960.0
shapedata_binary.npy,0,2470,99597.0
shapedata_binary.npy,1,2272,101577.0
shapedata_binary.npy,2,1651,107787.0
shapedata_binary.npy,3,1651,107787.0
shapedata_binary.npy,4,1651,107787.0
shapedata_binary.npy,5,1651,107787.0
shapedata_binary.npy,6,1651,107787.0
shapedata_binary.npy,7,1651,107787.0
shapedata_binary.npy,8,1651,107787.0
shoe-18_binary.npy,0,198,46071.0
shoe-18_binary.npy,1,196,46091.0
shoe-18_binary.npy,2,196,46091.0
shoe-18_binary.npy,3,196,46091.0
shoe-18_binary.npy,4,183,46221.0
shoe-18_binary.npy,5,183,46221.0
shoe-18_binary.npy,6,183,46221.0
shoe-18_binary.npy,7,183,46221.0
shoe-18_binary.npy,8,178,46271.0
shoe-18_binary.npy,9,178,46271.0
shoe-18_binary.npy,10,178,46271.0
shoe-18_binary.npy,11,178,46271.0
shoe-18_binary.npy,12,176,46291.0
shoe-18_binary.npy,13,176,46291.0
shoe-18_binary.npy,14,176,46291.0
shoe-18_binary.npy,15,176,46291.0
shoe-18_binary.npy,16,176,46291.0
shoe-18_binary.npy,17,176,46291.0
shoe-18_binary.npy,18,175,46301.0
shoe-18_binary.npy,19,175,46301.0
shoe-18_binary.npy,20,172,46331.0
shoe-18_binary.npy,21,172,46331.0
shoe-18_binary.npy,22,172,46331.0
shoe-18_binary.npy,23,172,46331.0
shoe-18_binary.npy,24,172,46331.0
shoe-18_binary.npy,25,172,46331.0
shoe-18_binary.npy,26,172,46331.0
shoe-19_binary.npy,0,224,62074.0
shoe-19_binary.npy,1,205,62264.0
shoe-19_binary.npy,2,205,62264.0
shoe-19_binary.npy,3,205,62264.0
shoe-19_binary.npy,4,205,62264.0
shoe-19_binary.npy,5,205,62264.0
shoe-19_binary.npy,6,198,62334.0
shoe-19_binary.npy,7,198,62334.0
shoe-19_binary.npy,8,198,62334.0
shoe-19_binary.npy,9,198,62334.0
shoe-19_binary.npy,10,198,62334.0
shoe-19_binary.npy,11,198,62334.0
shoe-19_binary.npy,12,196,62354.0
shoe-19_binary.npy,13,195,62364.0
shoe-19_binary.npy,14,195,62364.0
shoe-19_binary.npy,15,194,62374.0
shoe-19_binary.npy,16,194,62374.0
shoe-19_binary.npy,17,194,62374.0
shoe-19_binary.npy,18,194,62374.0
shoe-19_binary.npy,19,194,62374.0
shoe-19_binary.npy,20,193,62384.0
shoe-19_binary.npy,21,193,62384.0
shoe-19_binary.npy,22,193,62384.0
shoe-19_binary.npy,23,193,62384.0
shoe-19_binary.npy,24,193,62384.0
shoe-19_binary.npy,25,193,62384.0
shoe-19_binary.npy,26,192,62394.0
shoe-19_binary.npy,27,192,62394.0
shoe-19_binary.npy,28,192,62394.0
shoe-19_binary.npy,29,192,62394.0
shoe-19_binary.npy,30,192,62394.0
shoe-19_binary.npy,31,192,62394.0
shoe-19_binary.npy,32,192,62394.0
shoe-3_binary.npy,0,237,60992.0
shoe-3_binary.npy,1,237,60992.0
shoe-3_binary.npy,2,223,61132.0
shoe-3_binary.npy,3,222,61142.0
shoe-3_binary.npy,4,216,61202.0
shoe-3_binary.npy,5,216,61202.0
shoe-3_binary.npy,6,216,61202.0
shoe-3_binary.npy,7,216,61202.0
shoe-3_binary.npy,8,216,61202.0
shoe-3_binary.npy,9,210,61262.0
shoe-3_binary.npy,10,210,61262.0
shoe-3_binary.npy,11,210,61262.0
shoe-3_binary.npy,12,210,61262.0
shoe-3_binary.npy,13,210,61262.0
shoe-3_binary.npy,14,209,61272.0
shoe-3_binary.npy,15,207,61292.0
shoe-3_binary.npy,16,206,61302.0
shoe-3_binary.npy,17,206,61302.0
shoe-3_binary.npy,18,206,61302.0
shoe-3_binary.npy,19,206,61302.0
shoe-3_binary.npy,20,205,61312.0
shoe-3_binary.npy,21,205,61312.0
shoe-3_binary.npy,22,205,61312.0
shoe-3_binary.npy,23,205,61312.0
shoe-3_binary.npy,24,205,61312.0
shoe-3_binary.npy,25,205,61312.0
shoe-3_binary.npy,26,205,61312.0
shoe-4_binary.npy,0,182,47814.0
shoe-4_binary.npy,1,182,47814.0
shoe-4_binary.npy,2,170,47934.0
shoe-4_binary.npy,3,170,47934.0
shoe-4_binary.npy,4,170,47934.0
shoe-4_binary.npy,5,170,47934.0
shoe-4_binary.npy,6,158,48054.0
shoe-4_binary.npy,7,158,48054.0
shoe-4_binary.npy,8,155,48084.0
shoe-4_binary.npy,9,155,48084.0
shoe-4_binary.npy,10,155,48084.0
shoe-4_binary.npy,11,153,48104.0
shoe-4_binary.npy,12,153,48104.0
shoe-4_binary.npy,13,152,48114.0
shoe-4_binary.npy,14,152,48114.0
shoe-4_binary.npy,15,151,48124.0
shoe-4_binary.npy,16,151,48124.0
shoe-4_binary.npy,17,151,48124.0
shoe-4_binary.npy,18,150,48134.0
shoe-4_binary.npy,19,150,48134.0
shoe-4_binary.npy,20,147,48164.0
shoe-4_binary.npy,21,147,48164.0
shoe-4_binary.npy,22,147,48164.0
shoe-4_binary.npy,23,147,48164.0
shoe-4_binary.npy,24,147,48164.0
shoe-4_binary.npy,25,147,48164.0
shoe-4_binary.npy,26,147,48164.0
spoon-14_binary.npy,0,96,10143.0
spoon-14_binary.npy,1,95,10153.0
spoon-14_binary.npy,2,93,10173.0
spoon-14_binary.npy,3,92,10183.0
spoon-14_binary.npy,4,92,10183.0
spoon-14_binary.npy,5,92,10183.0
spoon-14_binary.npy,6,92,10183.0
spoon-14_binary.npy,7,88,10223.0
spoon-14_binary.npy,8,88,10223.0
spoon-14_binary.npy,9,88,10223.0
spoon-14_binary.npy,10,85,10253.0
spoon-14_binary.npy,11,85,10253.0
spoon-14_binary.npy,12,85,10253.0
spoon-14_binary.npy,13,85,10253.0
spoon-14_binary.npy,14,85,10253.0
spoon-14_binary.npy,15,85,10253.0
spoon-14_binary.npy,16,85,10253.0
spoon-16_binary.npy,0,248,10757.0
spoon-16_binary.npy,1,248,10757.0
spoon-16_binary.npy,2,248,10757.0
spoon-16_binary.npy,3,231,10927.0
spoon-16_binary.npy,4,227,10967.0
spoon-16_binary.npy,5,227,10967.0
spoon-16_binary.npy,6,227,10967.0
spoon-16_binary.npy,7,225,10987.0
spoon-16_binary.npy,8,223,11007.0
spoon-16_binary.npy,9,223,11007.0
spoon-16_binary.npy,10,221,11027.0
spoon-16_binary.npy,11,221,11027.0
spoon-16_binary.npy,12,218,11057.0
spoon-16_binary.npy,13,215,11087.0
spoon-16_binary.npy,14,215,11087.0
spoon-16_binary.npy,15,215,11087.0
spoon-16_binary.npy,16,215,11087.0
spoon-16_binary.npy,17,214,11097.0
spoon-16_binary.npy,18,214,11097.0
spoon-16_binary.npy,19,214,11097.0
spoon-16_binary.npy,20,213,11107.0
spoon-16_binary.npy,21,213,11107.0
spoon-16_binary.npy,22,213,11107.0
spoon-16_binary.npy,23,213,11107.0
spoon-16_binary.npy,24,213,11107.0
spoon-16_binary.npy,25,213,11107.0
spoon-16_binary.npy,26,213,11107.0
spoon-5_binary.npy,0,177,8768.0
spoon-5_binary.npy,1,172,8818.0
spoon-5_binary.npy,2,172,8818.0
spoon-5_binary.npy,3,170,8838.0
spoon-5_binary.npy,4,170,8838.0
spoon-5_binary.npy,5,170,8838.0
spoon-5_binary.npy,6,170,8838.0
spoon-5_binary.npy,7,170,8838.0
spoon-5_binary.npy,8,170,8838.0
spoon-5_binary.npy,9,170,8838.0
spoon-7_binary.npy,0,177,8768.0
spoon-7_binary.npy,1,175,8788.0
spoon-7_binary.npy,2,174,8798.0
spoon-7_binary.npy,3,171,8828.0
spoon-7_binary.npy,4,169,8848.0
spoon-7_binary.npy,5,169,8848.0
spoon-7_binary.npy,6,169,8848.0
spoon-7_binary.npy,7,169,8848.0
spoon-7_binary.npy,8,169,8848.0
spoon-7_binary.npy,9,168,8858.0
spoon-7_binary.npy,10,168,8858.0
spoon-7_binary.npy,11,168,8858.0
spoon-7_binary.npy,12,168,8858.0
spoon-7_binary.npy,13,168,8858.0
spoon-7_binary.npy,14,168,8858.0
spoon-7_binary.npy,15,168,8858.0
spring-11_binary.npy,0,323,2816.0
spring-11_binary.npy,1,281,3236.0
spring-11_binary.npy,2,273,3316.0
spring-11_binary.npy,3,273,3316.0
spring-11_binary.npy,4,273,3316.0
spring-11_binary.npy,5,273,3316.0
spring-11_binary.npy,6,273,3316.0
spring-11_binary.npy,7,266,3386.0
spring-11_binary.npy,8,266,3386.0
spring-11_binary.npy,9,262,3426.0
spring-11_binary.npy,10,252,3526.0
spring-11_binary.npy,11,252,3526.0
spring-11_binary.npy,12,252,3526.0
spring-11_binary.npy,13,247,3576.0
spring-11_binary.npy,14,247,3576.0
spring-11_binary.npy,15,247,3576.0
spring-11_binary.npy,16,247,3576.0
spring-11_binary.npy,17,241,3636.0
spring-11_binary.npy,18,240,3646.0
spring-11_binary.npy,19,240,3646.0
spring-11_binary.npy,20,240,3646.0
spring-11_binary.npy,21,240,3646.0
spring-11_binary.npy,22,240,3646.0
spring-11_binary.npy,23,240,3646.0
spring-11_binary.npy,24,240,3646.0
spring-16_binary.npy,0,347,3960.0
spring-16_binary.npy,1,344,3990.0
spring-16_binary.npy,2,301,4420.0
spring-16_binary.npy,3,300,4430.0
spring-16_binary.npy,4,300,4430.0
spring-16_binary.npy,5,300,4430.0
spring-16_binary.npy,6,300,4430.0
spring-16_binary.npy,7,300,4430.0
spring-16_binary.npy,8,281,4620.0
spring-16_binary.npy,9,281,4620.0
spring-16_binary.npy,10,281,4620.0
spring-16_binary.npy,11,281,4620.0
spring-16_binary.npy,12,277,4660.0
spring-16_binary.npy,13,269,4740.0
spring-16_binary.npy,14,268,4750.0
spring-16_binary.npy,15,268,4750.0
spring-16_binary.npy,16,268,4750.0
spring-16_binary.npy,17,268,4750.0
spring-16_binary.npy,18,263,4800.0
spring-16_binary.npy,19,263,4800.0
spring-16_binary.npy,20,263,4800.0
spring-16_binary.npy,21,262,4810.0
spring-16_binary.npy,22,262,4810.0
spring-16_binary.npy,23,262,4810.0
spring-16_binary.npy,24,262,4810.0
spring-16_binary.npy,25,262,4810.0
spring-16_binary.npy,26,261,4820.0
spring-16_binary.npy,27,261,4820.0
spring-16_binary.npy,28,261,4820.0
spring-16_binary.npy,29,261,4820.0
spring-16_binary.npy,30,261,4820.0
spring-16_binary.npy,31,261,4820.0
spring-16_binary.npy,32,261,4820.0
spring-19_binary.npy,0,576,7426.0
spring-19_binary.npy,1,576,7426.0
spring-19_binary.npy,2,501,8176.0
spring-19_binary.npy,3,501,8176.0
spring-19_binary.npy,4,471,8476.0
spring-19_binary.npy,5,471,8476.0
spring-19_binary.npy,6,471,8476.0
spring-19_binary.npy,7,471,8476.0
spring-19_binary.npy,8,471,8476.0
spring-19_binary.npy,9,471,8476.0
spring-19_binary.npy,10,461,8576.0
spring-19_binary.npy,11,461,8576.0
spring-19_binary.npy,12,455,8636.0
spring-19_binary.npy,13,455,8636.0
spring-19_binary.npy,14,455,8636.0
spring-19_binary.npy,15,455,8636.0
spring-19_binary.npy,16,448,8706.0
spring-19_binary.npy,17,433,8856.0
spring-19_binary.npy,18,433,8856.0
spring-19_binary.npy,19,433,8856.0
spring-19_binary.npy,20,433,8856.0
spring-19_binary.npy,21,429,8896.0
spring-19_binary.npy,22,424,8946.0
spring-19_binary.npy,23,424,8946.0
spring-19_binary.npy,24,421,8976.0
spring-19_binary.npy,25,410,9086.0
spring-19_binary.npy,26,410,9086.0
spring-19_binary.npy,27,410,9086.0
spring-19_binary.npy,28,410,9086.0
spring-19_binary.npy,29,410,9086.0
spring-19_binary.npy,30,410,9086.0
spring-19_binary.npy,31,405,9136.0
spring-19_binary.npy,32,405,9136.0
spring-19_binary.npy,33,402,9166.0
spring-19_binary.npy,34,402,9166.0
spring-19_binary.npy,35,400,9186.0
spring-19_binary.npy,36,400,9186.0
spring-19_binary.npy,37,400,9186.0
spring-19_binary.npy,38,400,9186.0
spring-19_binary.npy,39,400,9186.0
spring-19_binary.npy,40,399,9196.0
spring-19_binary.npy,41,398,9206.0
spring-19_binary.npy,42,398,9206.0
spring-19_binary.npy,43,398,9206.0
spring-19_binary.npy,44,398,9206.0
spring-19_binary.npy,45,398,9206.0
spring-19_binary.npy,46,398,9206.0
spring-19_binary.npy,47,398,9206.0
spring-7_binary.npy,0,609,10314.0
spring-7_binary.npy,1,546,10944.0
spring-7_binary.npy,2,510,11304.0
spring-7_binary.npy,3,510,11304.0
spring-7_binary.npy,4,508,11324.0
spring-7_binary.npy,5,499,11414.0
spring-7_binary.npy,6,493,11474.0
spring-7_binary.npy,7,493,11474.0
spring-7_binary.npy,8,493,11474.0
spring-7_binary.npy,9,493,11474.0
spring-7_binary.npy,10,493,11474.0
spring-7_binary.npy,11,493,11474.0
spring-7_binary.npy,12,476,11644.0
spring-7_binary.npy,13,459,11814.0
spring-7_binary.npy,14,459,11814.0
spring-7_binary.npy,15,459,11814.0
spring-7_binary.npy,16,444,11964.0
spring-7_binary.npy,17,444,11964.0
spring-7_binary.npy,18,432,12084.0
spring-7_binary.npy,19,432,12084.0
spring-7_binary.npy,20,432,12084.0
spring-7_binary.npy,21,432,12084.0
spring-7_binary.npy,22,431,12094.0
spring-7_binary.npy,23,430,12104.0
spring-7_binary.npy,24,430,12104.0
spring-7_binary.npy,25,430,12104.0
spring-7_binary.npy,26,430,12104.0
spring-7_binary.npy,27,429,12114.0
spring-7_binary.npy,28,429,12114.0
spring-7_binary.npy,29,429,12114.0
spring-7_binary.npy,30,429,12114.0
spring-7_binary.npy,31,429,12114.0
spring-7_binary.npy,32,429,12114.0
spring-7_binary.npy,33,429,12114.0
stef-02_binary.npy,0,158,1671.0
stef-02_binary.npy,1,151,1741.0
stef-02_binary.npy,2,151,1741.0
stef-02_binary.npy,3,147,1781.0
stef-02_binary.npy,4,147,1781.0
stef-02_binary.npy,5,143,1821.0
stef-02_binary.npy,6,143,1821.0
stef-02_binary.npy,7,140,1851.0
stef-02_binary.npy,8,140,1851.0
stef-02_binary.npy,9,140,1851.0
stef-02_binary.npy,10,140,1851.0
stef-02_binary.npy,11,136,1891.0
stef-02_binary.npy,12,136,1891.0
stef-02_binary.npy,13,136,1891.0
stef-02_binary.npy,14,135,1901.0
stef-02_binary.npy,15,135,1901.0
stef-02_binary.npy,16,135,1901.0
stef-02_binary.npy,17,135,1901.0
stef-02_binary.npy,18,134,1911.0
stef-02_binary.npy,19,134,1911.0
stef-02_binary.npy,20,133,1921.0
stef-02_binary.npy,21,133,1921.0
stef-02_binary.npy,22,133,1921.0
stef-02_binary.npy,23,133,1921.0
stef-02_binary.npy,24,133,1921.0
stef-02_binary.npy,25,133,1921.0
stef-02_binary.npy,26,133,1921.0
stef-11_binary.npy,0,107,1058.0
stef-11_binary.npy,1,104,1088.0
stef-11_binary.npy,2,96,1168.0
stef-11_binary.npy,3,96,1168.0
stef-11_binary.npy,4,94,1188.0
stef-11_binary.npy,5,94,1188.0
stef-11_binary.npy,6,94,1188.0
stef-11_binary.npy,7,93,1198.0
stef-11_binary.npy,8,88,1248.0
stef-11_binary.npy,9,88,1248.0
stef-11_binary.npy,10,88,1248.0
stef-11_binary.npy,11,88,1248.0
stef-11_binary.npy,12,88,1248.0
stef-11_binary.npy,13,88,1248.0
stef-11_binary.npy,14,88,1248.0
stef-16_binary.npy,0,89,881.0
stef-16_binary.npy,1,81,961.0
stef-16_binary.npy,2,72,1051.0
stef-16_binary.npy,3,72,1051.0
stef-16_binary.npy,4,72,1051.0
stef-16_binary.npy,5,72,1051.0
stef-16_binary.npy,6,72,1051.0
stef-16_binary.npy,7,72,1051.0
stef-16_binary.npy,8,67,1101.0
stef-16_binary.npy,9,67,1101.0
stef-16_binary.npy,10,66,1111.0
stef-16_binary.npy,11,63,1141.0
stef-16_binary.npy,12,63,1141.0
stef-16_binary.npy,13,63,1141.0
stef-16_binary.npy,14,63,1141.0
stef-16_binary.npy,15,63,1141.0
stef-16_binary.npy,16,63,1141.0
stef-16_binary.npy,17,62,1151.0
stef-16_binary.npy,18,62,1151.0
stef-16_binary.npy,19,62,1151.0
stef-16_binary.npy,20,62,1151.0
stef-16_binary.npy,21,62,1151.0
stef-16_binary.npy,22,62,1151.0
stef-16_binary.npy,23,62,1151.0
stef-19_binary.npy,0,112,897.0
stef-19_binary.npy,1,93,1087.0
stef-19_binary.npy,2,93,1087.0
stef-19_binary.npy,3,93,1087.0
stef-19_binary.npy,4,92,1097.0
stef-19_binary.npy,5,92,1097.0
stef-19_binary.npy,6,89,1127.0
stef-19_binary.npy,7,89,1127.0
stef-19_binary.npy,8,89,1127.0
stef-19_binary.npy,9,89,1127.0
stef-19_binary.npy,10,89,1127.0
stef-19_binary.npy,11,88,1137.0
stef-19_binary.npy,12,86,1157.0
stef-19_binary.npy,13,86,1157.0
stef-19_binary.npy,14,86,1157.0
stef-19_binary.npy,15,86,1157.0
stef-19_binary.npy,16,85,1167.0
stef-19_binary.npy,17,84,1177.0
stef-19_binary.npy,18,84,1177.0
stef-19_binary.npy,19,84,1177.0
stef-19_binary.npy,20,84,1177.0
stef-19_binary.npy,21,84,1177.0
stef-19_binary.npy,22,84,1177.0
stef-19_binary.npy,23,84,1177.0
teddy-02_binary.npy,0,269,25178.0
teddy-02_binary.npy,1,269,25178.0
teddy-02_binary.npy,2,234,25528.0
teddy-02_binary.npy,3,234,25528.0
teddy-02_binary.npy,4,230,25568.0
teddy-02_binary.npy,5,230,25568.0
teddy-02_binary.npy,6,230,25568.0
teddy-02_binary.npy,7,230,25568.0
teddy-02_binary.npy,8,224,25628.0
teddy-02_binary.npy,9,224,25628.0
teddy-02_binary.npy,10,224,25628.0
teddy-02_binary.npy,11,224,25628.0
teddy-02_binary.npy,12,219,25678.0
teddy-02_binary.npy,13,219,25678.0
teddy-02_binary.npy,14,219,25678.0
teddy-02_binary.npy,15,212,25748.0
teddy-02_binary.npy,16,212,25748.0
teddy-02_binary.npy,17,212,25748.0
teddy-02_binary.npy,18,211,25758.0
teddy-02_binary.npy,19,211,25758.0
teddy-02_binary.npy,20,208,25788.0
teddy-02_binary.npy,21,208,25788.0
teddy-02_binary.npy,22,208,25788.0
teddy-02_binary.npy,23,208,25788.0
teddy-02_binary.npy,24,206,25808.0
teddy-02_binary.npy,25,204,25828.0
teddy-02_binary.npy,26,204,25828.0
teddy-02_binary.npy,27,204,25828.0
teddy-02_binary.npy,28,204,25828.0
teddy-02_binary.npy,29,204,25828.0
teddy-02_binary.npy,30,204,25828.0
teddy-02_binary.npy,31,204,25828.0
teddy-06_binary.npy,0,278,24668.0
teddy-06_binary.npy,1,278,24668.0
teddy-06_binary.npy,2,250,24948.0
teddy-06_binary.npy,3,250,24948.0
teddy-06_binary.npy,4,250,24948.0
teddy-06_binary.npy,5,239,25058.0
teddy-06_binary.npy,6,221,25238.0
teddy-06_binary.npy,7,221,25238.0
teddy-06_binary.npy,8,220,25248.0
teddy-06_binary.npy,9,220,25248.0
teddy-06_binary.npy,10,220,25248.0
teddy-06_binary.npy,11,220,25248.0
teddy-06_binary.npy,12,220,25248.0
teddy-06_binary.npy,13,218,25268.0
teddy-06_binary.npy,14,215,25298.0
teddy-06_binary.npy,15,215,25298.0
teddy-06_binary.npy,16,215,25298.0
teddy-06_binary.npy,17,215,25298.0
teddy-06_binary.npy,18,215,25298.0
teddy-06_binary.npy,19,215,25298.0
teddy-06_binary.npy,20,208,25368.0
teddy-06_binary.npy,21,208,25368.0
teddy-06_binary.npy,22,208,25368.0
teddy-06_binary.npy,23,208,25368.0
teddy-06_binary.npy,24,207,25378.0
teddy-06_binary.npy,25,207,25378.0
teddy-06_binary.npy,26,205,25398.0
teddy-06_binary.npy,27,205,25398.0
teddy-06_binary.npy,28,205,25398.0
teddy-06_binary.npy,29,204,25408.0
teddy-06_binary.npy,30,204,25408.0
teddy-06_binary.npy,31,204,25408.0
teddy-06_binary.npy,32,204,25408.0
teddy-06_binary.npy,33,204,25408.0
teddy-06_binary.npy,34,204,25408.0
teddy-06_binary.npy,35,204,25408.0
teddy-17_binary.npy,0,270,25136.0
teddy-17_binary.npy,1,270,25136.0
teddy-17_binary.npy,2,244,25396.0
teddy-17_binary.npy,3,244,25396.0
teddy-17_binary.npy,4,233,25506.0
teddy-17_binary.npy,5,233,25506.0
teddy-17_binary.npy,6,229,25546.0
teddy-17_binary.npy,7,229,25546.0
teddy-17_binary.npy,8,229,25546.0
teddy-17_binary.npy,9,217,25666.0
teddy-17_binary.npy,10,217,25666.0
teddy-17_binary.npy,11,217,25666.0
teddy-17_binary.npy,12,217,25666.0
teddy-17_binary.npy,13,212,25716.0
teddy-17_binary.npy,14,212,25716.0
teddy-17_binary.npy,15,212,25716.0
teddy-17_binary.npy,16,209,25746.0
teddy-17_binary.npy,17,209,25746.0
teddy-17_binary.npy,18,209,25746.0
teddy-17_binary.npy,19,206,25776.0
teddy-17_binary.npy,20,205,25786.0
teddy-17_binary.npy,21,205,25786.0
teddy-17_binary.npy,22,205,25786.0
teddy-17_binary.npy,23,205,25786.0
teddy-17_binary.npy,24,205,25786.0
teddy-17_binary.npy,25,204,25796.0
teddy-17_binary.npy,26,204,25796.0
teddy-17_binary.npy,27,204,25796.0
teddy-17_binary.npy,28,204,25796.0
teddy-17_binary.npy,29,204,25796.0
teddy-17_binary.npy,30,204,25796.0
teddy-17_binary.npy,31,204,25796.0
teddy-20_binary.npy,0,288,24928.0
teddy-20_binary.npy,1,260,25208.0
teddy-20_binary.npy,2,260,25208.0
teddy-20_binary.npy,3,260,25208.0
teddy-20_binary.npy,4,259,25218.0
teddy-20_binary.npy,5,255,25258.0
teddy-20_binary.npy,6,255,25258.0
teddy-20_binary.npy,7,238,25428.0
teddy-20_binary.npy,8,236,25448.0
teddy-20_binary.npy,9,236,25448.0
teddy-20_binary.npy,10,236,25448.0
teddy-20_binary.npy,11,236,25448.0
teddy-20_binary.npy,12,236,25448.0
teddy-20_binary.npy,13,229,25518.0
teddy-20_binary.npy,14,229,25518.0
teddy-20_binary.npy,15,229,25518.0
teddy-20_binary.npy,16,229,25518.0
teddy-20_binary.npy,17,226,25548.0
teddy-20_binary.npy,18,226,25548.0
teddy-20_binary.npy,19,226,25548.0
teddy-20_binary.npy,20,226,25548.0
teddy-20_binary.npy,21,226,25548.0
teddy-20_binary.npy,22,224,25568.0
teddy-20_binary.npy,23,224,25568.0
teddy-20_binary.npy,24,224,25568.0
teddy-20_binary.npy,25,223,25578.0
teddy-20_binary.npy,26,222,25588.0
teddy-20_binary.npy,27,221,25598.0
teddy-20_binary.npy,28,221,25598.0
teddy-20_binary.npy,29,219,25618.0
teddy-20_binary.npy,30,219,25618.0
teddy-20_binary.npy,31,219,25618.0
teddy-20_binary.npy,32,219,25618.0
teddy-20_binary.npy,33,219,25618.0
teddy-20_binary.npy,34,219,25618.0
teddy-20_binary.npy,35,219,25618.0
tree-12_binary.npy,0,100,9417.0
tree-12_binary.npy,1,100,9417.0
tree-12_binary.npy,2,100,9417.0
tree-12_binary.npy,3,100,9417.0
tree-12_binary.npy,4,100,9417.0
tree-12_binary.npy,5,99,9427.0
tree-12_binary.npy,6,99,9427.0
tree-12_binary.npy,7,97,9447.0
tree-12_binary.npy,8,96,9457.0
tree-12_binary.npy,9,96,9457.0
tree-12_binary.npy,10,96,9457.0
tree-12_binary.npy,11,96,9457.0
tree-12_binary.npy,12,96,9457.0
tree-12_binary.npy,13,96,9457.0
tree-12_binary.npy,14,96,9457.0
tree-15_binary.npy,0,236,11219.0
tree-15_binary.npy,1,195,11629.0
tree-15_binary.npy,2,193,11649.0
tree-15_binary.npy,3,182,11759.0
tree-15_binary.npy,4,182,11759.0
tree-15_binary.npy,5,182,11759.0
tree-15_binary.npy,6,182,11759.0
tree-15_binary.npy,7,169,11889.0
tree-15_binary.npy,8,169,11889.0
tree-15_binary.npy,9,169,11889.0
tree-15_binary.npy,10,157,12009.0
tree-15_binary.npy,11,157,12009.0
tree-15_binary.npy,12,157,12009.0
tree-15_binary.npy,13,152,12059.0
tree-15_binary.npy,14,152,12059.0
tree-15_binary.npy,15,152,12059.0
tree-15_binary.npy,16,152,12059.0
tree-15_binary.npy,17,152,12059.0
tree-15_binary.npy,18,152,12059.0
tree-15_binary.npy,19,152,12059.0
tree-6_binary.npy,0,477,15465.0
tree-6_binary.npy,1,382,16415.0
tree-6_binary.npy,2,322,17015.0
tree-6_binary.npy,3,322,17015.0
tree-6_binary.npy,4,322,17015.0
tree-6_binary.npy,5,322,17015.0
tree-6_binary.npy,6,287,17365.0
tree-6_binary.npy,7,287,17365.0
tree-6_binary.npy,8,287,17365.0
tree-6_binary.npy,9,264,17595.0
tree-6_binary.npy,10,249,17745.0
tree-6_binary.npy,11,249,17745.0
tree-6_binary.npy,12,249,17745.0
tree-6_binary.npy,13,249,17745.0
tree-6_binary.npy,14,249,17745.0
tree-6_binary.npy,15,245,17785.0
tree-6_binary.npy,16,245,17785.0
tree-6_binary.npy,17,242,17815.0
tree-6_binary.npy,18,242,17815.0
tree-6_binary.npy,19,235,17885.0
tree-6_binary.npy,20,235,17885.0
tree-6_binary.npy,21,235,17885.0
tree-6_binary.npy,22,235,17885.0
tree-6_binary.npy,23,232,17915.0
tree-6_binary.npy,24,232,17915.0
tree-6_binary.npy,25,232,17915.0
tree-6_binary.npy,26,227,17965.0
tree-6_binary.npy,27,227,17965.0
tree-6_binary.npy,28,227,17965.0
tree-6_binary.npy,29,227,17965.0
tree-6_binary.npy,30,226,17975.0
tree-6_binary.npy,31,226,17975.0
tree-6_binary.npy,32,224,17995.0
tree-6_binary.npy,33,224,17995.0
tree-6_binary.npy,34,223,18005.0
tree-6_binary.npy,35,223,18005.0
tree-6_binary.npy,36,223,18005.0
tree-6_binary.npy,37,223,18005.0
tree-6_binary.npy,38,223,18005.0
tree-6_binary.npy,39,223,18005.0
tree-6_binary.npy,40,223,18005.0
tree-8_binary.npy,0,384,28248.0
tree-8_binary.npy,1,290,29188.0
tree-8_binary.npy,2,290,29188.0
tree-8_binary.npy,3,290,29188.0
tree-8_binary.npy,4,290,29188.0
tree-8_binary.npy,5,290,29188.0
tree-8_binary.npy,6,290,29188.0
tree-8_binary.npy,7,290,29188.0
truck-03_binary.npy,0,64,2774.0
truck-03_binary.npy,1,57,2844.0
truck-03_binary.npy,2,54,2874.0
truck-03_binary.npy,3,52,2894.0
truck-03_binary.npy,4,52,2894.0
truck-03_binary.npy,5,49,2924.0
truck-03_binary.npy,6,47,2944.0
truck-03_binary.npy,7,47,2944.0
truck-03_binary.npy,8,47,2944.0
truck-03_binary.npy,9,46,2954.0
truck-03_binary.npy,10,46,2954.0
truck-03_binary.npy,11,46,2954.0
truck-03_binary.npy,12,46,2954.0
truck-03_binary.npy,13,46,2954.0
truck-03_binary.npy,14,45,2964.0
truck-03_binary.npy,15,45,2964.0
truck-03_binary.npy,16,45,2964.0
truck-03_binary.npy,17,45,2964.0
truck-03_binary.npy,18,45,2964.0
truck-03_binary.npy,19,45,2964.0
truck-03_binary.npy,20,45,2964.0
truck-08_binary.npy,0,57,3162.0
truck-08_binary.npy,1,57,3162.0
truck-08_binary.npy,2,50,3232.0
truck-08_binary.npy,3,50,3232.0
truck-08_binary.npy,4,50,3232.0
truck-08_binary.npy,5,45,3282.0
truck-08_binary.npy,6,45,3282.0
truck-08_binary.npy,7,45,3282.0
truck-08_binary.npy,8,45,3282.0
truck-08_binary.npy,9,45,3282.0
truck-08_binary.npy,10,45,3282.0
truck-08_binary.npy,11,43,3302.0
truck-08_binary.npy,12,43,3302.0
truck-08_binary.npy,13,43,3302.0
truck-08_binary.npy,14,43,3302.0
truck-08_binary.npy,15,43,3302.0
truck-08_binary.npy,16,43,3302.0
truck-08_binary.npy,17,42,3312.0
truck-08_binary.npy,18,42,3312.0
truck-08_binary.npy,19,42,3312.0
truck-08_binary.npy,20,42,3312.0
truck-08_binary.npy,21,42,3312.0
truck-08_binary.npy,22,41,3322.0
truck-08_binary.npy,23,41,3322.0
truck-08_binary.npy,24,41,3322.0
truck-08_binary.npy,25,41,3322.0
truck-08_binary.npy,26,41,3322.0
truck-08_binary.npy,27,41,3322.0
truck-08_binary.npy,28,41,3322.0
truck-13_binary.npy,0,66,3543.0
truck-13_binary.npy,1,58,3623.0
truck-13_binary.npy,2,55,3653.0
truck-13_binary.npy,3,55,3653.0
truck-13_binary.npy,4,55,3653.0
truck-13_binary.npy,5,54,3663.0
truck-13_binary.npy,6,54,3663.0
truck-13_binary.npy,7,52,3683.0
truck-13_binary.npy,8,52,3683.0
truck-13_binary.npy,9,52,3683.0
truck-13_binary.npy,10,52,3683.0
truck-13_binary.npy,11,52,3683.0
truck-13_binary.npy,12,52,3683.0
truck-13_binary.npy,13,51,3693.0
truck-13_binary.npy,14,51,3693.0
truck-13_binary.npy,15,51,3693.0
truck-13_binary.npy,16,51,3693.0
truck-13_binary.npy,17,51,3693.0
truck-13_binary.npy,18,51,3693.0
truck-13_binary.npy,19,51,3693.0
truck-20_binary.npy,0,73,4000.0
truck-20_binary.npy,1,58,4150.0
truck-20_binary.npy,2,58,4150.0
truck-20_binary.npy,3,57,4160.0
truck-20_binary.npy,4,57,4160.0
truck-20_binary.npy,5,55,4180.0
truck-20_binary.npy,6,52,4210.0
truck-20_binary.npy,7,51,4220.0
truck-20_binary.npy,8,51,4220.0
truck-20_binary.npy,9,51,4220.0
truck-20_binary.npy,10,48,4250.0
truck-20_binary.npy,11,48,4250.0
truck-20_binary.npy,12,48,4250.0
truck-20_binary.npy,13,48,4250.0
truck-20_binary.npy,14,47,4260.0
truck-20_binary.npy,15,47,4260.0
truck-20_binary.npy,16,47,4260.0
truck-20_binary.npy,17,47,4260.0
truck-20_binary.npy,18,47,4260.0
truck-20_binary.npy,19,47,4260.0
truck-20_binary.npy,20,47,4260.0
turtle-11_binary.npy,0,294,28777.0
turtle-11_binary.npy,1,293,28787.0
turtle-11_binary.npy,2,272,28997.0
turtle-11_binary.npy,3,260,29117.0
turtle-11_binary.npy,4,260,29117.0
turtle-11_binary.npy,5,260,29117.0
turtle-11_binary.npy,6,260,29117.0
turtle-11_binary.npy,7,254,29177.0
turtle-11_binary.npy,8,254,29177.0
turtle-11_binary.npy,9,254,29177.0
turtle-11_binary.npy,10,254,29177.0
turtle-11_binary.npy,11,247,29247.0
turtle-11_binary.npy,12,247,29247.0
turtle-11_binary.npy,13,245,29267.0
turtle-11_binary.npy,14,245,29267.0
turtle-11_binary.npy,15,241,29307.0
turtle-11_binary.npy,16,240,29317.0
turtle-11_binary.npy,17,240,29317.0
turtle-11_binary.npy,18,240,29317.0
turtle-11_binary.npy,19,236,29357.0
turtle-11_binary.npy,20,236,29357.0
turtle-11_binary.npy,21,236,29357.0
turtle-11_binary.npy,22,236,29357.0
turtle-11_binary.npy,23,236,29357.0
turtle-11_binary.npy,24,236,29357.0
turtle-11_binary.npy,25,236,29357.0
turtle-13_binary.npy,0,343,43997.0
turtle-13_binary.npy,1,343,43997.0
turtle-13_binary.npy,2,315,44277.0
turtle-13_binary.npy,3,305,44377.0
turtle-13_binary.npy,4,305,44377.0
turtle-13_binary.npy,5,297,44457.0
turtle-13_binary.npy,6,297,44457.0
turtle-13_binary.npy,7,297,44457.0
turtle-13_binary.npy,8,297,44457.0
turtle-13_binary.npy,9,297,44457.0
turtle-13_binary.npy,10,297,44457.0
turtle-13_binary.npy,11,297,44457.0
turtle-17_binary.npy,0,290,27500.0
turtle-17_binary.npy,1,270,27700.0
turtle-17_binary.npy,2,264,27760.0
turtle-17_binary.npy,3,264,27760.0
turtle-17_binary.npy,4,249,27910.0
turtle-17_binary.npy,5,249,27910.0
turtle-17_binary.npy,6,246,27940.0
turtle-17_binary.npy,7,241,27990.0
turtle-17_binary.npy,8,241,27990.0
turtle-17_binary.npy,9,241,27990.0
turtle-17_binary.npy,10,241,27990.0
turtle-17_binary.npy,11,240,28000.0
turtle-17_binary.npy,12,240,28000.0
turtle-17_binary.npy,13,240,28000.0
turtle-17_binary.npy,14,240,28000.0
turtle-17_binary.npy,15,240,28000.0
turtle-17_binary.npy,16,240,28000.0
turtle-17_binary.npy,17,240,28000.0
turtle-8_binary.npy,0,320,45136.0
turtle-8_binary.npy,1,317,45166.0
turtle-8_binary.npy,2,294,45396.0
turtle-8_binary.npy,3,294,45396.0
turtle-8_binary.npy,4,279,45546.0
turtle-8_binary.npy,5,279,45546.0
turtle-8_binary.npy,6,279,45546.0
turtle-8_binary.npy,7,272,45616.0
turtle-8_binary.npy,8,272,45616.0
turtle-8_binary.npy,9,272,45616.0
turtle-8_binary.npy,10,268,45656.0
turtle-8_binary.npy,11,268,45656.0
turtle-8_binary.npy,12,268,45656.0
turtle-8_binary.npy,13,264,45696.0
turtle-8_binary.npy,14,264,45696.0
turtle-8_binary.npy,15,264,45696.0
turtle-8_binary.npy,16,264,45696.0
turtle-8_binary.npy,17,264,45696.0
turtle-8_binary.npy,18,264,45696.0
turtle-8_binary.npy,19,264,45696.0
watch-12_binary.npy,0,115,20375.0
watch-12_binary.npy,1,115,20375.0
watch-12_binary.npy,2,99,20535.0
watch-12_binary.npy,3,98,20545.0
watch-12_binary.npy,4,98,20545.0
watch-12_binary.npy,5,98,20545.0
watch-12_binary.npy,6,98,20545.0
watch-12_binary.npy,7,98,20545.0
watch-12_binary.npy,8,98,20545.0
watch-12_binary.npy,9,97,20555.0
watch-12_binary.npy,10,93,20595.0
watch-12_binary.npy,11,93,20595.0
watch-12_binary.npy,12,91,20615.0
watch-12_binary.npy,13,91,20615.0
watch-12_binary.npy,14,91,20615.0
watch-12_binary.npy,15,87,20655.0
watch-12_binary.npy,16,87,20655.0
watch-12_binary.npy,17,87,20655.0
watch-12_binary.npy,18,87,20655.0
watch-12_binary.npy,19,85,20675.0
watch-12_binary.npy,20,85,20675.0
watch-12_binary.npy,21,85,20675.0
watch-12_binary.npy,22,85,20675.0
watch-12_binary.npy,23,85,20675.0
watch-12_binary.npy,24,85,20675.0
watch-12_binary.npy,25,85,20675.0
watch-3_binary.npy,0,94,21508.0
watch-3_binary.npy,1,94,21508.0
watch-3_binary.npy,2,94,21508.0
watch-3_binary.npy,3,89,21558.0
watch-3_binary.npy,4,80,21648.0
watch-3_binary.npy,5,80,21648.0
watch-3_binary.npy,6,80,21648.0
watch-3_binary.npy,7,80,21648.0
watch-3_binary.npy,8,80,21648.0
watch-3_binary.npy,9,78,21668.0
watch-3_binary.npy,10,78,21668.0
watch-3_binary.npy,11,76,21688.0
watch-3_binary.npy,12,76,21688.0
watch-3_binary.npy,13,71,21738.0
watch-3_binary.npy,14,71,21738.0
watch-3_binary.npy,15,71,21738.0
watch-3_binary.npy,16,69,21758.0
watch-3_binary.npy,17,68,21768.0
watch-3_binary.npy,18,68,21768.0
watch-3_binary.npy,19,68,21768.0
watch-3_binary.npy,20,68,21768.0
watch-3_binary.npy,21,67,21778.0
watch-3_binary.npy,22,67,21778.0
watch-3_binary.npy,23,67,21778.0
watch-3_binary.npy,24,67,21778.0
watch-3_binary.npy,25,67,21778.0
watch-3_binary.npy,26,67,21778.0
watch-3_binary.npy,27,67,21778.0
watch-6_binary.npy,0,118,29854.0
watch-6_binary.npy,1,117,29864.0
watch-6_binary.npy,2,101,30024.0
watch-6_binary.npy,3,98,30054.0
watch-6_binary.npy,4,90,30134.0
watch-6_binary.npy,5,90,30134.0
watch-6_binary.npy,6,90,30134.0
watch-6_binary.npy,7,90,30134.0
watch-6_binary.npy,8,90,30134.0
watch-6_binary.npy,9,90,30134.0
watch-6_binary.npy,10,86,30174.0
watch-6_binary.npy,11,86,30174.0
watch-6_binary.npy,12,86,30174.0
watch-6_binary.npy,13,86,30174.0
watch-6_binary.npy,14,86,30174.0
watch-6_binary.npy,15,86,30174.0
watch-6_binary.npy,16,85,30184.0
watch-6_binary.npy,17,85,30184.0
watch-6_binary.npy,18,85,30184.0
watch-6_binary.npy,19,85,30184.0
watch-6_binary.npy,20,84,30194.0
watch-6_binary.npy,21,84,30194.0
watch-6_binary.npy,22,84,30194.0
watch-6_binary.npy,23,84,30194.0
watch-6_binary.npy,24,84,30194.0
watch-6_binary.npy,25,84,30194.0
watch-6_binary.npy,26,83,30204.0
watch-6_binary.npy,27,83,30204.0
watch-6_binary.npy,28,83,30204.0
watch-6_binary.npy,29,83,30204.0
watch-6_binary.npy,30,83,30204.0
watch-6_binary.npy,31,82,30214.0
watch-6_binary.npy,32,82,30214.0
watch-6_binary.npy,33,82,30214.0
watch-6_binary.npy,34,82,30214.0
watch-6_binary.npy,35,82,30214.0
watch-6_binary.npy,36,82,30214.0
watch-6_binary.npy,37,82,30214.0
watch-9_binary.npy,0,97,16060.0
watch-9_binary.npy,1,95,16080.0
watch-9_binary.npy,2,92,16110.0
watch-9_binary.npy,3,89,16140.0
watch-9_binary.npy,4,89,16140.0
watch-9_binary.npy,5,86,16170.0
watch-9_binary.npy,6,86,16170.0
watch-9_binary.npy,7,81,16220.0
watch-9_binary.npy,8,81,16220.0
watch-9_binary.npy,9,81,16220.0
watch-9_binary.npy,10,81,16220.0
watch-9_binary.npy,11,78,16250.0
watch-9_binary.npy,12,77,16260.0
watch-9_binary.npy,13,75,16280.0
watch-9_binary.npy,14,75,16280.0
watch-9_binary.npy,15,75,16280.0
watch-9_binary.npy,16,75,16280.0
watch-9_binary.npy,17,75,16280.0
watch-9_binary.npy,18,72,16310.0
watch-9_binary.npy,19,72,16310.0
watch-9_binary.npy,20,72,16310.0
watch-9_binary.npy,21,72,16310.0
watch-9_binary.npy,22,72,16310.0
watch-9_binary.npy,23,72,16310.0
watch-9_binary.npy,24,72,16310.0
